ec8f ecaf ecae f48e ec4d e42c ec0c e3cc db4b daca c289 a9c8 9968 9128 9148 a1c9 ba69 caea d32b db6b e3cb e42d ec6d ec6d ec8d ec8e ec4d ec4d ec6d ec6e ec4d ec6d ec4d ec0c e3cb e36a db2b daea c28a b209 9988 9168 8908 9148 9189 99c9 a1c9 a1c9 a1ca a1ea aa0a aa2a aa2a aa2a aa0a aa0a aa2a aa29 aa2a aa0a aa2a aa2a aa2a aa4a b24a b24a b24a b24a ba6a ba6a c28a c28a c26a c26a c28a c28a c2aa c2ab c2ab c2aa c2ab c2ab c2ab c2ab caab cacb cacb cacb cacb cb2c cacb caab d2ab d2eb d2cb d2cb caeb caca c269 ba4a ba8b ba6a ba6b baab c2cb caeb baab baac baec c2ec c2ec baed baac bacc bb0c bb4e c34d c32e c36e c34e bb2d bb6f bb0d bb2d c34e c38e cb8e c36e c34e bb4e bb6e c36e bb4d bb6e c3ef cbef cc10 cc71 d491 cc30 ccb1 d512 d4f2 d513 d593 d4f1 d4d1 d554 d573 d512 d4f2 dd74 d594 dd72 dd32 d554 dd95 ddd4 ddb3 dd94 ddd5 ddd4 dd93 ddb4 ddd5 ddf5 de16 e615 e5f5 ddd5 ddd5 de16 de16 ddf5 e616 e636 de16 c4f3 aaec a9ea aa2a aa2a b22a b24a b22a b24a ba6a ba4a ba6a ba8b c26a ba6b ba8b ba6a ba6b ba4a ba6a b28c b24b b24a b24a b24a aa4b aa2a aa0a b24a ba6b c26b caab d2ec db6c db6c e38d dbcd e3ee e3cd dbcd dbad e3cd dbcd dbad db8d dbae db8d d36d d34d d38d d38e d36d d36d d34c db6c db6c db8d dbcd dbed e3ac db8c dbad db6c db6c db8c db8c dbac db8c dbac db8c dbac dbac db8c db8c db6d db6c db8c db8c db8c db6c db6c db8c db8c db8d db8c db8c db8c db8c db8c db8c db8c db8c dbad dbad dbad dbee dbcd dbcd ec8e fe11 fe71 fdaf cb4a 70e7 4867 5088 5088 50a8 50a7 5087 5087 5887 58a8 60c7 60c7 60a7 60c8 60c8 60c8 60e8 60e8 60c8 5888 58a8 58c8 60c8 60c8 6908 60e8 60e8 58a8 58a7 58a8 58a7 58a7 60c7 6908 6949 6908 5887 4026 3826 4026,
ecaf ecae ecae ec8d ec4d ec2d e3ec e3ab db4b d2ca ba29 a188 9148 9148 9188 a9e9 c269 caca d32b db8b e3cc e42d ec6d ec6d ec8d ec8e ec4e ec4d ec6d ec6e ec4d ec6d e44e e40c e3cb e36a db4b daea c289 b209 9988 9148 8928 8948 91a9 99c9 a1c9 a1c9 99ca a1ea aa2a aa4b a22a aa2a aa4b aa2a aa2a aa09 aa09 aa0a aa2a aa2a aa2a aa2a b22a b24a b24a ba4a ba6a ba6a c28a c2ab c26a ba6a c26a c28a c28b c28b c2ab c2ab c2ab c2ab c2ab c2aa caab cacb caab cacb cacb caeb d2cb caaa caab d2cb d2aa d2cb d38c caea ba4a ba6a ba8b ba6b c28b c2ab c2ab baab ba8b bacc baec bacc baec c2ec bacc baed baec bb0d c34d c36e c36d bb2d bb2d c36e bb2d c34e c38e cbae c36e c30d bb0d bb6e c3af c36e bb4e c3af cbcf cbef cc10 cc10 d470 cc90 d4b1 d4f1 d512 d512 d512 d4f2 d532 d553 d532 d533 d553 dd73 d533 d553 d574 ddb4 ddb4 dd94 ddd4 ddd4 ddb4 dd94 ddb4 ddd5 e5f5 ddf5 ddf5 ddf5 ddf5 ddf5 ddd4 ddd5 ddf6 de16 e637 e616 e615 ddf5 c4b2 aacc a1ea a1e9 aa09 aa2a b229 b22a b24a ba4a ba6a ba8a c28a ba6b ba8b ba8b ba6b ba6b b24a b26b b24b b24b b24a b26a b24b aa4a aa09 b22a b24b ba6b caab d2ec db4c db6c db8d e3cd e3ce e3cd e3cd e3cd e3cd dbce dbce dbad dbae db8d db6d d34d d34d d36d d34d d34d d32c d34c d36c d38d dbad dbcd dbcd dbad db8c db8c db8c db6c db8c db8c db8c dbad dbac db8c db8c db8c db8c db8c db8c db8c db6c db6c db8c db8d db8c db8c db8c db8c db8c db8c e3ac dbac db8d dbad dbad dbcd dbad dbcd dbee dbed e3cd ec6e fd8f f52e cb6b 8988 58a7 5087 58c8 50a8 5087 50a7 5087 58a7 58a7 58a7 58a7 60a7 60a7 60c7 60e8 60e8 60c7 60c7 58a7 5888 58a8 6109 60e8 60c8 60c8 60c8 58c8 58a8 58a7 58c8 58c8 60c8 6908 7169 7169 60e8 5066 3826 4026 58a7,
ecaf ecae ec8e ec6d ec2d ebec e3ab db4b d2ea ba8a a1c9 9168 8948 9148 99a8 aa09 ba4a caca db2b e38b e3cc ec2d ec6d ec8d ec8e ec8e ec6e ec6e ec6e ec4d ec4d ec4d ec2d ec0d e3cb e38b db4b d2ea ca8a aa09 9968 8948 8928 8948 9188 99a9 a1a9 99c9 a1e9 a9e9 aa0a aa0a a20a a20a aa4b a22a aa29 aa09 a9e9 aa09 aa09 aa2a aa09 aa09 b22a b22a b24a b26a ba4a ba6a ba8b ba6b ba6a c2ab baab c28a c28a c28b c2aa c28a caab caab c2aa caaa caaa caab caab caaa cacb d2aa d2cb caab caab ca8b caaa dbce dbac c26a b26b ba8b c28a c2ab c28a ba8b ba6a b26a b28b baac baab bacc baec c2ed c30d c30c bacc c32d c36e baec c30c bb4d c36d c38e c34d c36e cb8e c34d c32d bb0d bb6e c38f c36e cbcf c38e c3af cbef c3cf c3d0 cc10 cc30 cc51 d4b1 d491 cc91 d4d1 d4f1 d4b1 d4f2 d553 dd73 d573 dd53 dd73 d573 dd93 ddb4 ddb4 ddb4 ddd4 ddb4 ddb4 ddb5 ddd5 e5d4 ddb4 ddf5 ddf5 ddf5 ddd5 ddd4 ddd5 ddf5 ddf6 ddf6 ddf6 de16 e636 e616 e635 e635 d574 b38f 99e9 99e9 99e9 a1c8 a9e9 aa29 b22a b24a b26a b28b ba4a ba6a ba8a ba6a b24a b22a b24a ba4b b24b b26b b24a b22a b22a b20a aa0a b22a ba6b c2ab d2ec d34d db8d db8d e3cd e3ed e3cd e3ed e3ee e3ee e3cd dbcd dbad dbad dbad db6c d32c d32c cb2c cb2d cb0c cb0b d30c d32c d34c db8d dbae dbee dbcd dbac db8c db8c db6c e36b db8c db8c dbac dbad dbac db8c db6c db6c db8c db8c db6b db6c db8c db8c db8d db8c db8d db8c db8c db8d db8c dbad db8c db8c dbcd e3cd dbcd dbcd dbac e3cd e40d e40d ec0d db8b b229 70c7 5087 50a8 58a8 5087 50a7 5087 5887 58a7 58a8 60a8 60e7 60e8 60c7 60a7 60c7 60c7 60a7 60c7 58a7 5067 5087 58c8 6108 6109 60c8 60c8 58e8 50a8 50a8 58a7 60e8 60e8 6929 716a 7169 60c7 5066 4046 4046 60e8 a2cd,
ecaf ecaf ec8e ec4d ec2d e3ec e38b db0a caaa b249 9988 9168 9148 9148 99a8 aa09 ba6a caca db2b db8b e3ec ec2d ec6d ec8d ec8e ec6e ec8e ec6e ec6e ec4d ec4d ec4d ec2c ec0d e3cb e38b db2b d2ea c2aa aa09 9968 9148 8928 9148 9188 99a9 a1a9 a1e9 a209 a9e9 aa0a aa0a aa0a aa0a aa2a aa2a aa2a aa2a a9e9 aa29 aa0a aa0a aa09 aa2a b22a b24a b24a b24a ba4a ba6a ba8b ba6a c26a c28b c28b c26a c28a c28b c28a c2aa caab caab caaa caaa caaa caab caab caca cacb caca d2ca cacb caab ca8b d30c e510 d36c ba2a b26b baaa c28a c28a ba6a ba4a ba4a ba6a ba8b ba8b baab bacb bb0d c32d c32d bacc baec c36d c32d baab bb0c c34d cb6d c36e c34d c38e c36e bb0d bb0d c38e c3af c36e c34d cbae c36e c3af c3af bb8f c431 cc10 c3f0 cc71 cc90 cc71 cc91 d4b1 d4b1 d491 ccf3 d573 dd32 d533 d553 dd73 dd93 dd73 dd93 ddb4 ddd4 ddb4 dd74 ddb4 ddd5 e5d4 ddb4 ddd5 ddf6 ddd5 e5f4 ddd5 ddb5 ddd4 ddf5 e5f5 e615 ddf6 ddf6 ddf5 ddd5 ddf5 e615 e656 cd35 a2ed 9a8c 9a6b 99c9 99a8 a209 aa09 aa2a b24a b26b b24a b26a ba6a ba6a b24a b24a b24b ba4b b22b b26b b24a b22a b22a aa0a aa0b b22a ba6b c28b d2ec d36d dbae e3ad e3cd e3ed e3cd e40e e40e e3ee e3ed dbcd e3ad dbad dbad db6c d32c d32c cb0c cb0c caeb caeb caec d30c d34c db6d dbad dbed dbcd dbad db8c db8c db6c db8b e3ac e3ac e38c e3ac dbcc dbac db4b db6c db8c db8c db6b db8c db8c db6c db8c db8c dbac db8c db8c db8d dbac dbcd db8c dbac dbcd e3cd dbac e3ad e3ac e3cd e40d ec0d e3ed c2aa 8128 58a7 50a8 58a8 58a7 5067 58a7 5087 5087 5887 58a8 60c8 6908 6928 60c7 60a7 60a7 60a7 6087 5887 5087 5067 5887 60c8 60e8 60e8 60e8 58e8 58c8 50c8 58c8 60c8 60e8 6108 7149 7169 6908 5086 4826 4026 4887 81ea cbaf,
ec8e ec8e ec4e ec2d e40d e3ac db4b d2ca c249 a9a8 9988 9189 9168 9168 99a8 aa09 c28a caea d32b db8b e3ec ec2c ec6d ec6d ec8d ec6d ec8e ec8e ec6e ec4d ec4d ec4d ec2c ec0c e3cc e3ac db4b d2ca c26a a9e9 9968 8948 8948 9168 9988 99a8 a1a9 a1c9 a20a a209 aa2a aa0a a9e9 aa0a aa0a aa09 aa2a aa2a aa0a aa2a aa0a aa0a aa2a aa29 b229 b24a b229 b24a b26a b26a ba6a ba6a c28a c28a c28b c26a c28a c28b c2ab c2cb c2ab ca8a c2aa c2ab c28a cacb caab caaa caab caca d2cb cacb caab caab e3ed ec8c caaa c26a c28a ba8a ba4a ba6a b24a ba4a b26b ba8b c2ab bacb baab baab c2ec c2ec baec baec c32c c30c c2ec bb0c c32d c34d c34d c32d c32d cb6d cb6d c38f c38e cb8e c38e c36d c36e c36e c36e c38e c38f cc10 cc0f c3cf cc0f cc0f cc50 cc70 cc70 ccb1 d4f2 d4f2 d532 d553 d533 d574 dd74 dd54 dd74 dd94 dd73 dd93 ddb4 ddb4 ddb4 ddb4 dd94 ddb5 ddd5 e5f5 e5f5 ddd5 ddd5 ddf5 ddd4 ddb4 ddd5 ddd5 ddd5 d594 d595 d5b5 d5b6 de18 de58 e699 e699 d639 ce18 cdd7 bc72 a26b 99a9 a1c9 aa0a b22a b26b ba4a b26a b24a b24a b24a b24a b22a b22a b22a b24a b24b aa2a aa2a aa0a aa2a b24b ba6b c2ab d30c d36d dbae e3cd e3ed e3ed e3ed e40e e40e e40e e3ee dbcd e3cd dbce dbad db6c d32c d2ec c2cc c2ac c2ab c2ab c2ab cacc d30c db4c db8c dbad dbcd e3ad dbac db8c db6c db8c e38c e3ac e3ac e3ad dbac db8c db6b db6c db6c db8c db8b db8c db8c db8d db8c db8c db8c db8c db8c dbad dbad dbad db8c dbac dbad e3cd e3cd e3cd e3cd e3ed e40e e3ed caeb 8968 5888 5088 50a7 5087 5087 58a7 58a7 5067 5887 58a8 60c8 60c8 60e8 60e8 60e8 68c8 60c7 60a7 5887 5887 5887 5887 60c8 60e8 68e8 60c8 58c8 50c8 58a8 58c8 58c8 60c8 6908 6969 6969 6108 5087 4867 4047 50a7 81ea c34d e44f,
ec6e ec4d ec4e ec2d e3cc e38b db0a ca8a b1e9 9948 91c9 91c9 9968 9148 99a9 aa09 ba8a d2ea db2b db8c e3ec ec2c ec4d ec6d ec8d ec8d ec8e ec6d ec6d ec6d ec4d ec2d ec4c ec0c e3ec e3ac db4b d2ca c28a aa09 9988 9128 8948 9168 9189 99c9 9989 a1c9 a1e9 a22a aa6b aa0a aa0a a9ea aa0a aa09 aa0a aa2a aa2a aa0a aa0a aa0a aa09 b22a aa4a b22a b22a b26a b26a b28a ba6a c28b c26a c28a c28a ba8a ba8a ba8a c28a c2ab c2aa caab c2aa c2ab caab cacb cacb ca8a caab caaa d2cb cacb d28b d2eb e44d d30a ba6a c2aa c26a ba4a ba4a ba4a b24a ba6a ba8b c28b c2cc baab baab baab c28a baab bb2c c30c cb0d c2ac bacc c30c c34e c32d c32d c34d bb0d c32d cb6d cb8e c34d c36e c36d bb0d c3cf c3cf bb2e bb6e cbef cbcf cbcf cbce cbcf cc2f cc70 c431 ccb2 d511 d4d1 d513 d574 dd73 dd33 d554 dd94 e5d4 dd52 dd33 d575 ddb4 dd92 dd93 dd74 dd95 ddf5 e593 dd94 ddd6 ddf6 e5f5 ddb4 ddb4 ddd5 d5d5 ddb4 d574 d554 cd96 d618 de58 e698 ee99 eeb9 eeb9 f6f9 f73a f75a f75a e719 bc92 99a9 9989 a1c9 aa09 aa6a b24a b24a b26b aa6a aa2a aa0a b22a b24a b24a aa4a aa2a aa2a aa2b a9ea b20a b22b ba6b c2cc d30d d34d db8d e3ad e3cd e3ed e40e e40d e40e e3ee e3ee e3cd e3ed e3ee dbcd db8c d32c caeb c2ab c28b ba4a ba8b ba8b c2ab caeb d32c db6d db8d dbad e3cd dbad db8c db8c dbac db8c e38c e3ad dbad dbac db8c db6c db6c db8c db8d db6c db8c db6c db8d db8c dbad db8c db8c db6c db8c dbad db8c dbac dbad dbad e3cd e3ee e3ed e3ed ec2d ec0d db4b a1e9 60c8 5087 5087 58a8 58a8 5067 5087 50a7 5067 5887 60c8 60c8 60c7 60c8 60e8 60e7 60a7 6087 5887 5887 50a7 58c7 60e8 60e8 6108 60e8 58c8 50c8 58c8 60c8 60a8 58c8 60e8 6929 79aa 6949 58a7 4867 4867 4867 798a b30d dc0f e48f,
ec6e ec4d ec0d ebec e3ac db4b d2ea c269 a1c8 9168 91a9 99a9 99a8 9168 9989 aa09 c26a d2ea db2b e38c e3cc e42d ec4d ec6d ec6e ec8e ec8e ec8d ec6e ec6d ec4d ec4d ec4d e40c e3cc e38b db4b d2ca c28a aa09 99a8 9148 8948 9168 9188 99a9 a1a9 a1c9 a209 a22a aa2b aa0a a9ea aa0a aa2a aa2a aa09 aa29 aa0a aa0a aa2a b22a b209 b22a b22a b22a b24a ba6a ba6b ba8a ba8a ba8b c2ab c28a c28a c28a c26a c28b c2ab c28b caab caaa c2ab c2ab caab cacb caab caab c2ab caaa d2cb d2cb d2ab db2b e38b caca ba6a ba6a ba4a b24a b22a ba4a b26b ba4a baac bacb bacb baab baab ba8b ba8b c2ec c30c c30c c30c c2cc c30d c32c c34d bb2d c30c bb0c bb0d c34d cb4d c34e c34e cb6e c36d c34d c36e c3af c36e c38f cbef cbcf cbcf cbcf cc10 cbf0 cc71 cc71 cc91 d4d2 d4f2 d532 dd33 dd53 dd94 dd94 dd73 dd93 dd53 dd73 dd93 dd93 dd73 dd94 ddb4 ddd5 ddb5 dd74 ddd5 ddf5 ddd4 ddb4 ddb4 ddb4 d594 d574 d595 d5d7 ddf7 de37 e678 ee98 ee98 ee98 ee98 ee99 eeb8 f6f9 f71a f71a f739 de36 ab0d 9168 9989 99c9 aa0a aa2a aa4a aa4a aa2a aa29 aa2a aa0a aa2a b22a b22a aa2a aa2b a20a aa0a b22a b24b b26b c2ac d30c d34c db8d e3ad e3ad e3ed e40e e3ed e3ed e3ee e3ee e3cd e3cd e3ee dbcd db8c d34c d2eb c28b ba6a b229 b22a b24a ba6a caab d30c d34d db6d db8d e3cd e3cd dbad e38c db8c db8c e38c e38c e38c e3ac db8c db6c db6c db8c db8c db8c db8c db8c db8d db8c db8c db8c db6c db6b e38c db8c db8c dbad e3ad dbad e3ad e3cd e3ee e40e ec0d e3ac ba6a 7928 58c8 50a8 5087 58a7 58a7 5067 5887 58c8 5887 6087 60c8 60c8 60a8 60c8 60c7 60c7 60a7 5887 5887 5887 58a7 60c7 68e8 68e8 60c7 58c8 58c8 50c8 58a8 58a8 58a7 60e8 6929 71aa 79cb 6929 58a7 4867 5087 6929 926c c38e dc2e e48f,
ec2d ec2d e3ec e3ac db4b d2ea c269 a9e9 99a8 9968 9188 9189 99a8 9989 99a9 aa0a c28a d2eb db4b e3ac e3cc ec0c ec4d ec6d ec6d ec8d ec6d ec8e ec8e ec6d ec6d ec4d ec2d e40d e3ec e38b db2b d2c9 c269 a9e9 99a8 9168 8928 8948 9189 99a9 a1a9 a1e9 a1e9 a9ea a9e9 aa09 aa2a a9e9 a9e9 aa2a aa2a aa0a aa09 aa2a aa2a aa2a aa09 b22a b22a b24a b24a ba4a ba6a ba6a ba6a ba6a c28b ba8a ba8a c28a c28a c2ab c2ab c2cb cacb caab cacb c2cb caab c2cb c2ab caab caaa caab d2cb d2cb d2eb d34c caaa c28a ba6a ba4a ba4a ba6a b24a ba6b ba8b c28b c2ab c2ec baab ba8b ba8b baec c2ec c2ec c2ec c2ec bacc baeb c30c c30d bb2d bb2d bb0c bacc bb0c c32d c34e c32d c32d c34d cb6d c34d c34d c32d c34e cbef cbcf cb6d cbae cbce cc0f cc71 cc50 cc10 cc91 d4f1 d4f2 d512 dd74 dd93 dd52 dd53 dd53 dd94 dd74 dd33 dd53 ddb4 ddb4 dd93 dd74 ddb4 ddd5 ddd4 dd94 dd94 dd73 d553 d554 d595 d5b6 d617 e678 e698 e698 e678 ee77 eeb8 e699 e677 ee77 e698 ee98 ee98 eed9 f6fa f719 f739 d594 a26b 8928 9989 99e9 a20a aa2a aa2a aa2a aa4a aa2a aa2a aa2a aa2a aa0a aa2a aa2b a20a a1ea aa0a b24b ba6b c2ab cb0c db2c db6c e3ad e3cd e3ed e3ed e3ed e3ed e3ed e3ed e3ed e3ed e3ee dbcd db8c db4c d2eb c28a b229 a9c9 a1c9 a1c9 a9e9 b24b c2ab d30b d34d db6d e3ad e3cd e3ad e3ac db8c db6c e36c e36c db8b e3ac e38c db8c db6c db8d e38c db8c db8c db8d db8d db8d db8c db8d db8c db8c dbad db8c e3ac e3ad e3ad e3cd e3ac e3cd e40d ebed e36c ba6a 7908 5067 50c8 50a8 50a7 50a7 5087 5887 58c8 58a7 60a7 60a8 6108 60c8 60a7 60c8 60c7 60c8 58a7 58a8 5887 5867 60c8 68e8 68e8 6908 58a8 50a8 58c8 58a8 5887 58a8 58e8 6129 718a 79eb 71cb 6929 5887 58a7 798a a2cd c3af d40f e44e e48e,
ec2e ec2d e3ed e38c db2a d2aa ba49 a1a9 9168 9988 9988 91a9 9989 9989 99a9 aa09 ba8a d2eb db2b e3ac e3cc ec0c ec4c ec6d ec8d ec6d ec6d ec8e ec8e ec6d ec6d ec4d ec2d ec0c e3ec db8c db2b d2ca ca69 a9c9 9988 9148 8948 9148 9989 99a9 a1c9 a1ea a1ca a9e9 a9e9 aa0a aa6b a9e9 a9e9 aa2a aa2a aa2a aa0a aa0a aa0a aa2a aa2a aa4a b24a b24a b24a b26a ba6a b26a ba6a c26a c26a ba8a ba8a ba8a c28b c28b c2aa c2eb cacb c2ab c2cb c2cb caab cacb c28b caaa d2ca cacb cacb d2cb d30b d30b ca8a ba49 ba6a ba4a ba4a ba6a ba6b ba8b baab c2ab c2cc c2cc baab ba8b bacc c30c c2ec baab baec c2ec bacc bacb baec baec baec bb0d c30c bb0d c32d c32d c36e c32d c30d c34d c32d c36e cb6e c32d c36e cbee cb8e cb4d c36d cb8d d40f cc2f cc0f cc71 d4d1 d490 d4d2 d553 ddb4 dd53 d4f2 d573 ddb4 dd94 dd33 d554 ddb5 ddb4 dd73 dd54 dd95 ddd4 ddd4 dd93 d513 d513 d553 d554 d595 de17 e658 e698 ee98 ee77 e677 e678 e657 e677 e699 e677 ee57 ee98 ee98 ee98 eeb8 eef9 f6f9 f718 e677 b3cf 8948 9169 99c9 a1e9 a22a aa2a aa2a aa4b aa2a aa2a aa2a aa2a aa2a aa0a aa2a a20a a1ca a20a b24b ba6b c28b cb2d db4c db6d e3ad e3ad e3ed e3ed e3cd e3ed e3ed e3cd e3ed e3ee e3ee dbcd db8d db6d d30c caab b229 a1a9 99a9 99a9 a1a9 aa0a c26a caeb d34d db6d db8d e3ad e3ad e3ac db8c db6b e36c e38c dbac e3ac e38c db8c db6c db8d db8c db8c db8c db6c db8c db8d db8c dbad db8d db8d dbad dbad dbad e3ad e3ad e3ad e3ad e3ee ec0e ebed d30b 99a9 6088 5087 50a8 5087 5067 5887 5887 5887 58a7 5887 60a7 60c8 60e8 60e8 60c7 60c7 60c7 60c8 5887 50a7 5087 5887 60e8 6908 68e8 60e8 50a8 50c8 58c8 58a7 5887 60c8 6109 692a 798a 79ab 718a 60e8 5887 6908 924b bb6e d3ef d40e dc4f e48e,
ec0d e3ec e3ac db4b d2ea c269 a9e9 9988 9168 9989 99a9 99a9 9988 9989 a1a9 aa09 c28a caca d32b e38c e3ec e40c ec4c ec6d ec8d ec8d ec8d ec8e ec6d ec6d ec6e ec4e ec2d ebec e3ab e36b db2b d2aa c26a aa29 9989 9148 8948 9148 9988 99a9 a1c9 a1e9 aa0a a9e9 a9ea aa0a aa2a aa09 aa2a aa0a a9e9 aa2a aa4b aa2a aa09 aa0a aa2a b22a b22a b22a b24a ba6a ba6a ba6b c28a c28b ba6a ba8a c28b c28b c28a c2aa c2aa c2cb caab caaa c2cb c2ab caab cacb caab cacb caeb caaa cacb d30b d2ea c26a ba4a b24a b249 ba6a ba6a ba6a ba6a baab bacc baac baac baab baab bacc c2ec c2ab baab bacc c2ec bacb baab bacb bacc bacc bacc c30c c32c bb2d c34d cb6e c36e c36e cb6e c34d cb8e c34d c34d c36e c36d c38e c38e c34d c36e cbcf cbae cbcf d470 d450 d471 d4b1 d4f2 dcf1 dd53 dd73 dd73 dd94 dd73 dd53 ddb5 ddd5 dd94 dd53 d594 dd93 dd93 dd53 d4f2 d4f3 cd14 d555 ddd6 de37 e678 e677 ee77 ee78 e678 e657 e657 e678 e678 e657 e677 e677 e657 e656 e677 ee98 ee98 eed9 eefa f6f9 ef18 de77 ab8f 8989 9188 99a9 99e9 a20a aa0a aa09 aa2a aa0a aa0a aa0a a22a aa0a aa0a aa0a a1ea a9ea b24b b26b c2ab d2ec d32c db6d e3ad e3cd e3ed e40d e3ed e3cd e3ed e3cd e3cd e3ed e3ee dbae db8d db6d d32c cacb b22a 99a9 8948 8128 8928 9989 b22a c2ab cb0c d32d db6d db8d dbad e3ac dbad db8c e36c e38c e3ac e3ac e38c db8c db6c db8c db8c db8c db6c db6c db8c e38c e38c db8c db8c db8c db8d db8d e38d e3ad e3ad e3ad e3cd ebed e3ed d34c a20a 68c8 5087 5087 5067 5046 5046 5887 5887 5887 60a8 60c7 60c7 60c8 60c7 60c8 60c8 60a7 60a7 58a7 5887 58a7 58a7 60a7 68c8 68c8 60c7 5887 50a7 58c8 58a7 58c8 58c8 6109 694a 718b 718a 694a 6949 6108 7969 926c b34e cbce d3ee d40e d40e dc4f,
ebcc e3cc e38b db0a ca89 b209 9968 9168 9989 a1a9 a1c9 a1a9 99a9 99a8 a1c9 a9e9 c24a caca d36b e38b e3cc e42d ec4d ec8d ec8d ec8d ec8e ec8e ec6e ec6d ec6d ec4d ec2c e3ec e3cc e38b db2b d2aa c269 aa29 a1c9 9189 8969 9169 99a8 99a8 a1a9 a1c9 a1e9 a1e9 a9e9 aa09 aa09 b209 a9e9 aa0a aa09 aa4b aa6b aa4a aa2a aa2a aa0a aa0a b24a b22a ba2a b24a ba6a ba6a ba6a baaa c28a c26a ca6a c28b c28a c28b c28a c2ab caab caaa cacb caaa caaa c2cb caaa cacb caeb cacb caeb d30b caaa ba2a b22a b24a b26a ba6a ba4a ba6a ba8b c2ab c2ac ba8b ba8c b2cd c30c c2ec c2cb bacb c2cc baec bacb bacc bacc bacb b2ab bb2d c32d c32d c32d c34d c32c c32d cbae cb6d cb4d cbae cb6d c32d c38e c34d c36e cbcf c36d c36e cbaf cb8f cbcf d490 d42f cc10 d4b1 d4b1 d491 d512 ddd4 e553 dcb1 dd33 ddb4 ddb3 e594 dd93 ddb5 ddd5 dd52 dcf1 d4b1 ccb3 ccf4 cd76 d5f8 de58 ee99 ee77 ee97 ee76 ee56 e657 e657 e657 e678 e657 e677 e657 e637 e677 e678 e658 e636 ee56 eeb8 ee99 eed9 eefa f6f9 f738 d5d6 9a6b 8947 9189 9989 a1c9 a1e9 a1e9 a20a a9e9 a9ea aa0a aa4b a20a a1ea a9ea a9ea a9ea aa2a ba6b c28a d2ec d32c db4d dbad e3cd e40e e40e e3ed e3cd e3ed e3ed e40d e3ee e3ed dbae db8d db6c d30c cacb b24a 91a9 78e7 70c7 70e8 8948 a20a ba8b cacc d30c d34d db8d dbad e3ad dbad e38d e36c e38c e38c e3ad e3ad db8c db6c db6c db8d db8d db6c db6c db8c db8d e3ad db6c db8c db8c db8c db8d e38c e3ad e3ad e3cd ebed ec0d e3ad ba6a 70c7 5067 5047 5066 5067 5066 5866 5867 5887 6087 60c8 68e8 6908 68e8 60c8 60c7 60e8 60c8 58a7 5067 5067 58c7 60c8 68e8 6908 60c8 5887 58a8 58a8 5887 6108 6149 6109 6909 716a 720c 718b 6909 60e8 796a 9a6c b34e c3af d40e cbee d3ee d3ce d42f,
e3ac e3ac db4b d2c9 ba49 a1c9 9968 9989 99a9 a1a9 a1c9 a1c9 99a8 9988 a1c9 aa09 ba8a cacb d34b e38b e3cc e42d ec4d ec6d ec6d ec8d ec6d ec8e ec6e ec6d ec6d ec6d ec2d e3ec e3cc e36b db2a d2ea c26a aa29 99c9 9168 8969 9169 9189 99c9 a1c9 a1c9 a1e9 a1e9 a9ea aa09 aa09 aa09 aa09 aa2a aa29 aa4a aa4a b22a b22a aa0a aa2a aa2a b22a b24a b24a b24a b26a ba6a ba6a ba8a c28a c26a c28a c28a c26a c28a c2aa c2ab caaa caaa caaa caaa caaa cacb cacb cacb cacb cacb d2ea cacb ba8b ba4a ba29 b24a b24a ba4a ba6a ba8b ba8b c2ab ba6b ba8b c2cc c2ec c2cb bacc bacb baec c2cc baab b2ab bacc baab baab baec c2ed c32c c34d c34d c32c c32d cb8e cb8e cb6d cb4d cb6d cb6d cb4d cb4d c36e cbae cbaf cb8e cbae cb8e cbaf d40f d430 d430 d430 d490 d4b1 d4d2 dcf2 dd52 dd12 dd12 dd73 dd32 dd52 dd93 ddb4 ddb4 dd73 cc91 cc71 ccd3 d555 d5d7 e638 e678 e678 ee98 ee77 e657 e636 e616 e637 e657 e657 e657 e657 e637 e637 e637 e657 ee77 e678 e657 e636 ee77 ee98 ee98 eed9 eed9 f6f8 e697 bc92 920a 8948 9168 99a9 a1c9 a1e9 a20a a22a a20a a20a a22b a20a a20a a1ea a1c9 a9ea b22a ba6b c28b d2eb d32c db6d dbad e3cd e3ee e3ed e3ed e3cd e3ed e3ed e3ee e3ee e3ee dbae db8d db6d d32c c2ec b24a 99a9 78e7 70a7 68a7 8107 99a9 b24a c2ab cb0c d32c db6d dbad e3ae e3ad dbad db8d db6c db8c db8c e3ad db8c db6c db6c db8c db8d db6c db6c db8c db8c e38c e36c db6c db8c e36c e38c e38c e38c e3ae e3cd ec0d ebed cb2c 9988 6087 5067 5047 5067 5867 5866 5867 5887 5887 60c8 68e8 60e8 60c8 60c8 60e8 60c8 60e8 60c8 5888 5067 5087 58e8 60e8 68e8 60c8 58a7 5887 58a7 58a8 58a8 6149 618a 696b 692a 716a 71ec 696a 692a 718a 924c ab0d bbaf cbef d40f cbce cbce d3ce d3cd,
e36b e34b d2ea ba69 a9c9 9989 9988 99a9 99c9 a1c9 a1c8 a1c8 a188 9988 99a9 aa29 ba8a caeb d34c dbac e3cc e40d ec4d ec6d ec8d ec8d ec6d ec6d ec6d ec6e ec8e ec6d ec2d e3ec e3ab db8b db2a d2ca c269 aa09 99a9 9168 9148 9168 91a9 99a9 a1c9 a1c9 a1ea aa0a a9ea a9ea aa0a aa0a aa4a aa2a aa2a b24a b22a aa2a aa2a aa0a aa2a aa2a b22a b24a ba6a ba4a b26a ba4a ba6a c28a c2ab c28a c28a c2ab c28a c2aa c2cb c2cb c2cb caaa caab cacb caab cacb c2ab cacb caeb d30b ca8a ba6a ba6a ba4a ba49 b24a b24a ba6a ba8b baab ba6a ba6b ba8b bacb c2cb c2cb ba8b b28b bacb c2ec baab baab b2ab b2ac ba8b baab c30c c2ed cb2c c30c c30d c34d c36d cb8e cb6d cb2d c32d cb6e cb6e cb4d cb8d d3cf cb6e cb8e d38e cbae cbef d3ef cb8e cbef d430 d3ef d451 d490 d490 d491 d512 dd53 dd32 dd12 d512 dd94 dd73 d4d0 cc70 cc71 cc92 d555 ddf7 e637 ee98 ee99 ee78 e657 ee56 e637 e637 e637 de17 e636 e657 e637 e637 e657 e637 e637 e637 e657 e657 ee57 e677 e657 e636 e678 e678 ee78 eed9 eefa f6f8 eed8 c513 920a 8948 9168 9988 99c9 99ca a20a a20a a20a a20a a20a a20a a20a a20a aa0a b20a ba6a c28b caeb d32c db6d dbae e3cd e3ee e3ed e3ed e3ed e3ed e3cd e3cd e3cd dbce dbad dbad db6d d30c c2ec ba8b 99e9 8128 68a7 6087 70a7 8908 a1a9 ba4a c2ab caec d34c db6d dbae e3ad e3cd e3ad db6c db6c e38c e38c dbad db8d db6d db6c e38c db8c db8d db8d db8d db8c db8d db6c db8c e38d e38c e38d e3ad e3cd ebed ebcc d32b 99a8 6087 5087 50a7 58c8 5887 5887 5887 5887 60c8 6108 6908 68e8 60e8 60e8 60e8 60e8 60c8 60a8 58a8 50a8 5087 60e8 6908 6908 60c8 58a7 5887 5088 58a8 58c7 6109 6129 6129 694a 696b 718b 79ab 796a 81cb 9a8d b34e c3ae cc0f cc0f d40f cbce c38e c38d cbcd,
e34a db2a d2c9 b229 a1a8 9989 9988 99a9 99c9 a1a9 a1c8 a1c8 a1a8 99a8 99a8 aa09 ba6a caca d34c dbac e3cc e3ec ec2d ec6e ec6d ec8d ec8d ec4d ec6d ec6e ec6d ec6d ec2c e3ec e3ab db8b db2a d2aa c249 b209 99a8 9148 8928 9168 99c9 99c9 a1c9 a1c9 a20a aa0a a9e9 a9ea aa2a aa0a aa4a aa2a aa2a b24a b22a aa2a aa29 aa2a aa2a aa0a b22a b24a ba6a ba4a b24a ba4a ba8a c28a c2ab c28a c28b c28b c28a c2aa caab cacc c2cb cacb caab caab cacb c2aa c2aa caca d30c caeb ba6a b24b ba4a ba29 ba49 b26a b26b ba6a ba8b ba8b ba6a b28b c2ec c2cb c28a baab b28b b28b c2cb baab b28b ba8b ba8b bacc bacc bacb c30c c32d c30c bacb c30d cb6e c36e c38e c34d c32d c38e cb8d cb6e cb8e d3ad cbae cb8f cb8e d38e d3ce d40f cbaf cbaf cbcf d3ef cc10 d492 d430 d450 d4f2 dd73 dd32 dcf2 dd12 dd73 ddd4 d4d1 cc0f c411 cc93 d554 e617 e658 e637 ee77 ee98 e657 e636 e617 e616 e637 e657 de37 e616 e657 e658 e658 e657 e657 e637 e616 e636 e657 e617 e636 e678 de58 e698 e679 e698 eed9 ef1a eed9 f6f8 de57 a30e 8948 8968 9189 99a9 99c9 99c9 a1c9 9a0a 9a2a a20a a20a a20a a20a a9ea aa0a b24b c28b caeb d32c db4d dbae e3ce e3ee e3ee e40d e40e ebed e3cd e3cd e3cd e3cd e3cd dbce db6d d32c caec ba8b a209 8148 6887 5867 6087 80c7 9989 b22a ba6b cacc d30c db6d dbad e3ad e3cd e3ac e38c db6c e38c e38c db8d db8d db6c db6c db6c db6d db8d db8c db8d db8d dbad db8c db8c dbad e3ad e3ad e3ad ebee ec0d e38c c26a 78e8 5068 5909 596a 596a 58c8 5887 5887 58a7 60e8 6908 68e8 60c7 60c8 60e8 60e8 60c8 60c8 58a7 50a8 50a8 58a7 68e8 6908 60e8 60c8 58a7 5887 58c8 58a7 58c7 6129 6109 6109 694a 718b 718b 718b 81ab 922c a2ee bb6e cbce cbef d40f d42f cbce bb4d c36d cc0f,
db0a d2ea c249 a1c8 9988 99a9 99a9 a1c9 99e9 a1a9 a1c9 99a8 99a9 99a9 99a8 aa09 ba6a caca db2b db8b e3cc e40c e42e ec4e ec6d ec6d ec8d ec6e ec6d ec4d ec4e ec4d ec4c e40c e3cc e36b db2a d2ca c269 b209 a1a9 9148 8948 9168 91a9 99c9 a1c9 a1ea a20a aa0a aa09 a9e9 aa0a a9e9 aa2a aa09 aa09 aa2a aa2a aa09 aa09 aa09 aa2a aa0a b24a b24a b229 b24a b26a ba6a ba6a ba6a c28a c2aa c28a c28a c28a caaa c2aa cacb caab cacb cacb c2ab cacb cacb cacb d2eb caca ba6a b24a ba6a b249 ba4a ba6a ba8b ba8b ba8b ba8b ba6a ba8b bacc c2cb baab baab baab baab baab bacb ba8b aa4b aa8c baac c2ec c32c c30c c32d c30c bb0d bb0d c32c cb6e cbae cb6d cb6d cbae cb8e cb6e d38e cb6d cb8e d3ce d3cf d3ae d3ad cbae cbae cbae cbce cbae cbee d40f d451 d491 d4f1 dd12 dd12 dd12 dd32 d4f2 d4d1 d491 c410 c4b3 d576 ddf7 e637 e616 ee36 e637 e616 e636 de17 de37 e658 e658 e657 e637 e636 e616 e616 e636 e657 e637 e637 e636 de17 e617 e657 e658 e658 e678 e699 e699 e699 eeb9 eeda ef1a ef1a eed9 eef8 cdb5 a2cd 8948 8968 9188 91a9 9989 99a9 99c9 99e9 99c9 99ea 99ea a1ca a1ea aa2a b26b c2ab caec d32c db6d dbad e3cd e3ee e40e e3ed e3ee e3ed e3ed e3ed e3ee e3ee e3ce e3ae db8e d36d cb0d baab a20a 8948 6887 5867 5887 68a7 8968 a20a b24a c28b cacb d32c db8d db8d e3ad e3ce e3ad db8c db8c e38d db6c db8c db6c db8c db6c db6c db8c db6c db8d e38c e38d db8c db8c e38c e3ae e3ad ebcd ec0e e3cd caaa 8908 5887 50a8 58e8 5949 58e8 58c8 5887 5887 60a7 60c8 60c7 68c7 60a8 60c8 60c8 68e8 60c8 58a7 58a7 50a7 58a7 68e8 6908 68e8 58c7 58a8 58c8 58c8 60c8 58c7 58a7 6108 6129 694a 698b 71ac 79ab 81cb 924d a2ee b36f c3af cbef cbee d40e d40f c38e bb6d cbee d44f,
d2aa ca89 b1e9 a188 9989 9989 a1c9 a22a a209 a1c9 a1c9 99c9 99c9 99a9 99a9 a9e9 c269 caca db2b db8c e3cc e40d e42d e44d ec4d ec8e ec8e ec6e ec4e ec4d ec4d ec4d ec4d ec0c e3cb e36b db0a caca ba49 b1e8 a1a8 9169 8969 8989 91aa 99ea 9a0a aa0a a9ea aa2a aa2a a9e9 aa09 a9e9 aa09 aa0a b1e9 b229 aa0a a9e9 b22a aa09 aa0a b22a b24a b24a b229 b24a b26a ba8b baab ba8b ba8b ba8a c28a c28a c2aa c2ab c2ab c2aa caaa c2cb c2eb cacb caaa cacb caec caeb c2aa b28a ba4a ba49 ba49 c28a c28b ba6b ba6b baac ba6b ba8b bacc c2ab ba8a baab c2cb c28a b28b b2ac b26b b26b b26b b2ac bacc c2cc cb4d cb4d c2ed c32d c32c c32d c38e cbae cb8e cbae d38d cb6d c3af d3ce d3ae cbae d3ef d3ae d3ce cb8d cb2d c38e c3ae cb6e cb8e d3cf cbae d3ef d491 dcb0 dc70 d4d2 dd11 dd31 dcf1 cc4f c38e c3af ccd3 de37 e657 e657 e657 e637 e5f5 e615 e616 ddf7 e636 e699 e678 ee77 e678 e657 e617 e616 e5f5 e5d5 e5f5 e616 ddf6 ddf6 de37 e678 e699 eeb9 e699 ee77 eeb9 e678 ee77 ee98 eeb9 eed9 ef1a ef1b f6f8 f738 cd33 89a8 8127 8968 8968 9168 91a9 91a9 99c9 99c9 99ea a1c9 a1a9 a1ea aa2b ba4b caab d30c d34c db8d dbad e3cd e3ed e40e e3ed e3ed e3ed e3cd e3ee e3ee e3ee dbce db8d db6d d32c cb0d baab a1e9 8928 6087 5046 5067 60a7 7928 91ca aa2a ba6b c2cb d30b db6c db8d e38d e3ce e3ad dbad db8d e38d db6d db6c db8c db8c db8c db8d db8d db6c db6c db8c e36d e38d e36c e38c e3ad ebad ebed ec2e db6c a1a9 6067 5067 5087 5067 5087 5887 5867 5887 5887 60c7 60e7 60c7 60a7 68c8 68e8 60c8 60a7 58a7 5087 5887 58a8 60c8 70e8 7148 6908 5087 58a8 58e8 60e8 58c8 58c8 58c8 58c8 692a 696b 71ac 71ac 81cc 924d a2ee b38f c3cf c3ef cbcf cbee d40f cbae bb4d cbce d46f d48f,
ca89 ba49 a1a8 9988 99a9 99a9 a1c9 a209 a1c9 a1c9 a1c9 99c9 99a8 9988 99a9 a9e9 ba49 cacb d34b db8b e3cc e3ec e42d e46d ec4e ec6e ec8e ec8e ec6e ec6e ec6d ec4d ec2d e40d e3ec db8c db2b caca c249 b209 a1a8 9148 8968 8989 91ca 99ca a1ea aa0a aa0a a20a aa4a aa0a aa0a a9e9 aa09 aa0a aa09 b229 aa0a aa2a b22a aa09 aa0a b22a b24a b229 b229 ba4a ba4a ba6a ba8a c26a c28a c2ab c2ab c28a c28a c28a c2aa c2ab c2ab c2ab c2cb cacb cacb cacb cb0c c2ab baab ba8a b24a b24a ba6a c28a ba8b ba8b ba6b ba8b ba8b ba8b bacb baac baab bacb c28a ba6a b28b b26b b24b b28b baac bacc bacc c2ec cb0c c32d c30d c30c c32c cb4c cb4d cb4d cb8d cb4d cb4d cbae cbae d3ae d3ae d3ce d3ef d3cf cbae c32c c36e cbae cb4d cb8e cbcf d3cf d3ef d42f d471 d470 dcd1 dd53 dcd1 d44f cc2f c3cf c431 cd14 dd95 e657 e637 e637 e656 e637 e5f6 e5d5 e616 e638 e637 ee77 e658 e637 e636 e637 e5f6 de16 ddf6 ddb6 ddd6 e616 e658 e637 e636 e678 ee98 ee98 e677 e637 e657 e657 e657 e657 e678 e698 eeb9 eef9 eed9 f718 de37 ab4e 89c9 8168 8148 8968 89a9 91a8 91a9 99c9 99c9 99c9 99a9 a1e9 a22a ba4a caab d2eb d34c db6c e3ad e3ce e3ee e3ee e3ee e3ee e3ed e3cd e3ee e3ee e3ee e3ce dbad db8d d34c caeb ba6a a1c9 8928 6887 5046 50a8 58a8 70e8 89aa a22b b26b c2ab cb0c db4c db6d e38d e3ad e3ad e3ad e38c e38c db6c db6c db6c db6c db6c db8c db8d db8d db6c db8c e38d e38d e38c e3ac e3ad ebcd ebed e3ac c2aa 8128 5887 5067 5047 5087 50a7 5887 5887 60a7 60c8 68c8 68e8 68e8 60a7 68e8 68e8 60c7 6087 5887 5067 5067 58a7 60e8 68e8 68e8 58c8 5087 58c8 58c8 60c8 60c8 60c8 6108 6109 6109 694a 71ac 79ac 924d a2ce b34f c3cf cbef cc0f cbef cbce cbce c38e c3ae d42f d46f d48f,
b209 a9e9 9988 91a9 99a9 99a8 a1c9 a1e9 a1c9 a1c9 a1c9 99c9 9988 9988 99c9 a9e9 ba49 cacb d32b db6b e3ac e40c ec2d ec4d ec6e ec6e ec6e ec8e ec8e ec6e ec4d ec6e ec2d e40d e3ed db6c db2b caea c269 b249 99a9 9148 8968 9189 91a9 99c9 a1c9 a20a a209 a209 aa2a aa2a aa0a aa0a aa0a aa09 aa09 aa09 aa0a aa2a aa29 aa2a aa2a b24a b22a aa29 b24a ba4a b24a ba6a ba6a c28a c2aa c2cb c2ab c2aa c28a c28a ca8a c2ab caaa caab c2ab caab c2cc cb2c caeb ba8b baab ba8b ba8b ba8b ba8b b24a ba8b ba6b ba8b ba6a ba8b baab baab baab baab ba8b ba8b ba8b b2cc b28b bacc bacc baab baed bacc c30c c30c c32d c30d bb2d c32c c32c cb6e cb6d c30c c34d cb8e cb4d cb8d d3ae d38d d3ce d3ce cb8e c36e cbae cbae cb8e cb8e d3ae cbae d3ef d40f d3ef d471 dcd1 dcf1 d490 c3ae bb2e bbf0 cd14 dd95 e616 e637 e616 e616 e616 e616 e637 e637 e617 e616 ee36 e617 ddf6 e616 ddf6 ddd6 ddd5 ddf6 ddf6 e657 de37 e637 e616 e657 e637 e5f5 e616 e616 ddf6 de16 de37 de37 de57 e658 e657 e677 e678 e678 e678 ee98 eed9 eef9 de99 bd76 a3d1 926b 8168 8127 8948 8968 9188 99a9 99c9 99a9 a1c9 aa09 b24a c2ab d30b d32c db4c e3ad e3ce e3ee e3ed e3ee e3ee e3ee e3cd e3ce e3ee e3ee e3cd e3ad db8d db4c caeb ba8b a1c9 8927 6887 5887 50a8 50e8 6109 7128 91ca aa0a ba4a cacb d30c d32c db8d e3ad e3ad e3ad e38c e38c db6c db6c db6c db6c db6c db6c db6d db8d db8d e38d e38d e38d e3ad e3cd ebcd ebcd e3ad caca 8928 5887 5087 5047 5047 5067 5087 5887 60a8 60e8 68e8 68e8 6908 60e8 60a7 60c8 60c7 6087 5887 5887 5867 60a8 68e8 68e8 68e8 5887 5067 58a7 60e8 58e8 60e8 60e8 6108 6929 692a 6109 692a 79ab 924d ab0e b36e c3cf cbef cc0f cc0f cbef bbae c38e cbee d44f d46f d46f d48f,
a9ea a1a9 9988 99c9 99a9 a1a8 a1c9 a1ea a1ea a1c9 a1c9 a1c9 9989 9988 99c9 aa09 ba49 cacb d32a db6b e3ac e3ec ec2d ec4d ec6d ec6e ec6e ec6e ec8e ec4e ec4d ec4e ec2d e40d e3ac db6b db0b caea ba6a aa09 99a9 9168 8948 9168 9148 99c9 a1ea a1ea a209 aa0a aa0a aa0a aa09 aa0a aa2a aa09 aa09 aa09 aa0a aa09 aa29 b22a b22a b24a b22a b249 b24a b24a b24a ba6a ba8b c28a caab c2ab c2aa c2ab c28a c28b caab caca caca cacb cacb caaa c2ec d34c caca ba6a ba8b ba6b baab baab ba6b b26a ba6a ba6b ba8b ba8a ba8b c2ab baab c2ab ba6a b26b baac ba8b baec bacb c2ec bacc baab baed c2cc c30d c34d c2ec bb4d c34d c30c c32d cbae cb6e c30d cb8e cb4d c32d cbae d38d cb4d d3ce d3ae c36d c38e cbae cb6e cb8e d3ae d3ae cbcf d3cf d3ae cc0f d4f1 dcf1 dc8f cbad b30d bb70 ccd4 ddd5 e5f6 e5d4 e636 e617 ddf6 ddd5 e616 e657 e657 e657 e5f6 e5f5 e616 de17 ddd6 ddd5 ddd6 ddb5 e5f5 de17 e657 e677 e616 e5f5 e616 e5f6 ddf6 ddf6 ddf6 ddf6 ddf6 e637 e658 e658 e678 e678 e678 e677 e678 e678 e698 eeb9 f6d9 ef1a e71a c617 ac11 89a9 78e6 8148 8948 8968 91a9 99a9 99a9 a1c9 aa09 b24a c2ab d2eb d32c db6d dbad e3cd e3ed e3ed e3ed e3ed e40e e3ed e3ee e3cd e3ee dbce e3ae dbad db4c caeb ba6a a1e9 8148 6887 5867 5067 5908 6109 68a7 8148 a1e9 b22a c2ab caeb d30c db6d db8d e3ad e3ad e3ac e3ac e38c db6c db6c db6c db6c db6c db6c db6d db8d e38d e38d e38d e3ad ebcd ebcd ebcc e36c b24a 68a7 5047 5067 5047 5067 5067 5087 58a8 60c8 6909 6908 68e8 60e8 60c8 60c7 60c8 60c7 6087 5887 50a7 5887 68a7 7108 68e8 60c8 5887 5087 58a8 60e8 60e8 60e8 60e8 6109 6109 612a 690a 692a 79ab 9aad b34e c3ae c3cf cbcf cc0f d40f cbef bb8e c3ae d42e d46f d48f d48f dc8f,
99c9 99a9 99a8 99c9 99c9 a1c9 a1a9 a1c9 a1c9 a1a9 a1c9 a1ea 99a9 a188 99a9 a9e9 ba49 caaa d30b db8b e3ac e40c e42d ec2d ec6d ec6d ec6e ec4e ec6e ec6e ec4e ec4e ec4d e40d e3cc db6b db2b caca c26a b209 a1a9 9148 8948 9148 9168 99a9 99c9 a1e9 a9ea a9ea aa0a aa2a aa2a aa0a aa0a aa0a aa2a aa09 aa09 aa0a aa09 b22a b22a b22a b22a b249 b229 b24a b26a ba4a ba4a c26a c2aa c28a c28a c28a c2ab ca8a c28b c2ab cacb ca8b caab cacb d34c d32c c26a ba29 ba6a ba4a ba4a c28a c2ab ba6a b26b ba6a b26a ba8a ba6a ba8b baab c2ab ba8b ba8b c2cc c2cb c2eb bacc bacc bacb bacc baed c32d cb2d c30d c32c c32d c30d c34e cb6d cb8e cb8e cb6d cb6d cb4e cb8e cbae cb6e cb8d cb8e cb4d cb8d cb6d c32d c34d cb6e c34e cbae cbae cbae cbcf d450 d491 d42f cb8d bb6f c452 d595 ddf6 e594 e5d4 ddb5 e5b5 e5f5 e637 ddf6 e5f5 e636 e657 e636 e616 ddd6 ddd5 e616 e617 ddd6 de16 de17 ddb4 ddf6 e616 e615 de16 ddf7 de17 de16 e617 e657 e637 e637 e637 e637 e657 e678 e658 e677 e678 e678 e678 e678 e698 ee99 eeb9 eeb9 f6f9 f719 deb9 b493 9aac 91a9 8107 8948 9168 9189 9189 99a9 aa09 b22a c28b d2cb d34c db6d dbad e3cd e3ed e3ed e3ee e3ee e3ee e3ed e3cd e3ee e3ee e40f dc0f db6d d32c caeb ba6a a1e9 8948 6887 5887 5087 5087 5867 6087 70c7 8948 a1c9 b24a c2ab d2eb d32c db4c e3ad e3ad e3ac e38c e38c e38c db6c db4c db6c db6c e36c e36c e38c e38d e38d e3ad e3cd ebed ebed e38c ba4a 80e7 5067 5067 5067 5067 5067 5887 5887 58a7 60e8 68e8 68e8 68e8 68e8 68e8 60c8 60c8 60c8 5887 5067 5087 60c7 68e8 70e8 60c8 5888 58a7 58c8 58a8 60c8 60e8 60e8 60c8 60e9 6109 690a 694a 79ab 926d b32e c38f cbcf c3cf cbce cc0f cc0f c3ae c3af cc2f d48f d490 d490 d48f d490,
91e9 91c9 9988 99c9 a1c9 a1e9 a1c9 a1c9 a1c9 a1c9 a1e9 a1c9 99a8 99a8 a1c9 a9e9 ba69 caca d32b db8c e3ab e40c ec2d ec6e ec6e e46e ec6e ec8f ec8f ec6f ec6e ec4e ec2d e40d e3cc db8c db2b d2cb c28a b229 99c9 9168 8948 8948 9988 a1a8 a1a8 a1e9 a1e9 a9e9 aa09 aa2a aa0a a9e9 a9e9 aa09 aa2a b209 aa09 aa2a aa0a b22a aa4a aa29 b229 b229 b249 ba4a ba4a ba6a c26a c28a c2ab baab c2aa baaa c2ab c28a c2aa c2cb c2cb c2aa c2aa d2eb db6b cacb ba4a ba4a ba4a b24a ba6a c26a c2ab c26a ba8b b28b ba6a ba6a ba6a b26a ba8a ba8b ba8b baab baac ba8b c2aa bacc bacc ba8b c32d cb6e c34e c34d c30c c2cc c34d c36e cb4d c36e cbaf cb6e cb4e cb8e d36d cb4d cbcf cb8e cb6d cb6e cb6d cb4d c32d c34d c32d c36e cbae cb4d cbae d3ee cb8d cbef cbef c30c bb6f ccd3 e5f5 e615 e5f5 ddb6 dd94 ddd4 ddd7 ddb4 e614 e616 ddd5 e5d5 e615 e616 ddf6 ddf6 ddd6 ddf6 e637 e617 e5d4 e616 ddb5 ddf7 ddf8 ddd5 e636 e678 e657 e637 e637 e636 e657 e658 e657 e657 e657 e657 e658 e658 e677 e678 e678 ee57 ee98 ee98 ee98 ee98 f6b8 f6d9 f739 e71a c514 9a0a 78e7 8127 8928 8968 9188 9989 a1e9 b22a c28a caeb d34c db6c dbad e3ee e3ed e3ee e3ee e3ee e3ee e3cd e3ce e3ed e3ee e3ee dbce db6c db2c cacb ba6a a9e9 9128 70a7 60a7 58a8 5067 5046 5887 6886 78c7 99a9 aa0a ba6b cacb d30c db2c db8d e3ad dbad e3ac e38c db8c db6c db4c db4c e38c e36c e36c e38c e3ad e3ad e3ad ebcd ebcd ebcd d30b 9148 5867 5046 5047 5067 5067 5067 58a7 60a8 6087 68c7 6908 68e8 68c8 68c7 60e7 60e8 60c8 60a8 58a7 58a7 60a8 68e8 6928 6909 58c8 5887 58e8 58e8 60a7 60c8 60c7 6109 60e9 58e9 58e9 60e9 718b 928d ab2e c3af cbcf c3cf c3af cbee cbef c3cf c3af cc0f d470 d48f d490 d48f d490 d46f,
99e9 99c9 99a9 a1e9 a1e9 a1e9 a1c9 a1c9 a1e9 a1e9 a1c9 a1c9 99a9 99a9 a1c9 aa09 ba69 caca d32b db8c e3ac e3ed ec2d ec4e ec6e ec6e ec6e ec8e ec8f ec6e ec6e ec4e ec2d e40d e3cc db8c db2b d2ca c26a b229 a1e9 9168 8928 9168 9188 99a8 a1a8 a1e9 a1e9 a1e9 aa09 aa09 aa09 aa09 aa0a aa0a aa2a aa29 aa0a aa2a aa29 b22a aa29 aa09 b22a b229 b249 ba4a ba6a ba4a c26a c28a c2aa c2ab c2aa c2aa c2aa c2aa c2ab c2ab c2aa c28b c2cb d36b d30b c28a ba4a b26a b24a b22a b24a ba6a c2ab c28b ba8b ba8b ba8b ba6a ba8a ba8b ba8b ba8b ba8b baab baab baab c2ab baac bacc c2ec c32d cb4d cb2d c30d c32d cb4d cb6d cb8e cb8e d3ae cb8e cb4e cb8e cbae cb4d cb6d cb8e c34e cb6e cb6d cb4d c36e cb6d c32d c32d cb8e cb8e cb8e cbae c36d c34d c36d bb6e c3af ccd2 ddb5 e5d4 e5f5 e5f5 ddf5 ddd6 e5b4 e615 ddd6 dd94 e5b4 ddd5 ddd5 ddb5 ddb5 ddd6 ddf6 ddf6 e5f6 e5f5 e5f6 ddb5 e5f6 ddf7 e636 e658 e617 e5f5 e636 e678 e637 e658 e637 e637 e657 e657 e657 e657 e636 e657 e658 e657 e677 e657 e636 e697 e698 e698 e677 ee77 ee98 eed8 f739 de77 abd0 7928 78c7 8107 8948 9168 99a9 a1e9 b22a c28b caec d32c db6c dbad e3ce e3ee e3ee e3ee e3ed e3ee e3ce e3ee e3cd e3ee e3ee dbae db6c db2c cacb ba6a a1e9 8948 70a7 6087 58a7 5067 5046 5886 6087 70a7 8948 a1c9 b20a c2ab d30c db2c db6c e38c e3ad e38c e38c db8c db6c db4b db6c db6c e36c db8d e38d e3ad e3ad e3cd ebee ebed e36c b229 70a7 5867 5067 5087 5087 5887 5887 58a7 60a7 60a7 68e8 68e8 68c7 68a7 60a7 60e8 6108 60a8 5887 58a7 58a8 60c7 68e8 68e8 60e8 5887 5887 60c8 60e8 60e8 60e8 60c8 60e8 58c9 58c9 60e9 714a 822c a30e bb8f c3cf c3cf c3cf c3cf cbce c3ae c3af c3ef d450 d48f d4b0 d490 d4af d490 d46f,
9989 99a9 99a9 a1c9 a1e9 a1e9 a1e9 a1e9 a1e9 a1e9 a1e9 99e9 99a9 99a9 99ea aa0a ba6a caeb d32b db6b e3ac e3ed e42d e44e ec4e ec6e ec6e ec6e ec6f ec4e ec4d ec4e ec2d ec0d e3cc e38c db2b d2ca ba6a aa09 99ca 9168 8948 9148 9188 99a9 99c9 a1e9 a1e9 a1e9 a9e9 a1ea a9e9 aa0a aa2a aa4a b229 b209 a9e9 aa09 aa09 aa09 aa29 aa09 b22a b229 b249 ba4a ba6a ba4a ba6a ba6a ba8a c28a c2ab c2ab c2aa c2cb ba8b ba8a c26a c28a dc4f dc0d c26a b229 b209 b22a aa2a aa2a b22a ba4a ba8a c28b ba8b baab ba6a ba6a ba8a ba8b ba8a ba8b ba8b ba6a ba8b baab bacc baac bacc c30c c32d cb0c c30d c36e cb6d cb4d cb8e d3ce d38e cb8e cb8e cb4d cb4d cbae cbae cb8f c36e cbae cb8e c34d cb4d c36e c36e cb4d c30d c34e cb6d cb6e c32d bb0d bb4e bbd0 ccb3 d513 dd32 e593 ddb5 e5d5 e616 e5f5 e5f5 ddb5 e573 ddd5 ddd6 dd74 dd94 ddd5 ddd6 ddb5 ddb4 e5d5 ddb5 ddb5 ddd6 de16 e637 e637 e637 e5f6 ee15 ee77 e638 e5f6 e636 e657 e637 e657 e637 e637 e657 e657 e657 e616 e657 e657 e677 e677 e657 e637 e677 e698 e699 e678 e698 e678 eeb8 eed8 f717 e6b8 ab90 70c7 70c7 8108 8948 9189 a1c9 b22a c28b caeb d30c db4c dbad e3cd e3cd e3ee e3ee e3cd e3cd e3ee e3ce e3cd e3ee e3ee e3ad db6d d34c caec ba8a a209 8989 70c7 5887 5886 5887 5867 5066 5866 6066 70a6 8928 a1a9 ba4a caab d2eb db2c db6c db8d e3ac dbac db8c db6c db6b db4c db4c db4c e38c e38d e38d e3ad e3cd ebed e38c ba8a 78c7 5867 5087 5067 5887 58a7 58a7 58a7 60a7 60c7 68c7 68c7 60c7 60e8 60c8 60e8 6108 60c8 58a7 5887 5887 60e8 6908 60e8 60a7 5887 5087 58a7 60c8 60a8 60e7 6909 58c8 58c8 58c9 58c9 692a 8a2c ab0e c3af cbef cbf0 c3ae c3af c3af c38e c38e c3ef cc50 d470 d4b0 d4b0 d490 d490 d490 d48f,
99a9 9989 9988 a1c9 a1ea a1e9 a1e9 a1e9 9a09 a1e9 a1e9 99c9 99c9 99c9 a1ea aa2a ba6b caeb db2b db6b e3ac e3ed e40d e44e e46e e46e e44e ec4e ec6e ec6e ec2c ec4e e42d e40d e3cc e38c db4b cacb ba6a a9e9 99c9 9189 8969 8948 9188 99a9 a1c9 a1ea a1e9 a9e9 a9ea a9ea aa09 a9e9 aa0a aa4a b22a aa09 a9ea aa09 aa09 a9e9 aa29 aa29 b229 b229 b24a ba4a b26a ba6a ba8a ba6a ba6a c28a c2ab c2ab c28a c2ab ba8a c26a c24a caeb ed50 e3ec c24a b1e9 b209 b22a b22a b22a b22a ba4a ba6a ba6a ba8b ba8a ba6a ba6a ba6a ba6a ba6a ba8a ba6b ba6a ba8b ba8b baec bacc c2ec c2ec c2ec c30d c36e cb6e cb0c cb4d cbae d3ae cb6e cb8d cb4c c32d cb6e d38e d3ae cbaf cb8e d3ae d38e c36e c32d c34e c34d c30d bb0d c36d c34c bb0d baed baed c3d0 cd14 dd94 dd32 dcf2 dd52 ddd6 e5d4 e636 e5f5 e5d4 ddd5 dd74 e5b3 ddf6 d596 d554 ddb4 e616 ddb5 dd53 dd94 dd95 dd95 de16 e637 e637 e637 e637 de17 e5d5 ee36 e658 de18 e5f5 e656 e637 e657 e637 e636 e657 e657 e658 e637 e657 e677 e677 e677 e658 e657 e636 e698 ee99 e699 ee98 e698 eeb9 ee98 eeb7 f718 c534 8169 70a7 8107 8928 9168 a1c9 aa2a c26a caeb d30c db4c db8d e3cd e3cd e3ee e3ed e3ed e3ee e3ee e3ce e3ed e3ee e3ce e3ad db8d d32c caec baab aa2a 8989 70c8 6087 5887 5887 58a7 5866 5866 5866 6886 7907 9988 b1e9 c28b d2ca db0b db4c db6c dbac dbad db8c db6c db6b db4b db4b db4c db8c e38c e3ad e3ad ebcd ebcd d30b 99c9 6087 5067 5887 5067 5887 5887 58a7 58a7 60a7 68c8 68e7 68c8 60c8 6908 6908 68e8 60e8 60c7 58a8 5887 5887 60e8 6909 60c8 58a7 5087 58a7 60c7 60e8 60c8 60a7 60e8 58c8 58c8 58e9 60e9 716b 9a8e b34f cbef cc0f cbf0 c3ae bb8e bb8e bb6e c3cf cc2f cc70 d490 d4b0 d48f d4b0 d490 d48f d490,
99c9 99c9 99c9 a1e9 a1e9 a1e9 a1c9 a1c9 a1c9 a1c9 a1e9 a1c9 a1c9 99c9 a1a9 aa0a ba6a cacb d32b db6c e3cc e40d e40d e42d ec4e ec6d e44e e44e ec4e e44e ec4e e44e e44d e42d e3cc db8c db4c caeb ba6a b22a 99c9 9169 8949 9168 9189 99a9 a1c9 a1c9 a1c9 a1e9 a9e9 aa09 aa09 a9e9 aa0a aa2a aa0a aa2a aa2a aa09 aa09 aa09 aa29 b229 b229 b229 b22a b24a b26a ba6a ba8b c28a c28a c28a ba8b c26a c28a c28a ba6a ba6a ba4a dc0e f56f db8b ba09 b1e9 b209 ba29 ba6a b22a b24a ba8b ba8a ba6a ba8b ba6a ba6a c26a ba8b ba8b ba6b ba8b ba8b ba8b baab c2cc c2ec c30c c2ec baab c2ec cb2d cb4d cb2d cb2d cb8e d3ce d3ae cb6d c30c baec cb8d cb8d cb4d d3ae cbae cb6d cb6e cb6d c34d c34e c34e c2cc baec c32d c32d b2cc b2ed bb8f cc51 dd11 e5d4 dd94 dd33 dd53 dd74 e5b3 e5d5 e5b3 ddd5 dd94 ddb4 ddd5 dd95 dd74 ddd5 ddd5 dd94 dd73 dd54 d554 ddb5 ddf6 ddf6 e5f6 e616 e637 e637 e637 e637 de17 e5f6 e657 e678 ddf7 e5f5 e657 e637 e657 e637 e657 e677 e657 e657 e637 e657 e637 e636 e637 de37 de16 e657 e677 e698 e699 e698 eed9 eeba eed9 eef8 e6b7 a36f 8188 8948 8108 8948 99a8 aa09 ba4a caca d30b db6c db8d e3cd e3ed e3ed e3ed e3ed e3ed e3ee e3ee e3ee e3ee dbce dbae db6d d32c caeb ba8a aa0a 9168 78e7 6087 5887 5887 5887 5887 5866 5846 6066 6886 8107 9988 b229 c28a caca d2eb d34b db6c db8c db8c db4b db4b db2b db4b db6c db6c e3ad e38d e3cd e3ed db6c aa09 68a7 5087 5087 5087 5087 5887 58a7 58c8 60a7 60a7 68c7 68c7 68c7 60e8 68e8 60c8 60c8 60e8 58a7 58a8 58c8 60e8 68e8 60e8 58c8 58a8 58a8 60c8 60e8 6908 60e8 58c8 58a7 5087 50a8 6109 79ac 928d b36f cbcf d410 cbef cbcf c3ae bb6e bb6e c3cf cc0f d44f d46f d46f d48f d46f d48f d48f d4af d48f,
99c9 a1c9 a1c9 a1c9 a209 a1e9 a1e9 a1c9 a1c9 99e9 a1c9 a1c9 99a8 99a9 99a9 a1e9 ba6a cacb d32b dbac e3cc e40d e42d e44d ec4d ec6e ec6e ec6e ec6d ec4d ec4e e44e e46e e42d e3cd dbac db4c caeb c28a b209 99ca 8969 8148 8969 91a9 9989 99a9 a1a9 a1e9 a1e9 aa09 aa0a aa2a aa09 aa09 aa0a aa2a aa2a aa29 aa29 aa09 b209 aa29 aa09 b229 b24a b24a b26a ba6a ba6a c28a c26a c28a c28a baab baab baab ba8a ba6a b24b baab ed30 f58f db2a b9c8 a9e9 ba29 ba6a b26a aa2a b26b ba6b b24a ba6a ba6a ba6a ba8b ba8a ba8b ba6a ba8b baab c2ab c2cb caab c2cb c2ec c2ec c2ed c32d c2ec c2cc c32d cb6d cb6e d3cf d3ad cb0c baee bb4e cb8e cb0c c34d cbce d36d cb4e cbae cb4d c2ec c34d c34d bb0d bb0c bacb b28c b28c aaac bbb0 d4b1 e551 dd13 e552 e5f6 ddb5 e593 e5b4 e552 e5b3 dd74 dd73 ddd5 ddb5 e5b4 e615 ddb5 dd32 dd94 d555 dd74 ddd6 ddd7 e5d5 e5f5 e617 e5f7 e5f6 e636 e617 e637 e637 e657 e617 e615 e678 de18 ddf6 e656 e657 e636 e657 e637 e657 e657 e637 e637 e637 de37 de17 de17 de17 e636 e657 e678 e698 e6b9 e699 eeb8 eeda eefa ef1a ef19 c5d6 a2ed 8107 78e7 8948 9168 a1c9 ba4a caaa d30b db6c db8c e3ad e3cd e3ed e3cd e3ee e40e e3ee e3ee e3ee e3ee dbce dbad db6d d32c caeb c26a a20a 9169 78c7 60a7 5887 5887 58a7 5887 5866 5846 5866 6066 7087 8927 99a8 b209 c28a caaa d2ca d30b d36d d38d d36d d36d db0b db2a db4b db4b db8c e3ac ebcc e3ac ca8a 8108 5067 5067 5887 50a7 5087 5887 58a8 58c8 60a7 68e8 68e8 60a7 60a7 60c7 68c8 60c8 60c8 58c8 58a7 58a8 60e8 60e8 6908 60c8 58c8 58a8 58a8 60c8 6908 68e8 60c8 58c7 5067 4867 58a8 6929 924e b36f cbef d40f cc10 cbcf cbcf c38e bb6e c3ce cc30 d44f d44f d48f d48f d490 d46f d46f d490 d48f d46f,
a1e9 a1e9 a1c9 a1c9 a1e9 a1e9 99c9 a1e9 a1e9 a1e9 a1e9 a1c9 99a9 99c9 99a9 a1e9 ba4a caab d32b db8c e3ac e3ed e42d e42d ec4d e46e ec6e ec6e ec6e ec4e ec4e ec4e ec6f e42e e3ed dbac db4c caeb c28a b20a 99a9 8969 8949 8969 9189 99a9 99a9 a1a9 a1e9 a1e9 a9e9 aa0a aa09 aa09 aa0a aa2a aa2a aa2a aa2a aa2a aa2a aa09 aa2a aa2a b22a b26b b24a ba6a ba6a ba6a ba6a c26a c28a c26a ba8b ba8b ba8a ba6a ba2a b24b cb4c f5d1 f52e caaa b1e9 aa09 b20a b24a b24a b24a b24a b24a ba4a ba6a ba6a ba4a ba8a ba8a c28a c26a c2cb c2cb c2cb c2ab c2ab c2cb baec c2ec c2ec c2ec c30d c32d cb6d d38e d38d d38d cb2d c32d c32d c32d c36d c34d cb8e cb8e cb6e cb8e cb6d cb4d c32d c30c c30d c32d bacb b26b aa6c b2ce bbd0 d4f3 dcd2 dcf1 dd73 e574 e5f4 e5f6 e594 e573 dd53 dd52 dd73 dd94 ddb4 ddf5 ddb4 dd73 dd33 d513 dd95 ddd6 ddb6 e5d5 e616 ddd6 ddb5 e5f5 e616 ddf6 e5f5 e637 e637 e637 e637 e637 ddd6 e636 e658 de17 e616 e637 e637 e637 de37 e616 e616 de16 de17 de16 de57 de58 de58 e657 e637 e657 e678 e678 e698 e698 e698 eed9 eefa eefa ef19 e6d8 bcf4 89ca 70a7 8128 9168 a1c9 ba6b caeb d30b db4c db8d e3cd e3cd e3cd e3cd e3ee e3ee e3ed e3ee e3ee e3ee e3ee dbce db6d d32c caeb ba6a a22a 9189 78e8 60a7 5887 6087 6087 5887 5867 5866 5866 5846 6046 70a6 8948 99a8 a9e8 ba6a cb6e d451 d4d3 dd54 dd75 d534 d430 db4c db8d dc2f e450 e38c e3ac d32b a1a9 6087 5087 5888 5887 58a8 58a7 58a8 58a8 60c7 60c7 6908 6908 60a7 6087 68c8 60c8 68e8 60e8 58c8 58c8 60c8 60c8 60e8 60c8 58a8 58a8 58c8 60c8 60c8 6908 60c8 58c7 50a7 4847 4867 60c8 79cb a2ee bbaf cbef d3ef cbcf c3af c38e bb6e c38e cc0f d450 d44f d44f d46f d48f d470 d46f d46f d46f d46f d46f,
a1e9 a20a 99ea 99c9 a1c9 a1e9 99ca a1e9 a1e9 a1c9 99c9 99c9 99a9 9988 99a9 a1e9 ba49 cacb d34c db8c e3ac e3ec e40d ec4d ec4d ec6e ec4d ec4e ec4e ec4e ec4e ec4e ec6e ec2e e3cc db8c db4b cacb c28a aa2a 99c9 9169 8949 9169 9189 99a9 a1a9 a1c9 a1e9 a9e9 a9c9 a1e9 a9e9 a9e9 aa2a aa0a b20a b24b aa2a aa2a aa0a aa2a aa4b b24b b28c b26b b24a ba4a ba6a b26a ba4a c26a ba8b c28b c28a ba6a ba6a ba4a b20b ba8b ed50 fe31 e44d c26b a9ea b24a b24b b22a b22a b24a ba4a ba6a b26a ba4a ba8b ba6a ba8a c26a ba6a ba8a c28a c2ab c2ec c2ab c2ab c2ec c2eb caec c2ec c30d cb4d cb4d cb6d d36d cb2d c34d c34d cb6d cb2d cb4d cb4d cb4c cb8e cb4e d38e d3ae cb4d c30c c30d bb0d c30c baac aa2b aa8d bb4e d4b1 dd53 dd53 dd54 dd54 e572 e594 e573 e5b3 dd74 dd33 dd74 dd74 dd53 ddb4 dd93 dd31 d533 d4f3 d554 dd95 e5f5 e616 e5f6 ddd6 e5f5 ddf6 ddf6 ddb5 e5b4 e5f6 de17 e616 e637 e657 e637 e617 ddf6 de17 e637 e637 de37 e617 e636 e616 de16 ddd6 ddd6 de37 de17 e637 e657 e677 e678 e658 e637 e637 e657 e678 e678 e678 e699 e698 eed9 eefa ef1a f739 ef39 bc51 70c7 70c7 8948 99c9 b24a c2cb d30c db4c db8d e3ce e3cd e3cd e3cd e3ed e3ee e3ee e3ce e3cd e3ee e3ee e3ee db8d d32c caec ba8b a20a 8988 70e8 60a7 5887 5887 6087 5887 5887 5867 5866 5046 5046 5846 6086 8148 a2ee c4d4 ddf7 e678 eeb9 eed9 eeb7 ee77 ddf6 d555 ddb6 e657 e5f6 dc91 d32c a1a8 6087 5087 5088 5087 58a7 58e8 58c8 58a8 60c8 60e8 68c7 68e8 60e8 60c8 60c8 6108 6929 6929 60e8 58c8 6108 60c8 60c7 60c8 58a7 58a8 58c8 60c8 68e8 68e8 60c8 60a7 58a7 5888 5088 60c8 81cb a2ce bb8f cc0f d40f cbcf c38e c38e bb6f c3ae cbef d44f d470 d46f d46f d470 d470 d46f d44f d44f d44f d44f d46f,
a1ea a20a 9a0a 99c9 a1c9 99e9 99c9 99a9 99c9 a1c9 99a9 99a9 99a8 9988 99a8 a1e9 b249 cacb d32c db8c e3cc e3ed e40d ec4d ec4d ec6e ec4e ec4e ec4e ec4e ec4e ec4e ec6e ec2d e3cc db8c db4c d2eb c2ab aa4a 99ca 9189 8949 9148 9188 99a8 a1c9 a1e9 a1e9 a9e9 a1c9 a1c9 a9e9 a9e9 aa2a b22a aa0a aa2a aa0a aa0a a9e9 aa2a aa4b b24b b28c b26a b24a ba4a b24a b26a ba4a c26a ba8b ba8b c26a c26a ba6a b24b b1ea caeb fe11 fdf0 e40d c26b a9ea b24a b26a b22a b20a b22a ba4a ba6a b26b b24a ba8b c28b c26a ba4a ba2a b24a ba4a c2cb c2cc c28b c2cc caec c2cb cb0c cb0c cb0c cb4d cb4d cb2c cb2c c34d cb8e d38d cb4d cb4d cb8d cb2c c30c cb8e cb6d d38e cb6d c2ec baac bb0d bb0d bacc aa4b aa6c b34f cc31 dcd0 dd52 dd54 dd94 ddb5 e532 e572 dd74 dd32 e573 dd75 dd94 ddb5 dd95 dd52 dd12 d491 d4f2 d554 ddb5 e5b5 e5d4 e5d5 e5f6 ddf6 ddb6 e5d5 e617 ddd7 dd95 e5f5 e637 e5f6 e616 e657 e637 de17 ddf7 de37 e617 e616 e637 de16 e5f6 ddf6 de17 de18 de17 e636 e637 e657 e657 e637 e677 e678 e657 e636 e637 e678 e658 e678 e698 e699 eeb9 eefa ef1a f719 f738 d554 7908 70a7 8948 a1c9 b24a c2cb d30c db4c db8d e3ce e3cc e3cd e3cd e3ed e3ed e3ee e3ee e3cd e3ce e3ce e3ee e38d db2c cb0c baab a1e9 8989 70e8 60a7 5867 5887 58a7 5887 5887 5867 5046 5046 5046 4826 5887 8a6c c4f5 e678 eeb8 eed9 f6d8 ee56 e615 e5f5 de17 de58 e699 eeb8 eeb8 ddf7 bb4e 78e8 5067 5088 50a8 5087 58a7 5909 58a8 5887 60e8 6908 68c8 68c8 60e8 60c8 60c8 6908 694a 6929 60c8 58c8 6108 60e8 60c8 58a7 58a7 58a7 58c8 60c8 68e8 60e8 60a7 5887 5887 58a8 58c9 714a 926d b34f cbd0 d40f d3ef cbcf c38e c36e bb8f cbef cc30 d450 d470 d48f d48f d46f d470 d44f d470 d46f d44f d44f d46f,
99c9 99e9 99c9 a1c9 99c9 99c9 99c9 99a9 99c9 99c9 99c9 99c9 99a8 99a8 9988 a1e9 b249 c2aa d30b db6c e3ac e3ed ec2d ec4e ec4e ec6e e44e e44e ec6e e44e ec4e e44e ec4e ec0d e3cc e38c db2b d2ca c2aa b22a 99c9 8948 8128 9168 9168 9188 99a8 a1c9 a1c9 a1c9 a1c9 a1e9 a9e9 a9e9 a9e9 aa09 a209 a1e9 a20a a209 a20a aa0a aa0a aa2a aa2a b22a b24a ba4a b24a ba6a ba6a ba8a ba6a ba6a ba6a ba6a ba29 b22a b20a dc6f fe93 f54e db6b ba0a a9ea b22a b22a b20a b22a b24a b24a ba4a ba8a c28a c28b ba6a ba4a c28a ba6b b24b ba8b c2ab c2ab baac c2ab caec c30d cb0d cb0c cb2d cb6e cb6e c32d cb4d cb6d d3ae cb8e cb2c cb0c c32d cb4d cb6d d38e cb6c cb2c b2ac aa8c b2cc baec b28c aaac b2ee cc10 dcf2 dcf2 d471 dd11 e5d5 e5b4 e5b3 dd53 dcf1 dd11 d4f2 dd33 ddb4 ddd5 ddb4 dd74 d4d2 d4d2 d534 dd54 ddb4 dd94 dd94 ddb5 ddd5 e5d5 e5f6 e5f7 ddd6 e5d4 e616 ddd6 e5d5 e5f5 ddf6 ddd6 e5f6 e637 e637 de17 ddf6 de16 ddf6 ddd6 de17 de37 de17 e636 e677 e658 de16 e5f6 e637 e657 de57 e657 e678 e678 de37 de37 e678 e678 e658 e678 e698 e698 eed9 eefa eefa ef18 e677 9acd 70a7 8128 99a9 b22a c2ab d30c db4c db8d e3cd e3cd e3cd e3ed e3ed e3ed e3ed e3ed e3ed e3ee e3ce e3ee db8d d32c caeb ba8b aa2a 8989 70e8 6087 58a7 5887 5887 5887 5066 5067 5066 4887 4867 5929 9370 d5d7 eeb8 eeb8 eeb7 ee35 e5d4 ddb5 ddf7 de38 e678 eeb8 eeb8 eeb8 f6d8 eef7 cd54 6949 4827 4888 50a8 50a8 50a8 58a8 58a8 58a8 60c8 6928 68e8 60c8 60e8 6908 68c8 60c8 60c8 60c8 60c8 60e8 60e8 60e8 60e8 58c8 58a7 58a8 60e8 6908 6929 60c7 5887 5067 5087 58a8 714a 926d b34f c3d0 cc0f d3ef cbcf c3af c38f c38e cbef cc30 d450 d490 d490 d46f d46f d46f d46f d46f d44f d44f d44f d44f d44f,
99ea 99c9 99c9 99c9 99e9 99c9 99a9 99a8 a1c9 99e9 a1e9 a1e9 9988 9988 9188 99c9 b249 c2aa d30b db6c e3ac e3ed e42d e44e ec6e ec4e ec4e ec4e ec4f e44e ec4e e44e ec2e ec0d e3cc e38c db4b caca ba6a aa09 99a9 8928 8128 8948 9189 9989 9989 99c9 99a9 a1c8 a1e9 a9c9 a1e9 a209 a1e9 a9e9 a209 a209 a1e9 a1e9 aa0a aa0a aa09 aa4a aa4a b22a b22a b22a b24a b24a b24a ba6a ba6a ba4a ba6a ba49 b209 a9ea b26a edd2 fe92 ec6d d30b b24a a9ea b22a b22a b209 b24a ba4a ba6a b26b ba6a caaa c28b b24a ba6b c28a c2ab ba6a ba8b c30c c28b ba8b bacc caec cb0c c30d cb2d cb0c cb8e d3ae d34d caed cb4d d38d cb2c c2ab c32d cb6e cb6d cb6e cb6d c2aa b26b b2cc bacc b24a aa2b aa6c bb6f cc51 dc91 dcf2 dd33 dd34 dd11 e5f5 e594 dd32 dd32 dd13 d4d1 dcb1 dd33 ddb4 ddb4 dcf2 d4f2 d575 dd95 e5d4 dd95 dd32 dd94 dd95 ddd5 ddf6 e5d5 ddd5 e5f5 ddd6 dd74 e5f5 e617 ddb6 ddb4 e5f6 ddf6 ddd6 e616 e637 ddf6 ddb5 dd95 ddd6 ddf6 e657 e657 e657 de17 e636 e677 de58 ddf7 ddf6 e636 e657 e658 e658 e677 e678 de58 e658 e657 e678 e678 e678 e678 e699 eed9 ef1a ef19 e6f8 bc72 78e7 78e7 9188 aa0a c2aa d2eb d34d db8d dbcd e3cd e3cd e3ed e3ed e3ed e3ed e3ed e3ee e3ed e3ee e3ce db8d d34c cacb ba6a aa2a 8989 70e8 6087 5867 5887 5867 5867 5046 5066 4846 4027 592a a413 de78 f6f9 f6d8 ee76 e5d3 d553 d5b7 de38 e678 e6b9 eefa f6f9 f71a f73b eefa eeb7 e698 7aae 4027 4888 50a8 50a8 58a8 58a8 58a8 60c8 68e8 60e7 60c8 60c8 60e8 6949 6949 60e8 60c8 60c8 60c8 60c8 60c8 60e8 60e8 58c8 58a7 60c8 6108 6908 6909 60e8 58a7 5087 5067 60a8 81cb aaee c3b0 cbf0 d3ef cbef cbaf c38f c38f c3ce d42f d46f d470 d4d0 d4af d44f d450 d44f d44f d44f d44f d44f d44f d44f d44f,
9a0a 99e9 99c9 99c9 99c9 99c9 99c9 a1c8 a1c9 a1c9 a1c8 a1c9 99a8 9988 9988 a1a8 b229 caaa d32b db4c e3ac e3ed e42d ec4e ec4e ec4d ec4d ec4e e44e e44e ec4d e46e ec4e ec0d e3cc e36c db4b cacb ba8a aa09 9969 8948 8128 8948 9169 9189 9989 99a9 99a9 a1c9 a1e9 a1e9 a9e9 aa09 a209 a9e9 aa09 aa09 a1e9 a1e9 aa0a aa0a aa2a aa2a aa4a b22a b24a b24a b24a b24a b24a ba4a ba6a ba6a ba6a ba49 b20a a9ea c34c f653 fe10 ec6d d32b ba6a a9ea a9ea b22a b22a b22a ba4a ba6a b26b ba4a ba6a ba8b c26a c28b c26a c2ab c2ab ba8b c2cc c2cc c2ab c2ec c2ed caec cb2d cb0d cb0c cb6d cb4d cb4d cb2d c32c c2cc c2ec c30c cb4d cb6d d36d cb2c c30c baec baec b2cb b24a aa0a aa8d bbb0 cc71 dcb1 d491 dcf2 dd94 dd53 dcf1 e573 dd74 dcf2 dcf2 dd12 d513 dd33 dd12 dcf1 d4b1 d513 dd54 ddb4 ddb5 dd73 dd73 dd74 dd53 dd74 ddd5 e5f6 e5d5 ddb5 e5d5 ddd5 ddb6 ddb5 e5f5 ddd6 ddb5 ddd5 ddf6 ddf6 ddd6 ddb5 ddb5 d5b6 ddf7 ddf7 de17 e636 e637 e657 e637 e616 e636 e657 de37 de17 e616 e636 e658 de58 e657 e657 e678 e678 de37 e637 e678 e657 e677 e698 eeb9 eefa ef1a ef19 cdb6 8a0b 78c7 9168 aa09 c28a caeb db2c db8d dbcd e3cd e3ed e3cd e3ed e3ed e3ed e3ed e3ed e3ee e3ee dbce dbad d34c cacb b26a a209 8968 70c7 60a7 5887 5067 5887 5066 4846 4046 4067 61ab a432 d617 eed8 f6f8 ee15 dd72 d594 de17 e658 e699 eed9 eef9 eefa f6f9 f71a f73a f73a f719 ef19 a412 4867 4888 50a8 50a8 58a8 58a8 58a7 60e8 6908 68e8 60c7 60a8 60e8 6908 60e8 60e8 60c8 58a8 60c8 60c7 60c8 60c8 58c7 58c8 60c8 60c8 60e8 68e8 60e8 60c8 5887 5087 58a8 714a 9a6d b36f cbf0 d40f cbef cbcf c3af c38e c3af cc0f d42f d470 d470 d490 d48f d44f d470 d470 d44f d44f d44f d44f d44f d44f d44f,
99a9 99a9 99c9 99c9 99c9 a1e9 a1e9 a1c9 a1e9 a1e9 a1e9 a1c9 99c9 99a9 9988 a1e9 b24a caca d30b db4b dbac e3ec e42d ec4e ec6e ec6e ec6e ec6e ec4e ec4e ec4e ec4e e44e e40d e3cc db8c db2b d2eb c28a a9e9 9969 8928 8128 8928 9148 9188 9988 99c9 a1e9 a1c9 a1e9 aa09 aa09 a9e9 aa09 a9e9 aa09 aa0a a9e9 aa09 aa0a aa0a aa0a aa0a b22a b24a b22a b22a b22a b24a ba4a c26a ba8a ba6a ba4a ba4a b1ea b20a dc8f feb3 f56f ec8d db8c c24a aa0a aa0a b22a b22a b22a ba6a ba6a ba2a b22a baab c2ab c26a c28b c28b c28a c2ab c2ac c2ab c2ab c28b c30d cb0c caec d32c cb2c cacb c2cc c30c c32c baab b28c bb0d cb6d d36d cb4d d34c cb0c c2ec c30c c30c ba8b b24a aa2b b30e d410 dcb1 dcf2 dcf3 dd13 e553 e573 dcd1 dc70 dc91 dcf2 dd13 d513 dd54 dd53 dd12 d471 d491 d4f3 dd32 dd73 dd73 dd73 dd74 dd74 dd94 dd94 dd74 ddb4 e5d5 ddb5 dd94 ddf6 ddd6 e5d6 ddd6 dd95 ddd5 ddd6 dd95 dd94 dd94 dd95 dd96 ddd7 de17 e638 e617 e617 de17 e617 e637 e637 e616 ddf6 e5f5 e636 e637 ddf6 ddf5 e636 de57 de58 e637 e657 de57 de37 de17 de37 de37 e658 e658 e698 eeda ef1a ef19 e6f9 bcf4 81aa 8928 a1c9 ba6a d2ea d34c dbae dbce e3ee e3ed e3ed e3ed e3ed e40e e3ed e3ed e3ed e3ee dbcd db8d d34c cacb b26a a209 8968 68a7 5887 5087 4866 4866 4867 4067 5909 9370 cd96 eeb8 f6f8 ee76 dd72 ccd2 cd96 de58 eeb9 eeb9 eed9 eed9 f6f9 eed9 eed9 f6d9 f6f9 f71a ff5a f77a d617 618b 4067 48a8 50a8 50a8 5887 58a8 58a8 60c8 60e8 60e8 68e8 68c7 60a7 60a8 58a8 58a7 60a7 60c8 60e8 60c7 58a8 50a7 58c8 60e8 68e8 60e8 68c8 60c8 58a8 58a8 58c8 716a 926d b36f cbf0 d430 d3ef cbcf c3af bb8f c3cf cc10 d450 d46f d470 d46f d46f d46f d450 d46f d46f d470 d470 d44f d44f d44f d44f d44f,
99a9 99a9 99c9 99c9 a1c9 a1e9 a1c9 a1c9 a1e9 a9e9 a9e9 a1e9 a1a9 99c9 a1a8 a1e9 b249 caca d30b db4b e3ac e3ec e42d ec4e ec4e ec6e ec8e ec8e ec6e ec6e ec4e ec4e e42d e40d e3ed db8c db2b d2ea c26a a9e9 9988 8928 8108 8928 9148 9188 9188 99c9 a1e9 a1e9 a1c9 a9e9 aa09 aa09 aa09 aa09 aa2a aa0a aa09 aa09 b209 aa0a aa09 aa09 b22a b24a b24a b22a ba29 ba29 c249 c28a ba8a ba6a ba4a b24a b1ea b24b e510 fe92 f56f ec6d d30b ba2a aa2a aa0a aa0a b20a b22a ba6a ba4a b20a b24a c2cb c2ab ba4a ba6b c2ab c26a baab bacb ba6b ba8c bacc cb0c d32c cb2c d32c cacb c28b c2ec c30c ba6b aa2b b2ed cb6d d38d d36d cb4d cb2c c30c c30c c2eb c28a b24b b22a b2ad cc10 dc50 dc70 dd12 dd54 dd33 e553 e511 dc90 d450 d450 dc70 d4f2 dd95 dd94 dcf2 d491 d4d2 d533 dd53 dd12 dd31 dd53 dd53 dd94 ddb5 dd94 dd93 ddb5 dd95 e5d5 ddb5 dd74 e5b5 ddd7 ddb6 ddf6 ddb6 ddb4 ddd4 dd95 d554 d554 ddb6 de17 e617 e616 e637 e617 e616 e637 e617 e637 e616 e616 de16 ddd6 e5f5 e636 ddf7 ddd6 e616 e657 e657 de37 de37 de37 de37 de38 de37 de58 e678 e658 e678 e6b9 eefa eefa ef19 d637 9ace 88e7 99a8 ba69 d2ea d34c db8d dbce e40f e3ee e3ed e40d e3ed e40e e3ed e3ed e3cd e3ee dbce db8d d32c c2eb b28a a1e9 8128 6086 5086 4866 4866 4046 3846 50c8 8aef cdd7 eeb8 f6d8 ee96 dd52 cc70 cd55 de79 eeb8 eeb8 eeb9 eeb8 eeb8 eeb8 eeb8 eeb8 eed9 f6d9 f6d9 ff3a f779 e698 722c 4047 48a8 5088 5087 5887 58c8 60a8 60c8 60e8 68e8 6908 60a7 60a7 60c8 58a8 58a7 60c7 60e8 60e8 60a7 58a7 58c8 58a7 60c8 68c8 60e8 60c8 58a8 58a8 58c8 60e9 81cb a2ef c3b0 d3ef d40f cbef cbaf bb8f c38f cbef cc30 d450 d46f d470 d46f d46f d46f d470 d46f d44f d450 d450 d44f d44f d44f d44f d44f,
a1ea 99e9 99c9 a1e9 a1e9 a1c9 a1c9 a1e9 a1e9 aa0a a9e9 a1c9 a1c9 a1a8 a1a8 a9c9 ba49 c28a d2ea db6b e3ac e3ec e42d ec4e ec6e ec6e ec8e ec6e ec6e ec6d ec4d ec4e ec4d e40d e3cc db8c db2b d2ca c249 a9e9 9988 8968 8148 8948 8948 9148 9989 99a9 a1e9 a1e9 a1e9 aa09 aa09 aa2a aa09 aa09 aa29 b209 aa09 b209 b209 b229 aa09 b209 b229 b22a b22a b22a ba4a ba29 ba6a c26a ba8a ba8b baab b22a b1ea c30c f633 fe72 f54f e3ec caca b20a a9ea aa0a aa0a b24a b22a b22a ba4a ba4a ba6a c2aa c2ab ba4a ba2a c2ab c2ab c28a ba8b baac c2ec cb2d cb0c cb2c cb0c c2cc bacc bacc c2cc ba8c b2ac bb0c d34d d34c cb2c caec c2ec c30c c2cb baaa ba6a b22a aa2b bb4f d471 dcd1 dcb2 dcb2 dd53 e553 dcd1 dcb1 dcb1 dc91 d491 d451 d4d2 dd12 dcf1 dcb1 d4b2 dd33 dd94 dd53 dd32 dd12 dcb1 dd12 dd95 dd95 ddb4 ddd6 dd54 dd94 ddb5 dd74 dd94 dd95 dd74 e5d5 ddf6 ddd5 ddd5 dd74 d533 dd95 ddb6 ddb5 e5f5 e5f6 e5f6 e5f6 e5d5 e5d5 e5f6 e616 e637 e617 ddf6 e5f6 de16 de16 ddd6 ddf5 de16 ddf7 ddf6 de37 e657 e658 de37 de38 de58 e658 de58 e658 e678 e658 e658 e678 e6b9 eefa eef9 e6f8 c555 9a2b 9968 ba49 caea d32b db4c dbad e42f e40e e3ee e40d ec0d e40d e40d e3ed e40e dbed dbcd db8d d32c c2eb b24a 99c8 78e7 6066 4866 4066 4066 48a8 69ec ac53 de37 eeb8 ee97 e5d4 ccf2 c492 d596 e698 eeb8 eeb8 ee98 ee98 ee97 ee97 ee98 ee98 ee78 ee77 ee98 eeb9 f719 ff59 eef8 9b6f 4088 4888 5088 5088 58a8 60c8 60c8 60e8 60c8 60c8 60e8 60c7 60c8 60a7 58a7 60c7 60c7 60a7 5887 5067 58a8 58c8 60c8 60e8 68e8 60e8 60e8 58c8 58a8 60c9 818b a2ce c390 cbf0 d40f cbef cbcf c3af c38e c3ef cc30 d450 d44f d450 d46f d44f d44f d46f d46f d46f d44f d44f d44f d44f d44f d46f d44f d42f,
99ea a1ea a1c9 a1c9 a1e9 a1e9 a1c9 a9c9 aa09 aa09 a9e9 a9e9 a9c9 a168 a188 a9e9 b24a c28a d30b db8c e3ac e3ec e42d ec6e ec8e ec8e ec6d ec8e ec6f ec6e ec6e ec6e ec4e e40d e3ec db8d d32b caea ba8a a9e9 9168 8968 8968 8968 8968 9168 9989 99a9 a1ea a1e9 a9e9 aa2a b209 b209 aa09 aa09 b229 b229 b209 b209 b209 b209 b229 b209 b229 b209 b229 ba4a ba6a ba6a c26a c26a ba8b baab baac ba4a aa0a d3ad fe93 fe10 f52e e3ac d289 b1e9 a9c9 aa0a aa4a b24a aa2a b22a ba2a c28a c28b c26a ba6a a9e9 b24a c2cc ba6a b26b c30c cb0c caec cb2c cb4d c2cc baac c2ec caec ba6b aa8c bb0d cb4d d34d d32c caeb c2aa baec c34d caeb ba6a b28a b26a aa2b bb2e d491 dcd2 dcd0 dd32 dd33 dd11 dcf2 dc90 d491 dc50 d471 d4d3 d534 dd33 d490 d471 d4d3 dd12 e553 e553 dd73 dd33 d4f1 d4f2 dcf3 e593 e5f6 dd94 e5d5 ddb6 dd33 dd53 dd74 dd74 ddb5 ddb6 dd54 e593 ddb5 dd12 d514 dd96 e5f6 e616 e5f7 e5b5 e5d5 e5f6 e5f5 ddd6 dd94 dd94 e5d5 e616 e617 ddf6 ddf6 e616 e617 de17 de17 de16 e637 de17 de37 e678 e678 de58 e658 e678 e677 e657 de37 de37 de37 e637 e658 e658 e699 eeb8 eef8 e6f8 b431 9147 b1e9 caca d32c db8c dbad e3ee e3ee e3ed e40d ec0e ec0d e3ed e3ed e40e dbed dbcd db6c d32c c2aa b249 9a09 70e7 5066 4046 3846 4067 722d bd56 e6d9 f6f8 ee97 dd92 c42f c4d4 d618 e6b9 eed8 eeb8 eeb8 ee97 ee77 e677 e678 ee98 ee97 e636 e5f6 e658 eeb8 f6f9 ff5a ef19 ac31 4888 4888 5088 5888 5888 58a8 58a8 60e8 60c7 60c7 60e8 60e8 60a7 5887 58a7 60a7 60a7 5887 5066 58a7 58c8 60c8 60c8 6908 68e8 60e8 60c8 58a8 58a8 6909 922c b34f cbf0 d430 d3ef cbce cbaf c3af c3cf cc10 d450 d46f d44f d42f d44f d44e d42f d44f d44f d44f d44f d44f d42f d44f d44f d44f d44e dc4f,
a1e9 a1c9 a1e9 a1e9 a1e9 a1e9 a1e9 a9e9 a209 a9e9 a9e9 a9e9 a209 a1c9 a1a9 a9e9 b24a c2aa d30b db4b e3ac e3ec e42c ec4d ec8e ec8e ec6e ec8e ec8e ec6e ec6e ec6e ec4d e40c e3ec dbac db4b caca ba6a aa09 9188 8928 8948 8968 9168 9168 99a8 a1c9 a1e9 a1e9 a9e9 aa09 aa09 aa09 aa09 aa09 aa2a b229 b209 b209 b209 b209 b229 b229 b22a b229 b229 ba4a ba6a ba6a ba6a c26a c28a ba8a ba6b b22b b20a dc2f fe93 fdd0 f50d e42d caaa a9c9 a9c9 aa09 aa2a aa2a aa2a b24a ba4a ba6a baab ba4a a9e9 aa09 ba8b baac ba6b baab caec cb0c caec cacb cb0c c2ec bacb ba8b ba8c bacc c2cc cb2d d38d cb4c c2cb c2ab c2ec cb2c cb0c c2ab ba6a b24a b28c bb2e d3f0 dc50 dcd2 dcf2 dd32 dd33 dcd1 dc70 d450 d450 d491 d4d3 dd13 dcd2 d491 d4d2 dd33 dd53 dd33 dcf2 dd32 dd32 dd32 dd34 dd33 dd75 dd53 e5b4 ddb6 dd74 ddd5 dd95 dd53 dd75 dd54 dd74 ddb4 dd95 dcf2 d533 d554 dd75 e5f6 e616 e5f6 e5f6 e5d6 e5b5 e5d5 ddf6 e5f6 ddd5 dd95 dd94 e5f5 e637 e616 ddf6 ddf6 e616 e617 de37 de37 de37 e637 e657 e657 e657 de16 de17 de37 de37 de37 de37 de37 de37 de57 e658 e658 e678 e698 eed8 e6f8 c575 a24c a9e8 caaa d30b db8c dbcd e3ed e3ed e3ed e3ed ec0d e3ed e3ed e40d e40d dbcd dbac db6d cb0b ba8a aa08 91a8 68a6 4846 3846 48c8 7aae b4f5 de78 eed8 ee56 dd72 cc91 c4b3 d5f7 e678 eeb8 eeb8 eeb8 ee97 ee77 e657 e657 e657 e677 e657 e636 e637 e678 eeb9 f6d9 ff39 f739 b431 4888 4888 5088 5888 5888 58a8 60c8 60c8 60c8 60c8 60e8 58c7 5887 5887 60a7 60a7 6087 5887 5067 5887 60a8 60a7 60a8 68e8 60e8 58e8 58a8 5888 60a8 818b a2ce c3b0 d430 d430 d3ef cbcf cbaf c3cf cbef cc30 d44f dc70 d44f dc4f d44f d44f d42f d44f d44f d44f d44f d44f d42f d44e d44f d44f d44f d44f,
a1e9 a1e9 a1e9 a1e9 aa09 a1e9 aa0a aa0a aa09 a9e9 aa0a aa09 aa09 aa09 a9e9 a9e9 ba49 caaa d2ea db4b e3ab e3ec e42d ec4d ec6d ec8e ec8e ec8e ec8f ec8e ec6e ec6d ec4d ec2d e3ed e3ab db6c cacb ba6a aa29 99a9 8948 8968 8968 9168 9988 a1a9 a1c9 a1c9 a209 aa09 a9e9 a9ea aa09 b209 aa0a b22a b209 b209 b209 b209 b209 b20a b24a b24a ba4a ba29 ba49 ba4a ba4a ba6a c26a c26a ba6a b24a b1ea b20a ed30 feb3 f5b0 ecce e42c cacb a9ea a9c9 aa2a b22a b20a b24b ba6a ba4a b22a a1e9 a1ea b24a c28b c2ab c28b c2cc c2ec caeb caec c2cc c2cc c2ec c2cc b28c b2ac bacc caec cb0d cb4d cb4d c30d c30d c30d cb4c cb2c c2cb b26a b22a b26b cbce dcb1 e471 dc50 dcd1 dd12 dcd1 dc90 d491 d470 d430 d451 dd12 dd12 d470 d492 dcf3 dd33 dd53 e553 dd33 dcf2 dcd1 dcf2 dd33 ddb5 dd74 dd73 dd74 dd13 dd74 d574 dd53 dd94 dd95 dd74 dd94 dd33 dcd2 dcb1 d534 dd95 e5b5 ddb5 ddb5 e5f6 e5f6 e5f6 e617 e5d6 dd94 e5d5 e5f6 e5f6 ddf6 ddb5 dd94 e5f5 e636 e616 ddf6 ddf5 e5f6 e616 e678 e658 ddf6 ddd5 ddf6 ddd5 ddd5 de17 de17 de37 de57 de37 e637 de58 e637 de58 de58 de58 e678 e698 e6b9 e6b8 c576 b36f c2aa d2ca db6b dbad e3cc e3ec e3ed e3ed ec0d e3ed e3ed e40d e3cc e3ac db8c d34c caca b249 a1c8 8128 5886 58e8 7a8e acb4 de78 f6f9 ee97 e5f4 d512 c4d3 cd76 de58 ee98 ee98 ee97 ee77 e677 ee77 e657 e636 ddd5 de16 e636 e636 e657 ee78 ee98 eeb9 f6d9 f739 f739 ac30 4867 4068 5088 58a8 58a8 58e8 6109 6108 60e8 60a7 5887 5887 5867 5887 60a7 60a7 5887 58a8 58a8 5887 60c8 60c7 60c8 60c8 58a7 5087 5088 58a8 792a a28d c3b0 d430 d430 d3ef cbcf cbaf c3af cc10 d450 d46f d450 d450 d44f d44f d42f d44f d44f d42f d44f d44f d44f d44f d42f d44f d42f d44f d450 d44f,
a1e9 a1e9 a1e9 a1e9 aa09 a209 aa0a aa2a aa09 a9e9 aa09 aa09 aa09 a9e9 a9e9 a9e9 b24a caaa d2ea db6b e38c e3ec e42d ec6e ec6d ec8e ec8e ec8e ec8f ec8e ec6d ec6d ec6d ec2d ebec e3ac db4b caeb ba8a aa29 99a9 9188 8968 9148 9188 9989 a1a8 a1c9 a1e9 a209 aa09 b209 a9e9 b209 aa09 b20a b229 b209 b209 b209 b209 b209 b209 b24a ba4a ba2a ba29 ba49 ba4a ba6a c26a c26a ba6a ba6a b24a b1ea ba4a ed71 feb3 f5b0 eccd e38b c2aa b20a b1e9 b24a b22a b209 b24b b24a b229 a9ea 9989 aa4b c2ab c2ab c28b c26a caec cb0c cacb c2ab c2cc c2ec c2ab bacc b2cc c2ec c2ab c2cc cb4d cb2d c32e c36e cb6e cb4d cb2c c2eb ba6a aa09 b26b c32d dc0e dcaf dcb2 dc71 dcb1 dc8f dc70 d450 d450 d491 d4d3 d4b2 dcd0 d470 d430 dd13 dd74 dd33 dd33 dd53 dd33 d4f2 d4b2 dd33 dd74 e593 dd94 dd33 dd73 d534 dd33 dd74 dd54 dd53 dd95 dd74 dd73 d4d2 d472 d4b2 dd94 ddd5 e594 dd94 ddb5 e5d5 e5f6 e5f6 e616 e5f6 dd95 dd95 e5d5 e5f6 e5f5 ddf6 ddb5 ddb5 e615 e636 de17 ddf6 ddd5 e5d5 e636 e5f5 dd74 d595 ddd6 ddd6 ddd5 de37 e637 e657 e657 de37 de16 e658 e637 de57 de58 de58 de58 e678 e699 e6b9 deb9 c535 c34e d2ca db2a dbac e3cc e3ec e3ec e3ec ec0d e3ec e40d e3ed e3cc dbac db8c d32b c2aa b229 9988 78e7 60e8 828e b4f5 de99 eef8 ee76 e5f4 d511 ccf3 d5b7 de58 eeb8 ee98 ee97 ee77 ee77 e657 e657 e636 de16 ddf6 de37 e616 e636 e657 ee78 eeb9 eed9 f6f9 f739 f738 ac10 4847 4067 5088 58a8 58c8 58e8 6109 6109 60e8 60a7 58a7 58a7 5887 5867 5887 58a7 5887 58c8 58c8 60a7 60c8 60c7 60c7 60a7 5067 4846 5067 60c9 81ab b30f cbf0 d430 d410 cbcf cbaf c3af cbcf d430 d450 dc6f d470 d450 d44f d44f d42f d44e d44f d42f d44f d44f d44f d44f d42f d42f d40f d42f d450 d42f,
a9e9 aa0a aa09 aa09 aa09 aa09 aa09 aa2a aa09 b209 b209 a9e9 a9e9 a9e9 a9c9 a9e9 ba4a ca8a d30b db6b e3ac e3ed e42d e44e ec6e ec6e ec6e ec6e ec8e ec8e ec6e ec6d ec6e ec2d e3ec e3cd db6b d2eb c26a b209 a1a8 9168 9148 9168 9968 99a9 a1c9 a20a a1e9 a9e9 aa09 aa29 b209 b209 b229 b209 b209 b229 b22a b229 b229 b209 b209 b229 b24a ba4a ba49 ba6a ba6a ba6a c26a c26a c28a ba6a b22a a9ca c2eb f633 fe52 f5d0 ec4c d32b c28a b22a a9e9 aa09 aa09 aa09 b24a b22a b209 aa0a b24a c2ab c2ac c28a c2ab c2ab c2aa c2cb c2cb cacb c28b ba6b baac c2ec c2ec c2cc c2cc cb0c d32d cb2c cb2c cb4d cb0c cb0c c2cb b22a a9ea b2cd cbef dc50 d3ef dc0e dcd0 dcf2 d450 d3ae d3ee d430 d471 dcf2 dd12 d450 d3ef d471 dcd2 dcf1 e532 dd54 dd13 dcf2 dd12 dd74 dd54 dd33 dd12 dd33 dd73 dd75 dd54 dd53 dd54 dd13 dd54 dd74 dd33 dd12 d492 d492 dd13 dd95 dd94 ddb4 dd54 dd53 dd73 ddb5 e5d5 e5d5 ddd5 e5f6 ddf6 ddd6 ddb5 e5d5 ddd6 ddd5 ddf6 ddd6 ddb5 e616 e637 de37 ddd5 d512 d4b1 d513 d575 de17 de17 ddf6 ddf6 e616 e637 de16 de37 de37 de17 de17 de37 de37 e637 de37 de38 e658 e679 e699 ee98 e6b9 d618 d451 db2a e38b e3cc e3cc e3ec e3ec e3ec e3ec e3ec e3cc dbcc dbac d38c d30a ba8a a1e9 91ca 928d b493 de38 eeb8 ee76 e5f5 d573 cd13 cd54 de17 e698 ee98 ee98 ee77 e657 e657 e657 e637 e636 de16 ddf6 e617 e636 e636 e657 e678 ee98 eeb9 eeb9 f6f9 f718 ef18 a3af 4867 4888 50a8 58a8 58c8 58c8 60c8 6108 6108 60a7 60c7 60c7 6087 6087 60a7 5887 5867 58a7 60c8 68e8 68c8 68e7 60c7 5867 4846 4047 5088 796b a2ae cbaf d410 d410 cbef cbcf cbaf cbcf d40f d450 d470 dc6f dc6f d44f d44f d44f d44f d42f d44f d44f d44f d44f d42f d44f d44f d42f cc0f cc2f d42f d44f,
aa0a aa09 aa09 aa09 aa09 b209 aa09 b209 aa09 b209 a9e9 a9e9 a9e9 a9e8 a9c8 aa09 ba29 ca8a d30b db4a e3ac e3ec e42d e44e ec6e ec6e ec6e ec8e ec6e ec8e ec8e ec8e ec6e ec4e ebec e3ac db6c d2ca ba8a b209 a188 9168 9148 9968 9988 99a8 a1a8 a209 a1e9 aa09 aa09 aa09 aa09 b209 ba29 b22a b229 b22a b24a b249 b229 b1e9 b209 b209 ba29 ba6a ba6a ba49 ba4a ba6a ba8a c28a c28a ba6a ba2a b1ca cb6d fe73 fe71 f58f e3cb d30a c28a b22a a9e9 a1c9 aa09 aa0a aa2a a9e9 b22a ba6b c26b c28a c26b c26a c2cb c249 b24a bb0b cb0b c24a b24b bacc caec ca8c c2ac cb0c caec caec cb4d cb0c c2ab bacc c32c c2ec aa0a a1ca b28c cbcf dc6f dc70 d470 d430 dbee dc6f d451 d3af cb8e d430 dd54 dcd1 cbcf d410 dcd2 dd12 dcd2 dcb2 dcb1 dd32 dd54 dd13 dd33 ddb4 ddb5 d4f2 d4b2 dcf2 dd13 dd53 dd75 dcf3 dd12 dd54 dd33 dd73 d4b2 cc11 d4d3 dd33 dd33 e552 ddb4 ddb5 dd74 dd54 dd33 dd73 ddb5 dd94 ddd5 ddf6 ddf6 e5d6 ddb5 ddf6 ddf6 ddf6 ddf5 e5f6 ddd6 e5f6 e637 e657 dd94 cc10 c451 d595 de16 e616 e616 de17 de17 de17 e637 ddf7 de16 de37 de37 de17 de16 de17 ddf6 ddf6 de17 de18 de58 de99 e679 eeb9 eef9 de38 d40e e34a e3ab e3ec e3ec e3cc e3cc e3ed e3cc e3cc dbac db6b d34b caaa b22a a24c b412 d617 eefa f6d8 e635 dd73 d573 d533 d576 de38 e678 ee98 ee78 e657 e657 e636 e636 e637 e617 de16 de16 ddf6 e636 e636 e637 e657 ee98 eeb8 eeb9 eeb9 f6d9 f6f8 eef8 9b2e 4087 4887 5087 58a8 58c8 58a8 60a7 60c8 6109 60c8 60e8 60c7 60a7 60a7 60c8 60c8 60c8 60c8 60c8 68c8 68c8 68e8 60a7 5066 4026 4827 60c9 9a4d bb6f d410 d430 d410 cbd0 cbaf c3af cbf0 d42f d450 d470 d450 d44f d46f d44f d44f d44f d42f d44f d44f d42f d42f d42f d42f d42f d44f d42f d42f d42f d42f,
aa0a aa09 aa09 aa0a aa29 aa09 aa09 aa09 aa29 aa09 aa09 aa09 a9e9 a9e9 a9e9 a9e9 ba29 ca8a d30a db4b e3ac e3ed e42d e44e ec6e ec6e ec6e ec8e ec8e ec6d ec8e ec8e ec6e ec4d ec0d e3cc db8c d2eb c28a b209 a1a8 9148 9168 9188 9188 99a9 a188 a1c9 a1e9 a9e9 aa09 aa09 aa09 b209 b209 b209 b209 b22a b24a b229 b209 b209 aa09 b209 ba29 ba6a ba6a ba49 ba6a ba8a ba69 c28a c28a ba6a b20a b1ca dc2e feb4 fe51 f56f e3ab caa9 c28a b26a a9e9 a1c9 a1e9 aa09 aa2a b24a ba4a c28b c26a ba2a c28a c26a ba09 b229 baab baeb ba8b ba4b baac caec cacc cacc c2ec cb0c cb0d cb0c c2cb baab baab baec c2eb b26b aa2b b2ac cb8e d3ef dc0f dc50 dc90 d450 d3ae d3ad d3ef d3f0 d410 d470 d44f cc10 cc11 dcb2 dd12 dcf3 dcd2 dcb2 dcd2 dcd2 dd33 dd94 dd34 dd12 dd94 dd33 d4d2 dcd1 dd12 dd34 dd53 dd54 dd34 dd53 dd12 d491 d451 d4f3 dd54 dd54 dd33 dd12 dd53 ddb5 ddb5 dd94 dd54 dd53 dd94 ddb5 ddb5 ddb4 ddd5 ddd6 dd95 e5d5 e617 de16 ddd6 ddf6 de16 de16 e616 dd53 d4b2 cc92 d534 ddb5 ddd5 ddd6 ddf6 de17 de17 de17 e637 de17 de17 e617 e617 de17 de16 ddf6 ddf6 ddf6 ddf6 de17 de38 de58 e678 e699 e698 e697 dd33 db8b e3ab e40c e3ec e3ec e3cc e3cc e3cc e3cc dbab db4a d2eb c30d bb90 c4d4 de17 eeb8 ee96 e615 ddd4 d573 d594 d5b6 de38 e678 ee77 e677 e677 e657 e637 e616 e636 e637 de16 ddf6 de16 e616 e616 e637 e657 e657 e678 ee98 eeb9 eeb9 f6d9 f718 e6b7 8a6c 4087 50a8 5087 58a8 58c8 58a7 60a8 60c8 6108 60e8 60e8 60c7 60a7 5887 5887 58a7 58c7 60c8 60a7 60c7 60c7 60e8 5887 4846 4026 5067 816a aace c3b0 d410 d410 d410 cbcf c3af cbcf d42f d44f d470 d44f d46f d44f d450 d42f d44f d44f d42f d42f d42f d44f d42f d42f d42f d42f d42f d42f d42f d42f d42f,
aa2a aa2a aa09 aa09 aa29 aa29 b209 aa09 aa09 aa09 b209 aa09 aa09 a9e9 a9e9 b209 c249 caa9 db0b db6b e3ac e3ec e40d ec2d ec4e ec6e ec6e ec8e ecae ec8e ec6e ec8d ec6d ec6d e40d e3cc db6c d2eb c28a b229 a1a8 9148 9148 9168 9988 99a9 a1a8 a1c9 a1e9 aa09 b229 b24a aa2a b20a b209 b229 b229 b209 aa09 b249 b229 b1e9 a9e9 b209 ba09 b229 b229 ba49 ba4a ba6a ba6a ba6a ba49 b24a a9ea a9c9 dccf fef5 fe10 ecad db2a caca c2aa ba8a aa2a a1ea aa0a b20a b24a ba4a ba4a ba2a b209 b22a ba29 b20a b24a ba8b c2ab c2ab baab c2ab caac cacc cacc caec cb0c caec caec c2ab baab baec c2cb ba8b b24a aa4b bb0d d3ef dc2f dc90 d430 dc0f dc2f d3ef d38e cb6e cb8f d470 d491 c3ae c34e d3ef dcd1 e4f2 e4f2 dcd2 dcd2 dcf3 dd33 dd33 d4d2 dcf2 dd12 d4f3 dcb1 dd12 dd54 dcf3 dcf2 dd32 dd13 dd53 dd95 d4d2 d450 cc72 d4d2 dd53 ddb4 dd74 dd53 dd33 dd33 dd74 dd94 dd93 dd95 dd74 dd53 dd94 dd95 dd95 dd94 ddb5 dd95 ddb5 e616 e617 de17 de17 e616 e5f5 d4f2 cc30 ccb2 dd94 ddd5 ddb5 ddb5 ddd6 ddf6 de16 de16 ddf6 ddf6 de16 e617 e616 de16 de17 de17 ddf6 ddf7 ddf7 ddd6 ddf6 ddf7 de17 de17 de38 de58 e677 e677 dc70 e38b e3ec e3ec e3cc e3cb e3ab dbcc db8c db6c d38e d472 dd96 e678 eed8 ee96 e5d4 ddb4 dd73 d554 d595 ddf7 e658 e698 ee77 e677 e657 e657 e636 e617 de37 e616 e616 de16 de16 e636 e636 e637 e657 e678 e698 ee99 ee98 eeb9 eed9 f6d9 f718 de15 698a 4067 50a8 50c8 58c8 60e9 58a7 58a8 58a8 58c8 60c7 60c8 60c7 5887 5867 5887 5887 5887 60c7 60c7 68c7 60c7 58a7 5087 5047 5068 712a a26d c38f d410 d430 d40f cbcf cbcf cbef cc0f d44f dc6f dc6f d44f d46f d46f d44f d42f d44f d42f d44f d42f d42f d44f d44f d42f d42f d42f d40f d42f d42f d42e d42f,
aa2a aa2a aa09 aa09 aa29 aa29 aa09 aa09 aa09 aa09 b209 a9e9 aa09 a9e9 a9e9 b229 c249 d2a9 db0b db6b e3ac e3cc e3ec ec2d ec6d ec6d ec6e ec8e ecae ec8e ec8e ec8d ec8e ec6e e40d e3cd db6b d2ea c28a b229 a188 9168 9148 9968 9988 99a9 a1a9 a1e9 a1e9 a9e9 b209 aa2a aa2a b209 b20a b229 b22a b209 a9e9 b249 b229 b1e9 b209 b209 b209 b209 b229 ba49 ba49 ba6a c26a ba4a b249 b22a a9ca a9e9 e510 fed4 fdb0 e42c d30b d30b cacb ba8a b22a aa2a aa0a b22a b22a b24a ba29 b1ea b20a b209 a9c9 b22a c2ab c28b c2ab c2ab c26b ba6a c2cc caec caec caec caec caab c26a ba6b baec c2eb c2ab b26b aa2b b2cd cb6d dbef dc0f dc90 dc70 dbce d3ce d3ce d3ae d3ef cc10 cbee cbcd c38f cbf0 dc30 dc90 dcf2 dcd2 dcb1 dcf2 dd13 dd13 dd53 d4d2 d491 dcb1 d4f2 d4b2 dcb1 dd74 dd96 dd14 dd11 dd53 dcf2 dd32 d492 cc72 d512 dd54 dd12 dd53 dd74 dd74 dd53 dd33 dd53 dd32 dd32 ddb4 ddb5 dd54 dd13 dd73 ddb5 dd95 dd95 ddb6 ddb5 e616 e617 e637 e637 ddd5 dd53 ccb2 ccd3 d553 ddb4 ddb4 ddb4 ddf6 ddf6 ddf6 ddf6 ddf6 ddf6 ddf6 ddd6 e616 de16 ddf6 ddf6 ddf7 ddf7 ddf7 ddf7 d5d6 ddd6 ddd6 ddf7 ddd7 de17 de58 e657 e697 dcf2 e38b e3ec e3ec e3cc e3cb e3ab db8b db4c db8e d493 ddf7 eeb9 eeb8 ee55 e5d3 dd93 dd94 d553 d555 d5f8 e658 e698 e677 e657 e657 e656 e636 e616 e617 e616 e616 de16 de16 e636 e637 e636 e657 e677 e678 ee99 ee98 eeb8 eeb9 eed9 f6d8 f718 d594 6129 4068 4888 50a8 58c8 58c8 60c8 58a8 58a7 58c8 60a7 60c8 60e8 5887 5887 58a7 5867 5887 60c7 60c7 68a7 60a7 58a7 5887 5867 68c8 89ac b2ee cbcf d410 d430 d3ef cbcf cbae cbef d42f d44f dc6f dc6f d44f d450 d44f d44f d42f d44e d44f d44f d42f d42f d44f d44f d42f d42f d42f d42f cc2f d40f d42e d42f,
aa0a aa09 aa09 b229 b209 aa09 aa09 aa0a aa09 aa09 aa2a a9e9 a9e9 aa09 b209 ba49 c269 d2aa db0a e36b e3ad e3cd e40c ec4d ec6e ec6d ec8e ecae ecae ecae ecae ecae ecae ec6d ec0c e3cd db6b d30b c2aa b229 a188 9148 9168 9148 9988 99a9 a1e9 a1e9 a1e9 a9e9 aa09 aa09 a9e9 b209 b229 b229 b209 b209 b209 b229 b209 b209 b209 b209 b209 b209 b249 ba49 ba49 ba49 ba49 ba49 b26a aa0a a1aa ba8b f5f2 feb3 f54f e40c db8c d30b caeb c28a b22a b24a b22a b22a b24a b22a b1e9 b20a b20a a9ea b24a b22a ba4a c28a ba6a b22a b24b baab cacb c2cb caec cacc c28b ba4b baab c2cc c2ab ba8b ba8b baac c32d d3ce d3ae d3ad dc0f dc0e dc2f d3ae cb8e d3af d410 d471 cbce bb0d c38e d430 dc91 dc91 dc2f dc4f dcd2 dd13 dd33 dd33 dcd2 dc91 dcb1 d4b2 d492 d471 dcb1 dd14 dd54 dd93 dd95 dd13 dcb0 d450 d430 d4f3 dd54 dd32 dd32 dcf3 dcd2 dd12 dd74 dd74 dd13 dd32 dd13 dcf2 dd12 dd32 dd74 dd34 dcf2 dd32 ddb5 ddd6 e5d6 ddb5 dd94 e5d5 e5d5 dd95 d4d2 d4d2 d595 ddb5 ddb5 ddb4 ddb5 dd94 ddb4 ddb5 ddd5 ddd5 ddb5 ddd6 ddf6 ddd6 ddd5 ddd6 ddd6 ddd5 ddd6 ddf6 ddf6 ddf7 ddf6 d5b6 d5b4 d5d6 d5d6 d5d6 ddf7 de37 de77 dd95 e3cd e3cb e3ec e3cc e3ac db8c dbae dc71 dd75 e658 e677 e635 e5d3 dd93 dd73 dd94 dd94 ddd6 e657 e677 e677 e657 e657 e636 e636 de16 de16 de16 e616 de16 de16 e637 e637 e637 e617 e637 e657 e677 ee77 ee78 ee78 eeb8 eeb9 eed9 f6d8 f738 bcb2 50a8 4888 50a8 5908 58e9 58c8 60e8 60a8 60c7 58c7 60a8 60a7 58a7 5887 5867 5887 5887 60a7 60c7 60c7 60c8 60c8 60c8 60c8 70c8 898a aaae c38f d3f0 d40f d3ef d3cf cbcf cbce d3ef d44f d44f dc6f d470 d470 d44f d430 d450 d44f d42f d44f d42f d42f d44f d42f d42f d42f d44f d42f d42f d42f d42f d42f d40f,
aa2a aa29 aa29 b209 b1e9 a9e9 aa09 aa0a aa09 aa09 aa2a aa09 aa08 a9e9 b209 ba29 c269 d2ca db2b db6b e3cd e3ed e42d ec6d ec6e ec8d ec8e ecae ecae ecae ec8e ecae ec8e ec6e ec2d e3ec e38b d30b c289 b209 a188 9168 9148 9148 9989 99c9 a1c9 a1e9 a1e9 aa0a aa2a aa09 aa09 a9e9 b209 aa4a b209 b209 b22a b209 b209 b209 b229 b209 b229 b229 b249 ba4a ba49 ba49 b229 ba29 b24a a9e9 a189 c30b fe53 fe71 f54f e44e e38b d30b caeb baab b209 ba4a b24b b24b b24a b22a ba6a aa0a a1ea b24a ba4a aa0a ba8a ba6a aa0a b26b c2cb cacb c2ac c2cc ba8b ba4b b24b baac caec caeb c2cc ba8c b26b c36f dc30 d3ae d3ef d3ae dbcd d3ee d38d d3ad cbcf cbef d44f cbad bacd c38f dc50 dc70 dc70 dc91 d451 d431 dcd2 dd74 d513 d4d2 d4d2 d492 d491 d471 d4d2 d4f3 d472 dcf0 dd95 dd13 dd72 dd33 d3f0 cbef d4d3 dd53 dd53 dcf2 dcd1 dcd2 dcf2 d4f3 e4f2 e573 dd54 dcd2 dd12 dd74 d514 dc71 dd32 dd95 d534 d512 dd94 e5b5 e593 dd73 dcb0 dcb0 dcf1 d4d3 d4f3 d574 ddb5 ddb4 dd93 dd32 d553 d534 d553 d574 d5b5 dd96 d5b5 ddf7 ddf6 ddf7 dd96 dd74 ddb5 ddb5 dd95 ddb5 d5d6 d5f7 ddd6 d5b6 d574 d5b5 d5b6 d595 d595 d5f7 de37 de17 dc50 e36a e3cb e3ac e3ad dc51 d575 e637 ee78 ee55 e614 dd93 dd94 ddb4 dd73 d575 de17 e698 ee97 e657 e636 e636 de16 ddf6 de16 de17 de17 de16 e616 e616 e636 e637 e637 e616 e636 e637 e637 e657 ee77 e678 ee98 eeb9 f6d9 f6d9 f6f8 f717 a3af 4888 48a8 50e9 50e9 58e9 60e8 60e8 60a8 60c8 60c8 58a7 5887 5867 5067 5866 58a7 60c8 60a7 60c8 60a7 60e8 6109 6909 7129 814a 9a0c bb4f cbcf d3ef d3ef cbcf cbaf cbaf d3ef d430 d450 d470 d450 d44f d46f d44f d44f d44f d44f d42f d44f d42f d44f d44f d44f d42f d42f d40f cc0f d42f d40f d40f cc2f d40f,
aa29 aa2a aa09 a9e9 b1e9 aa09 aa09 aa0a aa09 aa09 b229 aa29 aa09 a9e9 b209 ba29 c269 d2aa db0b db6b e3cc e40d e44e ec4e ec6e ec8d ecae ecae ecae ecae ecaf eccf ecaf ec8e ec2d e3ec db6b d30a c269 b209 a1a8 9168 9168 9168 99a9 99ea a20a a1c9 a1e9 a9e9 aa29 aa09 aa09 aa09 aa09 aa09 b209 b209 b229 b209 b1c9 b209 b209 aa2a b229 b229 b24a b24a ba4a ba49 b249 ba29 b229 a9e9 a189 cbad feb4 fe51 f54f ec4d dbac d30a caeb c2ab b20a b229 b24a b22a b22a ba4a ba6b b24b b22a b22a b22a b24a ba6a ba4b b26b c28a c28b cacb c2ec ba8b ba6b ba8b c2cc c2ec cb0c c2cb ba8b ba6b bb0e d3ef dbef d3ae d40f dbef d38d d38d d38e d38e d42f d450 c34d bb0d cb8e d430 dc30 dc2f dc30 dc71 dc91 dcd2 d471 d490 d4f2 dcd2 dcb1 d4b1 d4b2 dc71 dcb1 dd33 dd14 d471 dcf1 dd32 dcb0 d450 cc31 d471 dcf2 dd33 dd33 dcf3 dcf2 dcf3 dcf2 dd13 dd13 dcf2 dd12 dd13 dcd2 dd53 dd74 d4f3 dcd1 dd53 dd95 dd33 dd94 dd95 dcf2 d4b1 d491 d4f3 d513 dd13 dd54 dd94 dd73 d512 d533 d534 d554 d575 d595 d595 ddd6 ddd6 ddb6 ddf6 ddf6 ddf6 ddb5 dd74 dd94 ddb5 ddb5 ddb6 ddb5 d5d6 d5b6 d5b6 d575 d574 d5b6 d595 d595 d5b6 ddf6 de36 dd34 db8d db8b dbee dcd2 ddd6 e636 e635 e5f4 ddd4 e5d4 e5b4 e5b4 dd95 ddd6 de17 e657 ee77 e657 e637 e636 e616 de16 de16 de16 de16 de16 de16 e616 e637 e637 e637 e636 e616 e636 e617 e616 e636 e678 e678 ee98 eeb9 eed9 eed9 f6f8 eed7 932e 4888 48c9 50c9 58e8 58e8 60e8 60e8 58a8 60e8 60c8 60a7 58a7 5887 5067 5887 60c8 58a8 60a7 60c8 60a7 60e8 6909 7109 7929 89ab aa8d c390 d3f0 d3ef d3cf cbaf cbaf cbcf cc10 d450 d470 d450 d44f d450 d450 d450 d470 d44f d44f d44f d42f d42f d44f d44f d44f d42f d42f d40f d42f d42f d42f cc0f d42f d40f,
aa09 aa2a aa2a aa09 b209 aa29 aa2a aa09 b209 b209 aa09 aa09 b209 b1e9 b1e9 ba09 ca69 d2a9 db0b db6b e3cc e40d ec4d ec4d ec6d ecae ec8e f4ae ecae ecae ecae eccf ecaf ec8e ec4d e3ec db8b db0a c269 b229 a1c8 9168 8968 9168 9188 99c9 a20a a1c8 a1c8 a9e9 a9e9 aa09 aa2a aa09 b209 b209 b209 b209 b209 aa09 b1e9 b1e9 aa09 aa2a aa09 b229 b229 b229 ba29 b229 b229 b229 a9e9 a1a9 a9a9 e48f fed4 fe31 f50e ec8d e40d db2b d30b c2ca c26a b209 b22a aa0a aa4a b24a b24a b22a b22a ba4a ba8b b22a b24b c28b ba6a ba4a c2ab cacb ba6b ba6b c2ac cacc caec cb0c cacb ba4a b24b c32e d3ae d3ce d3cf d3ef dc0f dbee d34d cb2c d38e d450 d40f c30c c30d cbaf dbef dc0f dc50 d430 d410 dc71 dcf2 dc91 d430 cbf0 d430 dc70 dcb2 dcd2 dd12 dcf2 d4b2 dcb1 dd32 d513 d430 d42f d410 d471 dd31 dd32 dcf2 dcb1 dcf1 dd33 dd33 dd13 dd13 dcd2 dcf1 dd13 dcb2 dcf1 dd33 dcf3 dd12 dd74 d535 dd74 ddb5 dd95 dd94 dd53 d4b2 d4d2 d513 dd74 dd74 dd74 ddb5 dd94 d555 ccf3 d533 ddb5 ddb5 ddd5 ddd6 dd95 ddd5 ddf6 ddb6 dd95 ddb4 ddb5 d574 d554 dd54 dd95 dd95 ddb5 d575 d574 d5b6 d595 d575 d554 d595 d5b6 d575 d595 d595 ddf6 de17 dcd3 dc92 ddb5 e677 ee97 e614 dd73 d553 dd94 dd74 ddb5 e5f6 e637 e657 e657 e657 e656 e637 e636 e616 de16 de16 de16 e5f6 de16 e616 e617 e637 e637 e637 e637 e637 e637 e5f6 ddf5 de16 e657 ee78 e678 ee78 eeb9 eed9 eed9 f718 e677 7a0b 4027 50a8 50c8 58c8 58a8 60c8 60c8 58c8 60e8 6108 60c8 58a7 58a7 5887 58a7 60a7 6087 6087 60c8 60e9 68e9 7129 714a 89ab a28e c36f d3f0 d3ef d3cf cbcf cbaf cbcf cc0f d430 d450 d470 d46f dc4f d44f d450 d450 d450 d44f d42f d44f d42f d44f d44f d42f d42f d42f d42f d42f d42f d42e d42f cc2f d42f d42f,
aa09 aa09 aa2a aa0a b209 aa2a aa29 aa09 a9e9 aa09 aa09 a9e9 b209 b1e9 b1e9 ba29 c269 d2c9 db0b db6b e3cc e40c ec2d ec6d ec6d ecae ecae ecae ecce ecae f4ae ecae ecaf ec8e ec4d e3ed e38c db0a c289 b229 a1a8 9168 8948 9147 9168 9988 a1a9 a1c8 a1c8 a1e9 a9e9 aa09 aa2a aa09 b229 b209 b209 b209 b1e9 a9e9 a9e9 aa09 aa29 b1e9 b209 b229 b209 b229 ba49 b249 b229 b209 aa09 a189 a9e9 e531 fed4 fe10 f52e ecad e3cd db6c d30b caca c289 b22a aa09 b24a b26a b26a b22a a9e9 b22a ba6a c26a ba4b ba8b c28b ba6b ba8b cacb c28b b24b c28b caec caed caec cacb c26a b22b bacd d3cf d38e d3ae d3cf dc0f dbee d3ae d34d cb4d d3ae d42f c36d baac cb6e d3ef d3cf d3ae dc0f dc91 dc72 dc71 d491 d450 d471 d451 d411 dc30 dcb1 dd13 dd34 dd33 d4f3 d450 dcd1 dd32 cc30 cbcf d472 dcf3 dd31 e532 dd13 d491 dcb1 dd12 dd53 dd13 dd12 dcd1 dcf2 dd12 dcd3 dc91 dd52 d554 d4d2 dd53 ddd6 ddb6 ddb5 dd94 dd53 d512 d4f3 d534 dd33 dd33 dd53 dd94 ddb5 dd95 d5b6 d575 d554 dd94 ddb5 ddb5 ddd6 d596 dd95 ddd6 ddb6 dd74 dd73 dd94 d575 d534 dd54 dd75 dd75 dd95 d575 d554 d5b5 d595 d574 cd54 d574 d5b6 d575 d575 d575 d595 ddf6 ddb5 ddd6 e677 ee76 e614 ddb3 d594 ddb4 dd94 dd75 ddf6 e657 e657 ee36 e636 e636 e636 e616 e616 e616 de16 de16 ddf5 e5f6 de16 e616 e617 e637 e637 e637 e616 e637 e616 ddd5 ddd5 de16 e678 ee77 ee58 ee78 eeb9 f6d9 f6d8 f738 de36 7169 4047 5088 5087 58a7 5887 5887 60a8 60e8 6108 60e8 58c8 58a8 5867 5887 58a7 60a7 6087 60a8 60e8 692a 692a 714a 796b 922d b30f cbaf d3ef d3ef d3cf cbaf cbaf cbef cc30 d450 d44f d470 dc6f dc4f dc50 d44f d450 d450 d44f d42f d42f d44f d44f d42f d44f d42f d42f d44f d42f d42f d42f cc2f cc2f d44f d42f,
aa0a aa09 aa09 aa09 aa29 aa29 a9e9 aa09 aa09 aa09 aa2a b209 b209 b209 b209 b249 c269 caca d30a db6b e3cc e40c ec4d ec8d ecae ecae ecae ecce ecee ecce f4ce ecce ecae ec8e ec2d e3ec e38b d2ea c289 b229 a1a8 9168 8948 9168 9168 99a8 a1a8 a9c9 a9e9 a9e9 a9c9 a9e9 aa09 aa09 aa4a aa0a aa0a b1e9 a9e9 aa09 a9e9 aa09 aa09 aa09 b1e9 b1e9 b209 ba29 b24a b229 b229 b209 a9e9 a189 ba6a f613 fed4 fdf0 f52e ecae e3ec db8c d36c caaa c2aa ba4a ba6a ba6a ba4a b22a b22a aa2a b22a ba4a ba4a c24a c26a ca8b caab c28a c2ab c2cc c2cc caab caec cb0c c2ab ba4a b22b bb0d d3cf dbef d3cf d38e d3ce d3ae d38e d38d d3ce d3ee cb6d bacc c2ed cb8e d3cf d3ae d3ef d410 d3cf d470 dcf2 d430 d3ce d42f dc50 d451 d471 d4b2 dcb2 dcd2 dd32 dd53 dd53 d4b2 d430 d40f d410 dc90 dd53 dd53 dcf2 dcb1 dcd2 dd12 dcd2 dc91 dcd1 dd32 dcf2 dcf2 dd12 dcf2 dcb1 d4b2 dcb1 dd12 dd33 dd34 dd74 dd94 dd54 dd13 d512 dd54 dd54 dd53 dd53 dd73 dd53 dd33 dd74 dd95 dd95 ddb5 dd95 d574 dd94 ddb5 ddb5 ddb5 d595 dd94 dd94 dd54 dd13 dd13 d533 d554 d575 d575 d595 d553 d574 d555 d574 d574 d554 cd14 ccd3 cd33 cd55 cd34 d595 d5b5 ddf5 e615 e5f4 e5d3 e5d3 ddb4 ddd5 e5d5 ddd5 de16 e637 e657 ee57 e636 e616 e615 e616 e616 e616 de16 de16 e616 ddf5 ddf5 ddf6 e617 e617 e637 e637 e637 e636 e636 e616 ddd5 ddb4 ddd5 e617 e657 e657 e657 ee77 eeb9 f6d8 f6d8 f718 bcd1 50a7 4047 5087 5087 58a7 58c8 5887 5887 60c8 60c7 58a7 58a7 5887 5887 5887 60a7 60c7 60e8 60c8 60e9 60c9 68e9 714a 89ec aaae c36f d3f0 d40f d3ef d3cf cbaf cbcf d410 d450 d450 dc6f dc6f d470 d470 d450 d450 d44f d44f d450 d450 d42f d42f d430 d44f d44f d42f d42f d42f d42f d42f d42f cc2f d44f d44f d42f,
aa4c aa2a aa09 aa09 aa09 aa09 a9c9 a9e9 aa09 aa09 a9e9 aa09 b209 b209 b209 ba29 ba49 caaa d30a db6b e3ac e40d e44d ec6e ecae eccd ecae ecce eccf f4ae f4ad ecae ecae ec8e ec4d e3ec e36b d2ea ca8a b229 99a8 9148 9127 9148 9168 99a8 a1c8 a1c9 a9e9 a9c9 a9e9 b1e9 a9e9 a9e9 aa09 aa0a aa0a b1e9 aa09 aa29 aa09 a9e9 aa09 b209 b209 b209 b229 ba69 ba49 b229 b209 b229 a9ca a169 c2aa f654 feb3 fdcf f52e ed4e e3ec e3cc db6b d30b d2ca caaa d30a c289 b24a b22a b24b b22a b22a ba4a ba49 ba6a baac c269 ba29 c26a caca caeb c2ac c2cc cb0b caeb ba8c b20b bacd d3cf dbae d3ae dc0f d3ae cb4d cb2d d34d d3cf d470 cb6c baed c30d d3cf d3cf d3ae d3af d3ae d40f d451 cbae d40e d450 d3cf d3ce dc50 d492 dc92 dcf1 dd13 d492 d471 dcd0 dd12 dc91 d3af d450 d4d2 dc71 dcf0 dd72 dd13 dc91 dc91 dcf1 dd32 dd13 d491 dc90 dcf1 dd14 dcf3 dcf2 d4d2 d4d3 d491 dc92 dcf2 dd54 dd34 d4d2 dcf3 dd54 dd75 dd54 dd33 dd12 dd52 dd94 dd13 d4f2 d534 dd54 dd75 ddb5 ddf6 d595 d575 dd94 ddb5 ddb5 dd94 dd34 dd12 dd33 dd54 d4d3 d4d2 d514 d575 d595 d575 d555 d533 d575 d533 d574 d534 ccd2 c492 c492 cd13 d575 ddf6 e636 e615 e5b3 d4f1 d4d0 dd93 e615 ddd5 ddd6 e617 e677 ee77 ee77 e656 e636 ddd5 ddd5 e616 de16 e616 de16 e616 e5f5 ddf6 ddf5 e5f6 e617 de16 e637 e636 e616 e637 e657 e5d5 dd53 dd73 ddd5 e617 e637 e657 ee58 ee78 f698 eeb8 f6d7 eed8 a34d 4846 4847 5067 58a7 58a7 58a7 5887 58a7 60a7 60a7 58a7 5887 5867 58a7 60a8 6087 68e7 6908 60c8 60c8 5888 68e9 81ab 9a6d bb70 cbd0 dbef d3ef d3cf cb8f cb8f d3ef d430 d450 d44f d470 d44f d44f d450 d450 d44f d44f d44f d450 d430 d42f d450 d450 d450 d42f d44f d430 d450 d44f d42f d42f d42f d42f d42f d42e,
aa2a aa0a a9e9 a9e9 aa2a aa2a aa09 a9e9 aa09 aa09 a9e9 a9e9 aa09 b209 b1e8 b229 ba6a caaa d30a db6b e3cc e3ed ec2d ec8e ecae eccd ecce ecce eccf ecae ecae eccf ecae ec8d ec2d e3cc db6b d30a ca8a b229 a1a8 9148 9128 9148 9988 99a8 a1c9 a1c9 a9e9 a9e9 a9e9 b209 b1e9 b1e9 a9e9 a9e9 aa09 b1e9 aa09 aa09 aa09 aa09 a9e9 b209 b209 b209 b229 ba29 ba29 b229 b209 b229 a9e9 a169 c2cb f653 fe92 fd8f f54e eccd e3cb e3ac db8c db2b d2eb caca caeb c28a ba6a ba8a ba2a b22a ba4a ba2a ba4a ba6a ba4b b1e9 b22a c28b caab c28a c2ec caeb c2cb ba8b b26b baac cb4d d38e d3ae d3ef d3ce d3ae cb4d cb2d d3ae d430 cbce bacc c32d d38e d40f d3ef d3ce d3cf d3ef d430 d430 c38e cb6d d3ee d40f d3ef dc50 dcf2 dd14 dcf3 dcd1 d4f2 d491 d40f d40f d430 d451 dcf2 dd32 dcd2 dc90 dcb0 dcd1 dcd2 dcb1 dcd1 dcf2 dd32 dd13 dcb2 dc90 dd12 dd13 dcf2 dcf2 d4d2 d4b2 dcd2 dcd2 dcd2 dcf2 d4f3 dd13 dd53 dd94 dd94 dd54 dd33 d533 dd74 d534 d4f3 d513 dd74 dd74 dd95 ddd6 d5b6 d575 d574 dd94 dd95 dd54 dd54 d554 d514 d4d2 d4f3 d4f3 d4f3 d554 d575 d575 d575 d4f3 d533 cd14 d4f2 ccf3 c451 cc92 cd13 d595 de16 e635 e593 dd32 dd53 d533 d574 ddd5 ddf6 ddf6 e616 e657 e657 ee57 e657 e636 ddf5 ddb5 ddf6 e616 de16 ddf6 de16 de16 ddd5 ddf6 ddf6 e616 e637 de17 e637 e637 e636 e657 e616 dd53 d4f3 dd12 ddb4 ddf6 e617 e657 e657 ee57 ee98 eeb8 f6d7 e676 826b 4847 4847 5887 5887 5887 5887 60c8 60a7 60c7 6108 5908 58a7 5087 58a7 5887 60a7 60e8 6908 60c8 5887 5867 68e9 89ec aace c38f d3f0 d3ef d3ef d3af cbae cbcf d3f0 d42f d450 d450 d470 d46f d44f d450 d470 d44f d44f d470 d450 d430 d42f d450 d450 d44f d44f d44f d44f d44f d44f d42f d42f d44f d44f d44f d42f,
aa09 a9e9 aa09 aa09 aa0a aa0a aa2a a9e9 a9e9 aa09 aa09 aa09 a9e9 a9e9 a9e9 b209 ba49 caaa d32a db8b e3ac e40c ec4d ec6d ec8d ecae ecae ecae ecae ecae f4ae ecaf ecae ec6d ec4e e3cc db6b d30b caca b229 a1a9 9148 9148 9168 9988 9988 a1c9 a1e9 a9e9 a9e9 a9c9 aa09 b209 b209 b209 a9e9 a9e9 b209 b209 a9e9 a9e9 aa09 aa09 b1e9 b1e9 b229 b229 b209 b229 b249 b229 b229 a9e9 a169 cb2c feb5 fe72 fdae f52f ecad dbcc dbcd db4b d36c d34c ca8a cb2b caeb c28a ba49 b229 ba29 ba2a b24a ba8b ba2a b24b b24b b24b c2cb c2ec ba8b c26a ba4a b26b b26c bb0d d38e db6e d36d d3cf d3ce d3ae cb4d d36e cbef cbee c34c b28b baed d38e dbce d3ef d3ef dbee d40f d430 d40f cb6d cb2d cb6e d36e d3cf d470 d492 d450 dd12 dd34 dcb2 dc90 d450 cb6f d3af dcb2 dd32 dd33 dd12 dd12 dcb1 d450 dc4f e4d1 dd13 dcf2 dcb1 dcf2 dd33 dd33 dcd2 dcb1 dcf2 dcf2 dcf2 d4d2 d4d2 d490 d490 dcb1 dcb1 dcf2 dd33 dd53 dd33 dd12 dd13 dcf2 d533 dd53 dd74 dd54 d513 dd12 dd54 dd95 ddb5 ddb5 d5b5 d574 dd13 dd13 dd13 dd54 dd54 d555 d514 d4d3 d4f2 d514 d4d2 d554 d554 d554 d4f3 ccd1 ccd3 c430 c492 ccd3 dd95 e636 e615 e593 dd53 d4f2 d533 ddb5 ddd6 ddf6 e616 e637 e637 e636 e636 e636 e636 e616 ddf6 ddd6 ddf6 de16 ddf6 e616 de16 ddf6 ddf6 e5f6 ddf6 e616 e637 e617 e637 e637 e636 e657 e636 d533 d491 d491 d4b1 dd32 dd95 e637 e637 e616 ee36 ee98 ee97 f6d7 c4d2 58c7 4868 5067 5887 5887 5887 58a7 58c8 58a8 60c7 6129 5929 50a7 5887 60a7 60a7 60c8 60e8 60e8 60c8 5067 5067 792a 9a6d bb6f d410 d42f d3ef cbaf cbaf cbcf d410 d450 d470 d44f d44f d470 d46f d470 d44f d450 d470 d470 dc4f d450 d44f d42f d450 d44f d44f d44f d44f d44f d44f d44f d44f d42f d44f d44f d46f d42f,
a9e9 aa09 aa2a aa2a a9e9 a9e9 aa0a aa09 a9e9 aa09 aa09 aa09 a9e9 a1e9 aa09 b209 ba49 caaa d32a db8b e3ab e40c ec4d ec6d ec8d ecae ecae ecce ecce ecae ecae ecaf ecae ec6e ec4d e3cc e38b d30b cacb b249 a1a9 9948 9148 9168 9989 99a9 a1c9 a1e9 a1e9 a9e9 a9c9 aa09 b209 b209 b229 b209 a9e8 b209 b209 aa09 a9e9 aa09 b1e8 b1e9 b1e9 b229 b229 b209 b22a b249 b229 b229 a9e9 a169 cb6c fed5 fe72 fd8e f54f ecad dc2e dc2e d32c db8c db6c caca db2a d30a ca8a ba29 ba29 b209 b24a ba4a ba4a b22a baab c26b ba2a c2cc cb0c c28b b209 a9ea b24b baed cbae d36d db6e d38e d3cf d38d d36d cb4e d38d d44f c36c b28b b2ac cb6d d3ae dbae d3ae d3ef d3ef d40f d410 d3cf cb4d cb2d d38e d3af d3cf d42f dcb1 d431 d450 dd12 dcd2 d430 d3f0 cbd0 d431 dcf2 e511 dd32 dd13 dcd1 dcb0 d491 d431 dc70 e512 dd12 dcd2 dcd2 dcf2 dd53 dd13 dcb2 dc71 dc70 d491 d4f2 dd13 d491 d450 dcb1 dcd2 dcf2 dd12 dd32 dcf2 d491 d4d2 d4f3 dd33 dd53 dd74 dd74 d554 dcd2 dd33 dd95 ddb5 dd95 d595 d554 dd13 dcf3 dd13 dd34 dd34 dd54 dd75 d514 dcd2 d533 d4b2 d512 d554 d533 d4f3 cc71 c471 c431 ccf3 ddd6 e656 e635 dd93 d512 d533 d575 dd95 e5d5 ddf6 e617 e637 e657 e637 e636 e636 e636 e616 ddf5 ddf6 ddd6 ddf6 de16 de16 e5f6 e5f6 ddf6 ddf6 e616 e616 e616 e637 e637 e637 e637 e636 e657 ddd4 d4d2 d450 d470 d471 dcd1 ddb5 e637 e5d5 e5b4 e616 ee78 ee76 f6d7 abae 5046 4887 5087 5887 5887 58a7 60c7 58c8 5887 60a7 58e8 58c8 58a8 5887 60a7 60a7 60a7 60c8 60c8 58c8 5888 58a8 818b aace c3b0 d430 d40f d3cf cbaf cbaf cbf0 d430 d470 d470 d46f d46f d470 dc6f d46f d44f d430 d470 d470 d450 d44f d42f d44f d44f d42f d44f d44f d42f d44f d44f d44f d46f d44f d44f d42f d44f d42f,
a9e9 aa09 aa09 aa09 aa0a a9e9 aa09 aa0a a9e9 aa09 a9e9 aa09 a9e9 a9e9 aa09 b229 ba49 caaa d30b db6b e3cc e40d ec4d ec6d ecad ecae ecce ecae eccf eccf ecae ecaf ecaf ec6e ec2c e3ed e38b db0b c2aa aa2a a1a9 9988 9168 9168 99a9 99e9 a1e9 a1e9 a9e9 a9e9 a9e9 b209 aa2a b22a b209 b209 a9e9 a9e9 b209 b229 aa09 aa09 aa09 b1e9 b209 b209 b229 b229 b229 b229 b209 b209 a9c9 a169 cb2b fe94 fe51 f56e f50e ecad ecad e44d dc4e db6b dbab db8b d30b d30a c28a ba6a c26a ba6a b22a a9a8 aa0a ba6b ba4a ba4a baab c2eb caaa ba4a aa0a aa2b baec d3ae dbce d36d d34d d36d d38e d36e d36d d40f cb8e bb0b b2ac bacc cb8e d3ae dbce d3cf d3ae d3ef d430 d3ef d3ef d3af d36e d3cf d410 d451 d410 cb4e d3ce d491 cc10 d40f d40f cbd0 d451 dcd2 dcf2 dcd2 dcb1 dcb1 dcb1 dcb1 dcd1 dcb1 dcb1 dc70 dc50 dcb0 dcf2 dd12 dcd2 dc90 dcb1 dc91 d471 d450 d450 d470 dcd1 dcd1 d4b2 dcb2 dcb1 dcd1 d491 d471 d4b2 d4d2 d4d1 dd13 dd33 dd13 dd33 dd94 dd94 dd54 dd13 d533 dd74 d554 d533 d513 dd33 d4f3 d4d2 dd34 dd55 d554 dd75 dd54 d4f3 d4d1 d4d3 d471 d513 ccd2 cc91 c471 ccf2 ddb5 e636 e614 e592 dd52 d574 dd94 ddd5 ddd5 ddf6 e616 e616 e636 e636 e616 e616 e5f5 ddf5 ddf5 ddd5 ddf6 ddf6 ddf5 e5f6 e616 de16 de16 ddf6 ddf6 e616 e616 e616 e616 e637 e637 e637 e637 e636 e5f5 d4f1 d470 cc50 cc30 d471 dd32 dd94 d4d1 d4b1 dd53 e5d6 ee36 ee96 ddb4 7989 4847 5087 50e8 58e8 58c8 58a7 60a8 60e8 58c8 58c8 58c7 58a7 5887 5887 60a7 5887 5887 58a7 60c9 692a 692a 796a 9a6d bb6f d3ef d40f d3ef d3cf cbaf cbcf d410 d450 d450 dc50 d470 dc70 dc70 d450 d44f d450 d44f d450 d470 d470 d42f d42f d44f d44f d44f d46f d42f d44f d44f d44f d46f d46f d42f d42f d42f d42f d42f,
a9e9 a9e9 a1e8 a9e9 aa0a a9e9 a9e9 a9e9 a9e9 aa09 aa09 a9e9 a9e9 a9e8 aa09 b229 ba49 caca d32b db8c e3ec e40d ec6d ecad ecae ecae ecaf ecae ecce ecae ec8e ecae ecaf ec6e ec2d e3ec e36c db0b c2aa aa29 9989 9168 9168 9168 9189 99c9 a1ea a9e9 a9e9 a9e9 a9e9 b1e9 aa09 aa2a aa09 aa09 a9e9 b209 b209 aa09 aa09 b209 a9e9 b209 b22a aa09 b209 b229 b209 b229 b209 b209 a1ea 998a c36c feb5 fe51 f54d ed0f ecac ebeb ec2d ebcb db2b e38b db4b db4b db0b caeb cacb caaa c249 a988 a1a9 b22a ba29 b20a baab cacb c28b c2ab ba2a aa0a bacd d38e dbae d38d d3ae d34d caec cb4e cb4d d40f d42f bacc aa2b baac d34d dbce d3cf dbce dbef d3ef cbae cbef cb8e d36d d40f d3f0 dc30 d450 d3ef cbae c36f cb4e dc6f d4b1 cb6f cb4d d470 dc91 e4f1 e532 dcf2 dc91 dc51 dc71 dc91 dcd1 dcb2 dcb1 dcb1 d491 d451 dc70 dcf1 dd13 d471 dc0f d470 dcd1 dcb1 d470 d491 d430 dcb0 dd12 dcf1 d40f cc10 cc71 d4b3 d513 d512 dcd2 d4b2 dd12 dd13 dcf2 dd74 dd75 dd75 dd54 d4f3 d512 d533 d513 d513 d4f3 d4f3 d492 d4d2 dd34 d554 d534 d513 d513 cc51 d4b1 cc31 cc71 cc51 ccb1 d574 e636 ee34 e5b2 d552 d512 dd94 ddd5 ddd5 ddd6 de16 e657 e636 e616 e5f5 e616 e5f5 ddb5 dd94 ddb5 ddb5 ddb5 ddf5 ddd5 ddd5 e5f6 e5f6 ddf6 ddf6 ddf6 ddf6 e617 e616 e616 e637 e617 e637 e637 e616 e657 dd53 d470 cc0f cc30 cc51 d4f2 ddb4 d46f c34d cc30 dd34 e5b4 ee14 eed7 b430 5087 4888 5067 58e9 614a 58c8 60a7 60a7 60e7 60e8 60a7 58a7 5887 5866 60a7 60c7 5887 5867 58a8 6909 796b 81ac 922c b30f cbaf d3ef d3ef d3cf cbaf cbaf cbf0 d430 d450 d450 dc4f d450 d470 dc6f d42f d42f d470 dc50 d430 d450 d470 d42f d44f d44f d430 d44f d44f d450 d44f d44f d46f d450 d46f d430 d42e d44f d44f d42f,
aa09 aa09 aa09 a9e9 aa2a a1e9 a1e9 a209 a1e9 aa09 aa09 a9e9 a9e9 aa09 b209 b209 ba4a cacb d32b db8c e3ed e40d ec6d ec8e ecae ecae ec8f ecae ecce ecae ec8e ec8e ec8e ec6d ec2d e3ec e38b d30b c2aa aa29 99a9 9188 9168 9168 9988 99a9 a1e9 a9ea a9e9 a9e9 aa0a aa2a aa09 aa09 aa09 aa09 b209 b209 aa09 aa09 b209 b1e8 aa09 b209 b229 b209 b209 b209 b229 b209 b209 aa09 a1ca 996a c38c feb5 fdef f54e f54e ec6d e44d ec2c e42d e3ec db6b db8c db2b db2b db2b d2ca ca8a b209 a9ea aa0a a9c9 a9c9 ba4a c28a c28a ba6a ba4a b22a baec cb6e d36d d34d d36d d36d d34d cb0d cb4d d3af cbef bb4d b28c b2ac cb0d d36d d38e d3ce dbcf dbef d3ef cb8e cb8e cbaf cb8f d3ef d430 d410 cb8e cbcf cbd0 cbf0 d3b0 d3cf d3ee d3f0 d3cf dc2f dcb1 dcd2 e4d2 dcd1 dcb1 dc92 d471 dc50 dc91 dcd1 dcb1 dcd2 dcd2 d491 d430 dc50 dcb0 dcf2 dc72 dc50 dc90 dcb1 dc91 d4d1 d491 d450 d470 d451 cc10 cc30 d492 d4b2 d4d2 dcf2 dcf2 dcf2 dcf2 dcd2 dcd3 d4f2 dd74 dd75 d554 d513 d4f3 d4f2 d513 d513 d4f3 d4f3 d4b2 d4b2 d4d2 d534 dd54 d513 ccf3 cc51 cc30 cc11 c451 d513 ddb5 e5f4 e5d3 dd52 dd32 dd73 dd93 ddb5 ddd6 ddf6 e636 e636 e636 e616 e5f6 e5d5 e5d5 ddd5 ddb5 dd95 ddb5 ddb5 ddd5 ddd6 ddd5 ddf6 e616 ddf6 de16 e616 ddf6 de16 e616 e5f6 e617 e637 e637 e657 e637 e657 e5f5 d4b1 cc30 cc10 cc71 d4f2 dd94 d4b0 c34c c36e d471 dd53 e5b4 ee35 ee76 92ac 4846 5088 5067 58a7 5909 58c8 6108 6108 60c7 60a7 5887 5887 5887 5887 60a7 60c7 5887 58a8 58c9 694a 818b 89ec a2ae c36f d3ef d3ef d3cf d3af cbaf cbcf cc10 d450 d450 d450 d46f d470 d470 d450 d42f d430 d470 dc50 d450 d450 d44f d44f d44f d44f d430 d450 d42f d450 d44f d44f d450 d44f d44f d44f d42f d42f d44f d430,
a9e9 aa09 a1e9 a1c9 a1e8 a1e9 a9c9 a1e9 a1e9 a1e9 a1e9 aa09 a1e9 aa09 b1e9 b209 ba6a caca d32b db8c e3cc e40c ec4d ec8e ec8e ecae ec8f ecae ecae ecae ecae ecae ec8e ec6d ec2d e3ec e38b d30a ca89 aa29 99c9 9148 8969 9168 9968 99a9 a1c9 a1c9 a1e9 aa09 a9e9 aa2a aa09 b209 b209 aa09 aa09 aa09 a9e9 aa09 aa09 aa09 a9e9 a9e9 b209 b229 b229 b209 b229 b209 aa09 a9e9 a1a9 9969 d3ed fe93 fdcf f54e f4ed ecce ec6d e40c ecad e3ec e3ac db4b d34c dbac d34c caca ba29 b22a b22a a9e9 a1ea b22a ba4a ba4a ba29 b1e9 aa0a c34d d3ce d3ae d36d cb4d d32c d34d cb2c d36e d38e cb8d b2ab b28c bacd cb4d d38e d36d d36d d3ce dc0f d3cf cb6d cbae cb6e cb6e d40f d3ef cb8d cbd0 cbaf d430 d450 d430 d3ae cb2d d36e dc90 dcb2 d431 d430 dc50 dc51 dc30 dc50 dcd1 dcd3 dc92 dc50 dc90 dcb1 dc90 dc90 dc90 d450 d430 d3ef dc90 dcf2 dcb2 d471 dc90 dc90 d490 d471 cc11 cc10 d491 d4b2 d4b1 d4d2 d4d2 d4b2 dcb2 dcf2 dd12 dcd2 d470 dcd3 d4b2 d4f2 dd53 dd54 dd13 d4d3 d4b2 d4b1 d4d2 d514 d4f3 d491 d4d2 d4b3 d4d2 d514 d4d3 c472 c452 c431 d4f3 ddb4 e5f4 e593 dd11 d532 dd53 dd74 dd74 ddd5 de17 e657 e636 e636 e616 e5f5 e5f5 ddf5 dd94 dd95 ddd5 ddd5 ddb5 ddb5 ddb5 ddd6 e5d6 ddf6 e616 e616 de16 e616 e616 de16 e617 e616 e616 e637 e657 e637 e637 e656 e636 d4d1 cc0f cc51 d471 d512 dd73 cc4f bb0c bb4d d431 dcd3 dd33 e5b4 eed7 cd54 60a7 4847 5067 5067 5867 58a7 60c8 6149 6128 60c7 5887 5067 5887 58a7 60c7 60a7 60a7 5887 58a8 690a 714a 89ac a28d bb8f d3ef d40f d3ef d3cf cbaf cbcf cc10 d430 d450 d470 d470 d470 d470 d470 d490 d44f d450 d450 d42f d44f d44f d46f d44f d46f d470 d44f d450 d42f d44f d42f d42f d44f d46f d44f d44f d44f cc2f d44f d42f,
a9e8 aa29 aa09 a9c9 a1e9 a1e9 a9e9 aa09 aa09 a1e9 a1e9 aa09 a1e9 a9e9 a9e9 b209 ba6a caeb db2b db6c e3cc e40d e44d ec8d ec8e ecae ecae ecae ecae ecae ecaf ecaf ec8e ec6d ec4d e3ec e3ac db2b ca89 b229 a1c9 9148 9148 9169 9969 a1a9 a1c9 a9e9 a209 aa0a a9e9 aa09 aa0a aa09 b209 aa09 a9e9 a9e9 a9e9 aa09 aa09 aa09 a9e9 a9e9 b209 b229 b209 b209 b209 aa09 aa09 a9c9 a1a9 9969 d42e feb4 fdef f50d ecee eccd ec0c e44d ec0b db6b e3cc db4b db4c db6b d36c caaa ba29 b24a b1e9 aa0a b24a ba6a ba4a b26a b209 a9ca b28c d3ae d3ae d36e d36d cb6d caec cb2d cb4d d3ce cb6d b2cb aaac ba8c c30d d38e d3ce d38e d36d d3ae d3ee d3af cb2d d3ae d3ae cb6e cbad cbcf c30d d3f0 dc10 dc2f dc50 d3f0 cb6d cb6e d3af dc4f dcb1 d492 d411 d3ef d3ef d410 dc30 dc90 dd12 dcf3 dc50 dc50 dc90 dc50 dc2f dc70 dc91 d471 d431 dc2f dc90 dd12 dcb2 dc2f d40e cc0f d450 cc93 cc71 d491 d491 d4b1 d491 dcd1 dcd2 d472 dcd2 dd13 dcb1 dc71 dc91 d4d3 d4b2 dcf1 dd33 dcf3 d4d3 d4d3 d492 d4b1 d513 d4f3 d471 d4b1 d4d3 cc91 d4b2 d492 c451 c473 d513 e5d4 ee14 e571 dcd0 d4d1 dd73 dd93 ddb5 ddd6 de16 e657 ee56 ee36 e616 e616 ddf5 ddd5 ddd5 d595 ddb5 ddd5 ddd5 ddb5 ddb5 ddd5 ddd6 e5d6 ddf6 e616 e616 de16 ddf6 ddf6 de17 e617 de17 e617 e637 e657 e657 e657 e677 e5d4 cc2f cc0f d491 dcf2 dd53 d4d0 bb4c b34e c3cf d4b2 dcf3 dcf2 e5b4 f6f8 bc91 5047 4847 5067 5867 5867 58a7 58c8 60e8 58e8 58a7 5887 5067 58a7 58c7 60c8 60a7 60a7 5887 58a8 692a 714a 89ec aace c3cf d42f dc0f d3cf cbaf cbaf cbcf cc30 d450 d450 d450 d470 d450 d450 d470 d490 d44f d44f d450 d430 d450 d44f d46f d44f d450 d470 d44f d44f d44f d44f d42f d42f d42f d46f d44f d42f d42f cc50 d44f d42f,
a9e9 aa0a aa29 a1e9 a1e9 a1e9 a209 aa09 a9e9 a1e9 a1e9 a9e9 a9e9 a9e9 aa09 b22a c26a cacb db2b e36b e3cc ec2d e44d ec6d ecae ecae ecae ecae ecae ecae ecae ecae ecae ec8e ec2d e3ec e38c db4b c2aa b22a 99c9 9169 9148 9188 9988 a1a9 a1e9 a9c9 aa09 aa0a aa0a aa09 a9e9 aa09 aa09 aa09 a9e9 a9e9 aa09 aa09 a9e9 aa09 b229 b229 aa09 b229 b209 aa09 aa09 aa09 a9e9 a1c9 9989 a188 dcf0 feb3 fd6e f52e f50e ecad ecce e3ec dbcc e3ec dbac db8c d2ea d32b db8c caaa c26a c28a b24a b24a b22a ba4a ba4a b1e9 ba6b c30d d38e d38e d38d d36d d34d cb4d caec cb0c cbae c36d b28b b2ed c30d c30d cb6e d38e d38d d3ce d3cf d34d d34d d38e cb6d d3ae cb8d c36e c32d cbaf cbaf d3ce d40f d3cf d38e d36e d3cf d450 d451 d410 dc0f dc50 d451 d411 d3d0 dc0f dc51 d451 dc90 dcd1 dc71 d410 d431 d430 d450 dc71 dc70 dc90 dcd1 dc91 dc2f dc6f d450 cb6e c3cf cc91 d4b2 dcb1 d4b1 d471 d491 d4b1 d471 dc30 dcb1 dcd3 dc91 dcf2 dcb2 dc71 dc71 dcb1 d4b2 d471 d471 d491 d4b2 d4f3 d4d3 d492 d491 d4d2 d4b2 cc31 cc71 cc32 cc10 d451 d4f2 ddb4 e5d3 e572 dd11 dd11 dd12 dd73 e5b4 e5d5 e616 e635 e635 e635 e615 e5f5 ddd5 ddd5 ddb5 ddb5 ddb5 ddd5 ddd5 ddd5 ddd5 ddd5 ddd5 ddf6 ddf6 e5f6 de16 e616 e616 e616 de16 e616 e617 e616 e637 e637 e657 e657 e657 e677 e636 d4b1 cbf0 cc51 d4f2 dd53 d490 c38e c3cf cc51 d4b2 d492 dcb2 dd54 ee76 e697 8a6b 4027 5088 5087 5887 5887 58a7 58c7 60a7 60c8 58e8 5887 5067 5887 58a7 60c8 60c7 58a7 58a8 60e9 714b 81ac a28e bb6f d410 d430 d3cf d3af cbaf cbaf cbef d430 d450 d450 d46f d46f d470 d450 d450 d44f d44f d42f d42f d42f d450 d450 d44f d46f d450 d44f d44f d42f d44f d42f d44f d44f d44f d44f d42f d44f cc2f d44f d42e d44f,
a1ea a9e9 aa2a a1e9 a1c8 a1e9 a1e9 a9e9 aa09 a1e9 a1c9 a1c9 a9c9 a9e9 aa0a b229 c24a caca db2b e36b e3cc e42d ec6d ec8e ecae ec8e ec8e ecaf ec6e ecae ecad ec8e ec8e ecae ec4d e3cc e3ac db2b c2aa aa2a a1c9 9189 9148 9189 9989 a1c9 a1c9 a1c9 a9e9 aa09 b209 a9e9 aa0a aa09 b1e9 aa09 a9e9 b209 aa09 b209 b1e9 aa09 aa29 b209 b209 a9e8 b1e9 b209 aa29 aa09 a9c8 a9c8 9969 a1a9 e510 fe51 f5b0 f56e ed0e f58f f4cd e42d e3ec e3cb e46e db6b d2eb dbab db6c d34b d28a caab c2aa ba4a b22a b24a a9e9 b1ea caec d34d dbae d38e cb4d d34c cb2d cb0d cb4d cb8d c32c b26b ba6c c2cb c2ed d3cf d3ef d38e d34d d3ef d40f cb4d cb2d d3ae cbef cb6d baed c30d cb8e d3ee d430 cbcf d3cf d36d c2ec cb6e dc0f dc70 dc70 dc30 dc10 d3ef dbef dc30 d492 d3f0 d3ee dc4f d410 dbce d3ef cbd0 cc53 dc92 dc72 dc92 dc91 dcb0 dcf1 dcb1 d3ce c3af c3d0 cc10 d451 dc90 dd12 dc91 dc2f dc90 dcd1 d4d2 d4b2 d451 dc30 dcb1 d4b2 dc91 dcd2 dc71 dcb2 d452 d450 d4b2 d451 d430 d451 d4d2 d4d2 d471 d431 d491 d4b2 c411 c3cf cc51 ccb2 dd53 e614 e5d3 dcd0 d4f0 dd31 dd53 dd54 e5d5 e5d5 e615 e615 e614 e5f4 e5d4 ddb3 dd93 ddb4 ddd5 ddb5 dd95 ddd5 ddd5 ddd6 ddd5 ddd5 ddd5 ddf5 de16 e5f6 e616 e616 e637 e637 e617 e616 e636 e637 e637 e637 e657 e657 e657 e677 ee77 dd52 cc0f c410 d491 dd53 d44f c36e cc10 d4d2 dcf2 d491 cbd0 d430 e5d5 f718 d593 6128 4047 5088 58c8 58c8 58a7 58a7 60c7 60c8 5887 58e8 58e9 5887 58a7 60e8 60c8 58a7 58c8 58c9 692a 712a 89cc b30e cbd0 d410 d410 d3cf cbae cbcf d3ef d410 d430 d450 d450 d46f d46f d44f d44f d450 d430 d42f d42f d42f d44f d42f d430 d44f d44f d450 d42f d44f d44f d44f d44f d44f cc4f d44f d44f d42f d44f d44f d44f d450 d44f,
a20a a9e9 aa2a aa0a a9e9 a1c9 a1c9 a9e9 aa09 a9e9 a1e9 a9e9 a9c9 a9e9 b209 ba2a c28a d2ea db2b e36b e3cc e42d ec4d ec8e ecad ecae ecae ecae ec8e ecae ecce ecae ec8e ec6e ec4d e3ec e3ac db2b caaa b24a a1c9 9168 8948 9188 9988 99c9 a1c9 a1c9 a9e9 aa09 aa09 aa09 aa09 a9e9 a9e9 aa09 b1e9 b209 aa09 aa09 a9e9 a9e9 aa09 a9e9 b209 b208 b1e9 b209 b229 aa09 a9c8 a1a8 9949 a9e9 ed91 fe52 fdaf f56f f56f f52e ecae ec8d e3ec e40c e40c dbac dbac db2a dbac d32b caaa d2ca c269 ba4a b24a a9e9 aa0a baac d34d cb0d d32c d36d cb4e cb2c cb2d cb6e d3ae cb2c b28b b2ac baac c2cc cb4d d3ae d3ae d38e d3ae d3ce d3ae cb6d d36e cbae c34d bacc c30d cb4e d3cf d3cf d40f d410 cb6e cb4d cb8e d410 dc0f dc30 dc30 dc30 dc30 d3ef d3af dbef dcb2 dc72 d3f0 d411 d452 cbd1 cbd1 bbb2 bbf2 cc11 d431 d471 dc90 dc8f dc50 d410 cc10 cc11 d471 d491 dc70 d470 dcb0 d491 d450 dc51 dc70 dc91 dcb1 dc91 dc71 d450 d4b1 d492 d471 dc92 dcb2 d492 d451 d450 d471 d492 d451 d450 d4b1 cc71 cc31 cc51 cc51 c411 c431 d4f2 dd94 e5b3 e572 dd32 dcf1 dcf1 dd53 e5b5 e5f5 e615 e5f5 e5f4 e5d4 e5b3 e5b3 dd73 dd73 dd53 dd94 ddb5 ddb5 ddb5 ddd5 ddd5 ddf5 ddf5 ddf5 ddf6 ddf6 de16 de16 e637 e617 e637 e637 e617 e616 e636 e617 e637 e657 e658 e657 e677 e677 e616 cc70 c3f0 cc91 d4f2 cc70 c3cf cc31 d4d1 d491 cbee c3ae cbd0 d4b2 ee56 f718 b410 5087 4867 5087 58a8 58c8 58c8 58c8 58c7 60c8 58c8 50a7 58c8 6129 60e8 60e8 60e8 60a8 58c8 58e9 694a 796b 9a6d c38f d3f0 d410 d3ef d3cf cbaf cbaf d3ef d430 d450 d450 d450 d46f d44f d44f d44f d44f d430 d42f d42f d42f d44f d44f d450 d470 d44f d44f d42f d44f d44f d44f d42f d44f cc4f d44f d42f d44f d44f cc4f d44f d44f d42f,
a9e9 a1e9 a209 aa09 aa0a aa09 a9e9 a9e9 a9e9 a9e9 aa09 aa09 aa09 b209 b209 ba29 ca8a d2ca db2b e38c e3cc e40d ec4d ec8e ec8e ecae ecae ecae ecce ecce ecce ecce ecae ec6d ec2d ebed e3ac db4c cacb b24a a1c9 9148 8948 9168 9168 99a9 99c9 a1e9 a1e9 a1e9 a9c9 aa09 a9e9 a9e9 a9e9 aa09 a9e9 a9e9 a9e9 aa09 b209 aa09 aa09 aa09 a9e8 a9e9 aa09 aa09 b209 a9e9 a9c8 a1a8 9928 aa09 f5d2 fe72 fdd0 f610 f54e ed30 f54f ec6c e4cf ec6c e42d e40c db4a db4b e3cc db6c d34b caaa ba4a ba29 a9a9 a9c9 c2ec d36d db8d cb2d c2cc cb0c cb4e c30d cb4d cb8e c32c b2ac baed c2cc c2ed d38e d3ae cb4d d34d d3ae d3ce d36d d34d d3cf cb4e baed b2ac c30e cb6e d3cf d40f d3ef cbae cb6d cb0d d38e dc10 dc71 dc51 d410 dc0f dc30 dc31 d3f0 d411 cbd2 d412 cc73 cc54 c455 bc54 b3f3 b3f3 a392 a351 ab4f ab50 a2ee a26c aa6b c3ae d491 d450 dc50 dc91 dc91 dc50 d450 dc6f dc50 dc70 dc71 d430 d430 dc50 dc91 dcb2 d430 d42f dc91 d471 d451 d471 d492 d471 d431 d431 d4b1 d493 cbf0 cbef cc72 cc11 c3d0 cc30 d513 ddb4 e5d3 e593 dcd0 d4b1 dd53 ddb4 dd74 e5b4 e636 ee36 e615 e5d4 dd93 dd93 dd73 d573 d573 d574 dd95 ddb5 ddb5 ddd5 ddd5 ddd5 ddd5 ddf6 ddf6 ddf6 ddf6 de16 e636 e636 e617 e617 e616 e617 e617 de17 e637 e637 e637 e657 e658 e658 e697 e677 d4d2 c3ef cc91 d4d1 cc0f cbef d450 cc2e bb4c b2ab aa8b bb0e d491 e5d5 f718 e656 71a9 4026 4887 5087 50a8 58c8 60e9 6109 60c8 60e8 6109 58c8 58c8 6949 696a 68e8 60c8 58a8 58c9 60c9 712a 920c b32e d3ef dc0f d3ef d3cf d3cf cbae cbef d430 d450 d44f d44f d450 d44f d44f d42f d44f d44f d44f d42f d44f d44f d42f d42f d42f d450 d44f d42f d42f d42f d42f d44f d42f d44f d44f cc4f d42f d44f d44f d42f d42f d42f d42f,
a9e9 a9e9 aa09 a9e9 aa0a aa0a aa09 a1e9 a1e9 a1e9 aa09 aa09 aa09 b229 b22a c229 ca8a d2ca db0b e38c e3ec e42d ec4d ec6e ec8e ecae ecae ec8e ecce ecce ecae ecae ec8e ec6d ec2d ec0d e3ac db4b cacb aa09 a1a8 9148 9148 9148 9168 9988 99c9 a209 a20a a1e9 a9c9 aa09 aa09 a9e9 a9e9 a9e9 a9c9 a9e9 aa09 aa09 b209 a9e9 aa09 aa09 a9e9 a9e9 aa09 aa09 b1e8 a9c9 a9e9 a188 9928 a9e9 f5b1 fe72 fe31 fdcf f54e f5f1 f50e ec6d ed0e e42d e46d e3eb d34c db8b e3ac e3cd e34a caca c2ab b9c8 a969 b22a d32c db4c d36d d34d c30d c2cc cb0d c32e cb8e c34d b26b b2ed c30d c2cc cb6e dbce d38d cb4d cb4d d38e d38d d34d cb6e cbae c2ed baed c30e cb2e cb6e d40f d430 d3cf cb6e c2cc cb0d dbae dbef dc70 dc71 dc51 dc30 dbf0 cbd1 c350 c3b1 bbd2 bb92 bbd2 c412 c453 bc32 bbf1 bbd1 ab51 ab71 b38f ab90 92ce 81cd 812a bb4d e4f1 dc70 dc30 dc70 dc70 dc50 d42f dc4f d451 d472 dc71 dc71 d451 dc51 dc71 dc91 d471 d3ef dc4f dc71 d451 dc50 d4b2 d471 d471 d431 d450 d4b2 cc11 cbaf cc31 cbf1 c3f0 d4d2 e5f4 edf4 e551 dcf1 d4b0 dcf2 dd74 e5f5 ddb5 e5d3 ee35 ee15 e5d4 dd93 dd94 dd94 d594 d594 dd94 ddb4 ddb5 ddd5 ddd5 ddd5 ddd5 ddd5 ddd5 ddf6 ddf6 ddf6 e616 e636 e616 e616 e617 e616 e616 e617 e617 de17 e637 e637 e637 e657 e657 e658 ee98 e616 cc50 c451 d4d2 d450 cbef cc2f cbad bb0b a20a 99ea aa8c bb4e dcf2 ee56 f738 d594 60e8 4047 4867 5067 50a8 58c8 60e9 6109 60c8 58c8 58e8 58c8 58a7 6108 696a 60e8 60c8 58c8 60c9 60c9 792a 9a4d c36f d40f dc0f d3cf d3cf d3af cbcf d40f d430 d450 d470 dc6f d450 d44f d44f d44f d44f d44f d42f d42f d44f d42f d40f d42f d44f d42f d42f d42f d42f d42f d44f d44f d42f d42f d44f cc4f d44f d44f d42f cc2f d42f d42f d42f,
aa0a a9e9 aa09 aa09 aa09 a9e9 a9e9 aa09 aa09 aa09 aa09 aa09 b209 b249 ba2a c229 ca69 d2cb db2b e36b e3cc e42d ec4d ec8e ecae ecae ecae ecae ecce ecae ec8e ecae ecad ec8d ec4d e3ec e3ac db2b c2aa b209 a1a8 9168 8928 8948 9188 99a9 a1a9 a1c9 a20a aa2a aa0a a9e9 aa09 a9e9 a9e9 a9e9 a9c9 aa09 aa09 aa09 a9e9 a9e9 a9e9 b1e9 b1e9 b209 b209 b209 b1e9 a9e8 a1c8 9988 9129 aa09 f5f2 feb4 fdf0 f5b0 f5d0 f54e ecef ecce ec2c e4ce ec2c e3ec e46d e3ab e3cc e3eb db8c db2b ca8a b1e9 b20a c2cb cb0c caec cb0c cb2c cb2d c2ed c30d cbaf cb2c b26b b2ac c30d c2ec cb4d dbce d3ae d36d d34d d36e d36d d36d d38e c32c ba8b c2ed cb4e cb6e cb4e cb4e d3ae d40f cb4e cb0d cb8f d3af d38e dbcf dc0f d40f d3cf baed aa8e a28e a28f a28e a26d 9a6d 9a4d a28d aace c36f d3f0 c32f aace c3f1 d3d0 cbf0 c410 a350 81ed a26c d430 d430 d430 dc50 dc70 dc70 dc70 d430 c3d0 bbd1 c3f2 d411 d430 d430 dc71 dc71 d471 d431 d3d0 cbd0 c3f1 b30f aaed cc72 d452 d472 cbf1 cc10 cc31 c38f cbd0 d492 dd53 e5b3 e592 dd11 d490 dd12 dd54 ddb5 e5b5 e5f5 e5f5 e5d4 e5f5 e5f5 ddb4 dd94 dd94 ddb5 ddd5 ddb5 ddb5 ddb5 ddd5 ddd6 ddd6 ddf6 ddf6 ddf6 de16 e5f6 ddf6 de16 e616 e616 e617 e637 e637 e617 e637 e637 e617 e617 e637 e637 e657 e677 ee78 ee77 e636 d4d2 cc50 d491 d44f c3ee bb6c a249 9989 91ea 9a0a a24c bb6f cc72 e5d6 f6d8 eef7 9b2d 4826 4047 4847 5067 58a7 58a8 58a7 60c8 5887 58a8 58a8 5887 58a7 6908 6908 60c8 58e8 610a 60e9 712a 89ec b30f cbcf dc0f d3ef d3af cbaf cbcf cbef d42f d450 d470 d450 d44f dc50 d44f d44f d44f d42f d42f d42f d42f d42f d42f d42f d42f d44f d42f d42f d42f d44f d42f d42f d42f d42f d42f d44f d44f cc4f d44f cc0f cc2f d42f d42f cc2f,
aa0a aa09 aa0a aa09 aa0a a1e9 aa09 aa0a aa2a aa0a aa09 aa09 b229 ba29 ba29 c229 c26a caaa db2b e38b e3cc e40d ec4d ec8d ecae ecae ecae ecae ecce ecae ecce eccd ecae f48e ec4d e3ec e3ac db2b caaa b209 a1c8 9168 8928 9128 9168 99a9 a1c9 a1c9 a1e9 aa0a aa2a a9e9 a9e9 aa09 a9c8 a9e9 aa09 aa09 a9e9 a9e9 a9e9 b209 b1e9 b1c9 aa09 aa09 b1e9 b1e8 a9c9 a9e9 a9e8 a189 9128 a1e8 edb1 fe73 f611 fe51 fd6e ed92 f56f ec2c e48d ec8b e3ec ec6c e3ca e40c ec2c e36a e44c db4b ba4a baab c2ac c2eb cb0c c2cc c2ed caec caec cb2d cb6d cbae b26b aa4b baed c2ac cb4e d3ae db6d d38e d38e d32c d34d d36e d38d c34c bacc bb0e caec cb4d cb8e cbcf cbaf cb2d cb2c c30d cb4e d430 d431 d3d0 d3af d3ae cb4e a22d 89ac 9ad0 ab51 bb6f bb2f b28d aa8d 9a4d 91ec 89ec 920c baed aa8d 9a8e bbb0 cc11 d472 dc71 cc11 a350 926e 9a8d aaae b2ee c3af d3f0 d3f0 dc90 dcb3 d410 bbf0 b3f2 b3f2 b330 b2ee d431 dc52 d3f1 dc93 cc35 ab52 9af0 81ee 60c9 924c c3f1 d452 cc12 c390 c3b0 c3d0 d491 e5d4 e5f4 e511 dcb0 d490 dd33 ddd6 e617 e617 e616 ee15 e5d4 e5d4 e5f5 ddd5 ddb4 ddb5 ddb4 ddb5 ddf5 ddd5 ddd5 ddd5 ddd5 ddf6 ddf6 de16 ddf6 ddf6 de16 e616 ddf6 e616 e616 e617 e637 e636 e617 e616 e637 e637 e636 e637 e657 e657 e658 ee78 ee98 ee97 dd53 d491 d491 cc4f c3ad aa49 8968 8968 9189 9a0a a24b aaed cc52 ddb6 ee98 f738 e614 7147 4006 4847 4846 5067 58a7 58a7 58a7 58c8 58a8 5867 5887 60c8 60c8 68c7 60c7 58a7 58c8 58c9 60c9 712a 9a6d bb8f d3ef dc0f d3ef cbaf cbaf cbcf d42f d450 d450 d46f d44f d450 d470 d44f d44f d44f d42f d42f d42f d450 d44f d430 d42f d44f d44f d44f d42f cc4f d42f d42f cc2f d42f d42f cc2f cc2f d42f cc50 d44f d42f cc0f cc2f d44f cc2f,
aa0a aa2a aa09 a9e9 aa0a a209 aa0a aa0a a20a aa09 b209 a9e9 b209 ba09 ba09 c229 c28a d2ea db4b e38b e3cc e40d ec4d ec8d ecae ecae ecce ecce ecce ecae ecce ecad ecae f48e ec4d e40d e3ad db2b caaa b229 a1a8 9168 8927 8948 9968 99a9 a1a9 a1c9 a1e9 aa09 aa09 aa09 a9e9 aa09 aa09 aa09 b209 b1e9 aa09 b209 b209 b209 b1e9 a9e9 aa09 b208 b1e9 b1c8 b1e8 a9e9 a9c8 a188 9108 a9e8 edb1 feb5 fe32 fdaf f5b1 f5f1 f50e ecae ecad e44d e46d e3eb dbcc e40b e3cc e40c ebca db0b c2ab c28a cacc c2cc c2cb c2ab c2ec c2ed caec cb6d c34d b2cb aa6b ba8c c2ed cb0d d38d d38e d34d d36d d36d cb2d d32d d38d c30c b2ac c2ec cb2d c30d cb2e cb6e d3cf d3ef c30d c2cc cb6e d3cf d3cf d3ef d410 d3f0 cb4f aa4d 922d a2af bb90 c3d1 cb6f cb4f baee b2ce aace aa8d a26e 89ec 89cc 89ac 9aaf c433 d493 dc92 dc71 d471 c3d1 a311 92f1 92b0 92b0 9af0 a2f0 aace bb2e cc11 d431 d410 d452 cc94 bbf2 a2f0 ab30 bb91 b2ef bb90 b434 92d0 9b10 a331 718d 60c9 924c cc52 cc52 c370 cbb0 d4f3 e5b4 e572 dcf1 dc6f dc90 d4d2 dd74 e5b4 e615 e636 e615 e5f5 e5b4 e5b4 e5d5 ddd5 ddd5 ddd5 ddd5 ddd5 ddd4 ddb5 ddd5 ddd6 ddd5 ddf6 ddf6 e616 e616 de16 e616 e616 e616 e616 e637 e617 e637 e636 e616 e616 e637 e616 e637 e637 e637 e657 ee78 ee98 ee97 e5f5 d4d1 d4b0 cc0e b30b a229 9188 89a9 99e9 99ca a22a b28c c38f dd14 ee37 f6d7 f6f7 b40e 5866 4847 5087 5087 5867 58a7 58c7 60a7 60c7 58a7 5887 5887 60c7 60c7 68e8 6908 60c8 58c9 60c9 690a 81ab aaee cbb0 d3ef d3ef d3ef cbcf cbaf cbcf d42f d470 d470 d44f d44f d450 d450 d44f d44f d44f d44f d42f d42f d42f d450 d450 d42f d430 d44f d44f d42f d42f d42f d42f d42f d42f d42f d42f cc2f cc2f cc2f d42f d42f cc0f cc2f d42f cc0f,
aa09 aa0a aa09 a9e9 aa0a aa0a aa0a a9e9 aa09 aa29 b22a a9e9 b209 b209 ba29 c24a ca8a daea db4b e38b e3cc ec0d ec4d ec8d ecae ecae ecae ecce ecee ecae ecae ecae ecae ec8d ec4d ec0d e3ac db2a caaa b229 a1a8 9148 8928 9168 9168 9988 99a8 a1c9 a1e9 a9e9 a9e9 aa0a a9e9 a9e9 b209 b229 b209 a9e9 b229 b229 b1e9 b209 b209 b1e9 b209 b209 b1e9 b1e8 b1e8 a9c8 a1a8 9988 9928 a9a8 ed71 fed5 fdf1 f5f2 fdd0 f570 f5b0 f54d eccd ecce e3ec dbcc e3eb db4b dbed e3eb e3ab e3ab d2ca c26a c28b c2cb c2ab ba6b c28b c2ec cb2d c32d aa6b aa6c baed bacc cb4d d3ad d38d d36d d34c cb2c cb4d cb8e c30c bacc bacc c2ec cb0d cb2d cb4d cb4d cb6e cb6e cb4d c2ed cb4d d3ae d3ae d3cf d3cf d3cf cbb0 b2cf aaaf bb90 cbb0 d38f cb4f bace b2ae aaae a28e 9a2c 920c 89eb 89ec 796c 60ca 8ab0 bc55 d493 dc93 dc73 dc73 bb72 a333 a394 ab73 a373 9b53 9313 8ab1 79ce 798c 8a2d a2cf aacf a2ef ab10 9a8e 8a2d 8a0d 79ac 6109 698b 692b 692a 8a4d 79ed 4848 5088 a32f cc32 d493 dd54 e593 dcd0 d42f d40f d4b2 dd34 ddb5 e5b5 e594 e5d4 e5f5 e5f5 ddd4 ddb4 ddd5 e5d5 ddd5 ddf5 ddd5 ddd5 ddd5 d5b5 ddb5 ddd5 ddf6 ddf5 ddf6 e616 e616 ddf6 e616 e616 e616 e616 e5f6 e616 e636 e657 e637 e616 e617 e617 e637 e617 e637 e637 ee78 ee97 e614 dd32 d46f c3ad b2ca 9a29 8968 8988 91e9 99e9 a20a a20a b28c c3af dcf3 e5f6 ee97 f6f7 c4b0 58a6 4026 4867 5087 58c8 5887 60c7 58a7 58a7 58c7 5887 5866 5867 60a7 60e8 68c8 60e8 58c8 50a8 60c9 798b a2ad c38f d3f0 d40f d3cf cbaf cbaf cbcf d410 d450 d470 d470 d470 d470 d450 d44f d470 d450 d44f d470 d450 d42f d42f d430 d42f d42f d450 d430 d42f d42f d42f d44f d42f cc0f d42f cc2f cc2f d42f cc2f cc2f cc2f d42f cc2f cc2e d42f cc0e,
aa09 aa0a aa09 aa09 aa0a aa0a aa2a aa0a aa09 aa2a aa4a aa2a b229 b229 ba29 c26a d2aa daea db2b e38b e3ec e40d ec4c ec8d ecae ecce ecae ecce ecee ecae ecae ecaf ecae ec8d ec4d ec0d e3ab db2b caaa b22a 99a9 9148 8927 9148 9168 9988 99a8 a1e9 a1e9 a1e9 a9e9 a9e9 aa09 aa09 b22a b229 aa0a b1e8 b229 b22a b1e9 b209 b209 b1e9 b1e9 b209 b1e8 b208 aa09 a9c8 a1a8 a1a8 9949 a189 ed52 fe93 f612 fe32 fd6f f5b1 fdcf f50e ed2e eced e40d e40b db2a d34b e40c e36b e46c e40b caaa ba4a ba4a c28a c2eb ba8b ba8b c30c cb4d b28b a20b b2ac c2cd c30d d36d d38d d36d d34d d34d cb4d cb6e cb6d baac b28c c30d cb2d cb0d cb2d cb4d cb4d c34d c34d c2cc cb0d d3af d38e d34d d3cf d3f0 d38f baee aacf bbb1 cc11 d3af cb6f bace a24d 9a4d 9a4d 9a6d 81aa 796a 7129 796a 794b 60c9 8290 ac35 cc33 dc92 d473 c414 ab54 9b94 ab93 ab52 a352 a333 92f2 7a4f 71ce 694d 720f 822f 718c 718c 79cc 81ac 81ab 798b 716b 5089 5088 58ea 5088 58e8 6109 4048 4048 8a4d d493 e5d5 e5b4 dcb0 d3ee d430 d471 dd34 ddd5 e616 e5f5 e5d4 e5d5 e5f5 e5d5 ddb4 ddb4 ddd5 e5f5 ddf5 ddf5 ddd5 ddd5 ddd5 ddd5 ddb5 ddd5 ddf5 ddd5 ddf6 e616 e616 ddf6 e616 e616 e616 e616 e5f6 e616 e637 e657 e636 e617 e637 e637 e637 e637 e658 ee77 ee97 e614 dd31 cc2f c34c aaaa 91a8 8988 89a9 99a9 99e9 99e9 a1ea aa0b bb0e d492 e594 ee36 eed7 eeb6 92aa 4826 4867 5067 5066 58c8 58a8 60c7 58a7 58a7 58c8 5866 5866 5866 60a7 60e7 68c8 58a7 50a8 50a8 610a 81eb aaee cbcf d40f d3ef cbcf cbaf cbaf cbef d430 d470 d470 d470 d450 d470 d470 d44f d470 d44f d44f d450 d450 d42f d42f d42f d42f d430 d44f d42f d42f d42f cc4f d42f d42f cc2f d42f cc2f cc2f cc2f d42f cc2f cc2f cc2f cc2f cc2f d42f d40e,
b20a aa0a aa09 aa2a aa2a aa0a a229 a229 aa09 aa09 aa0a b22a ba29 c229 c229 ca4a d28a daea e34b e3ab e3ec ec0d ec6d ecad ecae ecce ecad ecae eccf ecce f4ae ecce ecae ec8e ec4d e40d e3ab db4b caca b249 99c9 9168 8928 9128 9168 9988 9988 a9e9 a1e9 a1e9 a9e9 a9e9 aa09 a9e9 b209 b229 b209 b1c9 aa0a b22a b1e9 a9e9 b1e9 b209 b1e9 b209 b9e8 b9e8 a9e8 a9e8 a9c8 a9a8 9949 a168 e4ce fed5 fe52 fdaf f5d0 fdaf f570 f5d0 f54e ecac ec6c db4a d32a daea d2ea dbec ec0b d2ea b24b b24a ba4a ba8b c2ec c2ec c2ec c30c b26a a20b b2ac baac c30d d38e d36d d34d cb2c d34c d34d d38e c32d bacc baed c2ec c32d c32d cb2d cb4d cb4d cb2d baec c2ec cb2e d38e d3cf d38e cb4e cb6e cb6f b2ce a26e b32f cbd0 d3d0 c34f aa8e 9a2d 9a2d a26d 9a4d 920c 89cb 922c 920d 818c 796d 79ae 8af2 a393 b3b2 c3d2 b3b3 a3d4 a394 9b52 8a6f 79ad 718c 71ad 696c 612c 71ee 8af2 8af2 698c 612b 69ad 614b 60ea 60e9 58c9 60e9 5088 50a8 50a8 50a8 4887 4067 4889 698c a3d2 ddb4 e553 d430 cbf0 d492 dd55 dd95 e5d5 e5f5 e615 e5f5 e5d4 e5f5 e5d5 ddb5 ddb5 ddb5 ddd5 e5f5 ddf5 ddd5 ddd5 ddb4 ddb5 ddb5 ddd5 ddd5 ddd5 ddf6 e5f5 de16 e616 e616 e616 e5f6 e616 e5f5 e5f5 e636 e637 e637 e636 e637 e637 e657 e637 e636 e5f5 dd31 cc2e bb4b aaca a26a 99e9 99c9 91a8 91a8 99c9 99e9 99e9 99ea aa8c bb6f cc92 e574 edd5 f696 eed7 b40f 58c7 4887 5067 5087 58a7 58a8 60c8 60c7 58a7 58a7 58a8 58a7 60c7 60a7 60c7 60e8 60c7 5887 4888 5089 714a 9a8d c36f d3ef d3ef cbcf cbaf cb8f cbcf d430 d450 d470 d470 d450 d450 d470 d450 d44f d44f d44f d470 d450 d44f d450 d42f d450 d430 d430 d450 d42f d40f cc2f cc2f cc2f cc2f cc4f cc2f cc2f cc2f cc2f cc2f cc2f cc2f cc4f cc2f d42f d42f d40e,
aa0a aa09 aa2a aa4b aa2a aa29 aa0a aa09 aa2a aa0a aa09 b209 ba29 c249 c249 ca49 d26a daea db8c e3ab ebeb ec2c ec6d ecad ecae ecad eccd ecaf ecae ecaf ecae ecae ecce ec8e ec4d e40c e3cd db4b caca b249 9988 9168 8928 8948 9188 9988 9989 a1e9 a20a a1e9 a1e9 aa2a aa2a aa09 aa09 b209 b1e9 a9e9 b209 b209 b1e9 b1e9 b209 b209 a9e9 b209 b209 ba09 aa09 a9e9 b1e8 a9a8 9989 9929 d3ec fed5 fdf0 fe12 fdce f570 fe53 fdaf f54f eccd e3ca dbcb db29 ca69 d36b e3aa d2ea ba8b aa6b b26b ba6a ba6b ba8b caec c30c b24a 99ea aa6c baac c2ed d36e d36d cb6d cb2d cb2d cb2d d36d cb6d b2ac bb0d d32d cb0d c34d bb2e cb2d d34d cb6e cb4d bacc bacc d38e d38e d38e d36e d3af cb90 b24d 9a2d b34f c3b0 cb6f cb4f ab10 922e 9a4e b330 b30e aa4d 9a0d aaf0 bb31 b311 9a91 820f 79ef 8af2 92d2 922f 9ab0 a3b3 a3b3 9270 79cd 79ee 696d 610a 5089 60eb 7a31 9353 8af0 698c 58ca 610b 79ef 718c 50a8 5088 4887 4867 4847 50ca 592c 4888 48ca 592c 71ed b494 ddf5 d4b0 c3ae c3d0 ccd4 ddd6 e617 e616 e615 e5f5 e5d5 e5d5 e5b4 e5d4 ddd5 ddb4 e5d4 e5d5 ddd5 ddd5 ddd5 ddf5 ddd5 ddb4 ddb5 ddd5 ddd5 ddd5 ddd5 ddf6 ddf6 ddf6 e5f6 e5f6 e616 de16 e616 ddb4 e5d5 e657 e637 e616 e637 e658 ee78 ee97 e634 dd10 c3cc b289 99e8 89a8 91a9 91c9 9209 99e9 99a8 99c8 99c8 a20a a22b aa6c bb8f d4b2 e553 e5b4 ee56 ff18 dd93 7127 50e9 5109 5067 5867 58a8 60c8 60c8 60e8 60e8 58a7 58c8 50a7 5887 68a8 68e8 60c7 5887 50a8 4868 58a9 818b ab0e cbcf d3ef cbef cbcf cbaf cbaf d3ef d430 d470 d490 d470 d470 d470 d470 d46f d450 d44f d450 d470 d470 d450 d450 d44f d450 d430 d450 cc50 d40f cc0f cc10 cc10 cc0f d42f d42f d42f cc2f cc2f cc2f cc2f cc2f cc2f d40e d44f cc2f d42e d42f,
a9ea aa09 aa2a aa2a aa4a aa4a aa09 aa09 aa2a a9e9 b209 b229 b229 ba49 c249 ca49 d28a daca db4b e3ab ebeb ec2c ec8e ecad ecae ecce ecae ecae ecae ecce ecae ecae ecce ec8e ec4d e40d e3cd db4b caca b229 9988 9148 8928 8968 9188 9988 99a9 a1e9 a209 a1e9 a1e9 aa09 aa0a aa09 a9e9 a9e9 aa09 b209 b20a b209 b1e9 b209 b209 b209 b1e9 b209 b209 b209 b209 a9e8 a9e8 a9c8 a188 9929 c32a f673 fe73 fdf0 f5b0 f612 fdf0 fdd0 f58f ecad e42c db2a ca89 c289 caea d2ea cb2b baab ba8b ba8b ba8b b26b ba8b c30c baec aa2a aa6b b28c c2ac cb2e d34e d34d d32d d32d cb4d cb4d cb4d baab baac c30c cb2d cb2d cb4e c34e c32d cb2d cb2d c30d c30d cb4e d38e d38e d36e d36e d38e bace a24d aaae c32f cb8f cb4f b310 9a8f a28e bb0f bb0e b28d aa4e aab0 bb92 b331 a2d1 8a0f 798d 79ad 824f 822f 79ad 8ab0 9b72 92b0 81ef 718c 71cd 610b 610b 692c 7a2f 82d0 720d 71ac 698c 696d 696c 71cd 698c 58c9 50a8 5088 4867 4847 50a9 48ca 3827 618d 9352 bc52 dd52 dcd0 c3ce bbb0 d493 ddb6 e616 e636 e636 e615 e5d5 e5d5 ddd5 ddb4 ddd4 ddd5 ddb5 ddb5 ddb5 ddd5 ddd5 ddd5 ddd5 ddd5 ddb5 ddd5 ddd5 ddd5 ddd5 ddd5 ddf6 ddf6 ddf6 ddf6 e5f6 e5f6 de16 de16 ddd5 e5f6 e657 e637 e637 ee77 ee77 e5d4 d4f0 bbad aaaa 9a29 99e9 91c9 91c9 91c9 9a0a 99e9 99e9 99e9 99c9 99ea aa8b b2ed bb8f d471 e553 ed93 ee35 ee13 d531 928a 5066 5088 5087 5087 5888 60c8 60c8 60c8 60a7 58c8 58c8 58e8 58a7 58a7 60c8 68e8 60c7 5087 5088 4868 60e9 920c bb4f cbef d3ef cbcf cbcf cbaf cbcf d410 d470 d490 d470 d470 d470 d470 d450 d46f d470 d470 d470 d46f d470 d44f d450 d450 d450 d450 d450 cc30 d42f cc30 cc2f cc2f cc2f cc2f cc2f d42f cc2f cc2f cc4f cc2f cc2f cc2f cc0f cc0f cc0f d42f d42f,
aa0a aa09 aa2a aa2a aa2a aa49 aa09 aa09 aa09 a9e9 a9e9 b24a ba4a ba29 c229 ca49 d2a9 daea db2a e38c e3ec e42d ec6d ecad ecce ecae ecae ecae ecae ecae f4ae ecae ecae ec8e ec4d ec0d e3ac db2b caca aa29 a188 9168 8928 8968 9188 9988 a1c9 a1e9 a209 a20a a9e9 a9e9 aa09 aa09 b209 aa09 aa09 b209 b229 b209 b20a a9e9 b209 b209 b209 b209 b1e8 b1e9 a9e9 a9e8 a9c8 a9a8 a168 9908 b209 f613 fe73 fe11 fe32 fdd0 fdd1 fdf0 f58f f50d ec4b d32b ca8a c209 c2ab cbad d34c cb8d c2cc c28b c2ec bacc baac b28b aa2a aa6b baac c2cc cb0c d38d d36e d34d d34d cb2d cb6e c30c b2ac baac c2ec caec cb2d cb4d cb4e cb4e cb4e c32d c2ac c2cc cb4d d38e d38e cb4e d34d d36e baee a24d ab0f c36f c34f cb0e bace 9a6f a28e bb30 c310 aaf0 a2d0 9a6f 926e 924d 79ac 718c 690b 68ea 712a 714b 712c 79ad 8ab1 8a70 8ad2 8ab1 820f 8210 79ce 8292 8ad1 7a0e 79ed 71ee 71ad 694b 610a 594a 724f 696c 58c9 58c9 50a8 4867 4046 3826 3847 594b a3b1 ddd4 e531 cb8d bb4d c431 d535 dd73 e5d4 e5d4 e5f4 e5f5 ddd5 e5d5 e5f5 ddd5 ddd5 ddb5 ddd5 ddd5 ddb4 ddb5 ddd5 e5d5 ddd5 ddd5 ddd5 ddd5 ddd5 ddb5 ddd5 ddb5 ddd5 ddf5 ddf6 ddd6 ddf6 e616 e617 e636 e616 e616 e637 ee57 ee57 ee76 ddb3 c40d a269 99e9 91a9 89a9 91c9 91a8 91a9 91a9 99e9 a20a 99e9 99ea a22b a26c b2cd c3d0 d471 e4f2 ed93 edf3 ee34 d4cf 8a08 60c6 5046 5047 5867 5087 58a7 60c8 60c8 60c7 60a7 5887 58a7 58a7 58c8 60c8 60c7 68e8 68e8 58c8 5088 4868 5088 796b aaee c3af d40f d3ef cbaf cbaf cbcf cc10 d430 d470 dc90 d470 d46f dc70 d470 d450 d470 d470 d470 d450 d450 d470 d450 cc50 d450 d450 d430 d430 cc30 d450 d450 d450 d44f d430 cc2f cc0f d42f d42f d42f cc2f cc2f cc2f cc2f cc2f cc2f cc0f cc0f d42f,
aa0a aa0a aa2a aa2a aa2a aa29 aa29 aa29 aa09 a9e9 a9e9 b229 ba4a c229 c229 ca6a d2aa db0b db2b e38c e3ec e42d ec6d ecad ecce ecce ecae ecae ecae ecce f4ae ecae ecae ec8e ec6d ec2c e3ab db2b cacb b229 a188 9148 8928 8968 9168 9988 a1c8 a9c9 a9e9 a20a a9c9 a9e9 aa09 aa09 aa09 b209 a9e9 aa09 b209 b22a b22a a9e9 b20a b209 b1e9 b209 b1e9 b1e9 a9e9 a9e9 a9c8 a1c8 a188 9908 a9e9 edd0 fe74 fe52 fe10 f5d1 fe11 fdaf f5b1 f4ed e40b db8b ca8b b9e9 cb4d dc4f d34d dbcc cb4d c26a cb0c c30c b28b aa0a a22a b2ac baac cb0c d32d d34d d38e d34e cb6d cb4e c34d b2ac b2ac c30c c30c caec cb2d cb4d cb4e cb2d c34d c30d c2ac caed cb4e d36e d36e d36e cb2e caee aa4d aaaf bb4f c34e cb4f cb0e b28f 9a2e aaf0 bb72 aaf2 a311 9af0 8a0d 718a 6929 60e9 610a 60ea 60c9 60c9 68ea 712c 820f 8a70 8291 9394 8a90 9292 9271 8ab1 9b94 8a90 79cd 8ad1 8270 6129 58ea 5889 590a 7ab1 71cd 5068 5088 50a8 4888 3827 3827 510a 9350 cd54 e592 cb8c b28c bb90 d534 ddf6 e593 e593 e593 e5b3 ddb4 ddd5 e5f5 e5f5 ddb5 ddb4 ddb5 ddd4 ddb4 dd94 ddb4 ddb5 ddb4 ddd5 ddd5 ddd5 ddd4 ddb5 ddb4 ddb5 ddd5 ddd5 ddf5 ddf5 ddf6 de16 e616 e636 e636 e616 e616 ee57 ee77 ee76 e5f4 c40e 9a29 89a8 91c9 9a0a 91e9 99ea 99c9 99a8 91a8 99e9 a20a a22b a26c aa8c b30e c3af dc71 e512 ed74 edf4 f655 e614 9a89 5025 4847 5067 5867 5887 58a7 58c8 60c8 60c7 60a7 6087 5887 58a7 5887 58a7 60c8 60c7 68e8 60e8 58c8 50a8 5089 58c9 89ec b32f cbaf d3ef d3ef cbaf c38f cbcf d430 d450 d490 d490 d470 d46f dc6f d470 d450 d450 d470 d450 d450 d450 d450 d450 d450 d450 d450 d430 d450 cc50 d450 d430 d430 d430 d42f d42f cc0f cc2f d42f d42f cc2f cc2f cc2f cc2f cc2f cc2f cc30 cc0f cc2f,
b22a aa4a aa2a b22a b24a aa2a aa09 aa09 a9e9 a9e9 a9e9 b209 ba29 ba29 c229 c249 d289 db0a db4b e38b e3cc e40d ec6d ec8e ecae ecae ecad ecae ecce ecce ecae ecae ecae ec8e ec4d ec2c e3ac db4b caca b209 a1a8 9168 8968 9168 9168 9968 a1a8 a9c9 a9e9 a9c9 a9c9 a9e9 b209 b209 aa09 aa09 aa09 aa09 b209 b22a b209 a9e8 a9e9 b209 b209 b209 b1e9 b1e9 a9e8 a9c8 a9e8 a9e8 a1c8 9949 9948 dc6d fed6 fdf0 fdf0 fe32 fdb0 fe11 fdf0 ecad e40b db2a caaa caec dbad dbed d3ae d30c d3ac cb0c c2ec ba8b aa4a aa2b b26c baac cb0c d32c d34d cb2d d34d d34d cb4e c30d ba8b bacd c2ed caec cb0c cb2d cb0d c34d c34e c32d c2ec c2cc cb4d d36e d34d d36e d34e d32e ba8d a22d a2af bb0f c34f cb6f cb2e c30f a26f 926f 9af0 8a6f 81ed 79ed 81cd 714b 714b 692b 68c9 60c9 610a 690a 68ea 692b 8230 8a91 8a91 9374 8a90 820e 79ee 716b 8a6f 8a4f 79ee 9b32 92f0 694b 614c 71ce 610c 58e9 8311 71ee 4027 4047 4047 4088 58eb 7a0d ac51 dd73 dc8f bb0c aa8c c3b0 dd53 e5f5 e5f4 e593 dd73 dd53 dd73 dd94 ddd5 ddd5 ddb5 ddb5 ddb4 ddb4 ddd4 dd94 dd73 dd94 ddb5 ddb5 ddb5 ddb4 ddb4 dd94 ddd5 ddd5 ddd5 ddd6 ddd6 ddd6 ddd6 ddf6 ddf6 ddf6 de16 e5f6 e5f6 e616 ddf5 d552 ccd1 b3cf a28d 99ea 99e9 a1ea a209 99e9 99e9 99c9 99c9 99e9 a22b aaad bb2d c3af cbef d40f e490 e512 ed93 edd4 ee35 e614 9aec 5046 5067 5887 5887 5887 5887 58a8 60c8 60c7 60c8 60a7 5887 58a7 58a7 5887 60a7 60c7 68e8 6928 6129 58e9 50c9 58c9 716b a2ae c38f cbef d3ef cbef c3af cbaf d430 d470 d490 d490 d490 d490 d470 d470 d490 d450 d470 d470 d470 d470 d470 d450 d470 d450 d470 d450 d450 d450 cc50 cc50 cc30 cc30 cc50 d44f cc30 cc4f d42f d42f cc2f cc2f cc4f cc2f cc2f cc2f cc2f cc30 cc2f cc0f,
b24b b24a b24a b24a b209 aa2a aa09 a9e9 a9e9 aa09 a9e9 b1e9 b229 ba29 ba2a c229 ca8a d2ea db4a e3ab e3cc e40d e44e ec8e ecad ecae ecae ecae ecae ecce ecae ecad ecae ec8e ec4d ec0c e3ac db2b caca b209 a1a8 9188 8948 8948 9169 91a8 99e9 a1c9 a9c9 a9e9 aa09 a9e9 a9e9 a9e8 aa09 a9e9 aa09 b209 b209 aa0a b209 a9e9 a9e9 aa09 b22a b209 b1e8 b1e9 aa09 aa09 aa09 a9e9 a228 9988 9108 cb8b fe94 fe13 fe30 f58f f611 fdef f5cf f52e e3ab db6b db2a db6c d36d d36d dbed cb6e d34c d3ae c2ed a9ea a1ea b2ac ba6c c2cc d34e cb2d cb2d cb6e cb2e d32c cb4e ba8c b2ac c30d cb0d c2ec c2ec cb2d cb6e cb2d c30d c30d c2ac cb2d d3af d36d d32d d34d d34e cb0e aa0c 924e bb91 c32f c32f d34e cb2f b2af 922e 8a2e 71cc 60ea 60ca 718d 81ef 81ae 79cd 692a 60c9 60c8 68ea 60aa 68ca 81ee 9b34 8a70 8af1 92d0 79ee 694b 58c9 60c9 798c 820e 82b1 822e 796b 71ef 8271 71cd 58a9 4887 7b11 618c 4026 3847 3007 4068 824e c4d3 edf3 dc6e b28c a28d bbf1 dd73 e5d3 e5d3 e5b2 dd52 dd12 d533 d553 d594 ddb5 ddb5 ddb5 dd94 ddb4 ddb4 ddb4 dd73 dd73 ddb5 ddb4 dd94 ddb5 ddb5 dd94 ddb5 ddd5 ddb5 ddd5 ddd5 ddd6 ddd6 ddd6 ddf6 e5f6 de17 de16 e616 e656 ddd3 bbee 924a a32f a390 ab2f a26b a209 aa09 a1e9 91a9 91a9 99ea 9a4b aa8c bb2e cbef d40f dc6f e4af e48f e4f1 e532 ed72 ee14 ee75 b36c 5846 4867 58a8 58a8 58a7 58a7 60a8 60c7 60e8 60c8 60c7 60c7 5887 5887 5087 5887 60c7 60e8 68e8 60e8 614a 594a 50c9 58c9 89ec b32e cbcf d3ef d3ef cbcf c3ae cbcf d450 d470 d490 d490 d490 d490 d470 d470 d470 d450 d470 d471 d450 d450 d450 cc70 cc6f d470 d470 cc50 cc50 cc50 cc50 d450 cc30 cc30 d44f d44f d42f cc4f d44f d42f cc2f cc2f cc50 d42f d42f cc2f cc0f cc30 cc0f cc0f,
b24a b24a b24a b24a b22a aa2a aa09 a9e9 aa0a b209 b209 b209 b209 ba09 ba2a c249 ca8a daea db4b e3ac e3cc e40d ec4d ec8e ecae ecce ecae ecae ecad ecae ecae ecae ecae ec8d ec4d ec0d e3cb db4b caca b229 a1c9 9189 8948 8948 9168 99a9 99c9 a1c9 a1e9 a9e9 a9e9 a9e9 aa09 a9e9 aa09 aa09 a9e9 b209 b229 aa09 aa09 aa09 aa09 a9e9 aa09 b209 b1e9 b1e8 b209 aa09 b209 a9e8 a1c8 9988 9108 b269 f612 fe95 fdf0 f5f1 fdb0 f590 f5d0 ed0e e46c e3cb d2ea cacb cb4d d3ae db8c dc2e d3ae cb0c ba8c a20a aa6c ba8c ba8c cb0c d34d d32d cb2d cb2d cb6d c30c bacc b2ac baed c30d c2ec caec caed cb2d cb4d c32d baed c2ab c2cc d36e d3ae d36e cb4d cb4d cb0d cb0e a22d 9a4d c370 cb6f cb4e bace aa4e 920e 798c 690b 692b 798d 820f 822f 79ce 716b 694a 60e9 60a8 60c9 60a9 6089 714c 92f2 9b33 92b0 9312 822e 692a 5888 5889 5889 7a0e 8ad1 71ad 718c 822f 8270 71ac 590a 4868 50c8 7ad0 614b 4047 3026 4068 720c bc72 dd12 d42e c32d b2ed c412 d554 e592 e5b3 e5b3 dd52 dd32 d533 d533 dd74 dd94 ddb5 ddb5 dd94 ddb4 ddb4 ddb4 dd94 dd93 dd94 dd94 dd94 dd94 ddb5 dd95 ddb4 ddb5 ddd5 ddd5 ddd5 ddd5 ddd6 ddf6 ddf6 ddf6 e5f6 e637 e656 ddd3 c490 ab6e 9aad 8a2c a350 abd1 b36f aacd a22a a20a a20b a20a a26c b30d bb6e c3ae d42f dc4f dc4f e48f e48f e4d0 e4f1 ed32 ee14 ee14 b3cd 6927 5047 5067 58a7 58a7 58a7 60a7 60c8 60e8 60c8 68e8 60e8 58a7 5887 5887 5887 5887 60a7 68e8 6949 6109 6109 592a 58e9 694a 9a6d c36f d3ef d3ef d3ef cbcf cbaf cbef d450 d490 d490 dc90 d490 d470 d490 d470 d470 d470 d470 d470 d470 d470 d470 d470 d46f d470 d470 cc50 cc50 d450 d470 cc50 cc50 cc30 cc30 d44f d42f cc2f cc2f d42f cc2f cc2f cc30 cc2f d44f cc2f cc0f cc2f cc0f cc0f,
b26b b24a b22a b24a b24a aa2a b22a b24a b24a b20a b209 b209 b209 ba09 ba29 c249 ca89 d2ea db6c e3ab e3cc e40c ec4d ec6e ecae ecad ec8e ecae ecae ecad ecae ecae ecad ec6e ec4d ec0c e3cc db4b caca b24a 99c9 9168 8948 8948 9168 9989 9988 a1a8 a9c9 a1e9 a9e9 a9e9 a9e9 aa09 a9e9 aa09 a9e9 b209 aa09 a9e9 aa09 aa09 aa09 aa09 aa09 aa29 b1e9 ba09 b209 aa09 b209 aa08 a1c8 a1a8 9948 9948 dc8d feb5 fe32 fdd0 f5b1 f5d0 f58f f5b0 f4cd e40c d3ed c2cc cb2c dc0e d36d db4b dbee bacc aa2a aa2b baac c2cc cb4d cb6e cb2d d34d d32d cb4d cb0d b26b aa6c baed c2ed cb0d c30d cb0d caec c30c cb2d c30d bacd c2cd d34e d36e cb2d d34d d34d d34d d36e cb6f a24d a22d cb70 cb2e aa6d 8a0d 716c 60ea 60aa 692b 824f 8a8f 79ed 610a 60c9 58c9 58e9 60c9 5888 60ea 5889 60ca 92b1 a373 9b11 92cf 822d 60e9 5888 5048 5869 71ee 9373 79ee 692b 7a0e 8ad1 71ac 5067 4868 4048 596c 82f1 7210 488a 5909 9b4f d512 e4f0 c38d bacc c38f d4f3 e5f6 e5f5 e5b3 e594 dd53 d553 d533 d533 dd74 dd94 dd94 dd73 dd74 dd94 dd93 dd94 dd94 dd73 dd73 dd73 dd94 dd94 ddb4 ddb5 ddb4 ddb4 ddb5 ddb5 ddd5 ddd5 ddd5 ddd5 ddf5 e616 e616 e615 ddb2 c44f 9aec 7989 79eb 92ae 928e a330 abf2 b3b1 bb6f bb6f bb4d cb8d d3ad dc2f e46f e48f e4ae ecaf e4af e48f e46f e48f ecf1 ed52 f634 e5d3 9aaa 5045 4847 5087 5887 58a7 58a7 60c7 6108 6108 60e8 60c8 68c7 60c8 58a7 58c8 58a7 5887 5867 60a7 6908 6908 60e8 58c8 58c9 60c9 89ec b32e cbcf d3ef cbcf cbcf cb8e cb8f d42f d490 dc90 d490 d490 d490 d490 d490 d4b0 d490 d490 d470 d470 d490 d470 d470 d46f d470 d450 d470 cc50 d450 d450 d44f cc30 cc30 cc2f cc30 d42f cc4f cc2f cc30 cc30 cc4f cc4f d44f cc2f cc2f cc2f cc0f cc0f cc0f cc0f,
b26b b24a b20a b22a aa2a aa4a b22a b24a b22a a9e9 b209 b209 b209 ba09 c209 ca49 ca8a d2ea db4b e38b e3cc e40d ec4e ec6e ecae ecae ec8e ecae ecae ecae ecae ecae ecae ec8e ec6e ec0d e3cc db6b caca b22a 99c9 9168 8928 8948 9168 9189 9988 a1a8 a1e9 a9e9 aa09 a9e9 a9e9 aa09 b209 aa09 aa09 b209 aa09 a9e9 a9e9 aa09 aa09 aa09 a9e9 a9e9 b1e9 b1e9 b209 b209 b229 aa09 a1e9 a1c9 9968 9928 cb6a feb5 fe32 f5b0 f5f1 fd6e f5b1 fdef ecad e4ae e46d cb8e caeb dbac d3ce caca d36c baeb aa4b b24b c26b caec d36d d36d cb4d d34d cb4d cb2d ba8c aa4b b2ac c2ed c2cd cb2d cb2d cb2d c2ec c2cc cb2d bacc b28d c32f d38f cb6e cb2d d32d d34d d34e d3b0 cbb0 aa6e a22c cb90 bace 89ac 716b 610a 58a9 692c 822f 8ab0 79cc 60c8 5088 5088 58a9 6109 60c8 5888 60c9 5869 694b 9b32 9b11 a2cf 922d 692a 5888 60c9 5848 690b 9374 8af1 690a 718d 8270 7a0e 58a8 4026 48a9 4048 61cd 7ad0 69ef 590b 8aae cd12 e510 cbac b2ab bb2e d4b3 ddb5 e615 e5d4 e593 dd94 d574 d553 d533 d533 d574 dd74 dd74 dd73 dd73 dd74 d573 dd94 dd93 dd53 dd53 dd73 dd94 dd74 dd94 ddb4 ddb4 ddb4 ddb4 ddb5 ddd5 ddd5 ddd6 ddf6 e5f6 ee57 e656 d551 abac 8a2a 81ec 798b 820c 92ce 928e 9aef abb2 b3d1 cbd0 d430 dc2f e42e e44e ec8f ec6e ec8f ec8f e46f e4d0 e4b0 e470 ecb0 ed11 f5f3 f6b5 c42e 60a6 4826 5087 5887 5887 60a8 60c8 60e8 6908 6108 60e8 60c8 60a7 60a7 58a7 60c8 58c7 58c7 6087 60c7 6908 60a6 5867 50a8 58c9 68e9 924d bb4f cbef d3ef cbcf cbcf c38e cbaf d44f d490 dc90 d470 d490 d4b0 d490 d490 d4b0 d490 d490 d470 d470 d470 d470 d470 d470 d470 d450 d470 cc50 d450 d450 d44f cc50 d44f cc2f cc2f cc4f cc2f cc30 cc30 cc30 cc4f cc4f cc4f cc2f cc0f cc2f cc0f cc0f cc0f cc0f,
b26b b26a b24a b24a aa2a b22a aa2a b24a b22a aa09 b209 b209 b229 ba09 ba29 c249 ca69 d2ca db2b e38c e3cc ec0d ec6d ec8d ecae ecae ecae ec8d ecae ecae ecae ecae ecae ec8e ec4e ec0c e3ab db4b caca b249 99c9 9168 8928 8948 9188 99a9 a1a9 a1c9 a1e9 aa09 a9e9 a9e9 a9e9 a9e9 b209 aa09 aa09 b209 aa09 aa29 aa29 aa09 aa09 a9e9 a9e9 a9e9 a9e9 a9e9 b209 b209 b209 b229 aa09 a1a8 9968 9929 b269 f633 fe74 fdf0 fd8f f5b1 fdd0 f58f f5d0 ed0f e40e e48e d40e d36c e46e d36c ba4a aa2a b26b bacc c2cc d32d d34d d32d d36d cb4d c2ec b24b aa0a ba8c c2cc caed c30d c2ec caed cb0d c30d baed baac baac b2ee b32e b30e a28d aa6c ba8c caed d34e dbaf d38f b28d 99ec aa8d 81ab 614a 610a 610a 71ac 8a4e 79cc 6109 58c9 5088 50a8 60e9 690a 60c8 5047 58a8 58a9 60ca 8a90 9b73 81cc 81cc 796b 5888 5889 60ca 71ae 9333 9353 81ee 718d 7a50 71ad 5088 4887 590b 5089 4047 7270 71ed 71ac ab70 d4d0 dcaf c32c bb0d c3b0 d4d3 e5b4 e5f5 e5f5 dd93 dd52 dd73 d553 d533 d554 d554 dd73 dd74 d573 d553 d553 d533 d553 d553 d553 dd53 dd74 dd74 dd74 dd94 dd94 ddb4 ddb4 dd94 ddb4 ddd5 ddd5 ddd5 ddf6 e5f5 e5f4 cd11 a36c 8a2a 58a7 6109 92cf 9aef 8a2d 928d 92ae 926d a391 b3d1 d430 e490 e46f ec6e e46e ec8e e48e e46e e46f e46f ecb0 e4d1 ecf1 ed92 f614 ee14 bbcd 68e7 4847 5067 5067 5887 58a7 60a7 60c8 60e7 68e8 60e8 60c7 60c7 60e8 60a7 5887 5887 58a7 60c7 60c7 68c7 60e8 58c7 5087 58c9 58a9 79ab aaee cbcf d3ef d3ce cbcf c3cf cbaf d40f d470 dcb0 dc90 d490 d490 dc90 d490 d4b0 d4b0 d490 d470 d470 d470 d470 d470 d490 d470 cc50 cc50 d470 cc50 d450 d450 cc50 cc50 d450 cc50 cc4f cc4f cc50 cc30 cc2f cc50 cc30 cc2f cc2f cc2f cc2f cc2f cc2f cc0f cc0f cc0f,
b24a b24a b26a b24a b22a b24a b22a b22a aa2a aa09 b209 b209 b209 ba09 ba29 ba49 ca8a d2ea db2b e38b e3cc e40c ec6c ec8d ecae ecce ecae ec8e ecae ecae ecae ecae ecae ecad ec4d ec0c e3ab db4b d2ca b24a a1e9 9188 8928 8968 9188 99a8 a1a9 a1e9 a1c9 a1e9 a9e9 a9e9 a9e9 a9e9 aa09 aa09 aa09 a9e9 aa29 aa09 aa09 aa09 a9e9 b209 b229 aa09 a9e9 b209 b229 b209 b1e9 b20a aa09 a1c8 a1a9 9949 a9c8 ed90 fef6 f5b0 f612 fe11 f54e fe11 fdaf ec6d dcb0 e48e e4ef dbae e40b d42e aa09 aa09 bacc cb0c cb2d d36e d34d cb4d d34d cb6d b28b a22b b28c c2cc cacb caec cb2d c2ed baac c2ec c30d baed ba8c c2cc cb8e cb6e c32e b2ee 9a4c 89ab 91ab b28d d34e d36e b2ad 89cc 714a 58e9 618b 69cc 79ad 81ed 716b 60ea 612a 60ea 5868 58a8 716b 694a 5067 4847 5889 60aa 79ce 9b52 8a8f 68e9 692a 60a8 5889 5869 718c 9b94 92f1 81ce 8a91 9313 8290 5068 4006 61ce 7251 3807 3847 82d2 8ab0 abf1 dd31 dc4d c2eb b2ac c3d0 dd55 dd73 e5b3 e5f5 e5d4 dd73 dd53 d513 d4f3 d554 d554 d574 dd74 dd73 d553 d553 d553 d553 d553 d533 d532 d533 d574 d574 d574 dd94 ddb4 ddb4 ddb4 ddb4 ddb5 ddd5 ddd5 e5f5 e5f4 e613 bc4d 7167 60c7 820c 712b 7109 9b2f abd2 92ae 928d a30f 926e a350 b412 cc31 e491 e450 e44f e48f e48e ec8e e48e e48f e48f ecd1 ed32 ed92 fe54 feb5 bbcd 5865 4826 5067 5867 5867 58a7 58c7 60c8 60c7 60c7 60c7 6908 60e8 60e8 60e8 60a7 5886 5886 5887 5887 60c7 68e8 60e8 58e9 58a9 58c9 60e9 920c bb4e d3ef d3ce cbaf cbae cbaf cbcf d450 d490 dc70 d490 d4b0 d4b0 d490 d470 d4b0 d4b0 d490 d46f d490 d470 d470 d490 d490 d46f d44f d450 d450 d470 d450 d470 d470 cc50 cc30 cc50 cc50 d44f cc30 cc30 cc4f cc50 cc50 cc30 cc2f cc30 cc30 cc2f cc0f cc2f cc0f cc0f,
b24a b24a b24a b24a b22a b22a b22a b22a aa2a aa2a b229 b229 b229 b209 ba09 c229 ca8a d2ca db2a e38b e3cc e40d ec4d ec8d ecae ecae ecae ecae ecae ecae ecae ecae ecae ec8e ec4d ec0c e3ac db4b d2eb b24a a1c9 9168 8928 8948 9168 99a9 a1a9 a1e9 a1c9 a1e9 a1e9 a9ea a9e9 a9e9 a9e9 a9e9 aa09 aa09 b229 aa09 a9e9 a9e9 a9e9 aa09 aa09 aa09 a9e9 b209 b229 b229 ba29 b229 aa09 a9e9 a1c8 9989 a189 d3eb f674 fe74 fe31 fdd0 f5f1 fdcf ecee e44e e4cf e4f0 e48e dc2d d34b cb0b aa09 aa2a c2ec cb0c cacc cb0d d36d d34d cb0c c2cc b26b b2cd baed c2ec caec caec c2ed bacc b2ac baed c30d bacc baac cb2d d36e d34d d34d cb2e bace aa6d 9a2c 9a2d a22c b26c a26d 798b 692a 612a 694b 79cd 79cd 798c 694b 610b 610a 60c9 60a9 716c 718c 58a8 5047 5047 5868 692b 822e 8ab0 79ac 60a8 68e9 60e9 60a9 692b 8291 8a90 79ad 8a51 9312 82d0 694b 4828 590b 8333 61ad 3006 48a9 9395 bc53 d4d1 cbee baec b2ac c38f d513 e5d5 e5b4 e5b4 e5d4 ddd5 dd74 d553 d533 d533 d553 d553 d554 d553 dd53 d553 d553 d532 d532 d553 d533 d4f2 d533 d574 dd95 d5b4 dd94 dd94 ddb4 dd94 ddb4 ddb5 ddd5 ddf5 e5f3 ddb2 b3ed 7167 5046 7149 92ad 8a4d 710a 8a4c b412 a350 928d a32f 9acf 9aee b3d1 c432 dc50 dc30 e46f ecaf ecaf ec8e ecaf eccf ecd0 ed11 ed93 f613 f612 cc8e 7968 4826 5087 5087 5887 58a7 58a7 60a7 60c8 60c7 60e7 60c8 60c8 60c7 60e8 60c8 60a7 5887 5887 58a7 60a7 60c7 68c8 60c8 58c8 58c9 58a9 714a 9a8d bb6f cbcf cbcf cbaf cb8e cbaf d40f d470 dcb0 dc90 d490 d4b0 d4b0 d490 d48f d4b0 d4b0 d490 d48f d490 d470 d470 d490 d490 d46f d470 d470 cc70 d470 d450 d450 d450 cc30 cc30 cc50 d450 d44f cc4f cc2f cc4f cc50 cc30 cc2f cc2f cc2f cc30 cc50 cc2f cc2f cc2f cc0f,
b22a b24a b24a b24a b24a b24a b22a b20a aa09 b209 b229 b209 aa29 b229 b208 ba08 ca69 d2aa db0a e38b e3cc ec2d ec6d ecad ecae ecce ec8e ecaf ecaf ec8e ecae ecae ecce ec8e ec4d ec0d e3ac db6c d2eb ba49 a1a8 9148 8108 8928 9168 9989 99a9 a1c9 a1c8 a1c9 a1e9 a9e9 a9c9 a9e9 a9e9 a9e9 a9e9 a9e9 b229 aa09 a9e9 a9e9 a9e9 a9e9 a9e9 a9e9 a9e9 b209 b229 ba29 ba29 ba29 b229 b229 aa09 a1c9 9989 a1a9 e4ee fef6 fe33 fe73 fe10 f590 eccf e40d ecae ed30 e4cf e4ae c36c a9a8 a9c9 c2ec d32c cb2d c2ed c2ab cb2d cb2d ba8c aa0b b2ac c32d cb0d c2ed c2ec c2ec bacc bacc baac c2ed c2ac c2cd cb2d d34e d36e db8e d36e c32e aa4d 894a 8169 89ec 796b 714a 79cc 71cd 698c 714b 79ad 820f 79ad 696b 694b 60ea 5888 60c9 820e 8a6f 60e8 4847 5047 5048 60ea 81ee 79ec 7a0e 60c9 5867 5888 6089 60a9 79ed 8a6f 714b 716c 826f 826f 694c 4828 614c 8bf5 8353 4048 3808 7a91 bcd6 d491 c3ae aaac b2ed c411 dd74 e5f5 edf5 e5d4 e5b4 ddb4 ddb4 d594 d574 d554 d553 d553 d553 d533 d533 d553 d553 d532 d512 d512 d533 d533 d533 cd12 d553 dd94 d5b5 d5b5 ddd5 ddd5 ddb4 dd94 e5b4 ddb4 dd73 cc90 a2aa 7948 68c8 60c8 6908 924c a2ee 924d 798b 9aed b412 9b10 9b0e a370 9ace a32f bc12 cbf1 dbef e46f ec8f ec8f ecaf eccf ed10 ed31 f5d3 f633 d48e 8a08 58a6 4846 5046 5067 5887 5887 6087 60a7 60c7 68c7 60c8 60e8 60e8 6908 60e8 6108 60c8 60a7 58c8 5887 60a7 60a7 60c7 60c7 58c8 58c8 58c9 6909 89ec ab0e c3af cbaf cbcf c3af c36e cbcf d44f dc90 dcb0 dcb0 dc90 d470 d4b0 dcb0 d490 d490 d490 d490 d490 d490 d470 d490 d490 d490 d490 d470 d450 d470 d450 d450 d450 d450 cc50 cc50 cc50 d450 cc50 cc4f d450 cc50 cc50 cc4f cc50 cc2f cc2f cc2f cc2f cc2f cc0f cc2f cc10,
ba4a b26a b24a b24b b26b b24a b22a b22a aa09 aa09 b209 b1e9 aa29 b229 b209 ba09 ca6a d2ca db0b e36b e3cc ec2d ec6d ecad ecae ecae ec8e ecaf ecae ecae ecae eccd eccd ec8e ec4d ec0d e3ac db4b d2ea ba49 a1a8 9148 8108 8928 9168 9989 99a8 a1c9 a1c8 a1c9 a1e9 a9e9 a9e9 a9e9 a9e9 a9e9 b1e9 a9c9 a9e9 a9e9 aa09 b209 a9e9 a9e9 b209 a9e9 b1e9 b209 b229 b229 ba29 ba29 b229 b229 b209 a9c8 9989 9949 cbcb feb4 feb6 fe72 fdd0 f612 ecf0 dbec e46e ecef ed30 e4cf cbad a1c9 aa0a d34d d32d cb2d cb2d c2cc c30c c30d b26b aa4c bacc caed caec c30d c2cd c2cc bacd bacd c2cc c2ed c2ac cb0d d36e cb2e d32d d34d cb0d b2cc 9a0c 68c9 60a8 792a 792a 716c 71cd 69cc 718c 79ad 820e 822f 696c 612a 612a 5888 5047 692a 92f1 820d 5067 5047 5068 5068 694b 8a4f 71ac 71ac 5888 5067 5868 60a9 68e9 79ab 79ac 690a 692a 7a0d 7a2f 58ca 4828 7270 9cf8 724f 3806 488a 9bb4 c4b4 b32e aacd b2cd c3f0 d555 e5d4 e5f4 e5f5 e5d4 ddb4 ddb4 dd94 d594 d574 d554 d574 dd54 d534 d534 d554 d553 d533 d532 d512 ccf2 d533 d553 d553 cd13 d533 d594 ddb5 ddd5 ddb5 ddd5 ddb4 dd94 dd93 dd73 d512 c3cf 99c9 8148 8189 81ab 7129 8189 9a8c a2ee 89ec 8a0b abd1 abb2 9ace a370 9acf 9aae bbf1 c412 d3ef e44f e46e ec8f ecaf ecb0 ed11 f5d3 fe74 dd4f 9208 5025 5047 5087 5066 5046 5887 6087 6087 60a7 68c7 68c7 6108 60e8 68e8 6968 6108 60e8 60c7 60c7 58c7 5887 6087 60c7 60a7 60e8 58c8 58c8 60e9 714a 922c b32e c3af c38e c38e c38e c36e d3ef d470 dc90 d490 dcb0 dc90 d490 d4b0 d4b0 d4b0 d490 d490 d46f d470 d490 d490 d490 d490 d490 d490 d490 d450 d470 d450 d470 d450 cc50 cc50 d450 d450 cc30 cc50 cc50 d450 cc30 cc50 cc4f cc50 cc30 cc2f cc0f cc2f cc0f cc0f cc0f cc10,
ba4a b24a b24a b26b b26b b26a b24a b24a aa4a aa2a a9e9 aa09 aa09 b209 b209 ba09 ca69 d2ca d30a db6b e3cc e42d ec6d ec8e ecae ecae ecaf ec8e ecae ecce ecae ecae ecce ec8e ec2d ec0d e3ac db4b d2ca ba29 a1a8 8968 8948 8928 9189 99a9 9988 a1c9 a1c9 a1e9 a1e9 a9c9 aa09 aa09 aa09 aa09 aa09 a9e9 a9e9 a9c9 b1e9 b209 b1e9 a9e9 b209 aa09 a9e9 b209 b229 b229 b229 b249 b229 b229 b209 aa08 a9e8 a188 a1c8 dc6d fe94 fe32 fe73 fe11 ed70 e4d0 e48f eccf ed70 e52f cb4c b24a c30c d32c cb2d c30d cb2d cb0d c2cc ba8b b26b baac c2ed cb0c cb2d cb0d c30d bacd c2cd bace c2ad bace c30e d34e d32e c2ad b26d b26c aa6d a28d a24d 920d 89cc 796b 818b 796c 692b 692b 79cd 822e 696b 610a 58e9 58c9 5088 5089 60eb 824f 9b73 716b 4826 5047 5068 5888 718c 8a4f 718b 694b 5867 58c8 68e9 6909 690a 6909 60c9 5868 610a 82d1 71ad 4828 5089 8373 93f5 592a 694c 8ab1 a372 aaee 9a2c ab10 cc93 dd94 e5f5 e5d4 e5d5 e5d5 ddd5 ddb4 dd94 dd94 d594 d553 d553 d553 d533 d554 d574 d574 d573 d513 d4f2 ccd2 ccf2 d553 d554 d553 d553 d553 d594 ddb5 d594 ddb5 dd94 dd74 dd53 e574 e595 e553 e4b2 cb8e a1ea 8969 91ca 924c 81ec 81cb 8a4c 926d 8a0c 8a6c abd1 a350 9b0f 9aef 9a6d ab50 c411 d3f0 e42f ec8f ecd0 ed11 f552 f5d2 edb2 bbac 7147 5046 5087 58a7 5887 5867 5886 58a7 60a7 60c7 60a7 60a7 60a7 68e8 68e8 6908 6908 60c7 58a7 58a7 58c7 58a7 5887 5887 60c7 60c7 60e8 58c8 60e9 692a 818b a2ad bb6e bb8e bb6e bb6e bb4e c38f d430 dc90 dcb0 d490 dcb0 dcb0 d4b0 d4b0 d490 d490 d490 d490 d470 d470 d470 d490 d490 d490 d490 d470 d46f d470 d470 d470 d470 d450 d450 d470 d470 d450 cc50 d450 cc50 cc4f cc4f cc50 cc50 cc4f cc30 cc2f cc2f cc2f cc0f cc0f cc0f cc0f,
b24a b26a b24a b24b b26a b24a b22a b22a aa2a b22a b209 aa09 b1e9 b1c8 a9e8 b208 c249 d2a9 db0a db6b e3cc e40c ec4e ec8e ec8e eccf ecaf ecae ecce ecae ecce ecad ecae ec8e ec6d ec2d e3cc db6b d2cb ba4a 9988 9148 8948 8948 9188 99a9 9969 a188 a1c9 a1c9 a1c9 a9e9 a9ea aa0a aa09 aa09 aa09 a9e9 a9e9 b209 b209 b1e9 a9e9 a9e9 b1e9 b209 b209 ba09 b22a b229 ba29 b249 b229 ba49 b209 b209 a9e9 a1c9 9149 b229 ed8f fed6 fe72 f5d0 f56f f5d1 ed31 ed0f ed6f e4ae c2a9 c2ea d3cd caab caec cb2d cb2e c32e bacd b28c b2ac c2ed cb0c cb0d cb0e c32e c30f baef baae baae b28e aa8e cb71 d36f caee bace b2ee baee c2ee baee b28d a22c a24d 9a0c 81ac 690a 692b 81ad 8a2e 79ed 612a 50a8 4867 4848 4848 58ca 716c 92b0 9b52 6129 5067 5067 5888 5868 718c 8a2e 71ab 716b 5046 58a7 6909 5887 58a7 60c9 5889 5068 614b 8b32 694c 4007 592b 8bb5 82d3 820d abb2 a3d4 820d 99eb 9a4d b454 e5f6 e5d3 e5d4 e5d4 ddb4 ddb4 ddd5 dd94 dd54 d574 d553 d553 d533 d532 d553 d553 d553 d573 d553 d4f2 ccb2 ccd2 cd33 d574 d554 d554 d574 d574 d595 d594 d594 d574 d513 dd33 e534 ed74 edb5 ed74 ed13 e430 c28b 99a9 8149 8149 9ace 928e 81cb 924d 8a0d 8a2d a32f abd2 9b2f a30f 9a8e ab0f c3d0 d3f1 e450 ecf1 ed52 f5f4 fe53 ed8f b2ea 6086 4847 5047 5887 58a7 5887 5867 60a7 60a7 60c8 68e8 68e8 60c7 60a7 68e8 60e8 6908 68c7 60c7 58a7 58a7 58a7 60a7 5887 58a7 60e7 6108 60e9 58c9 694a 794a 8a0b ab0e c38e bb6e b34e b32d b32e cbd0 d470 d4b0 d4b0 d4b0 dcb0 dc90 d490 d490 d490 d470 d490 d490 d470 d46f d470 d490 d490 d490 d490 d470 d470 d470 d44f d470 d490 cc50 d450 d470 d470 cc50 cc70 d470 d46f d44f d42f d450 cc50 cc4f cc4f cc2f cc30 cc2f cc2f cc2f cc0f cc0f,
b26b b26a b26a b24a b26a b22a b22a b24a aa2a aa09 b209 aa09 aa09 a9e8 a9e9 b1e8 c229 ca89 d30b db6b e3ac e40d ec4e ec8e ec8e ecaf ecaf ecae eccf ecce ecce ecce ecae ec8d ec6d ec0d e3cc db4b d2ca ba4a 99a9 8948 8148 8948 9168 9988 99a9 99a8 a1c9 a1e9 a1c9 aa09 aa0a a9e9 aa09 a9e9 a9e9 a9e9 a9e9 b209 b209 b209 aa09 b209 b209 b209 b209 ba09 b229 b249 ba4a ba29 ba29 ba49 b249 b229 aa09 a9e9 9989 a189 d40c fed5 fe52 f5d1 f590 f5b0 f590 f570 ed50 d36c b1e9 cb6c dbac c28b c2ab cb0d cb2d c2ed baac b2ad c2cd c2ed cb0d c32e baee bb50 c371 bb10 b311 b311 b2d1 aad0 b2f1 b2af baef c330 c30f c2ee ba6c 99eb 89aa 99cb 91cc 818b 798c 716c 79ad 8a2e 8a6f 79cc 60e9 50a8 5088 5068 5048 5889 716c 9311 92f0 58a8 4847 5068 60e9 610a 694b 716b 714a 692b 6088 60e9 714b 690a 60c9 692b 60cb 5068 69ac 8ad2 694d 5069 722f 8b95 8af2 ab71 bc12 9b73 81ac 9a6d ab91 c4d5 e5b4 e593 e5b4 ddb4 ddb4 ddd5 ddb5 dd94 dd74 d574 d553 d533 d553 d553 d553 d553 d553 d533 d512 ccf2 cd12 ccf2 d534 d574 d574 d574 d554 d574 d595 d554 d554 dd33 e534 e554 ed95 ed95 edb5 ed94 e533 dc70 cb0d b20a 91ca 816b 81cb 9aee 9b10 928e 926d 926e 9ace b3f1 ab91 a350 a310 ab2f c3f1 d411 e4b1 f572 f5d3 f5d1 dc6d a2a9 7107 5887 5087 5887 5887 5887 5887 5867 60c7 60c7 68e8 68e8 60c7 60a7 60a7 60e8 60e7 68e7 68c7 60c7 58a7 58a7 58a7 60a7 5887 60c7 60e7 60e8 60c8 60e9 692a 798a 9a6c b34e bbae bb6e ab2e ab0d b34e cbf0 d490 d4b0 dcb0 d4b0 d4b0 d4b0 d490 d470 d490 d470 d48f d490 d470 d470 d490 dc90 d490 d490 d490 d470 d490 d470 d450 d470 d470 d470 cc50 d450 d450 d450 d470 d470 d450 d450 d450 d450 cc50 cc50 cc50 cc30 cc4f cc2f cc2f cc30 cc2f cc0f,
b24a b24a b26a b26a b24a aa2a b22a b22a b22a aa09 aa09 b209 aa09 a9e9 a9c9 b1e8 ba29 ca89 d30b db6b e3ab e42d ec6e ec8e ecae ecae ecae eccf ecaf ecae ecce ecee f4ce f4ae f46d ec0d e3cc e34b d2ea ba2a a1a8 9168 8128 8928 9168 9168 99a8 99a9 99c9 a1e9 a1e9 aa0a a20a a1e9 a1e9 aa09 a9e9 a9e9 b1e9 b209 a9e9 a9e9 b209 b20a aa09 aa09 b229 ba2a b229 ba29 ba49 ba4a ba6a ba6a ba49 b24a b249 b208 a1c8 9969 a9e9 ed2f feb6 f5f2 f5d0 f590 f570 f5f0 ed50 c2ab c30b dbcd d2eb c28b c26a c2cb bacc ba6b b26b bb0d cb0e caed cb2e c32f bace baee bacd b26d b2ae b2ef bb30 bb31 b2f0 a2b0 a2af a2f0 a2b0 9a2e 89ac 712a 712a 818c 816b 818c 89ad 81cc 922e 8a4f 81ee 694b 60ea 60e9 60e9 5088 5068 58a9 79ee 92b0 822e 5888 5048 60a9 71cc 79cd 5887 58a8 60c8 60c9 60ea 692a 79ac 81ee 81ee 79ee 79ce 712c 7a2f 8290 718e 692c 7a50 8af3 8230 ab10 abb3 92f2 92d0 c4b4 ccf4 d535 dd93 e593 dd73 dd53 dd94 ddb5 d594 d574 d573 d533 d532 d533 d533 d533 d533 d532 d533 d512 d512 d513 d513 d4f2 d533 d574 d574 d574 d554 d554 d555 dd75 e574 ed74 ed74 ed95 edb5 edd5 edf6 edb5 e574 e512 dbcf caab a9e9 99ea 898b 818a 9b0e a330 8a0c 81eb 798b 92ad b3f2 ab91 ab91 ab50 bbb1 d432 e4f2 ed10 dc6d b2a9 78e6 5847 5047 5867 58a7 58a8 58a7 58a7 5887 6087 60c7 68e7 6108 6908 68c7 60c8 60e8 68e8 68e7 68e8 60e7 60c7 5867 5867 6087 60a7 60a7 60c7 60e8 58a8 58a8 612a 694a 89cb aaed bb6e bb8e b34e ab2d ab2e c3af d450 d4b1 d4b1 dcd0 d4b0 d4d0 d4b0 d490 d470 d490 d490 d490 d490 d490 d490 d490 d490 d470 d470 d470 d470 d490 d470 d470 d470 d470 d470 cc70 d450 d470 d470 d470 d450 d450 d450 d450 cc30 cc4f cc4f cc50 cc4f cc2f cc4f cc2f cc0f cc0f cc0f,
b24a b24a b26a b26b b24a aa2a b22a b229 b229 aa29 aa2a aa0a a9e9 a9e9 a9c8 a9c9 ba09 ca8a d30b db6b e3cc e42d ec4d ec6e ecae ecae ecae eccf ecae ecce f4ae f4ce f4ce f4ae f44d ec0c e3cc e36b d30b b229 99a8 9148 8908 8907 9148 9188 9988 a1c9 99c8 a1e9 a1e9 a9e9 a9e9 a1e9 aa09 aa09 a9e9 aa09 b1e9 b1e9 a9e9 a9e9 a9e9 aa09 a9e9 aa09 b229 ba4a b22a ba29 ba4a ba6a ba6a ba6a ba49 b24a b229 b208 a9e9 a189 a169 d42d fed6 f675 f5f1 f5af f590 f5f0 ed70 cb2b d38c db6c cacb c2ac ba8b baab b28b aa0a b26c c2ed c30d cb0d c32e c2ee ba8c b2ac aa4c b22c baae c2ee cb2e c32f c30f c350 b310 9aae 926e 81ad 712b 712a 796c 794c 794b 89cd 89ac 81ac 924f 8a4f 718c 694a 610a 6109 6109 50a8 5088 60ea 79cd 820d 820e 58c9 5888 68ea 79ed 718b 5867 58a7 60a8 58c8 60c8 6109 692a 716b 79ac 716b 696b 712b 7a0e 7a0e 698c 694c 71ed 8ab2 79af 9291 a3d5 92d1 abf3 d555 ccb3 d534 dd73 dd52 dd32 dd33 dd74 dd94 d574 d573 d533 d4f2 d511 d512 d513 d533 d512 d512 d512 d512 d513 d513 d513 d4f2 d533 d554 d554 d554 d534 dd54 e575 ed95 ed94 ed94 ed94 edb5 edb5 edd5 f5f6 edd5 edb4 e573 e450 d32d ba09 a1a8 89ca 712a 71a9 9b2f 924d 79ab 716b 79ab ab91 abb1 ab91 ab71 bb91 d431 e491 dc0d c30a 8989 5867 5867 5867 5867 58a7 5887 58a8 58c8 58a7 6087 60a7 68e7 6108 68e8 68e8 68e8 6908 6908 68e8 6908 60e7 58a7 5867 5887 60a7 60a7 60a7 60c7 60c8 5888 58a8 692a 716a 920c ab2d bb6e b36e ab2e ab2d b32e c3cf d470 d4d0 d4d0 d4b0 d4b0 d4d0 d4b0 d490 d470 d490 d490 d490 d490 d490 d48f d490 d470 d46f d470 d46f d470 d490 d490 d490 d490 d470 d470 d470 d470 d470 cc70 cc70 cc4f d450 d44f d44f d450 cc4f cc4f cc4f cc4f cc2f cc2f cc2f cc0f cc0f cc10,
b24a b26a b26a b24a b24a b22a b22a b229 b229 b229 b20a a9e9 aa09 a9e9 a9c8 a9c8 ba29 c28a d30b db6b e3cc e40d ec2d ec6e ecae ecce ecce ecae ecae eccf ecce eccf ecae f4ad ec6e ec0d e3cc db6b d2ea ba69 a1c9 9148 8107 8928 9168 9188 9188 99a8 a1c9 a1a9 a1e9 a9e9 a9e9 a9e9 a9e9 a9e9 a9e9 a9e9 a9e9 a9e8 a9e9 aa09 aa09 a9e9 b209 b209 b209 b229 ba29 ba4a c229 ba4a ba6a ba8a ba6a ba49 ba49 b229 aa09 a1c9 9969 cb6c fe94 fef5 fe54 f5f1 f5d0 fdf1 ed50 e46e d38c c2cb c2cc c2ec c2cd ba8b aa2a aa4b b2ad c2ed cb0d c30e baed baad b26c b26c baac c30d d32e d30e caee c2ad aa0b c30d cb4f baee a26d 818b 692a 696b 716c 68ea 690a 794b 712b 798c 8a2e 820d 718b 696b 610a 58c9 58c8 50a9 58c9 694b 714c 716b 820f 798c 718c 716b 6109 58a8 58a8 58a7 58a7 58a7 58a7 58c8 58a7 58a7 58c7 58a8 5067 5047 612b 716c 716b 79ad 79ed 79ef 698d 8b12 9b52 9b32 b412 c452 c473 d533 dd53 dd12 d4f2 d554 d553 d573 d553 d512 ccf2 ccd2 ccb1 ccf3 d533 d512 ccf2 d4f2 d512 d533 d512 d513 d512 d533 d512 ccf3 cd14 dd54 e594 edb5 edb4 ed95 ed95 ed95 ed95 edb5 edb5 edb5 edd5 edb5 f5b4 ed94 e4f2 e3ce ca8a b1c9 9189 816a 60e9 6949 92ce 8a4d 81ec 714a 8a4c abd1 ab91 b3b1 b3d1 cc31 cc10 c30c b2aa 99c9 6087 5047 5867 5887 58a7 5867 5887 5887 60a7 68c7 60c7 68e7 68e8 6908 6908 68e8 68e8 68e8 60e8 60e7 60c7 58a7 5866 5887 58a7 60c7 68e7 60c7 58a7 58a8 6109 712a 81cb a2cd bb8e bb8e b34e ab0d ab2e bb6e c3ef d470 d4b0 d4b0 d490 d4b0 d4b0 d4b0 d4b0 d490 d4b0 d4b0 d470 d48f d490 d490 d490 d490 d490 d470 d470 d490 d490 d490 d490 d470 d470 d470 d490 d490 d490 d470 d450 d44f d450 d44f d450 d450 d430 cc4f cc4f cc4f cc2f cc2f cc2f cc0f cc2f cc2f,
b22a b26a b26a b24a b24a b22a b229 b22a aa09 aa09 b22a aa09 aa09 a9c9 a1c9 a1c8 b229 c289 d2ea db4b e3cc e3cc e44d ec8e ec8e ecae ecce ecae ecaf ecaf ecce ecce ecae f4ae ec6d ec2d e3ac db4b d2ea c269 a1c9 9128 8107 8948 9168 9168 99a8 99c9 a1c9 a1c9 a1e9 aa09 b209 b209 aa09 aa0a aa09 aa09 a9e9 a9c8 a9e9 a9e9 aa09 a9e9 b209 b209 b209 b22a b229 b22a ba49 c26a ba6a ba8a ba6a ba6a ba69 ba29 aa09 a1a9 a169 cb4c fe75 fe93 feb4 f633 fdd1 fdf1 f590 ecee d36c c2cc c2ec caeb c30d b26d a1eb b28c c2cd c30d c2ed c2cd b26c baad bacd c2cc d36e db4d d2ec d30d cb0e b28d 91cb aaad cb0d bacd aa6d 896a 712a 692b 694b 690a 60ea 58ca 60a9 718c 8a2f 79ad 796c 714b 716c 60ea 58c9 58ea 610a 718d 692b 58a9 8230 9291 822f 716b 5087 5888 58a7 58a7 58a7 58a7 58c8 58a8 58e9 58c8 5887 50a8 5088 4867 58ea 798d 8a0d 9aaf 81ed 718e 616d 82d3 9332 9bb3 ac32 bc51 ccd2 dd13 dd33 d4f3 d513 d554 d553 d553 d4f2 ccf2 d512 ccb2 ccd2 d533 d513 cd13 d513 d533 d533 d533 d4f2 d513 cd33 cd13 c4b2 ccd3 dd54 ed94 edb5 edd5 edb5 edb5 edb5 edb5 edb5 edd5 edb6 edb5 edb5 edd5 f5d4 ed93 ed12 e40f d2cb b9e9 a9e9 8989 7129 5888 6108 8a6c 8a0c 796b 7149 a32f ab71 b391 bc12 c452 c3f0 c32d ba8a 9988 68a7 5088 5067 5887 5067 5087 5887 60a7 68e8 6908 68e8 60c7 68c7 68e8 6928 6908 68e8 6908 6108 60c7 60a7 58a7 5867 5866 58a7 60a7 68c7 60c7 58a8 58c9 6909 714a 922c b34e bb8e bb6e b34d aaed b32d c38e cc0f d470 d4b0 d4b0 d4b0 d4b0 d4b0 d490 d4b0 d4b0 d4b0 d4b0 d490 d4b0 d490 d490 d490 d4b1 d48f d48f d490 d471 d470 d490 d470 d470 d450 d470 d470 d470 d470 d46f d44f cc6f d450 d44f cc4f d44f cc50 d44f d44f cc2f cc2f cc4f cc2f cc30 cc2f cc0f,
b24b b24a b24a b24a b24a b22a b22a b24a b229 b209 b209 aa09 aa09 a9c8 a1a8 a1c9 b229 c28a d2ea db4b e3ac e3ed e44d ec8e ecae ecae ecae ecae ecaf eccf ecce ecce eccf f4ae ec6d ec0d e3cc db4b d30a ba69 a1a8 8948 8128 8948 9168 9168 9988 99a9 a1e9 a1c9 a1c9 a9e9 aa09 aa09 aa09 aa09 aa09 aa0a aa09 aa09 a9e9 b1e9 a9e9 a9e9 b1e9 b209 b209 b22a b229 b229 ba4a c28a c26a ba6a ba6a ba6a ba49 ba29 aa09 a1c9 a169 cb2c fe95 fe94 fe73 fe73 fe11 fdf0 f56e e3cb c2ab c2ab c2cc c2cc c2cc ba8c b28c baad c2ec baec baac b28c b26c bacd cb0e d34d d34d d32c d30d caed c2cd b26d 99eb aaad b28c a20b 91ab 814a 818c 716c 612a 60e9 58c9 5088 58a9 692a 79ad 798c 714b 714b 798c 798c 692a 58c9 58c9 71ad 690b 5889 822f 92d1 92b1 798c 5087 5867 58a8 58c8 58a7 58a7 58c8 58a8 58e8 58c8 5087 50a7 5088 4868 612a 926f a2ce 9a2c 89ac 79af 7a30 9c36 a3d2 b473 ccf3 d4d1 dd12 dd13 d533 d534 d574 d594 d574 d533 d4f2 d4d2 d4b1 ccd2 ccf2 d513 d513 d513 d533 d533 d512 ccb1 d512 d513 ccf3 ccd2 d4d3 dd34 ed95 ed94 edb5 edd5 edd5 ed95 edb5 edb5 edb5 edd5 edb5 edb5 edb5 edd4 f5d4 ed94 ed11 e42f db2c c209 a9c9 9189 7129 58a8 5067 79aa 926d 81ab 714a 92ae ab91 b370 bbf1 c431 cc10 cb6d ba8b 8148 6087 5887 5067 5867 5067 5887 5887 6087 60c7 6908 68e8 60e7 68c7 68e8 68e8 6908 6928 6908 60e8 60a7 60c8 58a7 5867 5866 5886 60a7 68c7 60c7 58a8 58c9 690a 798b 9a8d b34e bb8e b36e b32e b30d b34e c3cf cc30 d470 d490 d4b0 d4b0 d4b0 d4b0 d490 d490 d4b0 d490 d490 d490 d490 d490 d490 d490 d490 d48f d48f d490 d490 d470 d490 d490 d470 d450 d470 d470 d470 d470 d450 d470 d470 d44f cc70 d44f d44f d44f d44f d44f cc4f cc4f cc2f cc2f cc2f cc0f cc0f,
b26b b24a b22a b22a b24a b24a b24a b24a b229 a9e9 b209 aa09 a9e9 a9c8 a1a8 a1c9 b229 c2aa d2ea db4b e3ac e40d e42d ec8e ecae ecae ecae ecae eccf ecef f4cf ecaf ecce f4ce ec4d ec0d e3cd e36c d30a ba69 a1a9 9148 8928 8928 9169 91a9 99a9 a1ea a1e9 a1c9 aa0a aa09 aa0a aa09 aa09 aa0a aa0a b229 aa0a aa09 aa09 b209 b1e9 a9e9 a9e9 b1e9 b209 b209 ba2a ba49 ba6a c26a c26a c28a ba8a ba6a ba49 ba29 b229 a9c9 a149 cb0b fe74 feb4 fe73 fe93 fe73 fdd0 e44c c249 b209 ba8b c2ed c2cc b2ac baad c2cc caec c2ec b28c aa2b b24b c2ed cb2e d34e d34d d30c d30d cb0c c2ed baad a20b 8969 9189 8969 70a8 68c8 81cd 81ed 692a 58a8 58c8 5087 50a8 58a8 58c9 716b 81ce 714b 696b 79cc 820e 718c 50a8 58c9 71ac 690b 5068 694c 8ad2 9b93 8a90 60e9 5066 5887 58a7 60c8 58a8 5887 5087 50a8 5087 4867 4847 4848 692a 924d ab30 aa6c 8949 9a0d a333 9b74 bcd5 bbf2 d513 e572 dd32 dd32 d553 dd54 dd74 dd94 dd74 d553 d513 ccd2 cc91 cc71 ccb2 ccd2 d4d2 d513 d554 d533 d512 cc91 c450 ccb2 ccd2 d4d2 dd13 ed54 ed95 edb5 edb4 edb5 edf6 edf5 edb5 edb5 edb5 ed95 edb5 edb5 f5f5 edb5 edb5 f5b5 ed94 ed12 ec90 db8d ca6a b1a8 9969 7928 60a7 5868 58c8 820b 89eb 796b 81eb ab70 b391 b370 c3f1 d410 cb8e aa4a 70e8 5887 5887 5887 5887 5887 58a7 6087 6087 60a7 68c7 68e8 6908 68e8 68e7 6908 6908 6908 6908 60e7 58a7 60c7 58a7 5887 5867 5887 68c7 60c8 58a7 5888 58a8 714a 924c ab2e bbaf bb8e b36e b32d b32d bb8e c430 d470 d46f d46f d490 d4b0 d4af d490 d490 d48f d490 d490 d48f d4af d470 d46f d46f d46f d490 d490 d490 d470 d4b0 d48f d48f d48f d46f d470 d470 d470 d470 d450 d470 d470 d450 d450 d46f d470 d450 d42f d450 d44f d44f d450 cc2f cc2f cc0f cc0f cc0f,
b24a b24a b22a b22a b24a b24a b26a b24a aa2a aa0a aa09 aa09 a9e9 a1c8 a1c9 a1a9 b209 c28a caeb db4c e3ac e3ed e44e ec6e ec8e ec8e ecae ecce eccf ecef f4ce ecaf ecae f4ae ec4d ec0d e3cd e36c d2ca ba6a a1a9 9148 8928 8928 9148 99a9 99a9 a1ea a1e9 a1e9 aa0a aa09 aa0a aa09 b209 b20a aa2a b209 aa0a aa0a aa09 b209 b209 b209 b1e9 b1e9 b22a b22a b229 ba4a ba6a c26a c28b c28a ba8b ba6a ba4a b229 b22a a9c9 a169 cb0b fe74 feb4 fe73 fe71 feb4 f5b0 db6a b1e9 b209 c2ab c2ec baac b2ac bacd c2cc c2ed baed aa4b aa2c ba6c cb2d d34e d34d cb2d cb0d caed c2ac c2cc baed 99eb 70c7 70c7 70e8 5867 58c8 820e 79ab 60c8 5888 58c8 50a8 50a8 58a9 58a8 716b 822f 716b 692a 71ac 820e 79ad 4888 58c9 71ac 692b 5048 58aa 8291 9b93 9b53 71ad 5087 5087 5887 58a7 58a7 5887 5087 5067 5046 4847 4027 5888 924d ab0f a2cf 99cb 896a ab30 b475 a3b3 bc95 bc33 d533 dd52 dd32 dd52 d573 dd74 dd94 dd94 d573 d533 d4d2 ccb1 cc71 cc91 ccb1 ccb2 ccb2 d513 d574 d533 ccf3 c451 c451 cc92 d4d2 e513 ed53 ed74 ed94 edb5 edb4 edb5 edf6 edf5 edd5 edd5 edb5 ed95 edb5 edd5 f5f5 edd5 f5d5 f5b5 ed94 ed53 ec91 db8d ca6a b1c8 9969 7908 60a7 58a8 5088 7149 89cb 796b 798a a34f b3b1 b391 c432 d410 cbaf a1c9 68a7 60c8 58a8 58a7 58a8 58a7 58c7 5887 6087 68c7 68c7 68e8 6909 68e8 68e8 6949 6929 6909 6908 60e8 58a7 5887 5887 6087 5887 60a7 68c7 60a7 5887 50a8 58a9 716a 9a8d b36e c3ce bb8e b34e b32d b34e bbcf cc30 cc50 d44f d46f d490 d490 d4af d4b0 d490 d490 d490 d490 d4b0 d4af d470 cc70 d46f d470 d490 d490 d470 d470 d490 d48f d48f d48f d470 d470 d470 d470 d470 d470 d470 d450 d42f d450 d44f d450 d450 d44f d44f d46f d44f cc30 d42f cc2e cc2f cc0f cbf0,
aa4b b24b b24a b24a aa4b aa4b b24a b24a aa4a aa0a aa09 aa09 aa09 a1e8 a1c8 a1a8 b209 c28a d2eb db4c e3ac e3ed ec2d ec6e ecaf ecae ecae ecce ecae ecaf ecaf ecae ecae ec8e ec4d ec0d e3cc e36b d2ea ba6a a1c9 9168 8928 8948 9148 9188 9989 a1c9 a20a a1e9 a9e9 a9e9 aa09 aa0a a9e9 aa0a aa2a b209 aa0a aa0a b209 b1e9 a9e9 b209 b209 b209 b22a ba4a ba29 ba4a ba6a c26a c28a ba6a c26b c26a c26a ba49 b24a b1e9 a989 c2aa f613 fed5 fe93 fe72 fe92 eccd c269 b1e9 ba09 ba6a baab ba8b ba8b baac c2cc c2ac b28c b26b c2ac caed caec caed cacc cb2d d30d c28c bacd c2ed bb0d 920b 58a8 5067 6088 60c8 696b 79cc 68e8 58a8 5888 5888 58a8 58a8 58c9 5088 60e9 79ed 81cd 712b 692b 79cc 79ed 58ea 5088 71ac 79ad 5047 5089 612b 7a4f a3d5 9b13 79ce 79ad 718c 60e9 5067 5067 5067 4846 4847 4067 58e9 9acd cc10 b2ee 920c 9a2d bb70 d4f3 ccd3 a372 a3d4 c4b5 dd94 dd53 dd33 dd54 dd94 ddb5 ddd5 dd94 d553 d4f2 ccb2 cc91 cc70 cc71 ccb2 ccf2 cd13 d554 d554 d4f3 cc91 cc71 dc91 e4b1 ecf1 ed33 ed33 ed53 ed94 edb5 ed94 edb4 edd5 edf5 edd5 edd5 edd5 edd5 edd5 f5f5 f5f6 f616 f5f6 f5f5 f5f5 ed93 ecd1 e3ee caab b1c9 a1a9 8149 5887 5087 5068 5887 81aa 81ab 7109 9ace bc13 bbd2 cc53 d472 c38f 8169 6087 60a8 58a8 58a8 5887 58a7 58a7 60a7 60a7 68c7 68c7 68e7 68e8 68e8 6908 6929 6929 6908 6908 60c7 58a7 58a7 5887 5887 60a7 60c7 60a7 58a7 58a8 58c9 6909 89eb aaed bbae c3ae bb8e b34e b34e bbae c40f cc2f cc2f cc0f cc0f cc4f d470 d490 d490 d490 d490 d4b0 d4b0 d4b0 d490 d490 d490 d46f d48f d470 d46f d470 d470 d470 d490 d490 d490 d490 d470 d470 d470 d450 d470 d450 d450 d450 d44f d450 d46f cc4f cc50 d46f cc4f cc2f cc2f d42f d42e cc2f cc0f cbef,
aa2a b24a b26a b26a aa4a aa4a aa0a aa2a aa0a aa29 aa29 aa2a a9e9 a209 a1c8 a9e9 b229 c28a d30b db4b dbac e3ed e42e ec6f ecaf ecce ecae ecae ecaf eccf ecaf ecaf eccf f48f ec4e ec0d e3cd e36c d2eb ba49 a1e9 9168 8928 9128 9168 9188 9988 a1c9 a1ea a1c9 a9e9 a9e9 aa09 aa0a b20a b209 b209 b22a b24a a9ea a9e9 aa09 a9e9 b209 b22a b24a b22a b22a b229 ba6a ba4a ba4a ba6a c28a c28a c26a ba4a ba6a ba49 b209 a9ca b229 ed70 fef6 fe93 feb3 fe11 db6a b209 b229 ba29 b229 b24a ba8b baab baab bacd b26b b24b c2cc d30c d32d c2ed c2cc b20a c2ec cacc ba6c baad c2ed baee 9aae 6129 4847 5047 7109 822d 716a 5866 5887 5887 5888 58a7 5887 58a8 5888 50c9 692a 79cd 79ad 690a 694a 79cc 716c 50a8 69cc 79ee 5067 58a9 5089 612b 9bb4 9312 798c 81ed 826e 71ac 5087 4866 4867 4847 4026 5088 928d d4b1 d3ce aa0b 99ec bbb2 dd55 dcd0 d471 ab92 9333 bc95 ddb5 dd33 dcf2 dd53 ddd5 ddb5 ddb4 dd74 d4f3 d4b2 cc91 cc92 cc71 cc71 ccb2 ccf3 d574 d594 d532 d470 d42f e450 ec91 ecb1 ecd2 ed33 ed33 ed74 ed94 edb4 ed94 edb4 f5d5 edd6 edf5 edf5 edf5 f5f6 f5f6 f5f6 f616 f637 f616 f616 f616 edd4 ed32 e450 d30c ba09 a1c9 9168 6087 5067 58a8 5888 7949 81ab 710a 922c bc33 c412 cc73 d4b2 bb4f 7908 5867 5887 58a8 5887 5887 5887 58a7 60a7 60c7 60a7 60c7 60e7 60e8 6908 6908 6908 6949 6929 60c7 58a7 58a7 58a7 58a7 5886 6086 68e7 60a7 58a7 58e8 60e9 716a 9a6c b36e bbce c3ae bb6e b34d bb8e c40f cc2f cc2f cc0f c40f c40f cc2f cc2f cc4f d470 d470 d490 d4b0 d4b0 d4b0 d490 d4b0 d48f d48f d4af d470 d46f d46f d470 d470 d48f d48f d490 d490 d46f d470 d470 d44f d470 d450 cc70 d450 d44f d44f d46f cc50 cc4f d46f d46f cc2f cc2f cc2f cc2f cc2f cc0f cbef,
aa2a aa4a b22a b24a b22a aa4a aa29 aa2a aa2a b209 aa29 aa2a aa0a a9e9 a1a8 a1e9 b22a c28a d2eb db4b dbac e40d e44e ec6e ec8e eccf ecae ecae ecaf eccf ecce ecce ecae ec8e ec6e ec0d e40d e36c d2eb ba6a a1e9 9168 8928 9128 9168 9988 9988 a1c9 a1ea a1c9 a9e9 aa09 aa09 aa09 b1e9 b209 b209 b209 b22a b209 aa09 aa0a aa09 b20a b20a b229 b22a ba09 b229 ba29 b22a ba6b ba6a c2ab c28a c26a c26a c26a c249 b229 a9ca b1c9 e44d fed6 fe93 feb3 f5d1 caea b229 ba6a ba6a b24a b24a ba8a baab b28b b28c b28c c30d cb0d cacb caec cb2d cb0c a20b aa6c ba8c b24c aa4c a20b 99eb 89eb 6109 5868 5888 79ab 8a4e 7129 5067 5067 5067 58a8 60c8 5887 60c8 58c8 50c8 58c9 694a 79cd 716b 694b 716b 694b 610a 71cd 79ce 5087 60ea 58ca 614b 9bd4 92f1 60a8 60c8 6109 58c8 5067 4867 4046 4026 4827 824c c450 d3ce ba8c b26c bb70 d514 dd12 dc70 d491 b3f2 9353 ac35 cd55 d534 d4b2 dd32 ddb5 dd73 dd53 dd54 d4f3 d4b2 ccb2 cc92 cc91 cc71 ccd2 d554 d594 d512 d470 dc10 e430 e491 e4b1 ecf2 e512 ed33 ed74 ed94 edb5 edd5 edb5 edb5 edf5 edf5 edf6 edd5 edd5 f5f6 f5f6 f616 f637 f637 f636 f636 f636 f5d4 ed53 ec91 db4d c229 a9c9 9968 70a7 5047 5087 58a8 68e8 798a 792b 81ab bbd1 c453 ccb3 d4b2 bb4e 7908 5867 60a7 58a7 5887 60a7 60c7 60a7 60c7 60c8 60e8 68e8 68e7 60e8 68e8 6908 6928 7149 6908 60c7 58a7 5887 5886 5887 5887 60a7 60e7 5887 5887 58c8 60e9 81aa a2cd bbaf c3cf c38e bb4e b34d bbaf cc30 cc4f cc2f cc0f c40f cc0f cc2f c40f c40f cc50 cc50 d450 d46f d490 d48f d490 d490 d470 d46f d46f d46f d470 d470 d46f d46f d48f d490 d490 d4b0 d470 d450 d470 d450 d470 d470 cc70 d430 d450 d450 cc50 d44f d44f d46f d44f cc4f cc4f d42f d42f d40f cc0f cc0f,
aa0a aa2a b24a aa2a aa2a aa4a b24a b24a b22a aa29 aa09 aa09 aa0a a9e9 a1c9 a1c9 aa09 ba8a d30b db6b e3ac e40d e44e ec6e ec8e ecae ecae ecae ecaf eccf ecee ecaf ecce f4ce ec8e ec2d e3cd e36c d30b c28a a1ea 9189 8928 8968 9168 9968 9988 a1c9 a1e9 a1e9 a9e9 aa0a aa2a aa2a aa09 aa09 b24a b20a b22a b209 b209 b22a aa09 aa2a b20a b209 ba29 b20a b1e9 ba4b cbcf cb0b c229 c28a c28a c26a c28a c26a c269 ba49 b209 a9aa caea f633 fef6 fed4 ed0f c28a ba6a ba6a c2aa c2ab ba8b ba6a ba6a aa0a aa4b c2ed d36d cb0c c2cc c2ab b24b aa4b 818b 7149 818a 89cb 816a 7909 8149 89aa 794a 6088 60c9 822e 8a0e 60a8 5067 5087 5087 6909 6909 60c8 6909 58a8 58a8 58a8 58a8 692a 716b 692a 610a 60ea 694b 820e 71ad 58c9 698d 58aa 58ca 8b10 9b73 60a9 5046 5046 4846 4846 4826 4026 4867 8a4c d470 d3ee ba2b ba4c cbf1 dd54 e532 dc90 dc70 dc91 c431 9b93 ac55 bcf5 bcb4 c494 dd54 ddb5 d533 d533 d513 d4d2 d4d3 d4d2 ccd2 ccb2 ccb2 d513 d532 d490 d3ae dbef e450 e490 e4b1 e4d1 ed12 ed53 ed33 ed94 ed94 edb4 edd5 edb4 edd5 edf6 edf5 edf5 edd5 f5d5 f5f6 f5f6 f616 f616 f637 f636 f636 f656 f615 f5b4 ecf1 e3ce ca8b b9e9 a1a8 80e7 5867 4867 5067 5887 7108 798b 710a 9aad c473 d493 dcd3 bbb0 7949 58a8 68e8 60c8 58a7 60c8 68e8 60c7 6908 60e8 60e8 68e8 68e8 68e8 6908 6949 6928 6928 68e7 60a7 58a7 5887 58a7 60a7 60c7 68e7 60e8 58a7 5088 5888 6909 926c b36e c3ef c3ce bb6e b32d bb6e cc0f cc70 d490 d44f cc0f cc30 cc0f cc10 c410 c40f cc0f cc10 cc0f cc0f cc2f cc2f cc50 d44f d450 cc6f d46f d46f d470 d470 d46f d470 d46f d490 d470 d490 d490 d470 cc70 cc70 d470 d470 d470 d450 d450 d450 d44f d44f d44f d44f d42f d42f d42f d42f d40f cc0f cc10 cbef,
b1ea aa2a b26a b24a aa2a aa4a b24a b24a b229 aa09 aa09 aa09 aa09 a9e9 a1c9 a1c9 aa09 ba6a d2eb db6c e3ac e40d e44e ec6e ec8e ecae ecce eccf ecae eccf eccf eccf ecaf f4ce ec8d ec2d e3ad db6c d30b c26a a1ea 9189 8948 8968 9148 9168 9988 a1c9 a1c9 a1e9 aa09 aa0a b24a aa2a b22a aa2a b24b b22a b22a b22a b209 b20a aa09 aa0a b20a b209 b1e9 b1ea b20a c36d dcd0 caea ba29 c28a c2ab c26a c26a c269 ba49 ba49 b22a a9ea ba8a ed90 ff37 fed4 ecae ca69 ba6a ba6a c2cb c2cc baab ba6b b20a aa0a bacc cb4e d30c caec cb2d c2cd 99ca 91ec 81ab 692a 7149 89eb 816a 70c8 8129 91ca 7929 5868 60e9 8a6f 81cd 5887 5087 5088 50a8 694a 692a 60e9 68e9 5888 5888 58a8 60c9 58c8 6109 692a 610a 58c9 690a 822f 820f 696b 7a0e 58aa 5069 7a2d 9bd4 690a 5066 5067 4846 4846 4027 4006 694a bbef dc6f c2cc aa0b c32f dcf4 dd32 dcd1 dc70 dc90 dc91 c432 a393 b494 c534 b4b4 c4b4 dd75 ddb5 d574 d553 d4f3 d4b2 d4d2 d4d2 d4f3 ccd2 d4f3 d513 d4b0 d3ce dbcf e430 e470 e490 e4b1 e4d1 ed12 ed53 ed33 ed74 ed94 ed94 edd5 edb4 edd5 edd6 f5d5 edd5 edf5 f5d6 f616 f616 f637 f616 f637 f636 f636 f657 f615 f5b4 ed32 e40f d2cb c209 a9a8 88e7 60a7 50a7 5067 5867 60c7 796a 710a 8a0b bc53 cc72 dcd2 c3f1 81ab 58c8 6929 60e8 58a7 60c8 60c7 60a7 68e8 60e8 60e8 68e8 68e8 6908 6908 7149 6949 6928 60e8 58c8 5887 5887 58a7 60a7 60c8 68e8 68e8 58a7 5088 5088 6929 9aad bb8e c3ef c3ad bb6d b34e bb8e cc2f d470 d490 d44f cc2f cc2f cc0f cc10 cc0f cc0f cc0f c3ef cc0f cc0f cc0f cc0f cc2f cc2f cc30 cc6f cc6f d46f d470 d46f d46f d470 d470 d46f d470 d470 d470 d490 cc70 cc70 d450 d450 d46f d470 d44f d450 d44f d42f d42f d44f d450 d42f d42f d430 d430 cc2f cc10 cbef,
b22a b24a b24a b24a b24a aa2a aa2a aa2a aa29 aa29 aa2a aa29 aa09 a9e9 a1c9 a1c9 b229 c26a d2eb db4c e3ac e40d e44d ec6e ecae ecae ecaf ecae ecce eccf ecce ecce ecaf ecae ec8d ec2d e3cc db6c caeb b28a a20a 9189 8928 8948 9148 9188 a188 a1c9 a1c9 a1e9 aa0a aa0a aa2a b20a b22a aa4a b24a b22a b22a b22a b209 b1e9 aa0a b209 b209 aa0a b1e9 b20a c32c dc0d d32a c249 c26a c28a c28a c28a c26a c28a c28a c28a ba6a b24b b22b d3cc feb4 ff16 e4cf c249 c26a c28a c28a c2aa c2ab b26b b22a baac caec caec caec cacc d32e d34e baad b28c aa6c 9a2c 89cb 818a 68e8 5887 60c8 60a7 5068 5068 6909 8a8f 798b 5067 5088 50a8 692a 716b 60c8 60e9 60c9 58a8 58c8 60e9 68e9 5888 58a8 692a 610a 60c9 60aa 71ad 9291 92d1 8ab1 692b 5889 6129 9392 7a0d 4846 4846 4046 4047 4867 718a bbce dc2f cb0c ba8c c38f dd13 dd12 dcf2 dd13 d4d2 d491 dcd3 c473 a3b3 bc94 d532 ccf2 cd14 d575 ddd5 ddd5 d554 d4d2 d4d2 d4d2 d4f2 ccf2 d4d2 d4b1 d430 dbce dbce e430 e470 e491 e491 e4b2 e4f2 ed53 ed74 ed54 ed73 ed94 edb5 edd5 edd5 edb5 edd5 edf5 edf6 edd5 f5f5 f616 f636 f637 f636 f637 f637 f657 f657 f616 f5b4 f573 ec70 db2c c229 a988 8907 68a7 5087 4847 5047 5867 6909 794b 794a b3d2 cc73 d4d2 c410 922b 60e8 58c8 6108 58c8 58a7 60c8 60c7 68c7 60e8 68e8 6908 6908 6908 6908 7149 6948 6908 60c7 60a7 5887 5887 58a7 60a7 60e7 68e7 60c8 5087 5068 58a8 79cb aaed c3ae c3ce c38e bb4d bb8e c3ef d470 d4b0 d490 cc4f cc4f cc2f cc2f cc2f cc0f cc0f cc2f cc0f cc0f cc0f c3ef cc0f cc0f cc2f cc0f cc2f cc2f cc2f cc2f cc2f d44f d450 d470 d44f d470 d490 d470 d470 d470 d470 d470 d44f cc50 d470 cc50 cc30 cc4f d44f d42f d42f cc2f cc2f d42f d42f cc2f cc2f cc0f cbee,
b24a b24a b26a b24a aa4a aa4a aa29 aa0a aa2a aa2a aa09 aa2a aa09 a1e9 a1c8 a1c8 b229 c28a caeb db6b e3ac e40d e44e ec8e ecae ecae eccf eccf ecce ecaf ecae ecce ecce ecae ec6d e42d e3cc db4b d30b b28b a20a 91aa 8128 8949 9989 99a9 99a9 a1c9 a1ea aa0a aa2a b20a b22a b22a b22a b24a b24a b209 b22a b209 b209 b209 aa09 b1e9 aa0a b22a b209 ba49 d32b c2aa ba2a c26a c28a c28a c28a c28b c28a c28a c28a c28b ba8a ba6a b22a ba6a f54f ff57 edb3 caaa c269 c28a c26a ba4a ba6a c28b caec cb0c c2ac c26a cb0c cb2e d30e db2d c2cc b22b b24b a1eb 918a 7109 58c9 60c8 60e9 5067 4847 5888 60c8 824e 716b 5026 5067 58c8 718b 6909 58c8 692a 58a8 5887 60e9 6109 58c8 5087 58c9 692b 58a8 60c9 690b 716c 820f 8a6f 92b0 81f0 714d 690b 9393 9b74 60ea 4025 3826 3807 6929 bbae dc6e cb0c ba6c c32f dd54 e553 dcb0 e553 dd34 d4f3 dcd3 dcf3 c4b4 a3f3 bc74 d4b1 d4d1 dd53 ddb5 ddd6 ddf6 d553 d4b1 d4f2 d4f2 ccd1 ccb2 cc91 d3cf dbae e3ef e40f e44f e490 e490 e491 e4b1 ed13 ed53 ed94 ed94 ed94 ed95 ed95 edd5 edf5 edd6 edd5 f5f6 f5f5 edf5 f5f5 f616 f636 f637 f636 f636 f637 f657 f636 f616 f5f5 f594 ec91 db6d ca49 a988 9148 78a7 5846 4846 4846 5847 60e8 81ac 712a ab91 d4d4 d4b2 bbf0 920b 6909 60c8 60e9 616a 58e8 68e8 68c7 68c8 68e8 6908 6908 6909 6908 6929 7129 7128 6908 60c8 60a7 58a7 58a7 58a7 60c7 60c7 68c7 58c8 5087 58a8 692a 924c b34e c3ce c3ce c38e bb2c c3ae cc30 d490 d4d0 d490 d470 d44f cc4f cc4f cc2f cc2f cc2f cc2f cc0f c430 c40f c40f c40f c3ef cc30 cc10 c40f c42f c40f c40f c3ef cc0f cc30 cc4f cc6f d46f d470 d470 d470 d470 cc70 d470 d450 cc50 d450 cc50 cc4f d44f d42f cc2f cc4f cc2f cc2f d42f cc0e cbee cbef d3ee d3ce,
b22a b24a b24a b24a aa4a aa2a aa09 b1e9 b209 aa2a aa09 aa0a a1e9 a1c9 a1c9 aa09 b229 c269 d2ea db4b e38c e3ed e44e ec8f ec8e ecae ecce eccf eccf eccf ecce ecce eccf ecce ec6e e42e e3cc db6b cb0b ba8b a20a 91aa 8969 9169 99a9 99a9 99a9 a1ea a9ea aa0a aa2a b20a aa0a b22a b20a b22a b20a b209 b22a b209 b209 b20a b209 b209 b22a b22a b229 ba49 c2ab c26b c26a ba8a ba8b c28a ca8a c28a c2ab c28a c28a c28a c28a ba6a ba2a ba0a e42c ff15 f614 d30b c28a c28a ba8a ba2a ba4a caec d2eb cacb c2ec c2cd cacc cb2e cb0e caab b24b b22b aa0b 8129 68c8 60a8 60e9 716b 60e9 5067 4867 5068 5888 822e 71ac 5088 60e9 6109 60e9 58a8 60e9 690a 58a8 58a8 60c9 6109 58c9 58c8 692a 692a 5888 5068 694b 820f 81ee 79ae 79cd 822f 79ae 716d 9bf4 a3f4 6109 4006 3806 58a8 9acd d42f cb4c baac bace d472 e573 e4b1 e4d1 dd53 dd53 dd34 dcf3 dd34 c4d4 ac14 b454 cc91 d491 d533 ddd5 de16 ddd5 d513 d4b2 d4d2 d4b1 ccb2 cc71 d40f dbcf e3cf e410 e430 e450 e491 e491 e490 e4d1 ed13 ed33 ed74 ed94 ed94 ed95 edb5 edb5 edd5 edd5 edd5 f5f6 f615 f5f5 f5f5 f616 f636 f637 f636 f637 f657 f656 f657 f636 f615 f594 ecd1 e38d ca4a a9a8 9968 78c7 5887 4866 4847 5067 58a8 798b 714a a30f d4f4 d4d3 bbb0 9a0b 7149 60c8 58c8 58c8 60c8 68e8 68e8 60c8 68e8 6929 6908 6908 6908 7129 7149 6948 6908 60a7 5887 58a7 58c7 60a7 60c7 60e7 60e8 58a7 5087 58a8 798a 9ace bbaf c3ce c3ce bb6e bb4d c3af cc50 d490 d4b0 d490 d490 d490 cc6f cc4f cc4f cc2f cc2f c42f cc0f c40f c40f cc0f c3ef c40f c40f c40f c40f c40f c40f c3ef c3ef c40f c40f c40f cc0f cc2f cc50 cc50 d470 cc70 cc70 cc50 cc50 cc50 cc2f cc4f cc4f cc2f cc2f cc2f cc2f cc2f cc2f cc2f cc0f cc0f d40f d3ef d3ee,
b24a b24a b24a b24a b24a aa0a a9e9 aa09 b209 aa09 a9e9 a1e9 a1e9 a9c9 a1c9 a1c9 aa09 ba6a cacb db2b e3ac e3ed e44e ec6f ec8f ecaf ecaf eccf ecef ecee eccf eccf eccf ecae ec8e e42e e3cd db6c d2eb ba8b a1ea 9189 8969 9189 91a9 99ca 99ea a1e9 a20a a1ea a9ea aa09 aa2a aa2a aa0a aa0a b22a b209 b22a b22a b209 b229 b209 b22a b22a b22a b209 ba2a c2ab c30c c28a ba6a ba6a c2ab caab c28a caab caaa c2ab caaa c28b c26a c26a c24a caaa ed6f f694 dbcc ca8a c2aa c249 ba2a cacb d34c caec cacc cb2c cb4e caee c2ec c2ed b20a a1c9 9189 70e8 60c9 58c9 694c 7a0d 79cd 5087 4867 4887 5068 5068 718b 8a6f 714b 712a 60e9 50a8 6129 698b 60c9 5888 60c9 6909 60a9 58a8 610a 718c 6109 58a8 5028 60e9 8270 694b 716c 716c 692a 5089 5068 7a6c 9bf4 692b 3806 58c8 ab0d dc2f cb4d ba8b bacd cc72 dd11 dcb0 dcb1 dcf1 dd73 ddb5 dd74 dd54 dd54 c493 a3f3 abf2 cc93 d4d2 dd54 ddf6 ddf6 d533 ccb2 cc71 cc71 ccb1 d470 dc0f e3cf e410 e410 e450 e471 ec91 e4b1 e4b1 ecb1 ecd1 ed12 ed33 ed53 ed94 ed94 ed94 edb5 edb5 edd5 edd5 edf5 f616 edf6 edf6 f5f5 f616 f616 f636 f636 f636 f657 f657 f657 f657 f636 f5d4 ed12 e3ef d2cb ba09 a188 8907 6087 5087 4887 5087 5088 6909 794a 89eb ccb3 d513 c3f0 a26c 81ab 5887 58a8 58a8 60c8 68e8 68e8 6108 6108 6108 6908 6908 68e8 7108 7128 6928 6108 60e8 58a7 58a7 60a7 60c7 60e7 60e7 60c8 58a7 5088 68e8 924c b36f cbef c3ce bb8e bb6d bb8e cc0f cc70 d4b0 d4b0 d48f d490 d490 d490 d490 cc90 cc6f cc50 cc50 c450 cc2f cc2f cc2f cc30 cc30 cc2f c42f c42f c40f c40f c3ef c3ef c3ef c3ef bbef c3cf c3ef c40f c40f cc0f cc2f cc30 cc50 cc50 cc50 cc2f cc2f cc2f cc0f cc2f cc2f cc2f cc2f cc2f cc50 d40f d40f d40e d40f cbef,
b22a b24a b24a b22a b22a aa0a aa0a aa2a aa09 aa09 a9e9 a1e9 a1e9 a9e9 a1a8 a188 a9e9 ba8a caeb db2b e3ac e40d e44e ec8f ecaf eccf ecce ecce eccf ecee ecef eccf ecce ecad ec6d e42d e3cd db6c d2eb ba6a a1ea 9169 8949 9169 9169 99ea 99ea a1e9 a20a a1ea a9ea aa0a aa0a aa0a b209 aa2a b22a b229 b24a b22a b22a b229 b22a b22a b22a b22a b22a ba29 c2aa cb2c c26a c26a c28a c2ab cacb caab caab cacb c2ab c2cb c2ab c28a c28a c26b c26b e42c fe52 e3ec caaa c2aa ba09 c24b d30c d32c d32d caed cb0d d32d cb4f c2ee c2cc aa0b 9169 70a7 5888 58ca 58a9 7a0e 8a90 718c 5047 4867 50a8 5068 5048 6109 8a8f 81ac 60a8 5888 50c8 71ab 71cc 60c9 5888 60c8 68e9 5888 5888 694b 716b 60e9 58c9 5868 60c9 79ed 60e9 694a 798d 58a9 4827 4007 6129 93f4 79ef 4006 81ea cc0f dbad baab bacc c3d1 dcf2 dc8f dc70 dcf1 dcf1 dd52 ddb5 dd74 dd74 d574 bc73 a3d2 abb1 ccd3 d513 dd95 ddf6 dd94 d4f2 cc91 cc50 cc71 d491 dc0e e3ef e410 e430 e430 e471 e491 ecb1 e4b1 ecb1 ecd2 ecd1 ed11 ed32 ed53 ed94 ed94 ed74 edb5 edd5 edd5 edd5 edf5 f616 edf5 edf6 f615 f615 f616 f636 f636 f636 f657 f657 f657 f657 f636 f5f5 ed33 e40f db0c ba09 a988 9128 68a7 50a8 5088 5087 5088 60e8 794b 81aa cc72 dd13 cc31 a28c 818a 5867 58a8 60c8 60e8 68e8 68c8 6908 6129 6108 60e8 6108 6108 6908 7128 68e8 60e8 60e8 58c8 58a7 5887 60c7 68e7 60e7 58a7 5087 5888 68e9 9a8d bb8f cbef cbce bb8e bb4d bbae cc30 d490 d4d0 d4b0 d490 d490 d490 d490 d490 cc90 cc6f cc70 cc70 cc70 cc50 cc4f cc30 cc30 cc30 cc2f cc2f c430 c40f c40f c40f bbef bbef c3ef bbef bbef bbef bc0f bbef c3ef c40f cc0f cc10 cc30 cc30 cc2f cc2f cc2f cc2f cc0f cc2f cc0f cc2f cc2f cc2f d40f d40e d40e d40e cbee,
b20a aa2a aa4a b22a aa0a aa2a aa2a aa0a aa0a aa09 aa09 aa09 a1c9 a1c9 a1a8 a1a9 aa09 ba8a caeb db4b e3ac e3ed ec2e ec6e ecaf ecce ecce ecce eccf eccf ecce ecaf ecce ecae ec6e e42e e3ed db8c d30b ba6a a1c9 9169 8949 8949 9189 99ca 99ca a1e9 a20a a1e9 aa0a aa2a aa0a b22a b20a b22a b22a b22a b24a b22a b22a b22a b22a b22a b20a b22a b24a ba2a ba4a c2ab c28a c28b c28a ca8a ca8a caaa ca8a c2ab c2aa c2aa c2aa c28a c28a cacb cacb d30a dc2c d30a c28a c28a c26a d2eb d34d d32d d32e cb50 bb10 bb0f bb2f b2ee a20b 8949 60a7 60e9 694b 5889 5047 614a 8270 692a 5047 58c9 610a 5888 5868 5067 6109 79ec 690a 5088 694b 81ed 694a 5887 58a8 60c8 60c9 5868 5888 71cd 690a 692a 714b 58a8 5888 58a8 58ea 694b 820e 58a8 4026 4027 4867 726e 8ab1 8a0d c3ce d3ed ba8b ba8c c3d0 dcf2 dc6f dc2f dc70 dcb0 dd12 dd73 dd94 dd74 dd95 d594 c4f4 abf2 a350 c4d4 dd74 ddd5 d574 d4d2 cc91 cc30 cc30 d430 dc0f e3ef e3f0 e430 e430 e451 e491 e4b2 e491 e4b1 ecd1 ecd2 ecd2 ecf2 ed12 ed33 ed74 ed94 edb4 edb4 edb5 f5d5 edd5 edd5 f5f5 edf5 edf5 f5f5 f5f5 f616 f636 f637 f637 f657 f657 f657 f657 f656 f636 ed94 ec70 db4d c22a b1c9 9988 7908 58a8 50a8 5067 5067 58a8 79ab 81ab b38f dd13 d492 a26c 7929 60e8 68e8 5887 58c8 60e8 6908 68e8 6928 6929 6909 6908 6928 6929 6908 60c7 58c7 60c7 60c8 58c7 60a7 60e8 60e7 60a7 5087 5088 60e9 81ec ab0e c3ae c3ce cbad c36e bb6e c3cf cc70 d4b0 d4b0 d490 d490 d490 d490 d490 d48f d46f cc70 cc8f d4b0 d490 d470 cc70 cc70 cc6f cc4f cc50 cc4f cc2f cc4f cc2f c40f bc0f bbef bbef bc0f bc0f c40f c40f bbcf c3ef bbef c3cf c3ef c3cf c3ce cbee cbef cc0f cc0f cc30 cc0f cc0f cc2f cc2f cc2f cc2f cc0f cc0f d40e d3ee,
b209 b22a b22a aa2a aa2a aa2a aa29 aa09 aa2a a9e9 b209 aa29 aa0a a1c9 a1a8 a1c9 b209 c26a d2eb db4b db8c e3ad e42f ec8f ecaf ecaf ecaf ecce ecce eccf ecee ecee ecce ecce ec6e e42d e40e e38d d2eb b24a a1c9 9189 8989 9169 9969 9989 99c9 a1ea a1ea a1ea aa0a aa0a b22a b22a aa2a b22a aa2a aa2a b24a b22a b22a b22a aa0a b20a b20a b24a ba4a ba4a ba6a ba6b c2ab c2aa ba6a ba4a ba6a ba4a ba49 ba4a ba49 ba49 b209 b209 caaa d3ac d36a b208 b268 c2c9 ba29 c26a d2eb d2eb d30c d38f cb50 bb11 ab32 ab32 a2cf 920c 818b 68c8 5067 71ac 714b 5047 4827 5929 8270 60c9 5868 71ad 6129 50a8 58a8 4826 4846 60e9 712b 718c 8a70 81ac 60c8 5867 5867 60c9 58c9 5067 58a8 7a0e 60c9 60e9 716b 58c9 5868 5089 60aa 696b 9353 610a 4005 4026 4006 5088 826e bc32 dc0e c2ec b24b c390 d534 dc8f dc2e dc4f d44f d470 dcf1 dd73 dd95 dd74 dd74 dd94 d574 bc93 abb1 c4d4 dd94 dd73 d4d2 ccb2 cc71 d430 dbf0 dbf0 e431 e430 e410 e430 e430 e470 e491 ecb2 e4b1 ec91 ecd1 ecd1 ecf2 ecf2 ed13 ed33 ed54 ed73 edb4 edb5 edb5 f5d4 edd5 edd5 edb4 edd5 edf5 edf5 f5f5 f616 f615 f616 f616 f636 f636 f657 f657 f636 f616 f5b4 ecd1 dbad ca8b b1e9 a1a9 8128 58a7 5067 5067 5067 5887 798b 89ac ab4f dd14 d4d2 a2ad 7949 68e8 68e8 5867 5887 6108 6908 68e8 6908 68e8 6929 6949 6929 6969 6908 60c7 58a7 58a7 60a7 60e8 60e7 60e7 60e8 58a7 5087 58c9 716a 9ace b36f c3ce c3ad c36d c36e c38e cbef d470 d490 d4af d490 d46f d46f d470 cc70 cc6f d46f cc70 cc90 d4b0 d490 d490 d490 d490 d490 d490 d470 cc4f cc2f cc4f cc4f c42f c40f c40f c3ef bbef bc0f c40f c40f c3ef bbf0 bbcf bbd0 c3cf bbef c3cf c3cf c3ce c3ce cbee cc0f cc0f cc0f cc2f cc2f cc2f cc0f cc0e cbee cc0f d40f,
b209 b22a b22a b229 b24a aa29 aa09 aa29 aa09 a9e9 a9e9 aa0a aa2a a1c9 a1a8 a1c9 aa09 ba6a d2eb db4b dbad e3ed e44e ec8f ecaf ecaf eccf ecce ecce eccf ecee ecef ecce ecae ec6e ec2d e3cc e36b d2ea ba4a a1c9 9169 8949 9148 9989 99a9 99a9 a1c9 a1ea a20a aa2a aa0a aa2a b22a aa0a b24a b22a b22a b22a b22a b229 b20a b20a b20a b22a b24a ba2a ba4a ba6a ba6a c28a caaa c28a c28a c28a ba6a c28a c26a ba6a ba6a ba6a ba6a cb0c d32a b229 99a9 a26a c30b ba4a c249 d30c d2cc d2ee cb30 bb52 ab11 ab10 b330 aace 9a4c 898a 6088 58c9 7a2e 692a 4847 4027 614a 8ad1 692a 60c9 698c 50a8 58a8 60c9 58a8 5068 58a9 79ad 824f 820d 712a 58a8 5047 5087 60e9 5888 5027 6109 7a2e 5888 5888 718c 716c 60ea 60ca 5068 7a2e 8af0 58e9 4026 4026 4026 58c8 92ae b38f bacc aa2a bb0e ccd3 dcf1 dc4f dc4f dc4f d450 d471 d4b1 dd53 dd95 dd95 d574 dd74 d574 c4d3 bc52 cd34 d554 d4f2 d4b2 d492 d430 dc10 e410 e451 e471 e431 e430 e431 e451 e451 e491 ecd2 ecb1 ecb1 ecb2 ecd1 ecf2 ecf2 ecf2 ed13 ed74 ed73 ed94 edb5 edb5 f5b4 edb5 edb4 edb4 edd5 edd5 f5d5 f5f5 edf6 f5f5 f616 f636 f636 f636 f657 f657 f636 f616 f5f5 ed12 e3ce ca8a b1e9 a9a9 8928 58a7 5067 5087 5087 5887 714a 818b a2cd d4f3 dcf3 b32e 818a 58a8 60c8 60a8 60c8 6908 68e8 68e8 6908 6908 6929 6949 7149 6928 6908 58c8 58a7 60a7 60a7 60a7 60c7 60c7 60e7 58a7 5088 58a9 798b a2ee bb8f c3cf c3ae bb6e bb6e c3ae cc0f d46f d490 d48f d490 d46f d470 d470 d470 cc70 d470 cc6f cc90 d490 d490 d4b0 d490 d490 d490 d4b0 cc70 cc4f cc4f cc4f cc4f cc2f c40f c410 c3ef c40f c40f c40f c40f c3ef bbef bbef bbef c3cf bbcf bbcf bbcf c3cf c3ef c3ef c3ef c3ef cc0f cc2f cc2f cc0f cc0f d40f cc0f cc0f cc0f,
b20a b22a b24a b209 b229 aa2a aa09 aa09 aa09 a9e9 a9e9 a9e9 aa09 a9c9 a1a9 a1c9 aa09 ba6a d2eb db4c dbce e40e e44e e48f ecaf ecaf ecaf eccf ecee eccf eccf eccf eccf ecae ec8e ec2d e3cc db6b d2ea ba49 a1e9 9189 8948 9148 9168 99a9 99a9 a1ca a1ea aa0a aa2a aa2a aa2a aa0a aa0a aa2a b22a b22a b22a b22a b22a b22a b22a b22a ba2a b22a b24a ba6a c249 c249 c28a ca8a ca8a caaa caaa ca8a caaa caab caaa caaa ca8a d28a d3ed bb6d a20a baab d3ac dccf d470 c26b ca8b c2cf b312 ab32 b351 b2ee ba8c caeb c2cc a1ea 70c9 5889 71cd 8ab1 58e9 4027 4027 614b 8b12 79ee 60ea 5067 5088 58a9 58a9 694b 712c 79ce 8ab0 79ed 714a 60e9 5887 5067 58a8 6109 58a9 5047 71ab 71cc 5047 5068 71cd 8250 60ea 5868 616b 7a6f 58a7 5088 50a9 4027 50a7 9aad c3ae a22b 91aa b30e dd13 dcf1 dc4f dc91 dc91 dcb0 d450 d450 d4b1 dd53 ddb5 d5b5 d574 d595 d575 d533 d533 d554 d533 ccf2 d42f d3ef dbef e410 e451 e451 e451 e451 e451 e471 e471 e491 e4b2 ecd2 ecf2 ecd2 ecd2 ecf2 ecf2 ecd2 ecd2 ed12 ed33 ed53 ed73 ed94 edb4 edb4 edb4 ed94 ed94 edd5 edd5 f5d5 edf5 edf5 f5f6 f5f6 f636 f636 f636 f657 f637 f636 f636 f615 f532 e40f d2ab b9e9 a189 8908 6087 5047 5067 5087 5887 6929 794a 922c d4b3 dd34 bb8f 89aa 60e9 6929 60e9 6929 718a 6909 6908 6909 6908 6929 6929 6949 6928 60c8 58c7 58c8 60e8 60e8 60c7 60e8 60e7 58a7 50a8 5888 6909 8a2c ab2e c3ae c3ae bb6d b32d bb6e cbee d44f d48f d46f d490 d48f d490 d490 d470 cc70 cc70 d46f d46f d48f d48f d4b0 d4b0 d4b0 d4b0 d490 d4b1 d4b0 d490 cc70 cc6f cc4f cc4f cc2f c40f c40f c42f c40f bc0f c40f c3ef bbee bbef bbcf bbcf bbef bbcf bbcf c3ef bbaf bbcf bbcf bbcf c3cf c3ef c3ef cbef cbee cbee cc0f cc0f cc2f,
aa0a aa2a aa2a aa09 aa09 aa2a aa09 aa09 a9e8 b1e9 a9e9 a9e9 a9e9 a9c9 a1a9 99c9 aa09 ba6a d2eb db6c dbce e40e e42e e46f ecaf ecaf ecaf eccf ecef eccf eccf eccf ecef ecce ec6e ec2d e3ed db8b d2ea ba69 a1e9 9169 8948 8949 9169 9989 99c9 a1c9 a1ea aa0a aa2a aa0a aa2a aa0a aa0a b22b aa2b b22a b22a b22a b22a b22a b22a b20a ba09 b22a b24a ba6a c26a c26a c26a c28a c26a ca8a ca8a caaa caaa caab caaa ca69 ca6a ca6a dc0c d4af bb0b d30b eb8b fd4e ed70 cacc c24c b2d0 ab32 b351 c32f baac c28b d32c ba8b 8129 5868 58cb 720e 8ab0 58a8 4027 4827 612a 8b32 8250 60c9 4826 58a8 5868 5068 714b 81ee 9290 8a2e 71ab 716a 60c8 5067 5088 58a8 6109 58c9 5067 7a0c 698b 5027 5047 71ed 8291 5889 5026 720e 69cc 4847 58ca 50aa 4027 7149 c3f0 cb4c a189 a20b c473 e573 dc8f dc70 dcd1 dcd2 dcd1 d470 d450 d4b1 dd53 ddb5 d595 d574 d595 d575 d534 d554 d574 d512 cc2f cb2c d34d dbcf dbf0 e410 e450 e451 e471 e471 e492 e471 e4b2 e4d2 ecd2 ecf2 ecd2 ecf2 ecf2 ecd2 ecd1 ecf2 ed12 ed12 ed32 ed53 ed74 edb4 edb4 edb4 ed94 ed94 edb4 edd5 edd4 edd5 f615 f5f5 f5f5 f616 f616 f636 f657 f637 f616 f636 f615 f552 e42f d2ec b9e9 9948 80c8 6087 5067 5067 50a7 5087 6909 712a 8a0c d4b3 dd34 bbb0 89aa 7129 7149 60e9 6949 71aa 6929 60e8 6908 6908 6929 6928 6928 6908 60c7 58a7 58c8 60e8 60e8 60e8 6108 60e8 58a7 5088 58c8 716a 926d b34e c3ae c3ae bb6d b32d bb8e cc0f d450 d48f d470 d490 d490 d490 d490 d470 d46f cc6f cc6f cc70 cc8f d48f d4b0 d4b0 d490 d4b0 d4b1 d4b1 d490 d490 d46f cc70 cc4f cc4f cc4f cc2f c42f c42f c40f bc0f c42f bbef bbef bbef bbef bbef bbef bbcf bbcf c3cf c3af bbcf bbcf bbaf bbcf bbd0 c3cf c3cf cbce cbee cc0f cc0f cc0e,
aa0a aa29 aa2a aa09 aa2a aa09 aa09 aa29 aa09 aa09 b1e9 aa09 a9e9 a9c9 a1c9 a1c9 aa0a ba4a caeb db6d db8d e3ed e44e e46f ecaf ecae ecaf eccf eccf ecef eccf eccf eccf ecae ec8e e42e e3cc db8b d2ea ba49 a1c9 9189 8948 8969 9989 99a9 99a9 a1c9 a1ea a20a aa0a aa2a aa2a b22a aa2a b22a aa2a b20a b22a b20a aa09 b209 b229 b209 b22a b229 ba2a ba4a c26a c28a c26a c2aa c28a ca8a caab caaa caaa ca8a caab d38e dc90 d3ed dbec c32a 8127 9147 9987 b208 bac9 c30d b311 ab12 b330 c32d cacc ba6b c2ab c2cc 91aa 5888 60eb 71ae 7a6f 71ed 4827 4848 5089 69ac 9353 71cd 5047 5047 58c8 58a8 68e9 714b 718b 694a 6929 60e9 58a7 5867 5067 5888 5888 58c8 60c9 58c7 71ab 60e9 4827 5888 7a2e 8250 5068 58c9 7a2f 692a 610b 50a9 4867 6949 b38e cbee aa0a aa0b cc51 e5b4 dcd0 dc90 dcf1 dd32 dd12 d490 d430 d40f d491 d554 ddb5 ddb5 ddb6 ddb6 dd95 d594 d552 bc0d a249 a188 b20b ba8c c2cc cb2d d36e d3af dbcf dbf0 e430 e471 e491 e4b2 ecd2 ecd2 ecf2 ed12 ecf2 ecd1 ecd1 ecd1 ecd1 ecf1 ed12 ed12 ed53 ed74 edb4 edb4 edb4 ed94 ed74 ed74 edb4 edb4 f5d4 f5f4 f5d5 f5f5 f5f5 f616 f636 f636 f636 f616 f5f5 f5b3 ed11 e40f cacb a188 80c7 70a7 6087 5867 5067 5067 5067 68c8 794b 796a c472 dd54 c410 920b 7928 7128 60e9 6929 6929 6949 6129 6109 6929 7169 718a 6948 68e7 60c7 58a7 58c7 60c8 60a8 60c7 6908 60c8 50a7 50a8 60e9 81ec a2ee bb8f c3ae c38e bb4e b34e c3ae cc2f d46f d48f d470 d46f d46f d46f d470 d46f d46f d46f cc6f cc6f cc6f cc6f d48f d490 d490 d490 d4b0 d4b0 d490 d490 d46f cc50 cc4f cc4f cc6f cc4f cc4f c450 c42f c42f c42f bc0f bc0f c3ef bbf0 c3ef c3ef c3ef c3ef c3ef bbef c3cf bbcf bbcf bbcf bbef c3cf bbcf bbae c3ae c3af c3ae c3cf,
b209 b209 b209 aa09 b209 aa09 aa09 b209 b209 aa09 aa09 aa09 aa0a a9e9 a1c9 a1c9 a9e9 ba6a d2eb db4c db8d e3ed e44e ec6e ec8f eccf eccf ecef eccf eccf eccf ecef ecee ecae ec8e e42d e3cd db6c d30a ba6a a1e9 91a9 8949 8969 9189 99aa 99c9 a1e9 a1c9 a1ea aa0a aa2a b24a b22a b22a aa2a aa0a aa0a aa0a b22a aa2a a9ea aa0a b22a b22a ba2a ba2a ba2a c26a c26a ca8a ca8a c28a caaa ca8b caaa ca8b ca6b cb0c ee15 f611 e429 cb49 78c7 3806 4026 4827 4806 7929 b350 b3d5 b3d3 cb2d d2cb ba6a ba6a ba6a 9948 68a8 60ea 79ef 71cd 7a8f 6109 4027 4848 58ca 8ab0 9b94 692a 4805 58a7 60e9 60a8 6908 60e8 5887 5867 60e8 60c8 5067 5087 50a8 58c9 58a8 60c8 60c9 58a7 6929 58a8 5048 610a 7a4f 7a0f 5888 696b 79ed 58a8 5067 4006 50a7 ab2e dc4e b26a a1ca c38f e5d4 e510 dc8f dcd0 dd31 ddb3 dd33 cc70 cc10 cc10 d492 dd75 ddd5 ddd6 ddd7 ddd5 ddf5 d572 b32a 8906 8907 9988 a1ca aa0a aa0a b24b b26c ba6b c2ac cb0d d36e dbcf e471 e4b2 ecd2 ecf2 ed12 ed13 ecf2 ecd2 ecd1 ecd1 ecd1 ecb1 ecf1 ed32 ed32 ed73 ed93 ed94 ed94 ed94 ed73 ed94 ed94 ed94 edb4 edb4 f5d5 f5d5 f5d4 f615 f616 f616 f636 f615 f5b3 ed11 e44f d36d ba49 8927 70c8 6887 6087 5846 5047 5067 5067 68c8 818b 6909 bc52 e574 cc30 a28c 70e8 60a8 7129 716a 6109 60c8 6929 6908 6949 718a 7189 6949 60c7 60a7 60c8 58a7 60a7 60c7 60c7 60c8 58c8 58a8 50a8 6909 8a2c b32e c3ae c3ae bb6e bb2d bb6e c3cf d44f d48f d470 d46f d470 d44f cc4f d46f d44f d450 d46f d46e d46f d44f cc4f cc6f cc6f d470 d48f d46f d490 d490 d48f d490 d46f cc4f cc2f cc4f cc2f cc4f cc4f cc50 c450 c430 c42f c42f bc0f c410 c3f0 c410 c410 c410 bbf0 bbef bbcf bbcf bbcf bbcf bbcf bbcf bbcf bbcf bbaf bb8f bb8e c38e,
aa0a aa09 b209 aa0a aa0a aa0a aa2a aa2a b209 b209 b229 aa09 a9e9 a9e9 a1c9 a1c9 a9e9 ba69 caeb db4b dbad e3ed e44e ec6e ec8f eccf ecd0 ecef ecef ecef eccf ecef ecce ecae ec8e e42d e3ec db8c d2ea ba6a a1c9 9189 8949 8969 9189 91a9 99a9 a1c9 a1ea a1ea aa0a aa0a aa2a b22a b22a aa2a aa2a b22a b22a b22a b22a aa0a b22a b22a b209 b22a b22a ba4a c26a c28a c28a caaa ca8a caab caab caaa caab ca6b db6c fe74 e50f aa28 8147 68a7 4847 4867 5047 5888 922d bbd3 d515 e5f5 dbef c26a a9c9 a1e9 a20a 80e8 6089 610b 79cd 7a6f 8290 5088 4868 4869 612c 9311 9bd4 612a 4805 5887 60c8 5867 60a8 60e9 6109 58a8 6129 690a 58a8 5087 58c8 60e9 58a8 58a8 610a 690a 79cd 692b 60a9 610b 71ad 7a0e 58c9 614b 696b 4847 4047 4026 820a cc2f c32c a1c9 b2ad d4d2 e551 dcaf dcd0 dd12 dd73 e5d4 dd32 cc2f cc10 cc31 d4f3 dd95 ddb5 ddd6 ddf6 ddf5 d532 c38d aa4a aa0a aa6b b28c b26b aa2a aa09 aa2b a1ca 9189 99ca aa0b b26b c2cc d36e dbf0 e471 ecd2 ed12 ed13 ecd2 ecd1 ecf2 ecd2 ecd2 ecb1 ecd1 ed12 ed32 ed73 ed94 ed94 ed94 ed73 ed53 ed73 ed73 ed94 edb4 edd4 f5f5 f5d5 f5f5 f615 f636 f615 f5f5 f593 ed11 e42f d36d c2ab a1c9 8108 68c7 6087 6066 5846 5047 5067 5067 68e8 798b 68c9 b3af e595 cc51 aaed 7149 60a8 68c8 7149 7149 60e8 6909 6908 6929 7169 6949 6908 60c8 58a7 58a7 60c8 60c8 60e8 60e8 60c8 60a8 5088 58a8 714a 926d b34e c3ae c3af bb8e b32e bb6e cbef d46f d48f d46f d46f d46f d46f d44f d44f d44f d44f d46f d44f d44f cc4f cc6f cc6f cc4f d46f d48f d470 cc90 d46f d490 d490 d46f cc4f cc2f cc2f cc4f cc4f cc4f cc4f cc4f c44f c44f c42f c42f c430 c430 c430 c410 c410 c410 bbef bbef bbcf bbcf bbcf bbcf bbaf bbaf bbaf bbaf b38f b38e bb8e,
b20a aa2a aa2a b22a aa2a aa2a aa0a aa0a b209 aa09 aa09 b209 a9ea a9e9 a1c9 a1a9 a9e9 ba6a caeb db6c dbad e40e e42e ec6e ecaf eccf ecaf eccf ecef ecee ecef ecef eccf f4af ec8e ec4d e3ed e3ab d30b ba6a a1c9 9169 8949 8949 9189 91a9 99a9 a1c9 a20a a9c9 a9ea aa0a aa4a b22a b22a aa2a b20a b22a b22a b22a b22a b229 b229 b209 b209 b229 ba2a ba4a ba6a c2ab c28a c26a ca8a ca8a c2cc cacc cacb caec db6c f4ef dc6e aa8b 78e8 70c8 6087 5067 5868 792a ab0f cc73 ec8e e40c d34b b20a 8108 8169 89aa 70e9 60ca 696c 7a2e 8af1 696b 4868 4869 610b 7a0f 826e 9bd3 696b 4006 5067 5067 5088 692a 696b 698a 5929 58c8 698b 692a 5087 60c8 58c8 5067 5067 5068 58a8 79ed 8a50 68ea 698c 696c 698c 610b 610a 58ca 4027 4867 79ca cc0e cb8d a1ea aacd d513 e511 dc8f dcf1 dd32 dd73 e5d4 ddb4 d4b1 cc0f cc30 d4b2 d554 dd95 ddb6 ddf6 ddd4 cc4f c2ec cacc d32d dbcf dbcf dbaf dbaf d36e cb0d bacc aa4b 91a9 8107 7907 8107 8107 9188 a1ea c2cc d38e e470 e4d1 ecd2 ecb1 e4f2 ecd2 ecb1 e4b1 ecb1 ecd1 ed32 ed53 ed73 ed94 ed94 ed74 ed53 ed53 ed74 ed73 ed73 ed93 f5d4 f5d4 f5b4 f5b3 ed92 e511 dc2e c36c b2ab a22a a20a 99c9 9168 8108 80e7 78c7 6866 5866 5887 5087 5088 60e8 712a 60a8 a30e e575 d492 bb6e 818a 58a8 60c8 6908 7949 7149 7149 6928 6949 6929 6908 60c8 58e8 60e8 58a7 58c8 60a7 60c7 6908 60e8 60c8 58a8 58c8 81ab a2ee bbaf c38e bb8f b34e b34e c3af d44f d46f dc8f dc8f d46f d44f d46f d44f cc4f d44f d44f d44f d44f d46f cc4f cc4f cc4f cc4f cc4f cc50 cc70 cc70 cc70 d46f cc8f cc50 cc2f cc2f cc4f cc4f cc4f cc4f cc4f cc2f cc2f cc4f cc50 cc50 cc50 c450 c450 c430 c410 c430 c3ef bbef bbef bbcf bbcf bbef b3ef bbaf bbcf b38f b36f b38f b38e,
b22a b24a b24a b22a b22a b229 aa09 aa09 aa09 aa2a aa09 b209 a9e9 a9e9 a1c9 a1a9 a9e9 ba6a d2eb db4c dbad e3ee e44e ec8f ecaf ecce ecae eccf eccf eccf ecef ecef eccf ecae ec8e ec2d e3cc e38c d32b ba6a a1c9 9169 8949 9169 9189 99aa 99a9 a1c9 a9e9 a9c9 a9e9 aa0a aa6b b24a b22a aa2a b20a aa0a aa0a aa09 b22a b22a b209 b209 b209 b229 ba2a c24a ba6a ba8a c28a c26a ca8a ca8a c2ab c2cc cb0c d34c db4c dbac e44e cb8c 9168 68c8 5867 4827 4848 7129 ab0f cc30 d32b b1c8 b249 a1ea 78e8 81aa 91cb 70e9 60ea 71ad 824f 7a2e 5888 5069 5089 71ae 8a51 71ac 9392 69ac 4006 4867 5067 590a 71ac 694a 6129 618b 58e9 698a 718b 5087 60e9 58a7 5046 5067 4846 5047 6129 8250 716c 724f 614b 612a 718d 60e9 5089 4027 50a8 a30d dc70 baab a20b c452 e5b4 dc8f dc90 dd12 dd53 ddb4 e5f5 dd73 cc70 cbef d471 d4f3 d575 ddb6 de16 de15 ccd0 c2eb ca8c d34d dbae e3ef e3ef e3ae e40f e410 dbcf d36e caec b24a a1a9 8948 8107 78e7 78e7 8107 9989 b24a d38e e450 ecb1 ecb0 e4b1 ec91 ec91 e4b1 ecd1 ecd1 ed32 ed52 ed73 f594 ed94 ed74 ed53 ed54 ed94 ed94 ed73 ed73 f5b4 f593 ed72 ed10 dc4e cb6c b2aa a209 9189 8168 9189 99c9 99c9 9989 9988 9148 7086 6066 5887 5088 5088 58c8 6909 60a8 a32f e555 d471 c38f 89cb 60e8 60e8 60e8 7169 7169 7169 7128 7149 7129 6908 58c8 58a7 60e8 58c7 58a7 5887 60c7 6908 60e8 60c8 58c8 60c9 89cb ab2f c3cf c38e bb6e b32e b36e c3ce d450 d48f dc6f dc8f d46f d44f d46f d44f cc4f cc4f d44f d44f d46f d46e cc4f cc2e cc2f cc2f cc4f cc4f cc70 cc70 cc70 cc6f cc6f cc50 cc2f cc4f cc4f cc2f cc2f cc4f cc4f cc2f c42f c44f cc50 cc50 cc50 cc50 cc50 c450 c430 c431 c3f0 bbef bbf0 bbcf bbcf bbef b3ef b3af bbaf b38f b38e b38f b36e,
b22a aa2a aa2a b22a aa0a aa4a aa4a aa4a aa09 aa2a b229 b209 aa09 a1e9 a1c9 a1c9 a9e9 ba4a caca db2b e3ad e3cd e40d ec6e ecaf ecce ecae eccf eccf eccf eccf f4ef ecef eccf ec8e ec2d e3cc e36c d32b ba6a a1c9 9169 8969 91aa 9189 99a9 99ca a1e9 a209 a9ea aa0a aa2a b24a b24a b22a b22a b20a b209 b209 a9e9 a9e9 b20a b209 b209 b229 b229 b22a ba49 ba4a ba49 c24a ba8a c28a c28b caec d36d dbee dbad db4c db2b dbed c3ad 7908 68c7 6928 6108 4047 610a a330 cb4e c2ec a1aa 9189 920b 8169 8149 792a 60ea 71ad 8270 79ee 60c9 5089 5889 71ad 8291 718e 5888 8310 8ab0 5067 4867 5088 614a 718b 6909 50a8 590a 6109 71cc 822e 692a 60c8 5067 5066 5067 5067 5067 5068 616a 7a2d 8b12 694b 58a8 71ad 5088 4006 4847 8a2b cc4f d3cd ba8b c3d0 dd94 e4f0 dc90 dcf1 dd33 e594 e5f5 ddd5 d4f1 cc10 cc30 d4d3 dd75 ddd6 de16 d593 c3cd c28a caac d2ec d32c db8d dbae db8e caed caec dc10 e450 e3ef d32d d30d cacb b1ea a9ea a1a9 9168 8948 8928 9148 a1ea cacc dbae e470 e470 e450 ec70 ec91 ec91 ecb1 ecf1 ed32 ed73 ed73 ed74 ed74 ed33 ed54 ed94 ed93 ed53 ed52 ed52 e490 d3ad baaa a1e9 99c9 99ea 99ca 9a2b a20c b28c c30d c2ab ba4a ba29 a1a8 78e7 68a7 60a7 5067 5067 5887 6909 60c9 a2ed dd54 d472 bb8f 9a2c 6909 60c8 60c8 6989 7149 6928 7109 7129 7149 6908 60e8 58a7 58c7 60c7 60c8 60c8 60c8 6108 6109 60e8 60c8 690a 924c b34f c3af bb8e b34e b34e c3ae cc0f d46f d46f d48f d46f d44f d44f d46f d44f d44f d44f d44f d44f d44f cc4f cc2f d44f cc4f cc4f cc4f cc4f cc4f cc50 cc4f cc4f cc6f cc4f cc4e cc4f cc2f cc4f cc2f cc2f cc4f cc4f cc4f cc6f cc50 cc50 cc50 cc50 cc50 c430 c430 c430 c430 c42f c40f bc10 bbf0 bbef bbcf bbcf bbaf b38f b38f b38f b36f,
aa09 aa0a aa2a aa2a aa2a aa4a b24b b24a aa4a b229 b209 a9e9 aa09 a9c9 a188 9988 a9e9 ba6a d2cb db2b e3ac e3cd e40d ec6e ecaf eccf ecae ecaf eccf ecee f4cf ecee f50f f4f0 ec8e e42d e3ed e38b d30b ba8b aa0a 9169 8949 8969 9989 99c9 99ca a20a a20a a1ea aa2a b26b b24a aa0a b20a b20a b20a b209 b20a b20a b1c9 b209 b209 b209 b22a b209 b209 ba29 ba49 ba29 ba49 ba4a ba4a c2ac dbae e40f e40f dbce db8d db6c e40d cc91 922c 7949 ab4e 9ace 58c9 692a ab51 cb4e d3ae b26c 8128 89aa 8169 60a8 5888 610a 79ee 8af3 822f 60ca 60cb 692c 8af2 8270 5088 4827 720d 9b73 612a 5067 5068 6109 716c 58a8 5047 5068 5088 71ac 92b0 81cd 5867 4846 5066 5866 5887 5887 5047 5088 58e8 720b 824f 58c8 5066 4846 4006 6929 c3ef d3cd ba4a c36f dd95 e531 dc8f dcd1 dd32 dd94 ddd5 de16 dd73 d491 d430 d492 d554 ddd6 e676 dd92 bb0a b1e9 c26a d2ab d2ab d2eb d32c d2eb d32d ba6b 9948 cb4c e42f e3cf caab cb0d c2ab b1e9 ba6b ba6b b1ea a20a a1ca a189 a1ca ba2a d30d e40f e430 e40f ec50 ec50 e450 ec91 ecf2 ed33 ed33 ed94 ed94 ed94 ed73 ed54 ed54 ed33 ecf2 ecf1 e490 cb2d b22a 99aa a1eb aa8c baed b26b baab c2cc cb0c d30c c249 a9c7 a9c8 9168 78e7 7108 60c7 50a8 50a8 5887 692a 60c9 9a4c dd14 d492 bb6e 9a4c 7128 60a7 60a8 6929 6929 60e8 6909 7149 7169 68e8 60e8 58c8 60c8 60c8 60c7 60c7 60c7 60e8 60c8 60e8 6909 796a 9aae bb6f c3ae bb8e b34d bb4d c3ce d42f d46f d46f d46f d46f d44f d44f d44f d44f d42f d42e d44f d44f d44e cc4f cc2f cc2f cc2f cc2f cc2e cc4f d44f d44f d44f d46f d44f cc6f cc4f cc4e cc4f cc4e cc2f cc4f cc4f cc2f cc4f cc4f cc50 cc4f cc50 cc50 cc50 cc50 cc71 cc50 c430 c410 c42f c430 bc30 c40f bbef b3cf b3af b38f abaf b38f b36f,
a9e9 aa2a aa2a aa2a aa4a b24a aa2a aa4a aa2a aa09 aa09 aa09 a9e9 a1a8 a1a8 a1a8 a9e9 ba6a cacb db4b dbac e3ed e42e ec6e ecaf eccf eccf f4cf ecce eccf ecce ecee f4ef f4cf ec8e e44e e40d dbac d32b ba8a a9e9 9169 8949 8949 91a9 99a9 99a9 a1c9 a20a a20a aa0a b22a b22a b20a b20a b22a b20a b209 b229 b209 b1e9 b229 b209 b1e9 b209 b229 b209 ba29 ba29 b229 b24a ba4a c28b cb0c dbcd dc0e dc2f dbee dbcd db8d e40d e551 cc8f b36d cc30 cbd0 a26c 9aae aacf c2ab d32b b24a 7108 7149 60c7 58a9 690b 716d 8270 8af2 716c 712c 694d 71ad 8b11 71ee 4827 4827 614a 8af0 698c 5068 5088 612a 79cd 60c8 5067 4867 5068 696b 8ab0 822e 5887 5066 5066 5866 58a7 6087 5867 5067 5867 58c8 696a 694b 4847 4006 5066 9aec d40e ba8b b28c d4d2 e573 dcb0 dcb0 dcf1 dd73 e5b4 e5f6 ddf5 dd53 d4b1 d491 d4f3 ddb5 e656 d552 b30b aa08 ba09 c269 c24a b229 ba29 ba49 ba49 ba6a 9968 7886 aa49 d38c c2cb a188 aa2a a9e9 aa0a c2ec c28b b1ea ba6b ba2a ba2a ba0b c24a d2ec db8e dbf0 e3ef e40f e450 e430 ec70 ecd1 ed33 ed73 f594 edb4 ed94 ed73 ed53 ed74 ed53 ecf1 e470 dbef c30d bacc b2cd b26a b28b b26b 99a9 99a8 99c9 aa09 a9e9 a188 9167 9968 8928 7907 7948 60a8 5087 5087 58a8 714a 68e9 926c dd34 d4b3 bb2d 9a6c 798a 5887 58a7 6929 716a 6908 6949 7149 6928 60e8 58c8 58a7 60a7 60c8 60e8 60e7 60e8 60e8 58a7 60c8 6929 89cb ab0e bb8f c3ae bb6e b32d bb4d cbee d44f d46f d46f d44f d44f d44f d44f d42f d44f d42f d42f d44f d44f d44e cc2f cc2f d42f d42f cc2f cc4f cc4f cc4f d44f d46f d46f d44f cc4e cc4f cc4f cc4f cc2e cc2f cc2f cc2f cc2f cc4f c430 cc4f cc4f cc4f cc70 cc50 cc50 cc51 c430 c430 c40f c40f c430 c430 c410 bbf0 bbef bbcf b3af b3af b3af b36f,
b20a aa2a aa2a aa09 aa4a aa2a aa0a b20a aa09 aa09 b229 a9e9 a1e9 a1c8 9988 a188 a9c9 ba6a caeb db4c e3ac e3ed e42e ec8e ecae ecee ecee ecee ecee f4ef ecce ecee ecef ecaf ec6e ec4e e40d dbac d32b c28a a9e9 9168 8949 9148 9168 9988 9989 a1a9 a209 a20a aa09 aa09 b20a b20a b22a b209 b209 b209 b209 b209 b209 b1e8 b1e9 b1e9 b1e9 b209 b209 b209 b22b b2ad b2ef bb4f cbcf d38e dbad dbed dc0e dc0e dbee dbcd e3ed ec8d ec6c e3ec e490 ec90 cb4e 99a9 7928 78e7 70c7 6087 50c8 59ab 592a 694d 79ae 8a91 9333 716c 58a9 798e 81cf 79ed 8af1 696b 4027 4827 610a 71ed 7a0d 5888 5067 614a 820e 58c8 5067 5047 5068 58e9 71cc 8af1 79cd 5087 5067 5087 5887 60a7 6087 5887 5867 5046 4846 58c9 5068 4026 8a2a d450 c2eb aa2b cc91 e5b2 dcd0 dcb0 dcf1 e553 e5d4 e616 e616 ddd5 d573 d512 dd13 ddb5 e635 c44e 99c8 9947 a1a8 a188 9168 9988 8948 80e7 80e7 78e7 78e6 7086 6866 70e6 8947 78c6 6046 68a6 7087 8948 b26b b22a c2ac d30d caab d28b caac ca8b d2cc db2d db6e e3cf e40f e40f e3ef ec50 ecb1 ed32 f594 f573 f594 edb4 f594 ed74 ed74 ed73 e4b1 dbce cb4d bacc aa8b a209 8927 7927 78c6 6886 6886 68a7 70c7 70e7 70e8 7908 8928 8107 8148 70e7 5867 5867 5047 5887 716a 70e9 922c dd13 d4d3 b32e a2ad 89ca 60c8 58a8 6949 79aa 6908 7149 6928 68e7 60c7 60a7 60a7 60a7 60a7 58a7 60a7 60e8 58c8 5067 5888 6929 9a8d bb8f c3cf bb8e bb6e b32d bb8e cc0f d44f d46f d46f d44f d46f d44f d44f d42f d42f d42f d44f d44e d44e d44f d42f d42f d42e d42f d44f d44f d42f cc4f cc4f d44f cc4f cc4f cc4e cc2f cc2f cc2f cc2f cc0f cc2f cc4f cc4f c42f c42f cc4f cc4f cc4f cc50 cc50 cc50 cc30 c410 c40f c40f c3ef c40f c40f bc10 bbf0 bbf0 bbd0 bbd0 bbaf b3cf ab8f,
b20a aa4a aa2a aa2a aa2a aa0a aa09 b20a aa09 aa29 b229 a9e9 a1e9 a1c8 99a8 9968 a9c9 c269 d2eb db4b db8c e3cd e42d ec8e ecae ecce ecee ecee ecef ecef ecce ecee ecef eccf ec8e ec4e e40d db8c d32b c28a a9e9 9168 8968 9148 9147 9188 99a9 a1a9 a1e9 a20a aa09 b209 b209 b209 b229 b209 b229 b209 b209 b1e9 b1e9 b1c9 b1e9 b209 b1e9 b1e9 b1e9 a9c9 b28c bb70 bbb1 cc51 d40e d3ae dbad dbcd dc0e dbee dbee e3ed e3ed e3ed d32b ca6a db8d dc2f b2cd 70a7 5887 5067 4827 4047 50e9 61ed 71ce 79af 79ef 9373 9312 60ca 60ca 79ae 8210 79ed 8af1 694b 4867 4847 614b 71ac 79cc 60ea 5047 6149 7a2e 58a8 5046 5047 5068 50a9 612a 8af1 8ad1 612b 5067 5066 5087 6087 60a7 60a7 5886 5046 4867 4867 4827 5887 b38e dc2f b22a baed dd95 e530 dcb0 dcf1 dd12 e574 e5f5 e616 e5f6 dd94 d573 d533 dd74 e656 d531 9a08 8907 9968 9968 8927 70c7 7907 78e7 68c7 70c7 6887 6886 6887 68a6 68a6 6065 6066 6066 5846 5826 7066 8928 a1ea cb6e db6e d2cc d2ab d2ec d2ab d2ec db2d db6d e3ae e3ef e3ef e40f ec50 ecb1 ed32 ed94 f574 f594 edb5 f5b4 f5b4 ed93 ed53 e490 d36d b28a 99e9 8148 78c6 6886 6886 6086 6886 6886 6887 68a7 68e8 68c7 70e8 7908 8128 8148 6887 5887 5887 4847 5067 716a 70e9 89eb dcf3 d4f3 b34f a2ac 89ea 7149 5888 6928 79aa 6909 7129 6928 68e8 60a7 60a7 60c7 60c7 58a7 58a7 60a7 60e8 58c8 5067 5068 6929 9aad bbaf c3cf bb8e bb6e bb4d c3ae cc2f d44f d46f d46f d44f d46f d44f d44e d42e d42f d42f d42f d42e d44e d44f d44f d42e d42e d42e d44f d44f d42f cc4f cc4f d44f d44f cc6f cc4e cc2f cc2f cc2f cc2f cc2f cc2f cc4f cc4f cc2f c42f c42f cc4f cc2f cc30 cc50 cc50 c450 c430 c40f bc0f c40f c3ef bbef bc0f bbf0 bbef bbcf bbcf b3cf b3af ab8f,
aa09 aa2a aa2a aa09 aa09 aa09 aa0a aa09 a9e9 a9e9 a9c9 a209 a1c9 a1a8 9988 9968 a1a8 ba29 caca d32b db8c e3ed e42d ec6e ec8e ecce f4cf f4ce ecef ecef f4ef eccf eccf eccf ec6e ec2d e3ec e38c d32b c28a a1e9 91a9 8968 8928 9168 9989 99a8 a1a8 a1c9 a1c9 aa09 aa09 b229 b229 b209 b209 b209 b209 b1e9 b1e9 a9e9 aa09 a9e9 b1c8 a9c8 a9a9 a9ca b28c c3f1 d492 e5d2 e52f d32a db8c dbcc e3ad e3cd e3ee e3ee e3ee e40f d3ce b2ed 91aa 8149 9a4c 922c 68a8 4847 4047 4048 590b 7a70 8a71 79ad 79ae 8ad2 9311 822f 798e 714c 7a30 79ae 826f 9373 696c 4847 4868 614a 716c 58c8 696c 58ca 6129 8290 60c9 5067 5067 5067 4847 5048 696b 9312 92f2 7a0e 6109 5066 5046 5866 60a7 5887 4866 48a8 4027 4846 928c d470 c2cb bacd d513 e593 dc8f dcf0 dd11 dd32 e594 e616 e616 ddd5 dd94 dd74 dd93 e5f4 c48e 91a7 80c7 8907 80c7 78c7 70a7 6887 68a7 68c7 68a7 6887 6886 6087 6067 68a7 68e8 7168 7189 68e8 6086 5866 5867 5846 78a7 b20a caed d32d d2ec d2ec d2cb d2ec db2d db6d db6e e3ae e3cf e40f ec30 ecb1 ed33 f574 f5d5 f5d5 f5d5 f5f5 f5d4 ed72 dc4f baaa 91a9 7108 60c7 60a7 60c7 68a7 70e7 70e7 68a7 6887 68a7 68a7 68e8 6908 68c7 70c7 7907 70c7 6087 6087 5887 5067 5087 714a 68c9 89cb d4b2 dcf4 bb6f a26c 89ea 7169 68e8 60e8 716a 6929 6928 6928 60c7 5887 58a7 60c7 60a7 60a7 60e8 60e8 60e8 58c8 5067 5067 796a ab0d c3cf c3ae bb8e bb6e c38e cc0f d46f d46f d46f d44f d44f d44f d44f d42f d42f d44f d42f d40f cc0f cc2f d42f d42f d42f d44f d44f cc2f d42f d42f cc2f cc4f cc4f cc2f cc4f d44e cc2f cc2f cc2f cc2f cc2f cc2f cc2f c42f cc2f c42f cc2f c430 cc30 cc30 cc2f c430 c410 c40f c40f c3ef bbef bbef bbef bbef bbcf bbcf b3cf b3cf b3af b3af b38f,
a1c9 a1e9 a209 aa09 a1c9 a1e9 a1e9 a1e9 a9c9 a1c9 a9e9 a1c9 99a8 9987 9148 9168 9988 b209 c2aa d32b dbac e3ec e42d ec8e ecae eccf ecee eccd ecee ecee f4cf f4ce f4ce ecce ec6d ec2c e3ec e38c d32b c28a a1e9 9148 8928 8928 9148 9988 99a8 99a9 a1a8 a1c8 a9e9 a1c9 aa09 b229 b209 b1e8 a9e9 a9e9 a9e9 a9e9 b209 a9e9 a9e9 a9a9 a189 a169 aa0b cc93 dd54 edb2 feb0 ec4b d2ca db8b db8c e3ac e3cd e40d e40e dbce cb8f bb6f 9a8c 6909 60a8 7969 7108 5867 4048 4007 590b 8af3 9332 81ee 68a9 71ee 8b52 696b 694b 8230 79ae 79ef 716c 9373 9bb4 614b 4027 5088 614b 696c 5047 612a 71ae 614a 8b11 692a 5087 58a8 5067 4867 5047 5047 698b 9353 9b74 8a91 690b 5047 5026 5866 5866 4867 4067 4006 6949 cc4f cbac a9e9 cc52 e615 dccf dc6f dcd1 dd32 dd73 e5b5 e636 e5f5 ddb5 dd95 ddb4 e635 cccf 9187 80c7 80e7 80e7 70a7 6887 6087 6887 6887 68c7 68a7 6087 6066 6087 6067 60c9 79ab a30f ab70 922c 68c7 5066 5067 5867 5026 7087 a9ea d30c d34d d30d d2cc daec db0d db4d db6e e38f e3ae e3ef ec30 ecd1 ed53 f594 f5f5 f5f6 f616 f635 f614 dcb0 a1e9 70c7 60a7 58c8 58c8 60c8 60a8 70a7 920c 9a4b 8148 68a7 6067 6087 68e7 6908 68e8 70e7 70a7 6886 6087 60a7 5866 5067 58a8 714a 68a9 81aa d492 dd34 bbb0 9a2b 81eb 7109 68e9 6929 798a 6928 6908 68e8 60a7 5887 58a7 60a7 60a7 60c7 60c7 60e8 60e8 58c8 5088 60a8 89eb bb4e cbce c3ae bb8e bb6e c3ae cc2f d470 d44f d44f d46f d44f d42f d42f d40e d40f cc2e cc2f cc2f cc2f d42e d42f d42e cc0e d44f d44f d42f d42f d42f d42f d46f d450 cc2f cc4f cc2e cc2f cc2f cc2e cc2f cc4f cc4f cc2f cc2f cc2f c40f c40f c430 c430 cc0f cc2f c40f bc0f bbef c3ef bbef bbcf bbef bbcf bbaf bbaf bbaf b3cf b3af b3af b38f b38f,
a9e9 a1e9 a9e9 a209 a1e9 a1e9 a1e9 a1e9 a1c9 a1c9 a1c9 a1c9 99a8 9988 9168 9148 9968 b209 c2aa db2b db8c e3cc e42d ec8e ecce eccf eccf ecce ecee ecee f4cf ecee ecee ecae ec6d ec2d e3ec e36c d30b c28a a9e9 9148 8928 8928 9948 9988 a1a9 a1a9 a1c9 a1c9 a9e9 a9e9 a9e9 b1e9 b209 b1e9 a9e9 b209 a9e9 a9e9 a9e9 a9c9 a9c8 a1a9 a169 9949 c2ec edf4 ed72 f5f0 fdce db4a d2eb db8c dbac e3ac e3ed e40d dbad bacc c34e bb4e 9a4c 794a 794a 68e8 5887 5068 4028 5089 82b1 9b73 79cd 60a9 612b 82d0 71cc 50a9 58ea 79ce 822f 81ef 79ce 9bd3 8b11 58e9 4047 4888 6129 696b 5088 58e9 692b 612a 8b11 718b 5067 58a8 5887 5087 5087 5067 58c8 7a0d 8a6f 79ed 71cd 71ad 60c9 5866 5046 4846 4027 5067 9acd d44f b26a b2cc dd74 e572 dc8f dcd0 dcf1 dd32 dd53 ddf5 e617 e5f6 ddd5 ddb4 e615 d531 a269 8927 9148 8907 78c7 6866 6087 60a7 68a7 68a7 6087 68a7 6067 5867 60a7 7109 7909 928d c4b3 cd56 bc12 928d 7129 5846 5846 5867 6867 9168 caab d32c d2ec d2ab dacb db0d db2d db4d e38e e3ae e3ef ec30 ec90 ed33 f5b5 f615 f636 f636 f655 e531 b2ab 70c7 58a7 5888 5888 58c9 68e9 81ed 81ac a30f b3d1 a28c 8128 6066 5866 6087 68c7 68e7 70c8 68c7 6087 6087 60a7 5887 5067 5887 714a 68a9 818a d491 dd34 c3d0 920a 89eb 7149 68e8 6949 79aa 7128 6908 60e8 60a7 5887 58a7 60a7 60c7 60c7 60c7 60c8 58c7 58a8 5888 6909 9a6c bb8e cbce c3ae bb8e bb8e cbef cc4f d46f d46f d44f d44f cc4f d42f d42f d42e d42e cc2f d42f cc0e d42f d42f d40e d42e cc0e cc2f d44f d42f cc0f d42f cc4f d44f cc2f cc2f cc2f cc2f cc2f cc2f cc2e cc2e cc4f cc2f cc2f cc2f cc2f c42f c40f c40f c430 c430 c430 c40f c3ef bbef c3ef bbcf bbcf bbcf b3af b3af b38f b3af b3af b3af b3af b3af b38f,
a9e9 aa29 aa2a a1e9 a1e9 a1e9 a1e9 a1ea a1c9 a1c9 a1c9 a1a8 9968 9188 9168 9128 9968 b209 caca db2b db8c e3ed e44d ec8e ecce eccf eccf eccf ecef ecef ecef f4ef ecef eccf ec8e e42d e3cc e36c d30a c289 a9e9 9148 8948 9148 9968 a188 a1a9 a1c9 a9e9 a9e9 aa09 b209 b209 b1e9 b1e9 b1e9 b209 aa09 b1e9 aa09 a9c9 a9a8 a9a8 a9a8 a189 9949 cb0b edd3 ed72 fdf1 e44e caec d30b db8c dbad e3cc e3ec e40d c2ec a22c cb6e d36e 91aa 796a 7129 4847 4868 58aa 58ea 7a6f 8aaf 716b 5027 58ea 8290 71ec 4847 4028 50aa 79ee 9333 8a71 822e 9332 79cc 5088 5088 50c8 58c8 58c8 5067 58a8 5088 50a8 82cf 828f 58a7 58a8 5887 5087 5887 5887 50a7 58c7 58c7 5087 58e8 69cb 696b 58a8 5868 5069 4827 81ea d42f baeb aa2b d4f3 e5b3 dcb0 dcf1 e532 dd32 dd33 ddb5 e637 e616 e5d5 e5f4 e635 c4d0 9a08 9147 9988 9127 78c7 68a7 5867 6067 70e8 89a9 8149 68a7 7969 70e8 5026 5066 81cb 794a 81ca d534 ee59 e5d7 d596 bc12 89aa 7087 8969 99eb 9148 ba29 d2cc ca8b ca6a d2cb db0c db0c db4d e36e e36d e3ef ec30 ec91 f533 f5f5 f657 fe77 f696 e592 b2ca 78a7 5887 60e8 58c8 5088 5888 68e9 9b0f 9af0 a32f d4f5 c3f1 aa4b 78e8 6087 5867 60c7 68a7 68c7 68c8 6087 60a7 60a7 5867 5046 58a7 798a 68a9 7949 cc71 dd13 c3d0 a20b 922b 79ab 6929 7169 79aa 6908 6928 60e8 60a7 6087 60c7 60c7 60e7 60e8 58c8 5887 58a8 50a8 60c9 81cb ab0e c3af cbce c3ae bb8e c3ae cc2f d46f d46f d44f d44f d42f d44f d44f d44e d42e cc0f cc2f d42f d40e d40e cc2f cc2e d42e d40f cc2f cc2f d40e d42e cc2f cc0f cc0f cc2f d42e cc2f cc2f cc2f cc2f cc2e cc0e cc2f cc2f cc2f cc0f c40f c3ef c40f c40f c40f c42f bbf0 bbef bbef bbcf bbcf bbcf b3af b3af b3af b38f b38f b3af abaf ab8f ab8f ab8f ab6f,
aa09 aa29 aa2a a9e9 a1ea a209 a9e9 a1ea a1e9 a1e9 a1a9 9988 9988 9188 9168 9127 9988 b209 caca db2b db8c e3ed e44d ecae ecce ecef ecee eccf ecef ecef ecef ecef f4ef ecf0 ecaf e42d e3cc e36c d30a c269 a1c9 9148 8928 9148 9988 a1a8 a1a9 a1e9 aa0a a9e9 a9e9 b209 b209 a9e9 a9e9 a9e9 aa09 aa09 b209 aa09 a9e9 a9c9 a9c8 a9a8 a1a9 9928 b229 e512 ed52 edd1 e4f2 cbcf d32c d36d dbad e3ac e3cc e3ed c2ed b2ed e42e d34c 7908 7109 68c8 4047 4888 692c 7a0e 8290 692a 5068 5088 71cd 7a2e 6109 4868 4869 58ca 7a2e 9353 822f 7a0e 8b12 718c 58a8 50a8 50c8 50c8 5067 5067 58a8 5088 5068 7a6d 9311 60e8 60c9 5867 5067 5867 5887 58a7 58c8 58a7 5067 5087 5929 58e9 5088 58c9 610c 60c9 ab0c d40e a9e9 bb4e e616 e551 dcd0 dd31 e552 dd53 dd74 ddf6 e637 e5f6 e5f5 e635 ddf4 ab0b 9168 a1a8 9968 80c7 6886 60a7 5867 6887 7928 9a2b 91ca 68c7 89eb 81ab 5867 5886 820b 794b 68e8 c4d4 ee39 e5d8 e617 d555 b30f 8908 9988 bacd a989 b1e8 caab ca8b ca6a d2cc daec db0c db2d e34d e34d e3ce ec50 ecd2 f574 f616 fe77 fe97 f675 d46f a1c8 78c7 60a8 6949 6929 5067 5887 6909 8a2c 922d a2ef d515 cc52 b2ac 8948 68a7 6087 60e8 6886 68a7 68c8 60a7 6087 60a7 58c8 5067 60c8 79ab 68a9 794a cc72 dd14 c3f1 a20b 920b 81ec 6929 798a 798a 6928 6908 60c7 60a7 6087 60e8 60c7 60a7 60e7 58c7 5887 58a8 50c9 6909 920c b32e cbce cbae c38e bb8e c3ae cc2f d46f d44f d44f d44f d42f d44f d44f d44f cc2f cc0f cc2f d40f d40e d40f cc2f cc2e d42f d40e d40e d42e d40f d42f cc2f cc0e cc0f cc0f d42f cc0f cc2f cc2f cc2f cc2f cc0f cc2f cc0e cc0f cc0f c3ef c3ef c3ef c40f c40f c40f bbf0 bbf0 bbef bbcf bbcf b3cf b3af b3af b38e b38f b38f b38f ab8f ab6f ab4e ab6f ab8f,
aa09 aa0a aa09 aa0a a1e9 a209 aa09 aa09 a1e9 a1e9 a1a9 99a9 99a8 9988 9148 8927 9988 b209 caca d32b db8c e3ed e44e ec8e ecce ecef ecef ecef ecef ed0e f50f ed0f f4ef ecef ecaf e42e e3ec db6b d30a c289 a9e9 9168 9127 9148 9988 a188 a1c9 a9e9 aa09 aa09 b209 b209 b229 b209 b229 b209 b209 b24a b209 b209 b229 aa09 a9e8 a9e8 9148 7067 8168 ccb1 c3f0 a2aa bbec e531 e533 dc70 dbcd e3cd e3ed d38d b26b aa4a baca 8969 5067 5067 5068 4868 612b 8ab1 8a4e 692a 5047 58ca 71ad 716c 60e9 696c 58ea 5069 60eb 7a4f 9313 79ae 824f 9bd4 79cd 58a8 50c8 50a7 58a8 5088 58a8 58a8 5068 5068 696a 9331 79ac 60c8 5867 5067 5087 5887 58c7 60e8 5887 5066 5087 50a7 4887 4867 4888 60ea 8a2d b34f aa6b aa8d d513 e572 d450 d430 d491 dd33 dd74 ddd5 e617 de16 ddf5 e636 dd93 bb4c a1ea ba4a ba4a a1c9 9168 8928 78c7 6866 7087 8928 a24a aacd 818a 7969 89eb 81aa 81aa 81ca 7909 8a8f d5d9 e659 ee38 ee37 e5f7 dcb2 b24b 9128 ba6a c24b b1a8 c24a c24a c24b ca8b d2ac d2ec db2d db2d e36e e3ef ec50 ecf2 f594 f616 fe97 f696 e593 bacb 99a9 9a0b 7929 7969 8a0b 7949 7949 8a0b 816a 7909 ab92 dd15 dc51 c30c 9968 70c7 6066 6086 6066 6066 6087 60a7 5887 5887 58e8 5087 60c8 81cb 6088 7129 cc51 dd34 cc72 9a4b 81ca 8a2c 7969 81eb 7169 68e8 6908 60c7 58a7 60a7 60c7 60c7 60c7 60c7 58c7 58a8 58c8 58c8 7149 9a8d bb8e c3ce c3ae c38e bb8e c3cf cc2f d470 d44f d44f d44f d44f d42f d44f d44f cc2f cc2f cc0e cc0e d42e d40e cc0e cc0e cc0f cc0f d40e d40e d40f d42f cc2f cc0e cc0e cc2f cc2f cc0f d40e d40e cc2f cc0f cc0f cc0f c40f cc0f c40f c40f c3ef c3ef c3ef c3ef bbcf bbcf bbcf bbcf bbcf bbaf b3af b38e ab8f b36e b36e ab6e ab6e ab6e ab8f abaf b3f0 c430,
b22a aa09 aa2a aa2a a9e9 aa09 a9e9 aa2a a20a a1c9 a1c9 99c9 99a8 9168 9148 8907 9948 a9e9 caaa d30a db8c e3ed e44e ec8e ecae ecef ecef ecee ed0f ed0f f50e ed0f ecef eccf ec8e e44e e3ec db6b d30b c28a a9e9 9988 9148 9968 99a8 a188 a9c8 aa09 a9e9 aa09 b229 ba29 b229 b209 b249 b22a b229 b22a b22a b209 ba6a b28a a1c8 9188 78e7 5847 6086 b3cc bc32 796b 924d d490 fe73 f5f3 e512 ec8f e46d aa6a 70c6 5866 5867 5088 4867 4868 4888 612b 824f 8a4e 6909 5868 58a9 698c 718c 610a 58ea 71cd 692b 5889 692c 82f2 9b95 8a10 8ad0 a456 71ad 5067 5088 58c8 60c9 5888 58c8 58a8 4867 5068 60e9 8af0 822e 5887 58a7 58c8 5887 5887 58c7 60e8 5887 5887 5067 5067 5087 4888 4027 58c8 9b2f 9a8d 89ab b3b2 ccf3 c3f0 c411 c471 ccf3 d574 ddd6 de16 e5f6 ddf5 de36 ddd4 b34c a20a ba6b caec c2cc ba6c b24b aa2a 99a9 7086 6866 8908 a1e9 bb0c a2ad 7129 6907 7989 7949 68c9 81ac bcf8 e67a ee59 ee58 ee17 edf6 e512 cb2e a98a ba09 d2cb ba0a ba09 ca4a c28b ca6b d28c dacc db0d db2d e3ae e410 ec70 ed12 f5d5 fe57 fe97 f696 dcb1 b22a aa4a bb4e 9a4d 7929 8a2b 9a6c 922b 89eb 7909 81cd c4b5 dcd4 dc11 c30d 9988 78e7 6886 6086 6066 6046 6086 5866 60a7 5887 5867 5067 6928 820c 6068 70e9 c431 dd53 d492 a26c 798a 8a0b 796a 81cb 716a 60c8 68e8 60c7 60e7 58c7 60c7 60c8 6908 60e8 58a7 58a7 50a8 58a8 81aa aaed c3ce c3ce c38d bb6e bb8e cc0f cc2f cc4f d44f d42f d44f d44f cc2f d44f cc2f cc0e d40e cc0f cc2e cc2f cc0e cc2f cc0f cc0f cc0e d42f d42f d40e d42f d42f cc0e cc0f cc4f cc2f cc0f d42e cc0e cc0e cc0f cc0e cbee c3ce c3ef cc0f c3ef c3ef c40f c3cf c3ef c3cf bbcf bbaf bbae b3af bbaf bb8e b36e ab6f ab6e ab4d ab4e ab6e b3af b3f0 c430 cc70 d4b0,
aa2a aa2a a20a aa09 aa09 aa09 aa09 aa0a a209 a1a9 99c9 99c9 99a8 9168 8948 8908 9168 a9e9 c2aa d30b db8c e3ed e42e ec8e eccf ecee ecef f4ee ecef ed0f f50f f510 ecef eccf ecae e44e e3ed db6b d2ea c28a b209 99a8 9148 9968 99a8 a1a9 a9c9 b209 b209 b209 b229 ba29 b229 b209 b229 b24a b20a ba29 ba4a ba8a baca 99c8 8107 78e6 68a6 5867 6088 9aec c473 ab0f c471 e512 f5d3 fef8 fef8 f5f2 c36b 794a 5087 4867 5088 5087 4867 4868 58c9 71cd 820e 716b 692b 612c 60ca 694b 71ad 612b 610b 718c 71ad 716d 718d 8b32 9333 81ef 828f 9c15 7a0f 5067 4867 58c8 58c8 58a8 6109 58c8 5088 5087 60c8 79ec 716b 5867 58c8 60c8 5887 5867 58a7 60c8 5887 5066 5067 5047 5087 48c9 50a8 8a2c bb8e 99ca 9a8d c4f4 cc91 cc30 d4d2 d512 dd74 ddb5 e5f6 de16 ddf5 e615 ddd3 c3ee aa6b b26b c28b cacc cb0d cacc cacc c2ab aa2a 8908 6866 80e8 aa0b bacc b2ed 924d 796a 7129 794b 8a2e ac15 d5d9 e639 ee18 ee38 edf6 ed94 e44f d34d c28c c22a d2aa ca8b c22a ca6b caab ca8b d28c d2cc db0d db4d db6d e3ef ec70 ed33 f616 f698 feb7 f676 d430 b20a b26b c36e bb70 920c 81ca 89eb 89cb 818b 89ed b3f4 d536 dcd4 dc11 c2ac 9968 78c7 68a6 6886 6866 6886 6087 5887 5887 5887 5887 5067 6929 81ec 6089 7109 c3d0 dd34 ccb2 a28d 714a 820c 81cb 81eb 716a 60e8 60e8 60c7 60c8 60c8 60c8 60c7 6908 60e8 58a7 58a7 5887 58c8 89eb ab2e c3cf c3ae c3ae bb8e c3ae cc2f d44f d46f d44f d44f d42e d42f d42f d42f cc2f cc0e cc2e cc0f cc0f cc2e cc0e cc2f cc2f cc0f cc0f cc0f cc2f cc0f cc2e d42f cc2e cc0f cc2f cc0f cc0f d42f cc0e cc0e cc0e cc2f c3ee c3ef c40f cc0f c3ee c3ef c3ef bbef bbef bbef bbaf bbae bbaf b38f b38f b38f ab6e ab6f ab6e ab8e b3af b3cf c40f c450 cc90 d4d0 dd10,
aa09 aa09 aa2a aa2a aa09 aa09 aa0a aa09 a1e9 a1c9 a1c9 99c9 99a9 9168 8948 8928 9168 aa09 c2aa d32b db8c e3ed e42e ec8e ecaf ecee ecef f50f ed0f ecef f50f f4ef ecf0 f4ef ecaf ec4e e3ed e36c d2ea c28a b209 9989 9969 9988 a1a9 a1c9 a9c9 b209 b229 b229 b229 ba6a ba4a ba49 ba49 ba29 b24a b209 a187 9167 7927 6866 7129 81cc 796b 8a2c a2ef c3f0 dd14 d453 e471 f5b3 ff39 ffb9 e653 ab4b 68e8 698d 612b 4867 4887 4867 4848 58cb 8230 92d2 822f 718d 696c 610b 5069 610b 71ce 71ad 79ee 79ce 79ee 79ce 71ad 8b53 8af3 716d 824f 9c36 8ab1 610a 58e9 60e9 5067 50a8 6109 5887 5867 5867 60a7 60e8 58a8 58a8 6929 60c8 5887 5887 58c7 60e8 5887 4866 4867 4846 4868 50c9 822b c3ef b2ab a20b ccf3 ddb4 d40e dc90 dd32 dd73 ddb5 e5f6 de16 ddf6 de15 d531 b30b b22a c2ac cacc caab d2ac d2ec d36e db6e d34d cb0d b24b 99aa 99a9 a9ca ba0b c2cd cb70 bb30 b311 b371 ccb3 ddb6 e5d6 e5f7 ee16 f616 edb3 e491 db6e db6d db6d ca4b ca8a d30c d2cb ca6b ca8b d2ab d2cc d2ec d2ec db0d db4e e3ef ec91 ed74 f657 feb9 f6b8 ee15 cbae b1e9 a1a9 b26b c36f bb70 a2f0 9a6f 9ab0 a353 c496 dd97 dd35 d4b3 d38f ba4a 9968 70a7 68a7 70c7 68a7 7086 68c7 60c7 58a7 58a7 58c8 5887 7149 81eb 60c9 68e9 b36f dd54 ccf3 a2ee 796a 81eb 820c 81eb 7169 60e8 5887 58a7 58a7 58a7 58a7 58a7 68e7 68e7 58a7 58a7 5867 6909 928c b38e c3af c38e bb8e c38e c3ef cc50 d46f d44f cc4f d44e d44f cc2f d42e cc0f cc2e cc2f cc2e cc0e d40e cc0e cc0f cc2f d470 cc4f cc0f cc0e d42f cc0f cc0f d42f cc2f cc2f cc2f cc2f cc0e cc0f cc0e cc0f cc0e cc0e c3ef c3ef cbef c3ef c3ce c3ef bbcf bbaf bbae bbce bbaf bbcf b38e b38e ab8f b36e ab6f b3af bbef c42f cc6f ccb0 d4d0 dcf0 dd30 dd51 e571,
aa09 aa09 aa2a aa4a aa09 aa09 aa0a aa09 a1e9 a1c9 a1c9 99c9 99e9 9188 8948 8928 9168 b1e9 caaa d32b db8c e3ed e44e ec8e ecae ecce ecef ed0f ed0f ecf0 ed0f ed0f f4f0 f4ef ecae ec4e e3ed e36c d30b ca8a b209 a1a9 9989 99a9 a1a8 a9c9 a9c9 b209 b209 ba29 ba49 ba6a ba2a ba4a c24a c249 baec 99c8 78c6 6066 5846 6067 7949 a2d0 a2d0 b391 cc11 e470 ed53 dcf5 dc51 f635 ff77 ddd0 a32a 60e8 5068 7a0e 71ce 4847 4868 50a9 610c 7a31 9b54 9332 8ab1 696b 50a8 5068 4827 614c 71ad 716c 822f 79ce 71ad 798e 71ae 8b73 9354 692d 824f a477 9312 71ad 6949 58c8 5888 50a7 58e8 5866 5046 5846 58a8 58c8 58a8 60c8 6929 60c8 58a8 58a7 58e8 6108 58a8 5067 4867 4846 4867 58c8 ab2d cbce a1ea b30e e5f6 dd53 d42f dcb1 dd33 dd73 ddf6 de17 de16 de16 d5d4 bb8c a9e9 c26b cacc cacc caec cacc d2ec db8e db8e d36e d34e c2ed ba6c b20a a9aa a9a9 ca8c d32e cb8f cbf1 d432 dc91 e512 e574 e5b5 edd5 f5b4 ed32 e492 dbd1 db6e db0d ca6c cacc db0c d2eb ca8b ca6a d28b d2ec d2ec d2cc daed db6e e3f0 ec91 ed54 f636 fed9 f6b8 edf5 cbcf b24b a1ca a1eb ba8d c36f bbb2 b372 bbd3 c475 d4f6 dd35 d4d3 d431 d30c b209 8927 6866 68c7 7908 70c7 70a7 70c7 60c7 58c8 58e8 60e8 58a8 7169 81eb 60c9 6909 b36f dd33 d514 ab0e 81aa 81eb 8a2c 79aa 7128 6908 60a7 5887 5887 5887 5887 60c7 68c7 60e7 58a7 5887 58a7 7149 a2ad bbaf c3ce c38e bb6e c3ae c40f cc50 d470 cc4f cc2f d44f d44f cc2f cc0e cc0e cc2e cc0e cc2e cc0e cc0f cc2e cc0e cc2f d470 d490 cc2f cc0e d42e cc0f d40f d42f cc2f cc2f cc0f cc0f cbee cbee cc0e cc0f cbee cbee c3ef c3ee cbce c3ef c3cf bbef bbcf bbaf b3ae bbce bbcf b3ae bb8e b38e ab6f ab6f b3af bc2f cc50 cc70 d4b0 dcf0 dd11 dd30 e550 e571 e591,
aa4a aa4a aa2a aa2a aa0a aa2a aa2a aa09 a9e9 a1c9 a1c9 99a9 99a8 9188 9148 8927 9148 a9e9 caaa d32b db8c e3ed e42e ec8e ecae eccf ecef f50e ed0f f510 f50f f50f f50f f50f ecae ec4e e40d e38b db2b c2aa b209 a1a9 9988 9988 a1a8 a9c9 a9e9 b209 b22a b24a ba4a c26a ba4a ba6a ba2a caca c3ed 70e7 5046 5867 68c8 814a a28d c411 cc11 cbf2 d3f1 dbd0 dc51 dcd2 e533 e552 ab0b 6927 50a8 4889 4889 614b 8291 71ae 71ae 8250 8af2 8ad1 824e 7a4e 71ed 5067 4047 4848 5088 722f 69ce 590a 822f 71ad 696d 71ae 79ef 8b52 9bd5 79cf 8af1 a456 8af1 822f 6909 71ac 694b 5087 5887 5067 5066 5087 58a8 58a8 58a7 60a8 60a8 5887 60a7 60c7 58c7 58c8 5867 5066 4866 4027 5046 8a4b cbee b22a aa4c d514 e5b4 dcb0 dcb0 dd32 dd73 ddd5 de16 e616 de15 d572 b32b a9e8 ba2a cacc cacc d2ed d32d d2ed d30d db8e db8e db6e db6e d36e cb0d c2ac bacd baac c28b ba2b caac c28b c2ed d36e d3af d3cf d410 d410 d3f0 dc93 dcf4 dcd4 dc73 dc52 d3d0 d34d d2ec d2cb d2ac ca8b d2ac d2cc d2cc d2cc daed db6e e3af ec71 ed33 f617 f6d9 f6d9 edf6 dcb2 d451 c3d1 c391 c30f d36f d3b0 d36f d34e d3b0 cbf1 cbd0 bb0d b26a a9c8 9127 70a7 68a7 8988 8968 78e7 70a7 70c8 60c8 5887 6129 6109 60c8 7169 79aa 5888 60e9 ab2f dcd2 dd34 b390 89eb 798a 8a2c 81aa 6908 6929 58c8 58a7 58c8 58c7 5887 60a7 6908 60e8 58c8 60a7 71ca 8a2c ab0e bbaf c3ae bb6e bb6e c3ae cc2f d46f d450 cc2f cc2f d42f d44f cc2f cc0e cc0f cc2f cc0e cc0f c40f cc0f cc0f cc0e cc2f cc70 ccd2 cc50 cc0f cc0f cc0f cc2f cc2f cc2f cc2f cc2f cc0e cc0f cc0e cbee c3ef c3ef cbee c3ee bbce bbae c3ce c3ce bbce bbaf b38f b3af bbaf b3af b38e b38e b38e bbae c42f cc6f d4af d4f0 dd10 dd30 e550 e571 e570 e570 e590 edb1,
b22a b24a aa4a b24b aa2a aa2a aa4a a9e9 a1c9 a1c8 a1c9 99a8 9968 9968 9168 8907 9147 a9e9 caaa db2c e38c e3ec e44e ec8e ecae ecaf ecef ecef ed0f ed30 f52f f52f f530 f50f f4ce ec6e e42e e38c db2a c2aa b209 a189 9968 9988 a1c9 a9c9 b209 b209 b24a ba29 c26a ba6a ba6a c26a ba29 d309 cbec 68c8 4826 6087 9a0c b30e d451 e4f2 d3f0 bb71 bb71 bb31 bb91 d513 d511 926a 58a8 58eb 612c 58ca 50aa 610b 82b0 9b95 92b1 79cb 694a 5888 696c 8290 58c9 4026 4868 5089 60e9 7a6f 71ef 58ea 7a90 7a2f 58eb 612c 7a0f 8b12 9b94 9292 9352 9c14 79ee 79ce 7a70 8af1 58c8 4847 5888 5067 5087 5087 5887 5887 5888 60a8 6087 5887 60e8 60e8 58a7 5866 5066 4846 4846 4006 6908 bbae cb4c a189 bbaf ddf5 dcd0 dc70 dcf2 dd53 ddb4 e5f6 de16 e636 ddf4 b30b a188 ba2a ca8b cacc d30d d32e d34e d32d db4e db6e db6f db8e db8e dbaf db4e d34e d36e db2d c26b ba6b c2ac a9ca aa4c cb0e cb2e b26c b26c b26d aa6c cc12 d452 dc92 e4f2 e4b1 e3ef db2d caac ca8b d2ac cacd d2ed d2cc d2ec dacc dacc db6e e3af ec50 ed13 f5f7 fed9 f6f9 ee17 e4f2 e490 e470 dc0f d3af d3cf d36e baad b26b ba8b b28a b26a 8107 78a7 78a7 8108 8148 8948 99c9 99a8 80e7 70a7 70c7 60a7 5867 60a7 60c8 60e9 798a 79aa 58a9 60e9 ab0f dcd2 dd55 bbd0 924c 716a 8a0b 81ea 6907 68c7 5887 58c7 58c8 58c7 58a7 68c8 6908 60e8 58c7 68c8 81aa 9a8d b34e c3ae bb8e bb6d bb8e c3cf d44f d46f d44f cc2f cc4f d42f cc2f cc2f d42e d40f cc2f cc2f cc0e c40f c3ef cc0e cc0e cc2f cc4f cc50 cc0e cc0f cc2f cc0f cc0e cc0f cc2f cc4f cc2f cc0f cc0e cbee cbee c3cf c3ce cbee c3ce bbae bbae bbaf bbae bbae b3af b3af b38e b38f b38f b38f bbaf c40f cc6f d4af dcef dd10 dd50 e571 e570 e590 e590 e590 e590 e591 ed91,
b229 b22a aa2a b24b aa4a aa09 aa2a a9e9 a1c9 a1c9 a1a9 99a8 9188 9168 9128 8927 9147 a9c8 c28a d32b db8c e3ed e44d ec8e eccf eccf ecef ecef ed0f ed2f f52f f52f f530 f50f f4af ec8e e42e e38c db2a caaa b229 99a8 9168 9988 a1a8 a1e9 aa09 b209 b229 ba29 ba4a ba6a ba6a c24a c229 caa9 cbcc 818a 68e8 81aa b2ee c32f cb8f d451 cbb1 b390 b350 a2af aaef b3af 9acd 718b 612a 694b 60e9 58a8 58c9 58aa 614b 9373 9bb5 79ee 60ea 694c 8b12 8290 58c9 5089 5088 50a9 58a9 720e 720f 592b 7a4f 8290 610c 50aa 7a0f 8af2 9312 92d2 9353 9353 8230 8af2 8b93 71ec 5046 5088 58a8 5087 58c8 58a7 5887 5887 58a7 60a8 5867 5887 58e8 60e8 58a7 5066 5046 4846 4027 4867 926c cbee ba6a aa0a cc91 dd73 dc90 dcd1 dd12 dd53 e5d5 e616 e656 ddf4 bbac 99a8 b1c9 c24a d2ac d2ec d30e d32e db6e db4e d34e db8e db8f db8e db6e db6e db6e db8e dbaf db4e caac cacc cacc ba2c baad cb0d cb4f bace baad bb0f bb0f d411 d3d0 dbf0 dc30 dbef db8f d34e caac ca8b d2cc d2ed d2ed d2cc d2cc d2cc dacd db4e e3af ec30 ecd3 f5f6 f6b9 f6d9 ee37 dd13 dc51 dbef dbaf d36e d34d cb2d baac b28d b2ad b2ac b28c 918a 8948 8949 8948 99c9 99a8 99a8 9988 80c6 7086 70c7 6087 5846 60a7 60a8 60e8 79aa 79aa 58a9 60c9 aaee dcb2 dd54 c431 9a8d 796a 8a0b 81ca 60c7 60c7 58a7 58c7 60c7 5887 58a7 6908 6908 58c7 58a7 68c8 89ea a2ed bb8e c3ae bb6e bb4e c38e cc0f d46f d46f d44f d44f cc2f cc2f d42f cc2f cc2e cc2f cc2f cc2f cc0e c40f c40f cc0e cc0e cc0e cc2e cc0f cc0e cc0e cc2f cc0f cc0f cc0f cc2f cc2f cc2f cc0f cc0f cc0e c3ee c3cf c3ee c3ee c3ce bbce bbcf bbae b38e bb8e bb8f b3ae b38f b38e b3af bbef c42f cc6f d4d0 dd10 dd30 e570 e570 e590 e590 e590 e5b0 e590 e591 e591 e591,
b20a b22a aa29 aa2a aa09 a20a a22a a1e9 a1c9 99c9 9988 99a8 91a8 9168 8928 8907 9127 a9c8 c28a d30b db8c e3cd e44d ec8e ecaf ecef ecef f4ee ed0f f52f f510 f530 f530 f4ef f4cf ec8f e42d e38c db2a caaa b229 a188 9948 9968 a188 a1c8 a9e9 b209 b229 ba29 ba49 ba6a ba6a c229 ba2a ba2a cb6b c3cf b32e c3b0 d3d1 cb71 bb92 c411 c410 aacd 89eb 698a 694a 716b 820d 79ed 6109 58c8 5067 4888 50c9 5068 4869 69ac 9393 9c17 8af4 9375 9bd5 8ab2 8292 7a30 58c9 58c9 4848 614b 7a0e 694c 698c 8ad2 7a10 58ea 7250 8250 7a2f 9334 9b74 9b74 9394 9c15 7a4d 4867 5068 58c8 58c9 5887 58c7 58c8 60a7 5887 58a7 60a8 58a7 58a7 58c8 58c7 58a7 5066 4846 4026 4027 81ea cc2f c32c a9e9 c38f dd33 d48f dcb1 dd32 dd33 dd95 de16 e656 d5d3 ab0b 9927 a988 c22a ca8b d2ec d30c d32d db4e db8f db8f dbaf dbaf dbaf dbaf db8f db8e db6e db8e dbae db8e db2e db6e db4d d30d d32d d34d d36e d36f cb4f dbd0 d3d0 dc11 dc11 dbf1 dbb0 dbd0 d3f0 d3af cacd d2ac d2ed db0d d30d d2ec d2cc d2ac dacc daed e38f ec31 ecf3 edd6 f698 f6d9 ee57 e575 dcb3 dc31 dbf0 d3af d34e d30d d2ed d32d cb0d cacc cb0d ba6b a9e9 a9ea 99a9 aa29 aa09 a1e9 a1c8 8907 78a7 70c7 6066 5866 68c7 60a7 60c8 7969 798a 5889 60a9 a2ef d492 dd54 cc72 aaef 794a 79aa 81aa 60c8 60c7 60c7 58a7 58a7 5867 60c7 7168 68e7 5887 5067 68c8 922b b36e c3ae bb8e bb4d bb4d c3ae cc4f d470 d44f d44f cc4f cc0f cc2f cc2f cc0f cc0f cc0f cc0e cc0f cc0f cc2f cc0f cc0f cc0f cc2f cc0e cc0e cc0e cc0e cc0f cc0e cc0f cc0f cc0f cc0e cc0f cbee c3ef cbee c3ee c3ce c3ef c3ef bbcf bbce bbcf bbae b3ae b38e b38e bb6e b36f bbaf c42f d490 dcf0 dd30 e570 e590 e590 edb0 edb0 edb0 e5b1 e590 e5b0 ed90 e590 e590 e590,
aa0a aa2a aa29 aa0a aa0a a20a a20a a1e9 99c9 99c9 9988 99a8 91a8 9148 8928 80e7 9127 a9c8 c269 d30b db8c e3cd e44e ec8f ecaf ecef ecee ecee ed0f f52f f510 f530 f50f f4ef f4cf ec8e e42d e3ac db2b caaa b209 a188 9928 9948 99a8 a1c9 a9e8 b1e9 b209 ba29 ba49 ba49 c249 c229 ba09 ba0a d2ea d46f cbd0 d410 dc52 d452 cc72 cbf0 bb4d 91cb 694b 618c 610a 718b 8a6d 79ac 58a8 5088 5067 50c9 58ea 5068 50ca 58aa 71ed 9c36 a438 a3f7 9b95 9354 8b53 7a4f 58c9 58c9 4848 58ea 79ee 696d 612b 82b1 92d3 718e 724f 718d 718d 8ad2 9333 9b94 9c15 9352 71ac 58ea 610a 58e9 5888 5887 58a7 58a7 58a7 58a7 58a7 60c8 60a8 58a8 58a7 5887 5087 4866 4867 4027 4867 a2ed dc4e ba8a b22a d492 dd32 d46f dcf1 dd53 dd54 ddd5 e656 e676 bc4e 9147 a148 b9e9 c24b ca8b d2cc d30d db2e db6f db8f e3af dbef dbcf dbaf e3cf dbaf dbcf db8f db8e db8d db8e db6e db8e db6e db4d db4e db6e db8e dbcf dbd0 dbd0 e411 dc31 e452 dc32 dbf1 dc31 dc31 d38e d2ed d2cd d2ed db2d db2d daed dacd daac daac dacd e36f e451 ecf4 edd6 f678 f6d9 ee78 e595 dd14 dcb2 dc30 dc10 dbaf db4e db2e db2d d30d cacc d2ec c28b b20a b20a a9e9 aa2a b209 aa09 a1c8 8907 78c7 78c7 6066 5867 68c7 60a8 60e8 7148 7969 5889 60a9 a2ee d492 dd54 c452 ab0f 7949 7169 798a 68e8 60a7 60c7 58c8 58a8 5087 60e7 7168 60c7 5066 5067 68e8 924c b36e c38e bb8e b34e bb4d cbce cc4f d46f d44f d44f cc4f cc0f cc2f d44f cc2f cc0f cbef cc0f cc0f cc0f cc2f cc0f cc0e cc0f cc0f cc0f c40f cc0e cc0e cc0f cc0e cc0e cc0f cc0f cc0f cc0f cbee c3ee cbee cbee c3ce c3ce bbce bbcf bbcf bbae bb8e bbae b38e b36e b36e b38f c430 d4af dcf0 dd51 e570 e5b0 e5b0 edb0 edb0 edb0 edb0 e591 e590 e591 ed90 e590 e590 ed90,
aa2a aa2a a22a a20a a20a a1e9 99e9 99c9 99a9 9988 9988 9988 9168 8948 80e7 78a7 88e7 a1a8 c28a d30b db6c e3cd e44e ec6e ecaf eccf ecef ed0f f50f f50f f50f f530 f530 f510 f4cf ec6e e40d e3ac db4b caca b209 a188 9968 9968 a1c9 a1e9 a9c8 a9e9 b229 ba29 ba49 c249 c249 c229 c229 ba2a c22a d34c d3ef d451 dc51 d3af c30e b2ce 920d 714b 612a 694b 79cc 8a4e 79cc 692a 50a9 4848 50a9 698d 692b 58c9 694c 612c 71ae 8ad1 8b12 82d1 8290 82d1 7a2e 610a 58a8 5088 4868 58ea 716c 718d 60eb 614c 8ad2 9314 8250 71ee 7a0f 8270 7a0e 82d1 8b12 698b 7a4f 71ac 694a 6109 5887 5887 5887 58a7 58a7 5887 5887 58a8 60c8 58a8 58a7 58a7 50a7 4867 4847 4867 820a cc0e cb0b b209 c34e dd53 dd11 dcf2 dd32 dd94 ddd5 e656 e655 bc0d 9147 a148 b1e9 c22a ca6a d28b d2cc d32d db2e db6e dbaf e3cf e3cf dbcf dbcf e410 e410 e430 e410 e410 e3cf dbb0 dbaf dbcf dbd0 dbaf dbd0 dbd0 dc10 dc31 e431 e452 e472 e471 e472 e431 dc51 dc71 dbf0 d34e d2ed d2ed db2d db4e db0d dacc d2cc dacc dacc dacd e36f e431 e4d3 edb6 f678 f6d9 f678 e5b5 e574 e514 e471 dc30 dc10 dbcf dbaf db6e d30d d2ed d2cc cacc caab c26a ba6b ba8b ba6a b24a a9e8 9127 80e7 78e7 6067 5887 68c7 60c7 6908 7148 798a 58a9 60a9 a2ce d492 dd54 c452 ab2f 796a 7969 81aa 60c7 60a7 60e7 58c8 58a7 58a7 60e7 6907 58a7 5067 5887 7149 a2cc bb8e c3ae c36d bb6e bb8e cbef cc50 d44f d44f cc2f cc2f cc2f cc2f cc2f cc2f cc0f cc0f cc0f cc0f cc2f cc2f cc0e cc0e cc0e cc0f cc0f cc0f cc0f cc0e cc0f cc0f cc0f cc0f c40f c40f cbee c3ce c3ce c3ee c3cf c3ce c3ce c3ae bbcf bbcf bb8e b38e b36e b36e b36e bbf0 cc90 dcf0 dd51 e591 e5b1 e5b1 edd0 edd0 edd0 edb0 edb0 edb0 e590 ed90 ed90 ed90 e590 ed90 ed90,
aa2a aa0a a9e9 a1c8 a1c8 99e9 99c9 9988 9988 9168 9988 9188 8968 8927 80e7 78c7 80e7 9988 ba6a d30b db8c e3ed e42e e46f ecaf eccf ecef ed0f f50f f50f f530 f510 f510 f510 f4ce ec6d e40c e3ab db2a caa9 b1e8 99a8 9147 9968 a1a8 a1c8 a9e8 b209 ba29 ba29 ba49 ba49 c229 ba49 c249 ba4a ba4b ba6b d34e d3f0 bb0f aa4c aa6c aa8d 798a 58e9 60ea 798c 92b0 7a0d 58c9 610a 50a9 4868 58e9 71ee 694c 690b 8210 8272 8af2 8ab1 694b 58ea 614b 8290 79ee 58c9 4867 4867 50a9 58ca 60e9 71ee 694c 5069 594a 8b34 9bf8 9bd6 9b94 8291 694b 7a70 696b 7a4f 8b94 58c8 5047 58a7 5888 5887 58a8 5087 5887 5887 5887 58a8 60e8 58e8 58a8 58c8 50c8 4888 4068 6108 bb8d d3ac b1e9 aa2a cc51 dd12 dd12 dd53 dd94 e5d5 e636 eeb7 c4cf 8126 90e7 b1c8 ba4a c26b ca6b d28b d30d d32d d30d db4e e3af e3af e3f0 e3f0 e410 e451 e451 e450 e430 e451 e471 e452 e431 e411 e451 e431 e431 e471 e4b2 e472 e4b2 e4f3 e471 e451 e4b2 e451 e492 dc71 dbaf db4e d30d db2d db6e db4d db0d dacc dacc dacc dacc daac e36e e451 e4d3 ed96 f678 f6d9 f678 e5d6 e574 e554 dcb2 dc10 dbf0 dc10 dbf0 dbcf d34e d30d d30d d2ed d2cb ca8b c26b ba8c ba8b ba6b a9e9 9148 80e8 7908 6086 6087 68c8 60e8 7108 7949 796a 58a8 58a9 9aae d473 dd34 cc93 b36f 796a 7969 81cb 58a7 60c7 60e7 58a7 5066 5887 60e7 60c7 5886 5087 5888 81a9 ab0d bb8e bb8e c36d b36e bbaf cc0f cc50 cc4f d44f cc2f d44f cc4e cc2f cc0f cc2e d40e cc2f cc0f cc0f cc2f cc0f cc0e cc2f cc0f cc0f cc2f cc0f cbee cc0f cc0e cbef c3ef c3ef c3ef c40f c3ef c40f c3ef c3ee c3ce c3ce c3cf c3ce bbcf b3cf b38e b36e b36e b36e bbef cc90 dd10 e551 e5b1 edd1 edd1 edf1 edd0 edd0 edb0 edb0 edb0 edb0 edb0 e591 e590 e590 e590 ed90 edb0,
aa2a a9e9 a9e9 a1c9 a1c9 99e9 99c9 9989 9988 9169 9188 9188 8947 8907 80e7 80c7 8107 9988 ba49 d30b db8c e3cd e40d ec6f ecaf eccf ecef ed0f f510 f50f f530 f510 f530 f50f ecce ec6e e42d e3ac db2a caa9 b209 a1a8 9947 9968 a1a8 a9c8 a9e8 b1e9 b209 ba29 ba4a ba6a ba4a ba6a ba4a ba4a c28c baad bace b2ce aa8e aa8d aa6d 91cc 79ae 7a50 8ab1 92d1 8a6f 694b 58c9 60c9 50a9 5089 612a 7a2f 718d 71ad 8ad3 8ad1 9311 8a90 610b 58ca 7a2f 8ad1 718c 4868 4868 5088 58ca 58ca 718d 82b1 7a0f 590b 50aa 720e 93b4 9c15 9353 718d 610b 7a10 82b1 9c77 82cf 5067 5067 50a7 58a8 58a8 58c8 58c8 5887 5887 5887 5888 58c9 58e9 58c8 50c8 50e9 4888 4888 820a cc0e c2eb a9ea bb2e d4d2 dcf1 e553 dd94 dd94 e5f5 ee96 d5b3 9249 80e7 a168 b1c9 c24a ca8a ca8b d2ab d2cc d32d d32e db4e db8f e3af e3cf e3f0 e410 e430 e471 e450 e430 e471 e4b1 e4b2 e491 e451 e450 e471 e451 e491 e4d2 e4b2 e4b1 e492 e451 e471 e492 e471 e471 e430 dbaf db2e db2d db4d db6e db2d db0c daec d2ec dacc dacc dacc db4e e410 e4d3 ed96 f657 f6b9 f699 edf6 e554 e533 dcf3 dc71 dc10 dbf0 dbef dbcf db6e d32d d32d d2ec d2cc ca8c c28b c28c ba6b b24a aa0a 9148 80c7 78e7 6887 6087 68a7 6908 7108 7928 7149 5088 5868 9a8d d493 e533 d4d3 bb90 796a 7148 7989 5867 60a7 68e7 58a7 5087 60a7 60e7 60c7 5887 5887 60a8 89ea b32d bb8e bb8e bb6d bb6e c3ce cc4f d470 cc4f d44f d44f d44f cc2f cc2f cc0f cc0e cc0e cc0f cc0f cc0f cc0f c40f cc2f cc2f cc0f cc0f cc0f cbee c3ee cc0e cc0e cc0f c3ef c3ee c3ee c3ef c3ef c3ef c3cf c3ce c3ce c3ce bbce bbce bbae b3ae b38e b36e b36e bbce cc90 dd10 e550 e591 edd1 edf1 edf1 edd1 edd0 edd0 edb0 edb0 edb0 ed8f ed90 e590 ed90 ed90 e590 e590 edb0,
a1c9 a1c9 a1c9 a1c9 99c9 99a9 99a9 99a8 9189 9188 9168 9168 8928 8107 80c7 78c7 8128 9988 ba49 d2eb db4c e3cd e40d ec6e ecaf eccf ecef f50f ecef f50f f52f f50f f50f f4ef ecce ec6e ec0d e3ab db4b caaa b229 a1a8 9968 9968 a188 a1c8 a9c8 b1e9 b209 ba29 ba49 ba6a ba4a ba4a ba4b ba6c c2ae bad0 a270 a291 bb93 cc55 b3b5 a396 a437 ac97 a3f4 8af1 71ac 610a 610a 610a 610b 60ca 71ad 8ad1 798d 7a2f 9353 9312 8a90 820f 716e 8270 9b53 7a0e 5088 4047 4868 5088 58a9 58ca 718d 8ab1 9333 8230 69ae 69ae 698d 7a4f 8af2 82b3 8af4 9bd6 a4d8 8b51 692a 694a 6949 6929 6108 5888 5887 58e8 58a8 5087 5087 5887 58a8 50c8 58c9 50a8 48c8 4888 7149 c3ee cb8c b20a b28c d4d3 dd32 e511 e594 dd94 e5d5 e656 d593 89e8 7066 9128 a9a8 ba0a c24a ca6a d2ab d2ac d2cc d30d db4e db4e db6e e3af e3cf e3ef e3f0 e430 e491 e471 e451 e491 ecb1 ecd2 e4b1 e4b1 e491 e491 e492 e491 ecb1 e4b1 e491 e472 e492 e4b2 e4b2 e471 dc10 e3ef dbaf db4e db2d db6e db6e db2d daec dacc d2cc dacb dacc daab db0d e3af e492 ed96 f637 f6b9 f6b9 ee16 e554 e513 e4f3 e4b2 dc51 dbef dbcf db8e db6e db2d db2d d30d d2ec d2cc caac cacc c28b ba6a b22a 9988 80e7 70a7 60a7 6087 68e8 70e7 70c7 7968 7949 5847 5048 924d d472 dd13 dd13 bbd1 798a 6908 7148 5846 60a7 68e8 58a7 5087 60a7 60e7 58a7 5887 5887 7149 a28c bb6d c3ae bb8e bb6d bb6e cc0f cc50 d46f d46f d44f cc2f cc2f cc2f cc2f cc0f cc0f cc0f cc2f cc2f cc0f cc0f cc0f cc2f cc0e cc0f cc0e cc0f c40f c40e cc0e cbee cc0f c3ef c3ee c3ef c3ee bbce c3cf c3ce c3ce bbce bbae bbae bb8e b38e b38e b36e b38e bc0f d4af dd30 e590 edb1 edd1 edf1 edf1 edf1 edd1 edd1 edb0 edb0 edb0 edb0 ed90 e590 e58f ed90 edb0 e5b0 e5b0 edb1,
a1a8 a1c9 a1e9 a1e9 99c9 9989 91a9 99a9 91a9 9188 9168 8948 8928 8107 78c7 70c7 8107 9988 ba29 d2eb db4c e3cd e42e ec6e ecaf ecef ecef f50f ecef ecef f50f f50f f50f f4ef f4ce ec6e ec0d e3ac db4b caaa b209 a1a8 9968 9947 a188 a1c9 a9c8 b1e8 b209 b209 ba09 ba2a ba2a ba4c ba8e baf1 bb52 b354 a354 b3b6 cc76 d4f8 b4b8 ac56 a414 9bd2 8af0 79cd 694b 610a 612a 696b 694c 60ea 79ee 8ad1 718d 7a2f 9353 92f2 822f 8231 8271 9332 92b0 692a 4847 4867 4868 5087 58a8 50c9 58ea 71ad 8af1 8a92 8271 8ab2 7a10 71f0 7a30 93b5 a4d9 a4f8 93d3 698b 79cd 922d 81aa 81a9 796a 5888 5067 58c8 58c8 5887 50a7 5887 58a8 50a8 50a8 50a8 4888 4888 8a4b d46f baca a9c9 bb0d dd34 dd12 e552 dd94 dd94 e636 e696 abcd 6886 78a7 9948 a9a8 ba4a c26b ca6b d28b d2cc d2ec d2ec db2d db4e db6e e3cf e3cf e3ef e410 ec10 e470 e471 ec71 e490 ecb1 ecb2 e4b1 e4b1 ecd2 ecb2 e4b2 e492 ec91 e471 e471 e4b2 e4d2 e4d2 e4b2 e471 dc10 e3cf dbaf db6e db4d db6e db8f db4e db0c dacc dacc dacb daab da8b daed e3af e472 ed75 f638 f6b9 f6d9 ee17 e574 e512 e4d2 e4d2 e491 dbef dbaf db8e db6e db2d db2d d32d d30d d2cc d2ac caac ca8b c28a b24a 99a9 80e8 70a7 60a8 60a7 68e8 68e7 70e7 7969 7949 5847 5027 924c d472 dcd2 dcf2 bbf1 81ab 68e7 7108 5846 60c7 6908 5887 5087 60c7 60e7 58a7 5887 5887 7989 aacd bb8e c3ae bb6e bb4d c38e cc2f d46f d44f d44f cc4f cc2f cc4f cc0f cc2f cc2f cc2f cc2f cc30 cc2f cc0e cc0f cc2f cc2f cc0f cc0f cc2f cc0f c40f c40e c40f c3ef c3ef c3ee c3ef c3ef c3ee bbce bbcf c3ce c3ce bbcf bbae bbae bb8e b38e b36e b36e b3cf cc6f dcf0 e571 e5b1 edd1 edf1 edf1 edf1 edf1 edd1 edd1 edb0 edb0 edb0 edb0 ed90 e590 e590 edb1 edb0 e5b0 edb0 edb1,
a1c9 a1c9 9a2a 9a0a 99c9 91a9 91a9 9189 91a9 9188 8968 8948 8948 8107 78e7 78c7 8107 99a8 ba69 d2eb db6c dbed e44d ec6e ecaf eccf ecef f4ef ed0f f50f f50f f50f f50f f50f f4cf ec4d e42d e3ac db4b caaa b209 9988 9947 9968 a1a8 a1c9 a9c8 b1e9 b1e9 b20b ba2c ba8e c331 c3d3 c3d3 c414 bc14 bbf4 c413 cc53 bc33 a390 7a2c 69ab 616b 71cd 71cc 610a 58ea 610a 612a 694b 692b 690b 8250 8250 718d 8291 82d1 7a0f 8271 9353 9352 8a8f 696b 5088 5088 50a8 5087 5087 58a8 50a8 5088 58c9 69ac 79ef 7a0e 8af2 9353 9333 8ad1 828f 726d 6a0c 58c9 692a ab50 b390 a2ac 922b 89eb 60c8 50a8 58c8 58c7 58c7 50a8 50a8 58c8 50a8 50a8 4888 4068 6929 bbcf cbad aa2b b26b cc72 dd53 dd32 ddb4 ddd5 e635 e676 ac0e 58c6 6067 88e7 9968 b1c8 c24a ca6b ca8b d2ab d2cb d2cc daec db2d db4d e36e e3ae e3af e3cf e410 e410 e450 e491 ecb1 ec91 ecb2 ecf2 ecd2 e491 ecb2 ecf2 e4d2 e4d2 ecd2 e4b2 e4b2 ecb2 ecd2 e4d2 e4b1 e471 e450 e3f0 dbae db8e db8f db8e db6e db4e db0d dacc db0d dacc dacb dacc db0d e38e e431 ed54 f638 f6b9 f6b9 ee37 e595 dcf2 dcb1 e491 e471 dc30 dbef e3ae db6e db2d db0d db0d d2ed d2cd d2ec d2cc caab c28a b24a 9968 78c8 70c8 60a7 60a7 7128 68e8 7108 8168 7108 5088 5048 89eb d452 dcf3 d4b1 c451 924c 68e7 68e8 5067 58a6 68e8 5867 58a7 68e7 60c7 5887 5887 60a7 89ea b32d c3ae c38e bb6e bb4d c3ce d44f d46f d46f cc4f cc2f cc4f cc2f cc2f cc2f cc2f cc0f cc0f cc0f cc0f cc0f cc0f cc0f cc0f cc2f cc2f cc2f cc0f c3ee c3ee c40f c3ef c3ef c3ee c3ef c40f c3cf c3ce c3cf bbae bbae bb8e bbae bb8e b38e b38e b38e bbcf cc6f dcf0 e570 e5b1 edd1 edf1 f5f1 edf0 edf0 edd1 edd0 edd0 edd0 edb0 edb0 edb0 edb0 ed90 edb0 edb0 edb1 edb1 edd2 edd2,
99c9 99a9 99c9 99ea 91c9 9189 9168 9968 91a9 9168 9168 9148 8947 8107 78c7 70a7 8107 99a9 ba8a d2eb db8c dbcd e42e ec6e ecaf eccf eccf f4ef ed0f f50e f50f f50f f52f f50f f4cf ec6e e42d e3ac db4b caaa aa09 9968 9947 9947 9968 a188 a1a8 b1c9 b22b b28f bb31 c391 cbd0 d38e cb2e bb71 b332 b311 c330 baad a24b 6908 4848 58ca 71ad 71cd 694b 590a 612a 694a 694b 60ea 610a 71ad 8270 79ce 79cf 8af3 7a50 82d3 9bf6 a3f5 8a8f 6109 58c8 58c9 58e9 58a8 50a7 50a8 58a8 5088 50a8 50a9 58e9 71ae 718d 698c 7a2e 8b30 9370 6949 4006 4027 4868 796a b36f bbf0 b34e a2ac 7949 58c9 50a8 58a8 58a7 50a7 50a8 50a8 50a8 50c8 50c9 4889 50a8 926c d46f bb0b aa6c baed d513 dd31 e594 ddd5 e5f4 eed7 cd91 6106 4806 7087 8927 a1a8 b1e8 c249 ca8a d28a d2ab d2cb d2eb daed db2d db4d dbae e3ae e3ae e3cf e3ef e430 e451 e471 ec91 ecb1 ecb1 ecf2 ecf2 ecd2 ecb1 ecf2 e4f3 ecf2 e4f1 e4f2 ecd2 ecd2 ecf2 e4b1 e491 e471 e430 e3ef dbcf db8f dbaf e38f e36e db4e db0d daec db0c daec daec dacc daed db6f e430 ed54 f637 f698 f6b9 ee57 edb5 e4f2 e491 dc51 dc50 e450 e3ef e3ae db6e db2d db0d daed dacd daed d2ed d2cc caab c2ab ba2a 9189 78e8 7108 6087 60c7 7128 68e8 7108 8189 7128 5088 5048 81aa cc31 e4f3 d471 cc91 a2ee 70e8 68c7 5887 5886 60a7 5887 60c7 60e7 58a7 5887 5867 68e8 9a6b bb6d c3ae c3ae bb6d bb6d cbef d44f d490 d470 d44f d44f cc4f cc2f cc2f cc2f cc4f cc0f cc0f cc0f c42f cc2f cc2f c40f cc0f cc0f c42f c40f cbee cc0f c3ef c3ef c3ef c3ee c40e c3ee c3cf bbcf c3ef c3ef c3ae bbce bb8e b38e b38e b36e b36e bb8e cc2f dcef e550 e590 edb1 edd1 edd1 edf1 edd0 edd1 edf1 edd0 edd0 edd0 edcf edb0 edb0 e590 e5b0 edb1 edd1 edd2 edd2 edf2 edf3,
99a9 91a9 91a9 91ca 91a9 9188 9168 9168 91a9 9168 8948 8927 8128 8108 78c7 70c7 80e7 99a9 ba6a d2eb db8c dbcd e42d ec8e ecaf eccf ecef ecef f50f f4ef ed0f ed30 ed30 f4ef ecaf ec6e e42d e3cc db2b caaa aa09 9988 9948 9168 9988 a1a8 a9c9 b1ea b24b bb0e bb2e c2ec c2cc c28b c2cd bb30 ab11 aaf0 aaf1 9a4f 89ed 714c 690b 716c 79ee 71cd 610a 690a 610a 610a 612b 692b 71ad 8250 69ad 718d 8271 9313 8b33 9bb4 9332 9331 79ee 58a9 58a8 58e9 58c8 58a8 58a8 50a8 58a8 50a8 50a8 50c9 58c9 612a 71ed 71ad 58e9 71a9 8a4b 60c7 4047 4047 58a8 89ab ab0d bbcf b32d 9a2b 798a 6109 5088 5087 58a7 58a7 50a8 50a8 50a8 50a8 4888 4868 612a b36e cbcd b28b b2ac c3f1 dd33 dd32 e594 e5b4 e656 de55 8aeb 4846 5867 7087 8927 a1c9 ba09 c26a caab d2ab d2ab d2ab d2cb daec db0d db4d db8e e38e e3ae e3cf e3ef e410 e450 ec70 ec91 ecb1 ecb1 ecf2 ecf2 ecf2 ecd2 ecd1 ecd2 e4d2 ecd1 ecd1 e4d2 ecf2 ecd1 e491 e471 e450 e40f e3ef e3ef dbae db8e db8e db8e db4d db2d daec daec daec dacc dacc daec e36f e431 ed34 f637 f699 f6d9 ee78 edb5 e4f2 dc91 dc50 dc50 e430 e410 dbcf db6e db4e db2d db0d dacd dacd d2cc d2cc cacb c2ab ba2a 9148 70a7 70c8 58a8 60c7 7108 68c8 7148 89a9 7108 5088 5048 818a cc31 dcd3 cc11 cc71 ab4f 68e8 6087 5866 5866 6087 6087 60a7 60e7 58a7 5887 5867 7128 a28b c38d c3ae c3ae c36d c38e cc0f d46f d46f d44f d44f d44f cc2f cc2f cc4f cc2f cc2f cc2f cc0f cc30 cc2f cc2f cc0f cc0f cbef cc0f cc0f c40f cc0f c40f c3ee c3ef c3ef c3ee c40e c3ef c3cf bbcf c3ef bbcf bbcf bbce b3ae b38e b36e b36e b36e c3ee d48f dd30 e590 edb0 edd1 edd0 edd0 edd0 edd0 edd0 edf0 edd0 edd0 edd0 edcf edd0 edb0 edb0 e5b1 edb1 edd2 edd2 edf2 ee13 ee13,
91a9 91a9 9189 9189 9168 9168 8948 8948 9188 9168 8948 8948 8128 8107 70e7 70e7 78e7 9968 ba49 d30b db6c e3cd e42d e48e ecaf ecef ecef ecef ecef f50f f52f ed0f ed0f f4ef ecaf ec6e e3ec e38c db2b caaa b229 a1a8 9127 9168 99c9 a1a9 a9c9 aa0a b24b b26b ba4a ba4a ba4b ba4b c2cc c32f b2ce 9a0c 8a0d 71ac 820e 81ee 81ee 824f 79cd 718b 714b 712a 60a9 60eb 696c 8230 8b12 720e 58ca 698d 9334 9b94 9393 8ad0 694b 612a 720e 610a 58c9 58e9 5887 5887 58a8 58c8 58a8 5888 58c8 5909 58a9 50a7 6929 71ab 694b 6107 89a8 68c7 4867 4027 5087 8a0b aaac c3cf b32e 9acd 928d 68e8 50a8 50a8 5087 50a7 5067 50a7 50a8 4867 4027 58a8 a2ec d44f baec b26b c34e ddb6 e573 e594 dd73 e5d4 e675 930b 4026 5067 68a7 78c7 8948 a9c9 ba2a ca8b ca8b d28b d2ab d2ab d2aa d2cc db0d db4d db4e e36e e3cf e3cf e3cf e3ef e430 e450 ec91 ecb1 ecb1 ecd1 ecf2 ecd2 ecf3 ed33 ed12 e4d2 ecd2 ecb1 ecb1 ecb1 ec91 e4b1 e470 e42f e40f e40f e3cf e3ae e3ae e38e dbae db6d db4d db0c daec dacc dacc daec daec e36e e3f0 ecf3 ee17 f6b9 f6da ee98 edd5 e4f2 dc91 dc50 e450 e430 e410 e3cf dbaf db6e db2e db0d daed dacc d2cc d2cb d2cb ca6a b209 8128 70c7 68c8 58a7 68e7 68c7 60a8 7948 89c9 68e8 5067 5027 7949 c3d0 dcf3 cbb0 c3ef bc31 7928 5866 5046 5846 60a7 7128 60c7 60c7 58a7 5887 6087 8189 b2ec c3ae cbcd c38d c36e c3ce d44f d48f d48f cc6f cc4f cc2e cc0e cc2f cc50 cc4f cc2f cc2f cc0f cc0f cc0f cc0f cc0f cc0f c40f cbee cbef c3ef c40f c40f c40e cc0f cbce c3ef c3ee c40f c3ef bbef c3ce bbcf bbaf bbae b3ae b38e b34e b34e bbcf d490 dd30 e570 edd0 edd0 edd0 edb0 edd0 edd0 edd0 edd0 edd0 edd0 edd0 edd0 edd0 edd0 edb1 edd0 edf1 edf2 ee12 ee13 ee12 ee14 ee14,
91a9 9189 8989 9188 9169 9168 8968 8948 9168 8948 8948 8968 8128 7928 7108 70c7 78e8 9968 ba49 d2eb db4c e3cd e42d e48e ecae eccf ecef ecef ed0f f50f f50f f4ef f50f f4ef ecaf ec6d e3cc e38c db4b c2aa b209 a1a8 9148 9168 99c9 a1c9 a9e9 aa0a aa2a aa4a b22a ba6a ba4b c26b c2ac cb2e b28d 91ab 81ac 694b 79ad 79ce 8270 8250 718b 81cd 81ac 710a 58a9 692c 7a0f 8b13 82d0 612b 58cb 71ce 9bd5 9bb4 828f 8250 612c 592b 7a2e 694b 58c9 58a8 5887 5887 58c8 58e9 58c8 58a8 58c8 58e9 58a8 58a8 6928 6108 614a 6108 89c9 7108 4847 4027 5088 89ea aacd c3af bb4e abd0 9acc 60a7 50a7 50a7 5087 5067 5067 50a7 5087 4867 4006 6908 bb8d cbcd ba8b b28b cc32 e5f6 e573 e5b4 dd73 e656 cd72 6127 4027 5087 6087 78e8 9168 a9c9 ba4a ca8a ca8a d28b d2cc d2ec d2ab d2cc db0d db0c db2d e36d e3ae e38e e3ae e3cf e410 ec51 ec90 ecb1 ecb1 ecd2 ecd1 ecd3 ecf2 ed33 ed53 ecd2 ecb2 e491 ecb1 ec91 ec90 ecb0 e44f e42f e40f e40f dbaf db8e e38e e38e db8d db4d db2d db0c daec daab d2ec db0c daed db4e e3f0 ecf3 edf6 f699 f6d9 f698 edd5 e4f2 dc91 dc51 e451 e430 dc10 dbcf dbae db6e db4e db0d daed dacc d2cc d2eb d2cb c26a a9e9 8128 70e7 68c8 58a7 68e8 68a7 60c8 7948 89ea 68c7 5047 5027 7929 bbd0 dcd3 c3b0 cbef c471 8169 5046 5067 5887 60c7 7149 60e7 60c7 58a7 5867 6087 91c9 b30c c3ae c3ad c38d c38e cbee d46f d48f d46f cc4f cc4f cc2e cc0e cc2f cc2f cc2f cc2f cc2f cc0f cc0f cbee cc0e cc0f cc0f c40f cbee c3ef c3ef cbef c40f c3ef cc0f c3ee c3ef c3ce cbee c3ef bbef bbcf bbcf bbaf bbae b38e b36e ab2e b36e c42f d4ef e570 ed90 edd0 edf0 f5d0 edb0 edb0 edb0 edb0 edcf edd0 edd0 edd0 edd0 edd1 edd1 edb1 edd1 edf2 edf2 ee33 ee13 ee13 ee34 ee14,
9189 9189 8969 8968 8968 8948 8968 8948 8948 8148 8148 8128 8108 7907 70c7 70a7 78e8 9968 ba29 d2eb db6c e3cd e42e e46e ec8f ecaf eccf ecef ed0f ecef f4ef eccf ecef f4cf ecaf ec4e ec0d e3ac db2b caaa b209 9988 9148 9168 9988 99a9 a1c9 aa0a aa2a b24a ba4a ba4a ba6a c26a c28b c2ac aa0c 792b 8230 8a91 8a91 8b12 8ab0 796c 89ed a2cf 89ee 692b 716c 8a70 8af1 7a4e 592a 50aa 590b 71ae 8b12 9bd6 8250 82b0 71ef 614a 69ab 612a 58a8 5087 50a8 60e9 60e8 58e8 58e8 58c8 58c8 58e8 58c8 58c8 5929 50c8 50a8 58a7 7988 7928 4826 4047 6908 91ea aacd aaef aacd cc90 bbae 81ca 5066 4846 4867 4867 4846 5067 4847 4027 5067 9a8b cbee bacb b24b bb0d dd75 e5b4 e5b4 e5d5 e636 d5b4 7a29 4867 50a8 60c8 60a7 70c7 9168 a9e9 ba49 ca6a ca8b ca8a d2ab dacc daec db0d daec db0c db4d e36e e36d e36e e38e e3ce e3ef ec0f ec2f ec50 ec70 ecb1 ecd2 ecf2 ecd2 ecd2 ed12 ecf2 ecb1 ecb1 ecd1 e4b1 e490 e470 e44f e40f e3ef e3ae db6d db6e db4d db6e db8d db4d db2c daec d2cb d2ab daec daec db0d db6e e3f0 e4b2 edb5 f679 f6b9 f6b9 ee16 dd12 dc91 dc91 e451 dc30 dc10 dbcf db8e db8e db4e db0d daed dacc d2cc d2cc cacb c26a a1a9 78e8 78e8 60a7 5887 68c7 60a7 60a7 8149 89ea 68c7 5847 5027 70e9 bbd0 dd13 cc11 cbef cc70 8a0b 5866 5066 5867 58a7 7128 6908 58c7 58a7 5867 70e8 a26b bb6d c38d c38e c38d c3ce d450 d4b0 d490 d46f cc4f cc4f cc2f cc2f cc2f cc2f cc2f cc0f cc2f cc0f cc0f cc0f c40f cbee c3ef cc0f c3ef c3ef c40f c40f c3ef c3ee c3ee c3ee c3ce c3cf c3ce c3ce bbcf bbcf bbae b38e bb8d bb6d b36d b34d c3ce d4af e54f ed90 edd0 edf0 edf0 edd0 edd0 edcf edb0 edd0 edd0 edd0 edd0 edd0 edd0 edd1 edf1 ee11 ee12 ee12 ee13 ee33 ee33 ee33 ee34 ee34,
8969 8968 8968 8948 8948 8148 8968 8948 8948 8928 8128 8128 7907 78e8 70c7 70c7 7907 9948 ba08 d2eb db8d dbad e40e e46f ec8f ecaf eccf ecef ecef eccf eccf ecef ecef ecce ecae ec6e ec0d e3ac db2b caca b209 9968 9148 91a9 99a8 99c9 a1c9 a1c9 aa09 b229 b22a ba29 c249 c26a c26a ba4c 914b 796f 9bb6 ac56 ac76 9310 692a 714c 9a6f 9ab0 798c 714c 92d2 9b93 7a0d 50e8 50c9 590b 58eb 58ca 69cd 93f5 8af3 7a2f 7a50 58c9 592a 612a 60c9 50a8 58c8 6109 60e8 58a7 58c8 58e8 58a7 58a8 58a8 58e9 50c8 614a 698c 5087 68c6 7928 5067 5067 70c7 99ea aacd 9a4e 91ca cc0d dcf1 b3af 6928 4046 48a8 4887 4047 4847 4847 4827 6908 c3ac cb8b b26b b28b cc10 e5d5 e573 e5d5 e636 e6d7 a38d 4046 4867 50c8 60e8 68a7 78e8 9148 a9c8 ba29 ca6a cacb ca8b d28b d2ab db0c db0c daec db0d e32d e34d e36e e3ae e3cf e3cf e3ce e3ce e3ef e450 e450 ec71 ec91 ecd2 ecd1 ecd1 ecf1 ecf1 ecb1 ec91 ecb1 ecb0 e470 e470 e42f e40f e3ef e38e e36d db4d db2d db4d db6d db2d db2c daeb d2ab d2ab d2cb dacc db0d db6e e3f0 e472 ed54 f657 f6d9 f6d9 ee37 dcf2 dc70 dc90 dc30 dc0f dbef dbaf dbaf dbaf db4e db2d daed daed d2ec d2cb caab ba6a 9988 7908 68c8 5087 58a7 68a7 6887 6087 7948 89ea 68c7 5047 5027 68a8 bb8f dd54 cc52 c3af cc71 9aad 5867 4867 5026 5887 7148 6928 58c7 58e8 60a7 8148 aacc c3ae c3ad c3ad bb6d c3cf d4f2 dd73 d4b0 d44e d44f d44f cc2f cc4f cc4f cc2f cc2e cc2f cc2f cc0f cc0e cc0e c40e c40f c3ef c40f cbcf c3ef c3ef c3ef c3cf c3ee c3ce c3ce bbce c3ef c3ef bbcf bbce bbce bbae b38e b36e b36e b34e bb8e d44f dd10 ed90 edb0 edd0 f5d0 edd0 edd0 edb0 edcf edaf edb0 edd0 edb0 edd0 edd0 edd1 edf1 ee12 ee32 ee33 ee33 ee33 ee33 ee33 ee33 ee34 ee34,
8968 8969 8969 8969 8169 8168 8969 8969 8169 8128 8128 7948 7928 78e7 70c7 68a7 78e7 9948 ba29 caeb d38d dbcd e40e e44e ec8e ecaf eccf eccf eccf eccf eccf ecef ecef eccf ecae ec4e ebec e3ab db2b caca aa09 9968 9128 9169 9989 a1ea aa6d aa2c a9e9 b209 b229 b249 ba29 c22a c24c b2b0 9ab2 9b95 ac55 9b71 8a8f 79ac 716c 9270 9ad1 820e 714b 8a90 9312 7a2e 612b 58ea 696d 694c 612c 50aa 614c 8b74 9354 7a4f 8ad2 612b 58e9 694a 6109 58e9 60a9 6909 6109 50a8 50c8 58c8 50a7 58a7 58a8 5088 50c8 720c 720c 5067 5866 7107 58a7 5067 6087 91ea a2ee 9acf 9189 b2aa dcb0 cc4f a30e 6129 4867 4867 4867 4867 5047 5047 89e9 cbed baaa b24a bacc d4f3 e5d5 e5b5 e616 eeb7 cd93 6988 4047 4867 58e8 6908 68a7 78e7 9148 a1c9 ba2a ca4a caab d2ab d2cb d2cc dacc daec db0c db2d e34d e36d e36e e3af e3ae e3ce e3cf e3ef e3ef e450 e470 ec71 ec91 ecd2 ecb1 ecd1 ecd1 ecd1 ecb2 ec70 ec90 ec90 ec70 e450 e42f e40f e3ee e3ae db6d db4d db2d db2d db4d db4d db0c dacb d2ac d2ab d2ab daec db0d db6e e3af e451 ed14 f637 f6d9 f6b9 ee37 e4f3 dc50 e450 dc50 dc10 dbcf dbaf dbaf dbaf db4e db2e db0d d2ed d2ec d2cb c2ab ba4a 9968 78e7 6087 5087 60c7 68a7 68a8 68e8 7968 89c9 68a7 5047 5027 60a8 b36e dd13 d451 c3af cc50 ab0e 68e8 50a7 4847 5887 6908 6908 58c8 58a8 6887 89a9 b30c c3ad c3ad c38d c36d cbef d4b0 d4f1 d48f d44e d44f d44f cc2e cc2f cc2f cc2f cc2e cc2f cc0f cc2f cc0e cbee cc0f cc0f c3ef c3ef c3ef c3ef c3ef c3ef c3ee c3ce c3ee c3cf c3cf c3ee c3cf c3cf bbcf bbce bbae b38e b36e b36e b36e c3ee d4af e550 ed90 edd0 edd0 f5d0 edd0 edb0 edb0 edaf edaf edb0 edd0 edd0 edd0 edd1 edf1 ee12 ee32 ee33 ee33 ee54 ee33 ee33 ee33 ee33 ee33 ee14,
8989 8989 8169 8169 8949 8149 8169 8169 8169 8149 7928 7928 7908 70e8 68c7 68a7 78c7 9968 ba49 d2eb db6d dbcd e40e ec4e ec8e eccf ecef eccf ecaf ecaf eccf ecef ed0f f4ce ec6e ec2d e3ec e3ac db4b caaa aa09 9968 8928 9148 9149 a22b b371 b2ad a9c9 a9e9 b20a b20b baae c372 c3f5 bc54 abf3 8aad 71aa 610a 58a9 798d 9b12 b3f4 924f 716c 8af2 9351 696b 5069 5089 720f 7a30 698d 694d 58eb 7251 93d5 9bd6 8270 9372 824f 58a8 6109 6109 612a 6109 6909 6909 50a8 50a8 5087 5087 5087 58c8 5067 5087 718a 7189 6908 6908 70e7 60a7 60a8 792a 9a2c a370 c3ef b26b 8108 99e9 cb8c dd51 b34d 58a7 4047 4866 5067 4827 60c7 b34d cbad aa4a b26b cbf0 e616 e616 e616 ee76 de35 8229 4006 4867 4867 6108 7948 68a7 78c7 9948 a1a9 b209 c229 c26a ca8b d2cb dacb dacc daec db0c db0c db4d e32d e36e e38e e3cf e3cf e3ef e3ef e3ef e430 e450 ec70 ec91 ecd1 ecb1 ec91 ecb1 ecb1 ecb1 ec71 ec91 ec70 ec50 e44f e42f e3ee e3ce dbae db2d db0c db0d db0c db2d db4d daec d2ab d2cb d2ab d28b d2cb db0d db0d db8f e452 ecf3 f617 f6b9 f6d9 f678 e534 dc30 e450 dc30 dc10 dbef db8e db8f db6f db4e db2d db0d d2ec d2ec d2cc caab b20a 8928 70c7 5887 50a8 60e8 68c8 70e8 68c8 8168 89ea 68c7 5026 5027 6067 aaed d4b2 d451 c38f c3f0 b32e 7969 58a7 4867 60c7 68e8 60e8 58c8 5067 68c7 9a6b bb6d cbad c38d c38d c3ae cc4f d48f d46f d48f d44f d44f d44e d44e d42f cc2f cc2f cc2f cc0f cc0f cc0f cc0f cbef cc0e cc0f c40f c3ee c3ee c3ee c3ef c3ef c3ee c3ce c3ef c3ef c3ce c3af c3ce bbcf bbaf bbae bb8e b36d b36d ab6e bbce d48e e52f ed90 edd0 edd0 edcf edcf f5b0 edaf edcf edb0 edaf edaf edd0 edd0 edf1 edf2 ee12 ee32 ee33 ee54 ee54 ee54 ee54 ee33 ee13 ee13 ee13 ee14,
89a9 8989 8168 8169 8949 8949 8189 8169 8149 8149 7928 7928 7908 70c7 68a7 6887 78e8 9988 ba49 d2eb db6c dbad e40d e44e ec6f ecb0 eccf ecce ecaf ecaf ecf0 ed0f ecee f4ee ec6e ec2d e3ed e38c db2b caaa b229 9968 9128 9149 9128 aa6c b392 aa6d a1a9 a9ca b20c bab0 c3d4 c496 c474 bc32 ab0e 68c8 5067 58a9 60eb 8a50 b414 bc14 89cd 7a2f 9372 71ec 58a9 5089 50a9 7ab2 7a6f 69ae 612d 590b 8b96 9bf6 9bd5 8a70 8b10 8af2 60c9 58c9 60e9 614a 614a 6109 6909 5087 5087 5087 5087 5087 50a8 5068 5887 7949 8169 8168 8189 70e8 60a7 7929 898b 924e b412 d44f c32d 8109 78c8 bacb e4ee c3ee 68e8 4026 4866 4827 4006 7169 c3ee c32c aa4b b2ac d4d3 e636 e616 e636 eeb7 c4d0 58a6 4026 4867 4847 6908 8169 6887 7887 9128 a9a8 b1e9 c229 c24a ca8b d2ab dacb d2ec daec db0c daec db2c e34d e36d e36e e3ae e3cf e3ef e410 e40f e40f e40f ec30 ec70 ecb1 ecb1 ec70 ec90 ec91 ecb1 ec91 ec91 ec70 ec50 e44f e42f e3ee e3ce db8e db2c db0c db0c db0c db0d db0c daeb d2cb d2ab d28a d28b d2cb daec daed db8f e472 ed14 f616 f6b9 f6b9 f699 e555 dc50 dc71 e430 dc0f e3cf e38e db8f db6e db2e db0d d30c d2ec d2ec d2cb caaa a9e9 8128 68a8 5867 50a8 60e8 68e8 7108 68c7 8168 91ea 68e7 5046 5047 6087 a2cc d492 d452 c36f c410 b32f 81aa 5087 4846 60e7 6908 60e8 58a8 5067 7128 a28b c38d cbad cb8d c38d c3ce cc4f d48f d46f d46f d46f d44e d44f d44e d44f cc4f cc2f cc2f cc2f cc2f cc2f cc0f cbef c40f c40f c3ef c3ef c3ef c3ef c3ef c3ef c3ce c3ce c3cf c3ee c3ce c3ae c3ce bbce bbae bbaf bb8e b36d b34d b36e c40e dcee e56f edb0 edd0 f5f0 edcf edcf f5af edaf edaf edcf edaf edaf edd0 edd1 edf1 ee12 ee32 ee33 f653 ee54 f654 ee54 ee54 ee33 ee12 ee13 ee13 ee14,
8989 8969 8969 8169 8189 89aa 8189 8169 8169 8149 7929 7928 7108 70c7 6887 6886 70e7 9188 ba29 caeb d36c dbad e40e e44e ec8f ecaf eccf ecae ecaf ecaf eccf ecef ecef f4ce ec8d ec4d ebed e38b db4b caaa b1e9 9948 9127 9148 9128 aa0a bb90 ab11 a1ec b24d bb93 c434 c3d2 b330 b330 b350 91ec 5888 58a9 690b 8a50 a373 ab92 924e 8a90 82b0 696b 58ea 590b 58ca 618d 82d2 722f 82f3 696e 69ef 9416 8b33 9373 8af3 7a0e 93b4 718c 60e9 610a 614a 612a 60e9 60e9 5087 5067 4867 4867 4867 5088 60c8 7948 9a4b a24b 91a8 8968 68a7 7108 91eb 89ee a331 d492 e532 d4b1 9a0a 5888 8989 bb4c b32c 68c8 4006 4026 4006 5887 ab4d cbce b2ab b26b c38e dd95 e615 e636 e676 c4f0 6947 4026 4846 4847 4846 6928 8189 70c7 78a7 9107 a1a8 b209 c229 ca4a caab d2ab d2cc d2eb daec daec daec db0d e34d e34d e36e e38e e3af e3ef e3ef e3ef e430 e430 e40f e42f e470 ec91 ec50 ec70 ec90 ec90 ec91 ec90 ec70 e42f e450 e40f e3ee e3ce db6d db2c db0c db0c d2ec db0d daec d2ec d2cc d2ab d28a d2ab d2ab d2cc db0d db8f e431 ecf3 edb5 f658 f6d9 f6d9 edd6 dc30 dc50 dc30 dbef dbcf e3ae db8e db6e db4e db0d d2ed d2ec d2ec caab c24a a189 8108 5888 5087 58a8 60c8 68e8 7128 7128 8168 91e9 70e7 5046 5048 6088 9a4c d471 d492 bbaf cc31 bbaf 81eb 4846 4826 60c7 60e7 58a7 5867 5887 89aa b2ec c3ae cbad c38d c38d cbee d46f d48f d46f d46f d44f d44f d42e cc2f cc2f cc2e cc2f cc4f cc2f cc0f cc2f cc2f cc0f cc0f c40f c3ef c3ef c40f c40f c3ef c3ee c3ef bbee c3ce c3ce bbce bbae bbae bbae bbae bbae b38e b36e b34d c3ce d48f e54f edaf edd0 edd0 f5d0 edcf edaf edaf edaf edb0 edaf edd0 edd0 edf1 ee12 ee32 ee33 ee53 f653 ee54 ee54 ee74 ee54 ee33 ee33 ee13 ee13 ee13 ee14,
8968 8989 8969 8169 8169 81aa 8169 8169 8169 7948 7928 7908 7908 70e8 68c7 60a7 70c7 9128 ba29 caeb db6d dbcd e40e ec4e ec8e ecaf eccf eccf ecaf ecae ecae ecee ecee eccf ec8e ec4d ebed e38c db2b caa9 a9e8 9168 9127 9148 9128 9989 baec c433 b312 bb51 cc12 c30e aa4d a2b0 bb71 bb0f 89ac 60aa 710c 9a8f b3d3 a332 822e 698b 82b0 79ec 69ed 69ce 58aa 614c 8272 71ee 7a4f 8b74 692c 7a91 93d6 8ab2 8b53 9395 79ee 9414 8a91 6109 58c9 58e9 60e9 60e9 60e8 5087 5046 5067 4867 5087 68e9 60a8 8128 aaec bb4c a1e9 78e7 6087 68e9 920d a311 bb4e e4f2 edb4 e552 aaac 5067 68a7 a2ab 924b 5066 4026 3826 4006 7969 cc0e c32b b2ac b28c cc31 e5f6 e615 ee77 de14 79c8 3805 4847 5047 4846 5067 7148 89aa 78c6 80e7 9128 a188 b209 c229 ca4a caab d2ec d2ab d2cc daec dacc daec db2d e30d db0d e38e e38f e38e e3cf e3af e3cf e430 ec2f e40f e3ef e42f ec50 e470 e470 ec4f ec70 ec71 e470 ec50 ec2f e450 e42f e3ee e3ae db6d db4c db2c d2ec d2ec db0c d2ec d2ab d2ab d28b d28a d2ab d2aa d2ab db0d db8e e410 ecb2 ed55 f637 f6fa f6f9 ee37 dc30 dc0f dc10 dbef dbcf dbae db8e db6e db4e db2e daed d2ec d2eb caaa ba29 9989 70c8 5067 5087 58c8 58a7 68c7 7928 7969 8168 89a9 68e8 5026 4826 5867 91eb cc11 d4b2 c3f0 cc30 bbef 8a0b 4846 4846 60c7 58a7 5887 5867 60c8 9a0a bb4d c3ce c38d c36d c38e cc0f d44f d46f d46e d46e d44f d44e cc0e cc0e cc2e cc4f cc4e cc2f cc2f cc2f cc2f cc0f cc2f cc0f c3ef c40f c3ef c3ef c40f c40f c3ee c3ee c3ef c3ef c3ce c3ce bbae bbae bbce bbae b38e b38e ab6e bb6e cc2f dcef ed8f edb0 edd0 edf0 f5d0 edaf edaf edb0 edd0 edb0 edd0 edd0 edf1 ee12 ee32 ee53 ee53 ee53 f653 ee54 ee54 ee54 ee54 ee53 ee33 ee33 ee33 ee13 ee34,
8989 8989 8989 8989 8169 8169 8169 8149 8149 8148 7928 7908 70c7 70c7 68a7 6067 7087 9127 b249 caeb db4c dbcc e40e e46e ecaf ecaf eccf eccf eccf ecae ecce eccf ecef ecce ec8e ec4d ebec e38c db4b caa9 a9e9 9168 8927 9128 9128 9969 aa2a c34e c390 bb50 b2f0 aa6f a26f aaaf b310 b2ef 9a0d 70eb 68ea 924e ab72 92b0 71ac 720e 822e 71cd 7a4f 698c 60eb 71cf 8251 71ee 8312 82d2 612c 7ab2 8b54 8292 9394 9c37 79ce 82f0 82b0 58a8 5087 58a8 60e9 60e9 60e8 5087 5066 5087 4867 5087 68e8 60ea 7129 89ea b2ab 99c9 70a8 796b 8a4e 9a8d b2ee aa2a c38d e592 e552 b32d 6087 5866 81a8 7128 4826 4026 3806 4826 9a8b cbcd baab b28b bb0e d535 ee56 ee76 e676 a3ad 5086 4847 5067 5047 4847 4846 7148 91ea 78e7 8107 9127 a188 b209 c229 ca6a d28b d2cb d2ab d2cc daec daec db0c db0d db2d db4d e36e e38e e36e e3ae e3cf e3ae e3ef e40f e40f e3ef e40f e40f e42f e450 e44f ec50 e450 e430 e450 ec50 e44f e40f e3ce e38e db4d db2c d30c d2ec d2cc d2ec d2ec d2cc d2ab d2ab d2ab d28b d28b d2ac db0d db6e e410 e472 ed34 f657 f6fa f6f9 ee57 dc71 dc0f dc10 dbef dbcf dbae db8f db6e db2e db2d d2ed d2ec d2cb c28a b229 9169 68a8 5067 5088 60c8 58a7 68e8 7928 7948 8168 89a9 70e7 5026 4806 5867 91ca cc10 d4d2 c3f0 cc10 bc10 8a2b 4846 4866 60c8 5087 5087 5887 6908 9a4b bb6d cbad cb8d c36d c3ad d42f d46f d46f d46e d46e d44f d44e cc0e d3ee cc2e cc2e cc2e cc2f cc2f cc2f cc0f cc0f cc2f cc2f cc0f c3ef c3ef c40f c40f c3ef c3ee c3ef c3cf c3ee c3ce bbce bbae bbcf bbce bb8e bb8e b36e b36e c3ae d48f e52f ed8f edd0 f5d0 edd0 f5d0 f5af edaf edb0 edd0 edb0 edd0 edd0 edf1 ee32 f653 f653 ee53 ee53 ee53 ee54 ee54 ee54 ee54 ee54 ee54 ee34 ee33 ee34 ee34,
9189 9189 91a9 8989 8969 8169 8149 8148 8169 7949 7928 7928 68c7 68a7 68a7 6067 6866 9127 b229 cacb db4b e3cd e40e e44f e48f ecaf ecaf eccf ecef eccf eccf ecef f4ef f4cf ecae ec4d ec0c e3ab db4a ca89 b1e9 9968 9147 9148 9168 9988 99c8 a1e9 aa2b b28e aab0 a2f1 a332 ab52 b351 bb30 9a2e 68eb 60a9 81ee 92b0 820f 71ce 8250 820f 7a30 694c 692c 7a51 7a10 696d 82b1 8b53 7a0f 698d 7a91 7a71 7a30 93d4 a497 79ef 614a 82f1 50a8 4846 50a8 50a8 58c8 60c8 58a7 5887 50a8 5088 58a9 5888 696b 824e 79aa 81a9 8989 8129 a2ee c3ee b2aa b26a 8928 70e7 9a8a 9aab 81ca 6087 5046 60a7 5887 4846 4866 4847 7128 c38c c32b baab baac cc72 ee57 ee35 e613 a40e 4866 4026 5087 5067 5067 5047 5046 7189 9a4b 8128 8107 9147 a988 b1c8 ba09 ca6a ca8a d2ab d2cb d2cc daec daec db0c db0c e30c db4d e32d e36e e38e e3ae e3ae e3ae e3ae e3ce e3ef e3ef e3ef e3ef e410 e430 e450 e430 e42f e430 ec2f e40f e40f e3ce e38e db6d db4d d30c d2cb d2ab d2ab d2cc d30c db2d d2ab d2ab d2ab d28a d28b d2cc daed db4e e3f0 e451 ecd3 f617 f6fa f71a f698 dcd2 dbce dc0f dbf0 dbcf dbcf dbaf db4e d32e d32d d2ed d2ec caec ba6b a1c9 78e8 5087 5088 50a8 60a8 60e8 6928 7928 7948 8148 8168 7107 5867 4826 5867 898a bb8f d4b2 c3f0 c3ef c410 9aad 58a7 5087 58a7 5067 5067 68e8 8169 aacc c3ad cbad cb8d c36d cbce d44f d46f d46f d44e d44f d42f cc4f cc0e d42e cc0e cc0e cc2e cc0e cc0f cc4f c44f cc2f cc0f cc0e cbee c40e c40f c40f c40f c40f c3ee c3ee c3ee c3ee c3ef bbee bbae bbae bbae bb8e bb6e b34e bb8e cc4f dd0f e590 edd0 f5f0 f5d0 f5cf f5cf edaf edaf edd0 edb0 edd0 edf1 ee12 ee32 ee53 f653 f673 ee73 ee53 ee33 ee53 ee33 ee33 ee54 ee54 ee54 ee54 ee54 ee54 ee34,
918a 8989 8989 8968 8969 8969 8169 8169 8189 7969 7928 7108 70c7 68a7 60a7 5866 6886 9147 b229 caca db4b e3cd e42e e44f ec8f ecb0 ecaf ecef eccf eccf eccf ecef f4ef f4cf ec8e ec4d ec2c e3ab db2a ca89 b1e9 9988 9127 9148 9168 9988 99a8 99aa a20c b2af b2d0 aaae b331 bb92 bb71 b310 89ed 60ea 692b 820e 820e 798d 822f 8a91 8250 720f 612b 7a0f 8270 71ae 612c 8b53 82d1 696c 696d 7291 7a10 720f 93f4 a497 8210 5909 8312 612b 4826 50a8 50c8 50a8 5887 58c8 60c8 58c8 50c8 58c8 5867 6129 8a6e 7969 7129 8149 91ca bb8e d34b ba08 a1c8 8108 7129 820b 7949 60a7 5087 5067 58c8 5887 4005 4866 6908 920a c34b baaa bacc c32d dd54 ee55 dd51 ccf0 7a49 4006 4826 4887 5067 5047 5047 5046 7989 9a6c 8128 80e7 9147 a168 b1a8 ba09 c26a ca8a caab d2cb d2cb daeb daec db0c db2d daec db0d e30d e36e e38e e3af e3ae e3ae e3ae e3ae e3cf e3cf e3ef e40f e42f e410 e430 e430 e430 e450 ec2f e40f e3ef e3ae db8e db6d db6d d2ec caaa ca6a d2ab daec db2c db2c dacc daab d2ab d28a d28b d2cc db0d db4d e3d0 e451 ecd2 f5d6 f6fa f71a f698 dcf2 dbad dbce dbcf dbcf dbcf dbae db4e d32d d32d d2ec d2cc caec b28b 99c9 68a7 5067 5088 50a8 60a8 58a8 6908 7928 8169 8148 7927 7127 5867 5026 5867 8149 b34e d492 cc11 c3f0 cc30 ab0d 6908 5087 5087 4867 4866 68e8 89aa b30c cbad cbcd cb8d c38d cbce d46f d46f d44f d44f cc4f cc2f cc2f cc2f cc2e cc0e cc2e cc0f cbee cc0f cc2f cc2f cc2f cc0f cc0e cbee c40e c3ef c40f c40f c40f c3ee c3ee c3ee bbce c3ee c3cf c3ae bbae bb8e bb8e b36e b34e bbcf d48f e550 edb0 edf0 f5f0 f5d0 f5cf f5cf edaf edd0 edd0 edb0 edf0 ee11 ee32 f653 f654 f653 ee73 ee73 ee53 ee33 ee33 ee33 ee53 ee54 ee54 ee54 ee54 ee54 ee54 ee54,
91a9 9189 8989 8969 8989 8989 8989 8969 8168 8148 7908 78e7 70c7 68a7 6086 5846 6866 9107 b209 caca db2b dbad e42e ec6e ec8f ecaf eccf eccf eccf eccf ecef f4cf f50f f4ef f4ae ec6e ec0c e3ab db2a caaa b229 9168 8907 8908 9169 99aa aa2c b2af b2f0 baee b26c aa4d aa6e baad bacd a24e 712b 712b 81cd 8a2e 796c 716c 92f2 92f2 79cd 696c 71ee 79ee 696d 60ec 7a2f 93d4 69ad 5089 616d 8b33 7a30 69ae 93b4 a496 92d2 58c9 7a8f 8270 5047 5087 58c9 5888 58e9 696a 6109 5887 4866 4846 5887 6908 71ab 7129 926c 89eb 99eb cbed cbcc baed 9a2b 89aa 924b 8a8c 7149 5087 4846 5087 58a7 4847 4867 7a0b ab4e bb2c b2ec aa4b a26c bb8e d532 d4d0 c42f b3f0 79aa 5067 4846 4866 5866 5066 5067 5046 79a9 a28c 8947 88e7 9127 a168 a9c8 ba29 c26a ca8a d2ab d2cb d2cb dacb dacb db0c db0c db0c e32d e32d e36e e36e e36e e3ae e3ce e3cf e3ae e3ae e3cf e3ef e3ef e3ef e40f e40f e42f e42f e430 e430 e40f e3cf e3ae db8e db6d db2c d28b ca4a ca6a d2cc db0d db2d db0d db0d db0d db0c d2cb d2ab d2cc db0d db2d e3ae ec72 ecf3 f5d6 f6fa ff1a f6b8 e4f3 d38d db8e dbae dbcf dbaf db8e db4d db0d d2ec d2ec cacb c2ab b26b 8948 5887 5088 5087 58c8 60c8 58a8 70e8 7928 8188 8168 7948 68e7 5866 5026 5867 70e8 ab0d ccb2 cc52 cc10 cc50 b38f 7969 60a7 4867 4867 4867 6908 9a6b bb4d cbce cbcd cbad cbad cc0e d48f d46f d44f cc4f cc2f cc2f cc2f cc2e cc0e cc0e cc0f cc0f cc0e cbee cc0e cc0e cc0e cc0f cc2f cc2f c42f c40f c40f c40e c40e c40f c3ee c40f c3ef c3ce c3ae bbae bbae bb8e b36d b36d bb8e cc2f dcef ed90 edd0 f5f0 f5f0 f5cf f5d0 f5cf f5d0 edd0 edd0 edd0 edf1 f612 f632 ee53 f653 ee53 ee53 ee52 f632 ee32 ee33 ee53 ee53 ee54 ee54 ee54 ee54 ee54 ee54 ee54,
91a9 91a9 91a9 9189 8989 8989 8989 8948 8128 8108 80e7 78e7 70c7 70a7 6086 5866 6866 9107 b229 caeb db4b e3ad e42e ec6e ec8f ecaf eccf eccf eccf eccf eccf ecd0 f4ef f4cf f4ae ec6e ec0c e3cc db2b caaa b1e9 9168 8908 88e8 996a aa6e bb72 cbb2 bace aa2b b22a b24c aa6e ba8d ba8d 99cc 792b 794b 796b 822f 796d 8230 9b73 8ab1 714b 7a0f 71cd 698d 692d 58ea 8b73 9352 60eb 4849 69ae 93b5 8272 694d 8b94 a4b6 9333 60aa 69cb 8af1 58a8 5088 58c9 694b 696b 6108 5887 5887 5067 4026 60e8 794a 798b a330 d490 b32c 8108 9169 b2ca c3cc b30c 81a8 60e7 60c7 5066 4866 4846 58a7 5067 3807 69ab bc92 d491 cc0f b38e a2ed 9a8d a2ad b36f c472 d573 bbef 7928 5046 4846 5046 5886 5046 58c8 5067 7989 a2ac 91a8 8907 8927 9988 a9c9 c249 ca6a ca8a d2ab d2ab d2cb dacb dacb daec daec e32c e32c e36d e36d e36d e36d e38e e3ae e3af e3ae e3ae e3ef e40f e40f e3ef e3ef e40f e40f e42f e40f e410 e410 e3cf db8d db6d db6d d30c ca4a c209 d26a daec db2d db6d db2d db4d db6d db4d db0c d2cb d2ab d2cc db0c e38f ec71 ed13 f5d5 f6b8 ff19 f6b7 e4f2 db6c dbae dbae db8e db8e db4e d32e db0c d2ec d2cc cacb baac a20a 68a7 5067 5087 5087 58a7 58c8 58c8 7128 7928 8169 8169 7948 68c7 6087 4826 5867 6087 a2ad ccb2 ccb2 cc10 cc0f bbaf 8189 60c7 5087 4047 4847 7149 aacc c38d d3cd d3cc cbad c38d d42e d46f cc4f cc4f cc2f cc2f cc4f cc4f cc0e cc0e cc0f cc0f cc0e cc2f cc0e cc0e cc2e cc2f cbef c40f cc0f c40f c40f c3ef c3ee c40e c3ee c3ef c430 c40f c3ee bbce bbae bb8e bb6d b36d b34d c3ae d46f e52f edb0 f5d0 f5f0 f5ef edd0 f5af f5af f5cf edaf edb0 f5f0 ee11 ee32 f653 ee53 ee53 ee53 ee53 ee33 ee32 ee32 ee53 ee33 ee53 ee54 ee54 ee54 ee54 ee55 ee34 ee35,
91c9 91c9 91a9 9189 9189 8989 8968 8968 8148 8127 8128 8107 78e7 70a7 6066 5846 6886 9148 b249 d2ca db4b dbad e42e e46e ecaf ecaf ecaf eccf eccf eccf ecef ecef ed0f f4ef f4ae ec6e e40d e3ac db2a caaa b209 9969 916a 99ec aa8f bb30 c32f baac aa2b aa2a b22a b26d aaaf c28d b28d 89cd 794b 694b 696b 81ef 81ef 92d2 9332 822e 798d 71cd 694b 696c 692c 594b 8bb4 828f 58eb 4869 616c 8b74 82b2 610c 82f1 a4b6 9b74 60ca 594a 8b52 694b 50a8 612a 696b 60e8 5087 58a7 6929 58a7 4846 5087 60e8 796a 926b a2ea 89c8 6087 60a8 7948 9aac ab0e 818a 5087 4866 4846 4846 5066 5067 4026 4026 92ee d4d2 dc91 d450 cc70 c430 bbd0 bbf0 ccb2 d573 d4b0 a28a 6086 4826 4846 5087 5886 5887 5087 5047 79a9 a28c 99c9 88e7 8907 a188 b1e8 c24a ca6a ca8b d2cb d2ab d2eb dacc dacc dacc daec e2ec e32d e34d e34d e36e e36e e36e e38e e3ce e3ae e3ae e3ef e3ef e3ef e3ef e3ef e3ef e42f e430 e40f e40f e40f e3cf dbae db8e db8e d32d ca4a ca29 d26b daec db4d db4d e34d e36d e38d e36d db2d dacb d26b d28a daec e38e e450 ed13 f5b5 f656 fed7 f677 dcb1 d36d dbce dbae dbae db6e db4e d34d d30d d2ec d2cc cacb ba8b 8989 58a8 5067 5087 5087 58c7 58c8 60c8 7108 7128 7948 8168 8148 68a7 6087 5046 5887 6087 9a6c cc71 d4b2 cc31 cbef b38f 8a0a 60c7 4867 4047 4847 7949 b30d cbad d3cd d3cd cbad cbae d44f d46f cc4f cc4f cc4f d42e cc2f cc4f cc2f cc0e cc0e cc0e cc0e cc0e cc0e cc0e cc0f cc0f c40f c40f c40e c40f c40f c3ee cc0e c40f c3ee c3ee c3ee c3ee c3cf bbcf bbae bb8e bb8e b34e bb6e c3ef dcaf e54f edb0 f5f0 f5f0 f5cf f5d0 f5af f5b0 edcf edd0 edd0 edf1 ee12 ee32 f653 f653 ee53 ee53 ee53 ee33 ee33 ee33 ee33 ee33 ee54 ee54 ee55 ee55 ee54 ee54 ee54 ee35,
91e9 91a9 9189 8968 91a9 8988 8968 8988 8968 8948 8127 8107 78e7 70e7 6886 6066 70a7 9988 b249 d2eb db4c dbad e40d e46e ec8f ecaf ecaf ecaf ecaf ecaf eccf f4ef f4ef f4ef f4af ec6e e40d e3ac db2b caab ba2b a1ec a20c a26d aa6c aa2a a1e9 a1c9 a9ea b20a b20a b26d b2cf baee aa8e 89cd 794b 60ea 716c 8a30 8a70 8ad0 92f1 8a2f 79ad 696c 58aa 5089 71ae 8b74 9373 71ad 612b 50aa 50ca 82f2 8af3 716e 720f a475 ac97 718e 58c9 8bd3 8b12 5088 58c8 58c8 58a8 58a8 60c7 81ca 68e8 4026 4867 50c8 696a 6949 58a7 4846 4867 58c8 698b 8a8f 8a2b 7948 5867 4846 4866 4866 5086 4826 3806 5928 bcb2 d4d2 d4d1 dd13 dcf2 dd12 e533 dd52 dd92 c46f 922a 6086 5046 4826 5046 5086 5886 5887 5847 5046 79ca 9a8c 91c9 9107 9147 a9a8 b1c8 c229 c28a ca8a d2cb d2cb d2cb dacc daab dacc daec e30c e34d e34d e32d e36e e34e e38e e3ae e3ae e3ae e3af e3af e3ae e3ce e3ef e3ef e3cf e40f e40f e40f e40f e3ef e3ef dbae db8e db6d d32d ca4b ca4a d2cc db0c db2b db0b ca89 c249 caaa d2ca db0b dacb d28b d26a daab db2c e3ae ec91 ed94 f5f5 f635 e5b4 d40f db8e db8e dbae db8e db8e db6e db4e d32d d2eb caeb c2cb a1c9 68a8 5067 5088 50a8 5088 58c8 60e8 60c8 70e7 7948 7948 7907 8148 6086 60a7 5867 5867 5847 81eb c431 d4d2 cc92 c3cf b38f 9a6c 60a7 5087 4067 5067 89a9 bb6d cbee d3ec cbad c3ad cc0f d46f d46f cc6f cc4f cc2f cc2f cc2f cc2f cc2f cc0e cc0e cc2e cc2f cc2f cc0f cc2f cc2f cc0e c40f c40f c3ef c3ee c40f cc0f c3ef c40e c3ee c3ee c3ee c3ce bbae bbae bbae bb8e b36e b34e bb8e d46f dd10 ed90 f5cf f5f0 f5d0 f5d0 f5cf f5cf f5b0 edd0 f5f0 f611 ee32 ee32 f632 f633 ee33 ee53 ee33 ee33 ee34 ee53 ee53 ee53 ee54 ee54 ee54 ee75 ee55 ee54 ee54 ee55 ee34,
91c9 91a9 9188 9189 91a9 9188 8988 8968 8968 8948 8107 8107 78e7 78e7 70a7 6866 78c7 9988 b249 d2eb db6c dbac e40d ec6e ec8f ec8f ecaf ecaf ecb0 ecaf eccf f4ef f4ef f4ef f4af ec6e ec0c e38c db4c cacb ba4b a22c 99cb 9989 9969 9988 99a9 a1c9 aa0a b20a b20a b24c b2af bb0f a28f 89cc 794b 70ea 798d 8a30 8230 8ad1 9b52 9250 79ac 696c 5069 4848 7a70 a477 92f1 718d 694c 58cb 50aa 7ab1 8b13 79d0 79f0 9c55 b559 8230 58a9 8371 9bb4 58a9 5088 5088 60e9 6929 68e7 81ca 68e8 4026 4887 50c8 6108 694a 610a 50a9 5068 71ab 9b71 92cf 68c7 5845 5046 5067 5087 5087 5066 4027 3806 69ca cd53 d512 dd32 dd73 dd13 dd53 dd53 dd52 cd11 9aaa 68e7 5046 4826 5026 5046 5886 60a7 5846 5847 5046 79a9 9a8c 91ca 9148 9967 a9a8 b1e9 c229 c28a ca8a d2aa d2aa d2aa dacb dacb dacb daec e32d e32d e32d e34d e36d e34d e38d e3ce e38e e3ae e3ae e3cf e3ae e3ce e3cf e3ef e3ef e40f e3ef e40f e40f e40f e40f dbce db8e db6d d32d ca8c ca6a daec e30b e32a ca89 9946 80e6 9947 b9e8 ca69 ca8a d2aa d28a daab dacb e34c ec50 ed53 f5d5 f5f5 e4f1 d3ce dbae db8e dbae dbae db6e db6e db2e d2ec d2eb caeb baab 8968 5867 5087 5088 50a8 50a8 58e8 60e8 60c8 7108 8148 7948 78e7 8148 60a7 60a7 6086 5847 5027 81aa c411 d4d2 cc92 c3ae bbae 9aac 58a7 5087 4867 5887 9a0a c38d cbee d3ed cbac c3ad cc0f d46f d46f cc6f cc4f cc2f cc2f cc2f cc2f cc0e cbef cc0f cc2f cc0f cc0f cc0e cc0f cc0f cc0f cc0f c3ef c3ef c3ee c40f cc0f c3ee c3ee c3ee c3ee c3ee c3ee bbce bbce c3ae bb8e b36e b34e c3ae d48f e52f ed90 f5cf f5f0 f5cf f5d0 edcf f5d0 f5cf f5d0 f5f0 f611 ee32 ee32 f632 f632 ee33 ee33 ee33 ee33 ee54 ee54 ee54 ee54 ee54 ee55 ee54 ee74 ee74 ee54 ee54 ee55 ee54,
9169 9189 9189 9169 8968 8968 9168 9168 8968 8948 8107 8107 7907 7907 70c7 70c7 8907 a9c9 c28a d30c db8d dbcd e40e e44e ec8e ec8f ecaf eccf eccf ecd0 eccf ecef f50f f4cf f4ae ec8e ec2d e3ac db4c cacc b26b 99ca 8928 8928 9168 99a9 a1c9 a1c9 aa09 b22a ba2a ba4b b26e aaaf 91ed 816b 91ad 792b 81ed 820f 820e a372 ab71 8a0e 718d 60ea 4028 50ea 8b94 9bd3 798d 610a 7a10 694d 50ea 724f 8af3 8210 8231 93b4 b537 9b54 58aa 726d 9bf5 610a 4867 50a8 60e8 81ca 7169 7148 68e7 4866 4846 4846 4846 5087 60e9 718d 690c 92ae cd14 9a8d 5847 4867 5087 58a7 58a7 5086 4847 4007 4867 9b2e d511 dcf2 dd72 dd94 dd74 e5b5 ddd5 ccf2 8a4a 5045 5046 5066 5046 5046 5066 58a7 60a7 6087 5867 5846 7989 a2ac 9a2b 9127 a967 b1e9 b1e9 c229 ca49 ca6a d28a d28a daaa dacb dacb dacb daeb e30c db0c db2d e34d e36e e36e e36d e3ae e3ae e3ae e3ae e3ce e3ae e3ce e3ef e3ef e40f e40f e40f e40f e40f e40f e40f e3ae e3ae db8d db6d d2ed d26b dacb db0b db0b ba09 8108 78c8 9148 a9c9 b1c8 b1a8 b9e8 ca49 d28a d28b daec e3cf ecd2 edb5 e553 dc70 dc30 dbcf db8e dbae db8e db6d db4e d32d d2ed d2ec caeb aa0a 68a7 5088 50a8 58a8 50a8 50a8 60e8 60c8 68c7 7928 8168 7928 7948 8148 68a7 60a6 68c7 6087 5027 7129 bbaf dcd2 cc92 bb4e c3cf a2cd 60c8 5067 60c8 7128 aaac cbad d40e d3cd cbac cbcd d42f d44f d44f cc4f cc2f cc2f cc2f cc2f cc2f cc0e cc2f cc0f c40f cbee cbee cc0f c40f c40f cc0f cc0e c3ef c3ef c3ef c3ef c3ee c3ee c3ce c3ce c3ee c3ee bbce bbce bbce bb8e b38d b38e b36e cbee dcaf e56f edb0 f5d0 f5f0 f5cf f5cf edd0 edd0 f5d0 f5f0 ee11 ee32 f632 ee33 ee53 ee33 ee33 ee33 ee34 ee54 ee54 ee74 ee74 ee54 ee54 ee75 ee75 ee75 ee75 ee75 ee54 ee54 ee54,
9168 9189 9169 9168 8968 9168 9168 9168 9168 8928 8108 8128 8128 8128 7907 7907 9168 aa09 c2ab d34c dbad e3ee e42e ec6e ec8f ecb0 eccf eccf ecaf ecaf eccf f4ef f4ef f4cf ecb0 ec8f ec2e e3ac db4c d2eb ba29 9968 9127 9148 9989 9988 a1c9 a9e9 aa09 b209 ba2a ba4b aa6e aa8f 91ab 89ac a22e 794b 79ee 820e 79ee 9aae 9a8f 81cd 716d 4848 4049 7250 9c35 8ad1 60ca 614b 82f2 718e 58ea 722e 8b14 7a2f 8271 9333 a474 ac57 692c 69ec a476 696b 4026 5068 5087 6908 68e8 7149 81ea 7149 4866 4867 4887 4047 4847 6109 81ce 9b51 ab90 8128 5867 58c7 60e8 60c8 5087 4046 4047 4827 716a b3f0 cc30 d470 dd11 e572 e572 e5f3 e655 bc30 5845 4806 5046 5066 5066 5067 5887 6087 6087 6087 5887 5846 8189 a2cd a22b 9927 a167 b209 ba09 c24a ca49 d26a d28a d28a da8b dacb daec daec daec db0c e30c db2d e36d e38e e36e e36d e36e e3ce e3ae e3ae e3ae e3cf e3ef e3ef e3ef e3ef e3ef e40f e40f e40f e40f e40f e3ce e3ae dbae db8e db2d d28b d26a daaa daab caab c26b c24b c28c caab c28a ba0a a9ca b1a8 ca49 d28a da8a db2d e492 ed54 e4f1 e490 dc50 dbef db8e db8e db6e db6e d36e d30d d2ec d32c c2ab 8969 5888 58a8 58c8 58c8 50a8 50a8 60e8 58a8 68e8 7928 8988 7108 7128 8188 68a7 6066 70e7 60a7 4807 68c8 b36e dcd1 cc92 b36f bc0f a32e 6929 4847 68e8 89a9 b30c cbce d3ed d3ec cbcd cbce cc2f d46f d44f cc4f cc4f cc2e cc2f cc2f cc0f cc0e cc0e cc0e c40f cc0f cc0f cc0f cc2f cc0f c3ef c3ef c40f c40f c3ef c3ef c3ee c3ce c3ce c3ee c3ce c3ce c3ce c3ce bbce bb8e b38e b36e bb8e d40e e4ef ed8f f5cf f5d0 f5cf f5cf f5cf f5d0 f5d0 f5f0 f5f1 f633 f653 f653 ee53 ee53 ee53 ee54 ee54 ee54 ee54 ee54 ee74 ee75 ee74 ee74 ee74 ee54 ee75 ee75 ee54 ee54 ee34 ee54,
9168 91a9 9169 9168 9168 9168 9148 9148 8948 8928 8128 8128 8128 8128 8127 8108 9168 b229 c2cc d34d dbae e3ee e42e ec6e ec8f ecb0 ecaf ecaf ecaf eccf f4cf ecef f4ef f4f0 f4cf ec6e ec2d e3ac db4b d2ca ba29 9989 9128 9128 9989 99a9 a1e9 a9e9 aa09 b22a ba2b ba6d b2af aaaf 99cc 89ec 91cc 712b 81ee 820e 718c 79cc 822e 694b 60ea 4848 614d 9394 9b72 7a2f 692c 69ad 82b1 718e 58aa 720e 9374 8270 7a2f 8af2 9bd4 acb7 79f0 71ed a475 71ed 3806 4047 5067 60a8 5867 8a0b bbcd a26a 60a7 48a7 4087 4847 4827 5087 82af 9b72 79cb 5887 4846 6109 6908 6909 6929 6929 7129 796a 924c b32d c38e d40e d42f d470 dcf1 dd93 bc6f 81e9 5046 5027 5846 58e8 5909 58e8 58c7 5866 6087 5886 58a8 5887 81a9 a2ed a24b 9948 a167 b1e9 c209 ca49 ca6a d26a d2ab d2ab daab daaa dacb daec daec e2ec e30d e32d e34d e36d e38e e36e e38e e3ae e3ae e38e e38e e3ae e3af e3cf e3ce e3ce e3ef e40f e40f e40f e3ef e40f e3ef e3ae dbae dbae db6e d2ec d2ab d2ab daab daca dacb daeb d2ec daeb daca ca6a c24a c22a ca4b ca8c d30e dbf1 e534 e553 e4d1 e470 dc2f dbef dbcf db8f db6e db4e d34e d30d d30c cb0c b24a 7908 5888 58a8 58e8 58e8 50a8 50a8 6108 60e8 68e8 7948 89a9 7908 7948 8188 68a7 6066 68c7 6087 4827 6088 ab0d d4d2 d4b2 bb8f c3cf ab4e 7169 4847 60c8 9a2a c34c d3ed d3ed d3cd cbcd cbef d44f d46f cc4f cc4f cc4f cc2e cc2f cc2f cc0e cc0e cc0e cc0e c40f cc0f c40f c42f cc0f cc0e c40f c40f c40e c40f c3ef c3ee c40e c3ee c3ce c3ee c3ee c3ce c3ce c3ce bbce bb8e bb8e b36d bbae d46f e50f ed8f f5cf f5d0 f5cf f5d0 f5d0 f5d0 f5d0 f5f1 f611 f632 f653 f633 f653 ee53 f653 ee54 ee54 ee53 ee53 ee54 ee74 f675 ee75 ee54 ee74 ee74 ee74 ee54 ee54 ee54 ee34 ee55,
9148 9188 8989 9168 9168 8948 9148 9148 8968 8948 8107 80e7 8128 8948 8948 8969 a1a9 ba4a c30d d36d dbae e40e e44e e44e ec6f ec8f ec8f ec8f ecaf ecaf eccf ecd0 f510 f510 f4ce ec8e ec0d e3ac db6c d2ca ba29 9989 9128 8948 9188 99a9 a1e8 a9e9 a9e9 b20a ba4b bace baad b28c 9a0c 796b 60a9 60e9 79cd 822f 71ac 716b 696b 58a9 4827 614c 9b53 9b31 71ac 692b 79ee 79ee 71ad 71ae 612c 69ed 8b53 7a10 71cf 8b14 8ad2 a455 9b95 8270 9bf4 8af1 5067 4026 50c8 60c8 5847 9a6c ecaf d42e 9a6b 5887 3806 4047 4027 618c 8af0 820c 716b 4868 4867 79ca 8a0c 922c a28d a2ad ab2f bbf1 b30c aa6a b2ab baab b2cc c451 de57 c4f2 60e7 4026 4847 5047 5887 6129 69eb 698a 60c7 6086 6066 5866 5887 5887 81ca ab0e a28b 99a9 a168 b1e8 c249 ca49 ca6a ca6a d28a d2ab d2ab daca dacb daec dacb daec db0d db2d db0c e34d e38e e36d e36d e38e db8e e36e e38e e3ae e3ae e3ef e3af e3af e3ef e3ef e3ef e40f e40f e40f e3ef e3cf e3ce e3ae dbae db6e db4d db2d dacc dacb dacb e2cb daeb db2c db0c da8b d28c d32e dbf1 dcd4 dd35 e575 e594 e512 e490 e450 dbef dbef dbaf dbaf d36e d32d d32d d30c d30c c2ab 8989 5888 5088 50a8 58c8 50c8 50c8 58c8 60e8 60e8 68e8 8169 91ea 7969 7968 8148 68c7 6086 68c7 6087 5047 5847 9a6c d4d2 d4b2 bb6e c38e ab2d 81ca 5088 60e7 aacc cb8d d3ed d3cd d3ac cbcd cc2e d46f d44f cc4f d44e d42f cc2f cc2f cc0f cc2f cc0e cc2f cc0e c40f cc0f cc0e c40f c40f cc0f cc0f c40f c40e c3ee c3ef c3ef c3ef c3ef c3ee c3ce bbce c3ce bbce bbcf bbae b38d b36e b36d c3ee dc8f e54f edb0 f5d0 f5d0 edd0 f5cf f5d0 f5d0 f5f1 f632 f632 f653 f653 f653 f633 ee33 f654 ee53 ee53 ee53 ee53 ee74 ee74 f674 ee75 ee54 ee74 ee74 ee54 ee54 ee54 ee54 ee55 ee55,
8948 8988 89a9 9168 9168 8927 9168 9188 9168 8948 8108 8107 8148 8968 8968 9189 a1c9 ba8b cb0d d38e dbcd dc0e e44f e44e ec8f e48e ec8f ec8e ec8f ecaf eccf f4d0 f4ef f50f f4cf ec8f e42d e3ac db6b d2ca ba29 9988 9148 9148 9189 99a9 a1c9 a9e9 a9e9 b1e9 ba6b baad c28b ba8c 9a2d 68ea 5048 58a8 79ad 822f 79cd 716b 610a 5069 5069 8291 9b72 820d 58c9 60ea 79ee 79ef 694c 720f 71ce 71ee 8b12 7a10 7a30 8b75 8270 9b93 a416 8ab2 9bd4 9352 58c9 4026 50c7 60c8 5847 922b e44f e4ee bb8d 60a7 3806 3807 4067 7a8f 820c 6907 798b 58a9 6109 89ea 9a6c a26c aace b370 c492 c4d2 aaaa aa69 aa2a aa4b b2ed d595 ef38 a38d 4826 4867 5067 5067 5887 60c8 6969 6949 60a7 60a6 6086 5866 5846 5847 81ea ab2e a26b 99a9 a168 b9e8 c24a ca6a ca6a d26a d28a d2aa d2ab daca dacb dacc dacb daec daec db2d db0c e34d e36d e36d e36d db8d db6e e38e e3ae e3ae e38e e3cf e3cf e3cf e3ef e3cf e3ef e40f e40f e3ef e3ee e3ef e3ef e3ce dbae db8e e36e db6e db0d daec dacc dacb daec db4c db8e d30d d30e dbd0 e513 e5d6 e5f6 edb4 e574 e4f2 e491 e450 dbef dbcf dbaf db8f d38f d34d d32d d30d d2eb b26a 7108 50a8 58a8 58a7 58c8 50a8 50a8 58c8 6109 60e8 6908 8189 89e9 7989 8188 8127 70e7 68a7 68e7 5887 5847 5827 9a4c d4b1 d4d2 bb6f bb8e a2ed 81ea 5888 68e8 b2ec cbad cbed d3cd d3ad cbce cc2e d46e d44f cc2f d44f cc4f cc2f cc2f cc0e cc2f cc2e cc2f cc0f c40f cc0f cc0f c3ef c40f c40f c40f c40f c3ef c3ee c3ee c40e c3ef c3ee c3ee c3ce bbcf bbce bbce bbae bb8e b38e b36e b36d cbee dcaf ed6f edb0 f5d0 f5cf f5d0 f5d0 f5d0 f5f0 ee11 f632 f632 f653 f653 f653 ee33 ee54 ee54 ee53 ee53 ee53 ee53 ee54 ee74 ee54 ee74 ee74 ee94 ee74 ee54 ee54 ee54 ee54 ee55 ee75,
9168 8988 8989 8948 8968 8968 9168 9188 9168 8948 8928 8148 8128 8128 8968 91c9 a20a baab cb0d d3ae dbee dc0e e44f e46f ec8f e48e ec8f ec8e ecaf ecaf f4af eccf f4ef f4ef f4cf ec8e ec2d e3cc db4b d2ca ba29 99a8 9148 9148 9189 99a9 a1c9 a1c9 a9e9 b20a b22a ba4c ba8d cb50 bb31 792b 5048 5068 718c 79ee 716b 714c 690c 60ca 82b1 9bb3 7a0d 58c9 5089 58ea 71ad 71ae 612c 7230 7a71 82d2 8af2 8271 8af2 8b13 71ae 7a4f a436 9312 9bf4 9bf4 7a0e 5088 5087 68c8 6088 818a bb6e cbac b2a9 7108 4867 4888 616a 69ab 50a8 60e8 81cb 924d 9a6c 9a8d a28e ab30 bc12 d534 d532 b2eb a22a a24b aa8c b32e ccb2 e696 bc6f 60e7 4868 50a8 58c8 58a8 60a8 60c8 60e8 6929 60e8 60c8 60c7 58a7 5887 5888 81ca ab2e a26b 99c9 a188 b1e9 c229 ca4a ca8b d28a d2ab d2aa d2aa daab daaa daeb daec dacb daec db0c e32c e32d e34d e36d e36d db6d e36e e36e e38e e36e e3ae e3cf e3cf e3ef e3ef e3ef e40f e40f e3ef e40f e40f e3ef e40f e3ef dbae dbae e38e db8e db6e db2d db2d db2d db8e e40f e4d2 e491 dbcf e410 ed33 edd5 edb5 edb4 e594 e512 e4b1 e430 dbef dbaf dbaf d38e d36e d32d cb0d cb0d c2ec 91ca 58c8 58c9 58c8 58a7 58a8 50a8 50c8 58c8 6909 6929 6908 920a 89a9 7128 81c9 8148 70c7 70e7 7128 5887 5867 5027 89ca c430 d4f2 bb8f b38e a2cd 89ca 70e8 8989 bb2c d3ce d3cd d3cc d3cd cbed d44e d44f d42f cc2f cc2f cc2f cc4f cc2f cc0f cc0f cc2f cc0f cc0f cc0e cc0f cbef c3ef c3ef c40f c40f c40f c3ef c3ee c3ee cbee c3ef c3ee c3ef c3ef bbee bbce bbce bbae b38e b38e b36d bb8d cc0e e4ef ed6f f5af f5cf f5cf f5cf f5cf f5d0 f5f1 f611 f632 f653 f653 f653 f653 ee53 ee53 f633 ee33 ee53 ee53 f653 f653 ee74 ee74 ee74 ee74 ee74 ee54 ee54 ee74 ee74 ee75 ee76 ee76,
89a8 8989 8989 8969 8988 91a9 9189 9169 8948 8948 8947 8127 78e7 8107 8948 91ca a22b ba8b cb0d d3ae dbee e40e e42f e46f ec8f ec8e ec8e ec8f ecaf ecd0 f4d0 f4ef f4ef f4f0 f4cf ec8f ec2d e3cc db4c d30b ba4a 99a9 8948 8968 9189 99a9 a1e9 a1c9 a9e9 aa2a b22b ba4c cb10 dc12 cb70 816b 588a 58a9 71ad 820f 714c 696d 716e 8291 a435 828e 612a 50ca 48ca 592b 718d 71cd 696d 69ad 7a4f 82f2 82b1 8ab1 8b33 8b34 71af 71ed a497 92f2 9373 a435 9312 694c 58c9 6909 6909 718a a2cd b2cd 8969 68c8 60e9 618b 696a 4887 4048 58c9 928c b390 aaef ab30 bbd1 c493 ccf3 ddd5 bbce 91a9 9a4b a24b bb4f c452 e677 d5d3 6988 4888 58e9 5909 5929 58e9 60c8 60e8 60e8 6908 68e8 60c8 6087 6087 5888 5888 79aa a2ed a26b a1ea a188 b1e9 ba2a ca6a ca8b d2aa d2ab d2ab d2ab dacb daab dacb daec daec e32d e32d e32c e34d e36d e34d e34d e36e e38e e36e e38e e3af e3cf e3cf e3cf e3cf e3ef e3ef e430 e410 e40f e3ef e3ef e3ef e3ce e3ef e3cf dbae dbae dbae db8e db6d db6d e3ae e3ef ecd1 ed94 e554 e430 e430 ed32 edf5 edb5 e594 e594 e532 e491 e430 dbcf db8f db8e d38e d34e d30d cb0d cb2d baac 7109 50c8 58e9 50e9 58c9 58c9 50a8 50c8 58e9 6949 7129 68e8 91e9 89c9 7128 81c9 7948 70e8 7108 7108 60c8 5867 4827 7969 bbf0 d512 bbcf bb6e 9aad 89ca 8169 9a2b c34d cbce d3cd d3cd cbcc cbed d44f d44e d44f cc4f cc4f cc2f cc2f cc2f cc0e cc0f cc2f cc2f cc2e c3ee c3ee cc0f c40f c40f c40f c40f c3ce c40f c3ee c3ee cbee c3ef c40e bbef bbce bbce c3ae c3ce bbcf b38e b38e b36d bbae d46f e4ee ed6f f5cf f5ef f5cf f5d0 f5ef f5f1 f5f1 ee32 f652 f653 f653 f653 f653 ee53 f633 ee32 ee53 ee53 ee53 f653 ee53 ee54 ee74 ee74 ee75 ee74 ee54 ee75 ee54 ee75 ee75 ee75 ee76,
8988 8988 8968 8128 8968 8968 9168 8968 8948 8947 8128 8107 78c7 80e7 8948 91c9 aa2b baac cb2d d38e dbee e40f e44f ec4f ec6e ec8e ecae ecaf ecae ecaf f4cf f4ef f510 f4ef f4ce ec8e ec2d e3cc db6c caeb ba4a 99a9 9168 8948 9189 99c9 a1c9 a1e9 a9ea aa0a b22b c2ef d3b2 cb90 aa8e 816c 58a9 60ca 71ad 79ce 692c 79ef 8ab2 9b73 8b10 696b 58ea 50c9 50c9 590a 696c 718c 696c 614c 71ce 7a91 7a0f 7a2f 8af2 8b33 7a51 71ad 93f4 92f2 8af1 9c15 9332 79ee 612b 716b 818c 798b 924c a26c 89ab 6909 6929 716a 58c8 4047 4889 698b a371 bbb0 b390 bbf1 cc72 d4d3 d554 cd32 a26a 99e9 99ca a1ea bb4d d595 de34 930b 50a7 5088 58a8 58e9 6109 60e8 60e8 60e8 6108 6928 6928 6908 60c8 60a8 58a8 58a8 798a a2cd a28c a22b a1a9 b209 ba4a c26a ca8b d2ab d2ab d2ab d2cb dacb dacb dacb daec daec db2d e32d e34d e34d e34d e34d e34d db4d db4e e34e e38e e3ae e3ce e3cf e3cf e3cf e3cf e3cf e3ef e40f e3ef e40f e3ef e3cf dbce e3cf dbcf dbae dbae dbae db8e db6d db8d e3ce e430 ed12 edd5 e595 e492 e470 ed33 edd5 edb5 edb4 edb5 e533 e471 dc10 dbcf db8e db8e dbaf d34e d32d d34d cb2c 99ea 58c8 50c8 58c8 50c8 58c8 58c8 50c8 50a8 58e8 7189 7109 7108 9209 8989 7128 8188 7928 70e7 7108 70e8 60c8 5887 5047 7129 b38e d4f2 c410 bbaf a2cd 89eb 89ca a26b c38c d3ed d3cc d3ac cbcd cc0e d44f d44f cc2f cc4f cc2f cc2f cc2f cc0e cc0f cc0f cc0f cc0f cc0e c40e c40f cc0f c40f c3ef c3ef c3ef c3cf c3ee c3ef c3ef c3ef c3ef c3ef c3ee c3ee bbce c3ae c3ae bbce b38e b36d b36d c3ae d46e e50f ed8f f5cf f5cf f5cf f5d0 f5f0 f5f0 f612 ee32 f653 f673 f653 f653 f653 ee53 ee33 f632 ee33 ee53 ee53 f654 ee53 ee53 ee54 ee74 ee75 ee74 ee74 ee75 ee75 ee75 ee75 ee75 ee75,
8948 8968 8947 8927 8948 8948 8927 8968 8948 8948 8107 78e7 78c7 80e7 8948 91c9 a24b c2ec cb4d d38e dbce dc0f e44f ec6f ec8f ec8f ec8e ec8f ec8f ecae f4cf f4f0 f510 f4ef ecaf ec8e ec2d e3cc db6b caca ba49 99c9 8948 8948 9168 9988 a1a9 a9c9 a9ea b1ea c2ce d3d2 c350 aaae 9a6f 798c 612a 690a 718d 716d 8250 9b94 9310 79ec 6109 592a 58c9 50c9 58ca 58ca 696c 694b 71ad 692b 698d 71ef 696d 71cd 8ad1 82b1 7a50 718e 7a4e 9353 8ab1 a415 9b93 8a90 692b 718c 928f 922e 81cc 81ab 818a 58a7 5087 6928 58a8 5088 714a abb1 cd14 c3d0 cc31 d4d3 d514 d575 d5b5 ab6c 91c8 a20a 99aa 9a0a c410 de14 8aca 4825 5047 58a7 58a7 5887 5887 60c7 60a7 60a7 60e7 7128 7148 6908 60c8 60a7 5887 5867 7149 a2cd a2ac a24b a1a9 b1e9 c249 c26a ca6a d2ab d2aa d2cb daab dacb dacb dacb dacb daec db0c db2d e32d e34d e34d e34d e32d db2d db4d e32d e34d e36d e38e e3ae e3ae e3ae e3ce e3ae e3ae e3cf e3cf e3ef e3ef dbcf dbae dbae dbae dbce dbae db8e dbae dbae e3cf e3ef e491 ed94 ee36 edd6 e513 e491 ed53 ee16 edf5 edd5 edd4 e512 e470 dc0f dbcf d38e db8e db6e db2e d32d d34d b28b 68e8 5088 58c8 58c9 58c8 58c8 58a8 50a8 50c8 6108 7969 6908 7948 91e9 8969 7107 8189 8128 78e7 7927 68a6 6086 5046 5027 68a8 aaed d4d2 c451 bbae a2cd 89ea 9a6b b2cb cbac d3ec d3cc d38b cbcd cc2e d46f d44f cc2e cc2f cc2f cc2f cc2f cc0f cc0f cc2f c40f cc0f c3ef c40f cc0f c40f c40f c3ef c3ee c3ce c3ee c3ef c3ef c3ee c3ee c3ee c3ef c3ee bbee bbce bbce bbce bbce bb8e b36d bb6d c3ce dc8f e52f edaf f5cf f5ef f5cf f5d0 f5f1 f611 f632 f653 f653 f673 f653 f653 f633 ee52 ee53 f653 ee53 ee53 f653 ee73 ee53 ee53 ee75 ee75 ee75 ee75 ee75 ee75 ee75 ee75 ee76 ee75 ee76,
8968 8968 8948 8928 8948 8147 8927 8968 8947 8928 8107 80e7 78c7 80e7 8948 91ea a24b c2cc cb2d d38e dbce dc0f e44e e46f ec8f ecaf ec8e ec6f ec8f ecaf eccf f4f0 f510 f4ef eccf ec8e e44d e3cc db6b d2ca ba49 a1c9 8927 8927 9147 9988 a1a9 a9c9 a9c9 b24c cb91 cbb1 b28d aace a2af 794b 690b 692b 716d 79ae 9b32 a3f4 71ec 5067 58c8 61cc 5909 58ea 58ca 58ea 696c 614b 71ce 692b 696c 71ce 696d 79ce 8ad0 82d2 69ad 718e 720f 9394 92f2 9c15 a3d3 92d1 690a 694a 9b10 9aae 796a 7108 7128 5067 4006 58a7 6909 7129 89ec bbf0 d491 cbf0 cc31 d4f3 d575 de16 d572 a269 a209 99c9 99a9 a28c d574 bccf 58e7 4026 5047 58a8 60c7 5887 5887 60a7 6086 6086 60c7 7128 7948 68e7 60c7 60c7 6087 5047 7149 9aad 9a8b a26c a1c9 b1c8 c229 ca6a ca6a d28a d28a dacb daab daeb daeb daeb daab daeb e32c db2c e32c e34d e32d e34d e32d e34d db4d e34d e34d db4d e36d e38e e3ae e3ae e3ae e3ce e3ae e3ae e3af e3cf e40f dbcf dbae db8e db8e dbef dbcf db8e dbce dbef e3ef e430 ecb1 edd5 ee57 edf6 e554 e4b1 ed53 ee16 ee16 edd4 ed94 e512 e470 dc10 d3af d38e db8e d36e d32d d32d cb2d a20a 58a8 50a8 58a8 58c8 58c8 58c8 58c8 50a8 50c8 6928 7949 6908 7948 91c9 8989 7107 81a9 8128 7907 7927 68a6 6086 5046 5027 60a8 a2cd d4b1 c430 bb6e a2ed 89ca a2ac b30b d3ad d3cc d3cc d3ab d3ed d42e d46f d42f cc2e cc2f cc4f cc2f cc2f cc0f cc0f c40f cc0f cc0f c3ef c3ef cc0f c40f c40f c40f c3ef c3ce c3ee c3ef c3ef c3ee c3ee c3ee c3ee bbee bbee bbce bbce bbce bbcd bb8d b38d bb6d cbce dcaf ed4f edaf f5cf f5ef f5cf f5d0 f611 f632 f652 f653 f653 f653 f653 f653 f632 f653 f653 f653 ee53 ee53 f653 ee53 ee53 ee53 ee74 ee75 ee75 ee75 ee75 ee75 ee75 ee75 ee76 ee76 ee76,
8948 8948 8948 8948 8948 8128 8127 8927 8927 8107 8107 8108 78e7 8108 8948 91a9 a22a baac cb2d d38e dbce dc0f e44e e44e ec6e ecae ecae ecae ecaf eccf eccf ecef f50f f4ef f4cf ec8e ec4d e3ec db6b d2ca ba29 a1a8 8927 8928 9168 99a9 a189 a189 aa2c c350 c391 b28d b26c bb0e 9a4e 710a 68eb 712b 81ef 9290 9b72 92f1 58c9 5068 58c9 69cb 69ab 694c 610a 612a 696c 590a 69ac 79ad 694b 698d 718d 714c 7a2e 8af2 610c 614d 7a50 9b93 9b73 9352 9b72 9b73 81ce 81eb c451 9a2a 60c8 58a7 5886 68e8 60e8 68e9 89ca 9a4b a26c aaee bbaf c431 cc93 d533 ddf5 d573 b30b 99e8 a1e9 99c9 a26b c491 bcd0 6988 4847 5067 60a8 60a7 6907 68e8 58a7 60a7 6887 6086 68e7 7128 7968 7108 60a7 60c7 6087 5046 7108 9a6c 9a4b a28c a1ea a9a8 ba2a c24a ca6a ca8a d28b daab dacb dacb daeb daeb dacb daeb e30c e30c e30c e32d e34d e34d e32d db2d e36d e34d e34d e36d e34d e34d e38d e38e e3ae e3ae e38e e3ae e3ae e3ce e3ef e3ae dbce dbae db8e dbae dbcf dbcf dbef e3ee e40f e450 e4d2 edf6 ee57 ee16 e574 e491 ecf2 edf5 ee16 edd5 ed93 e512 e470 dbcf d36e db8e d38f d34e d34e d34d bacc 7929 5088 58a8 50a8 58a8 58c8 58c8 58c8 50a8 58c8 6929 7149 6909 8189 91c9 8968 7928 8168 78e7 7107 7107 68c7 60a7 5867 5047 60c8 9aad cc70 c451 b32e aaed 91ea b30d c34c d3ac d3ac d3cc d3cd cbee d44f cc2e cc2e cc2f cc2f cc2f cc0f cc2f cc0f cc0e cbee cbee cc0e cc0f c3ef c3ef c40f c40f c40f c3ef c3ee c3ee c3ee c40f c3ce bbee c3ef c3ee c3ef c3ce c3cd bbae bbad b38d b36d b36d b34d cbee dcce ed6e f5cf f5d0 f5cf f5cf f5f0 f611 f632 f652 f673 f653 f652 f653 f653 f653 f653 f653 f654 ee53 ee53 f653 ee53 ee53 ee54 ee75 ee75 ee75 ee75 ee75 ee75 ee75 ee75 ee75 ee75 ee76,
8968 8148 8148 8148 8128 8908 8927 8927 8127 8148 8108 7907 7907 8148 8989 8988 9a0a ba8c c2ed cb6e dbcf dc0f e42f e46e ec8e e48f ec8f ecae ecaf eccf eccf eccf ed0f f4ef f4ef ecae ec4d e3ec db8c d2ea ba49 9988 8927 8927 9188 9989 9969 a1ca bb30 c3d2 aa6d aa2b c2ac bb4f 920e 68ca 690b 81ce 92b1 92d0 9373 826f 5888 58c9 60ea 58c9 71cd 71ad 616b 698c 698c 58ea 614a 822e 718c 614b 69ad 692c 71cd 8af1 71ae 58eb 614b 82b0 a394 9312 82b0 9332 9b12 ab90 dcaf 8947 5046 6109 4806 58a7 922c 9a4d 9a2b 9a2b 9a2b a2ee bbb0 c432 ccb3 d5b5 de56 b3ad 91a8 9a0a 91a9 99c9 bc30 cdb3 71a7 4027 4867 5067 6908 68e8 60c7 68e8 60c8 60a7 68c7 60a7 68c7 7107 81a8 7948 68c8 60a7 6087 5847 68e8 9a6c 9a4b a28c a22b a188 b209 c22a ca6a ca8a d2ab daab dacb dacb daab dacb dacb daec db2c e32d e30d e30d e36d e34d e32c e34d e32d e30c e32c e34d e32d e32d e34d e36e e38e db8e e36e e38e db6d e3ae e3ae db8d dbae dbae db8e dbaf dbce dbcf dbef dbef e40f e451 e4f3 edf6 ee57 ee37 e534 e472 ed34 ee18 ee57 ee16 edb4 e533 e450 db8f d34d db8e d36e d34f d36e cb4e a22b 58a8 5088 58a8 50a8 58c8 58c8 50c8 50a8 58c8 6109 6908 6909 7149 8188 8989 8169 7948 8148 68a7 7107 70e7 68c7 60a7 5887 5047 58a8 9aac cc50 cc71 b34e ab0e 91ca bb0c cb6c cbac d38c d3cd cbee cc2e cc4f cc2f cc4f cc4f cc4f cc2f cc2f cc2f cc2e cc2f cc0e c40f c42f cc0f c40e c3ef c40f c40f c3ef c3ef c3ef c40e c3ce c3ef c3ef c3ee c3ee c3ee c3ee c3cd c3ce bbae bbad b36e ab6e b34d b36d cc0e dccf ed6e f5af f5cf f5cf f5d0 f611 f632 f652 f653 f653 f652 f653 ee53 f652 f653 f653 f654 f653 f653 ee53 ee53 ee53 ee54 ee75 ee75 ee95 ee75 ee75 ee75 ee75 ee75 ee75 ee75 ee75 ee76,
8148 8128 8108 8107 8128 8128 8127 8127 8148 8128 80e7 78e7 7927 8128 8948 89a9 9a0a b28c c30d cb6e dbcf dc0f e42f ec6f ec8e ec8f ec8e ecaf ecaf eccf eccf ecf0 ed10 f4ef f4ef ecae ec4e e3ec db6c d2ea ba49 9988 8907 8927 9168 9169 9989 b28d c3b2 b30f aa2b b20a c2cc bb2f 91ee 68ea 798d 81ad 79ad 8ab0 8af1 71ac 58a8 60ea 58e9 612a 718c 694b 696c 698d 614b 696c 698c 79ed 71ad 614b 614b 694c 69ac 7a6e 824f 614c 5089 616c 8af1 a3f5 9333 9312 a3f4 b3f2 aacb 6066 4046 5088 5888 798a b30e b370 a30f 9a6d 9a6c ab2f c432 ccb3 d534 de36 ccf1 a249 9a2a 99c9 99ea aacc d553 a38c 5086 4867 4867 58a7 8169 7948 60c8 60c8 58a7 60a7 68c7 60a7 60a7 7108 7989 8169 70e8 6087 5866 5847 68c7 924b 9a4b a26b a20b 9988 b1c8 c229 ca6a d26a d2aa daab d2cb daab dacb dacb daeb daec db0c e32c e32d e32d e34d e34d e32c e34d e32d db0c e32c e32d e32d db4d db4d e34d db6d db8e e38e db8e db6e db6d db8e db8d db8e db8e db6e db8e dbae dbcf dbef dc10 e430 e471 ed12 edb4 ee36 ee37 e5d6 ed76 edd6 ee36 edd5 edb4 ed94 e554 e451 d36e d34e d34e d34e d34e d34e cb0d 818a 5087 5087 58a7 58a8 5908 6129 58c8 50a8 58c8 6108 68e8 7129 7969 8189 8989 8169 7928 8168 7107 7128 7907 70e7 6087 5867 5027 5888 926c c430 cc91 bb4e b32e 91ea bb0c cb6c d38c d3ac d3cd cbee cc2e d44f cc4e cc2e cc2f cc4f cc2f cc2f cc0e cc2e cc0f c40e c3ee c40f c40e c40f c3ef c40f c40f c3ef c3ef cbef c40f c3ee c3ef c3ef c3ef c3cf c3ee c3ee c3ce c3ce bbae bbae bb8d b36e b36d bb6d cc2e e4ee ed6f f5cf f5cf f5d0 f5f1 f612 f632 f653 f673 f653 f652 f653 f653 f652 f653 f673 f673 f653 ee53 ee53 ee53 ee53 ee74 ee74 ee75 ee95 ee75 ee75 ee75 ee75 ee75 ee75 ee76 ee75 ee76,
8148 7908 78e7 78e7 7907 8128 8148 8148 8128 8108 8108 8107 7907 8108 8928 89a9 9a0a b28c cb0e d38e dbef dc0f e42f e46f ec8f ecaf ecaf ecaf eccf eccf ecef ed10 ed0f f4ef f4ef ecce ec4d e3cc db6b d2ca ba49 9988 8928 8928 9129 9169 aa6c c3d2 b2ce a1ea b1ea ba0a c2ac b2cf 89cc 712a 716c 5889 610a 8b12 8a90 692a 58e9 610a 610a 698c 614b 58ea 616c 69ae 614b 71ed 8270 79cd 7a0e 71cd 696c 698c 71cd 698c 7a0d 8a91 694d 50aa 616c 8b11 9332 8af2 9c14 a434 79ed 3847 3847 4867 89cb b2cd c34e d432 cd16 c516 bc54 c474 dd95 ddb4 de15 ccd0 9a29 9a09 9a0a a20a b2ec cd34 ac0e 50a7 4888 4888 4867 60c8 9a4a 91c9 60c7 60a7 5887 58a7 68c7 60a7 60c7 7108 7968 89a9 7128 6086 6067 5847 68c7 920b 9a0a 9a2a a24b 9968 a9a8 ba09 c24a ca69 d28a d2ab daab dacb dacb daeb dacb daeb daec db2c e30c db2d db2c e34d e34d e34c db2d db0c db0c db2d e34d db4d db6d db4c db2c db4d db6d db4d db4d db4d db8d db8e db8e db6e db6d db8e dbcf e3ee e40e e40e e3ee e3ee e3ee e42e ec70 ec90 ed32 ed93 ed12 ec71 ec11 ec10 e491 e4f1 dc10 cb0d caed d30e d34e d36e d36e a22b 58c8 5088 58a8 50a8 58c8 6109 5909 58a8 58c8 58e8 60e8 6908 7949 7949 8189 89c9 8189 7927 8189 8189 7908 7947 7927 6086 5046 5027 5047 81eb c410 d4b2 bb6e b30e a26b bb4c cb8c d3ab d3ab d3cc cbcd cc0e d44e d44f d42e cc2f cc2f cc2f cc0f cc0f cc2f cc0f c40f c3ef c3ee c3ee c40f cc2f c40f c3ef c40f c40f c40f c3ef c3ce c3ef c3ef c3ef c3ee c3ee c3ce c3cd c3ae bbae bbae bbae b36d b34d bb6d d42e e4ef ed6f edaf f5f0 f610 f611 f632 f653 f673 f674 f653 f653 f653 f653 f653 f653 f673 ee73 f673 ee54 ee54 ee54 ee54 ee74 ee74 ee75 ee96 ee95 ee96 ee75 ee75 ee75 ee75 ee95 ee75 ee75,
8148 7908 70e7 78e7 78e7 7928 8128 8148 8128 8108 8108 80e7 78e7 8108 8948 91a9 99ea b2ac cb2d d38e dbef e42f e44f e46f ecaf ecaf ecaf ecaf eccf eccf eccf f50f ed10 f4ef f4ef ecae ec4d e3ec db6b d2ca c229 9988 8948 8929 8929 9989 bb2f c3b1 a22b a1c9 a9e9 b20a bacd b310 89cc 692a 60ca 4848 698c 9352 9312 716b 58e9 610a 610a 616b 614b 58ea 594b 69ad 614c 69ac 8ab2 820f 820e 822f 71ee 71ad 71cd 696d 696b 8ab0 8270 610a 58ea 69ac 822f 8a91 93b4 9c14 8b12 510a 3827 50a7 a24b b26c b2ad cbf2 dd55 e617 d5b7 dd96 ee15 e615 ddb3 ab0a 99c8 a22a 99a9 a22a c3ef d5b4 7a09 4026 5088 4867 5067 68c7 a24a 9a09 60a7 6087 5887 5886 68e7 68c7 68c7 7128 8168 8189 7907 5887 6087 6047 68c7 922b 91ea 9a2a 9a2a 9968 a988 b9e8 c24a ca6a d2aa daab daaa daeb daeb daeb daca daeb daeb db2c db0b e30c e32c e34d e34d db4d db2d db0c db0c db2d e34c db2c db4c db2c daeb db0b db2c db4d db4c db4d db8e db8d db8e db8e db6d dbae e3ae e3ad e3ad e38d e36c e34d db0c e34d e38e e36e ec0e ec70 ec10 ebb0 eb6f eb6f e3cf e42f d38d c28c c2ac cb2e d36e d38e cb4e 8989 5088 50a8 58a8 58a8 58e8 58e8 58c8 58c8 58c8 60e8 60e8 6929 7969 7128 7969 89c9 89a9 7927 89a9 8189 7907 7927 7928 6086 5046 5047 5047 79ab c410 d4b2 b34e ab0d aaab c34c d3ac d3cb d3ac d3ac cbcd cc0e cc4f cc4f d42f cc4f cc2f cc2f cc2e cc0f cc0f cc0f c40f c3ee cbee c3ee c40f cc2f cc0f c3ef c40f c42f c42f bbef c3ef c3ef c40f c3ef c3ee c3ce c3ce c3ad bbae bbae bbae bb8e b36d b34d bb6d d42e e4ef ed70 edcf f5f0 f611 f631 f632 f653 f673 f673 f653 f653 f653 f653 f653 f653 f674 f654 f674 ee54 ee54 ee54 ee74 ee74 ee75 ee75 ee95 ee95 ee96 ee75 ee75 ee75 ee95 ee95 ee75 ee75,
7908 7108 70e7 70c7 78e7 78e7 78e7 8107 8128 8128 8127 78e7 78c7 8107 8968 8988 99e9 b2ac cb2d d38e dbef dc4f e46f e48f ec8f ecaf ecaf ecaf ecd0 eccf ecef f510 f50f f4ef f4ef ecae ec4d e3ec db6b d2ca ba29 9989 8128 8908 918a b2ae bb90 aa6c a1a9 a9a9 aa0a ba6c cb70 bb50 818b 60c9 5869 58a9 71ee 71cc 82af 71ac 58c9 612a 592a 614b 694b 590a 58ea 590b 610b 696c 8312 8ab2 820e 8a90 8270 7a2f 71cd 698d 614c 69ac 82d0 8250 612c 614c 7a30 7a30 8b32 9353 9312 8291 69ce 926e cbd0 aaf0 92b0 b3f3 d576 e5f6 ee58 ee36 e655 d594 b32b a1e8 aa6a a1e9 a20a bb8e d574 92eb 4846 4847 5067 5887 5087 5886 8168 89a8 6087 5887 6087 5887 68c7 68c7 70e7 7928 7948 7968 8148 6087 5867 5867 68a7 924b 920a 91e9 9a0a 9148 a168 b1c8 c229 ca49 d26a d28b dacb daeb daeb daca daca dacb daeb daeb db0b e2ec e30c e32c e34d e36e e34d e34c e34c e36d e38d db0b ca69 c208 c249 ca8a d2ca d2eb d2eb d32c db4c db0b db0b db0b daeb daeb d2aa d2aa dacb d2aa d28a d28a d26a da8b e2ec e2ec e34d e36d daec ca4a ca2a d28b d2cb c28a b209 b20a c2cc d36e d38e d38e aa6b 60a8 50a8 50a8 58a8 58a8 60e8 58c8 58a8 58c8 58c8 60e8 60c8 7148 7969 6908 8168 8988 8168 8188 89c9 7928 70c7 70e7 7948 68a7 5046 5067 5867 7169 bbcf d491 b32e aaed b2ec cb8c d3ed d3cc d3cd d3cc cbcd cc2f cc4f cc2f cc4e cc4f cc2f cc0f cc2f cc0f c40e cc0e c40f cbee cc0e c3ef c40e c40f c40f c40f c40e c40e c40f c3ef c3ef bbef bbef bbef c3ee c3ce c3ce c3ce c3ce bbae bbae b38d b36d b32d bb6d d44e e50e ed8f f5d0 f611 f632 f632 f653 f674 f674 f673 f673 f673 f653 f653 f653 f653 f653 f653 f654 f653 ee54 ee74 ee74 ee75 ee95 ee95 ee95 ee95 ee95 ee75 ee75 ee75 ee75 ee75 ee95 ee95,
70c7 68c7 70e7 70e8 70e7 70e7 70e7 8128 8128 8107 78e7 78e7 80e7 8927 8948 9189 99ea b28c c32e d3ae dbef dc2f e44f e48f eccf eccf ecaf eccf eccf ecf0 f4ef ecef f4ef f4ef f4ef ecae ec4d e3ed db4b d2a9 ba29 9968 88c8 8909 aaae c3d2 b2ce 99a9 a189 a9a9 b26c c350 d412 b330 816b 58a9 5868 716c 79ce 5087 614a 718c 612a 612a 610a 698c 71cd 614b 58ea 50ca 58eb 698d 8b74 9394 8a70 8a91 8a90 8a90 7a0f 71ad 696d 590b 69ac 8af2 8a92 7a2f 82f3 71ad 720d 8b32 7a30 79ac a351 cc95 d495 ab72 9b52 c4b4 d576 ddb6 ee57 e656 de15 b3ce 9188 aa8a a24a 99aa aacc d595 c4f2 5086 4868 50c8 58c8 58e8 5087 5046 7107 81a8 60a7 5866 60a7 6087 6086 68c7 7107 70e7 7108 8168 8989 68a6 5846 5867 68a7 924b 89ca 89a9 9a4b 8968 9148 b1a8 c209 ca6a ca6a d26a d2eb db0b db0c daca daaa dacb daeb dacb daeb e30b e30c e32c e32c e36d e36d e36d e34c e38c e38c d2ca b187 90e7 9926 a166 a9a7 b9e7 c248 ca69 d289 d269 ca48 ca69 ca69 c9e8 c1e7 c1e7 c1e7 b9a7 b9a7 c1c8 c1e8 ca09 da69 da8a daea d2a9 b9c7 9906 a127 b1a8 ba09 ba2a ba0a c28b cb2d db8e dbaf cb6e 8189 5088 50c8 5088 5887 58c8 60e8 58a8 58c8 58a8 58c7 68e8 60e8 7969 7949 6908 8189 8148 7948 8188 89a9 7948 68a7 68c6 8168 7107 5866 5046 5847 6909 b36f cc72 b34f b32e c36d cb6c d3cd d3ab dbcd d3ed cbce d42f cc2e cc4f cc6f cc2e cc0e cc2f cc2f cc2e cc2f cc0e cc0f c40f c40f c3ef c40e c40f c40f c40f c3ee c3ee c3ef c40f c3ef bbef bbef c3ce c3ce c3ee c3ee c3ee c3ee bbce bbae b38e ab4e b34c c3ad d46e e52e ed8f f5d0 f611 f631 f653 f674 f674 f674 f674 f673 f653 f673 f673 ee53 f653 f652 ee53 f653 f654 ee74 ee74 ee74 ee75 ee75 ee75 ee75 ee95 ee95 ee95 ee75 ee95 ee95 ee95 ee95 ee95,
70e8 68c7 70c7 70c7 70e7 7108 7908 8128 8108 78e7 78e7 78e7 80e7 8948 8968 91aa a22b baac c34d d3ae dbef dc0f e44e e48f eccf eccf eccf ecef ecef ecf0 ecf0 ecef ed0f f4ef ecee ecae ec4d e3cd db4b d2ca ba29 9989 88e8 99cc c3d2 c370 a20b 9969 a169 a9ea c30f d3f1 d3f1 aacf 794b 58a9 690a 79cd 716b 5068 50c8 6109 612a 69ac 614b 696c 71ad 610a 612b 58eb 58cb 698d 9394 9bb4 8af2 8a91 8250 8a91 8a91 822f 720f 696d 612c 7a0e 92d1 9394 8b33 692b 698c 724f 696c 692a 9a6e b391 b391 b2ee c36f dd33 ddd8 e618 ee78 e677 d573 9a6b 99c9 aa4a 99ea a24b c451 d5d4 8aaa 4847 5087 58a8 60c7 60c7 5087 5067 68c7 8188 7108 5867 6087 6087 6086 68c7 68e7 70e8 7107 7968 89a9 70c7 5846 5847 68a7 920b 89aa 89a9 9a4a 8989 9148 a9a8 ba09 c249 ca8a d28a d2ca daeb daeb daca dacb dacb dacb dacb daec e30c e32c e32c e32d e34d e36d e36d e36d e38c e36c d2aa b9e9 a9ea b1c9 a988 a968 a967 b187 b1a7 b9c8 c1e8 c1e8 c229 ca29 c1e8 b9e8 b9c8 b1c8 a988 b187 b1a8 b9c8 ca09 d229 d24a d28a d24a c20a b1ea b1ca ba2b c2ac cacc c28b cb0c d36e dbae d3ae b2ac 68e8 5087 50a8 5087 58a7 60c8 60e8 58a7 58a7 58a7 60c8 60c8 6928 7989 7108 6908 89a9 8168 8148 8188 89a8 7907 6086 68a6 81a9 7948 5887 5067 5868 68e8 ab0e cc71 bbaf bb6e cb8e d38c d3ed d3cc dbcc d3ed cbee d44f cc4f cc6f cc6f cc2e cc2e cc0e cc2f cc2e cc2f cc0e cc0f cc0f c40f c3ef c3ee c40f c40f bc0f c3ef c3ef c40f c40f c3ef c3ee bbef c3ee c3ce c3ee c3ce c3ce bbce bbae bb8d b36d ab4d b32c c3ad dc8e e54f ed8f f5f0 f611 f652 f673 f674 f674 f674 f674 f673 f673 f653 f653 f653 f653 f653 f654 f674 ee74 ee74 f674 f674 ee75 ee75 ee75 ee75 ee95 ee95 ee95 ee75 ee95 ee95 ee95 ee95 ee75,
68c8 68e7 68c7 70c7 70e8 7108 78e7 8107 7928 7908 78e7 78e8 8107 8968 91ea 91ca a22b baac cb4d d3ae dbee e42f e46f ec8f eccf eccf eccf ecf0 ecef eccf f4ef f50f f50f f50f eccf ec8e ec2d e3cc db4c cacb b20a 996a 9a2d c3f3 c36f 99ea 9948 9969 a1aa baae cbb2 cb91 bb2f a28e 712a 60c9 718c 694a 6109 58a8 5067 58e9 612a 616b 592a 698c 696c 58e9 71ce 696d 58cb 616d 93d5 9bf5 9333 8230 8250 8271 8250 8270 8ab2 8270 7a10 79ce 8a8f 9bb3 9311 718d 612b 616d 590b 71ad a2cf cb6e d34c db0b dacb dc0f ee99 eefa ee98 ddd5 b38d 99e9 a20a 99aa aa6c cc91 ddf5 92eb 4866 50a8 58a7 60a7 60a7 58a7 50a7 5087 60a6 7127 7927 60a7 58a7 6087 68c7 68e7 68e7 70e8 68e8 7148 81a9 7108 5867 5867 60a7 8a0a 818a 89a9 91ea 8989 9168 a9a8 b1c8 c209 ca6a d28a d2aa d2aa d2cb d2aa d2aa daca dacb daeb daec e30c db2c db0c db0c db2d e38d e38e e38d e38d e36c daec d2cc dacb daab d2ab ca4b ca0a c1e9 c1e9 ca0a d22a d24a d28b da6b d28b d28c d28c d28c ca6c ca8c d28d d26d daad e2ef e330 db50 db91 db91 db0f daae d2ce d34e d36d d34d db6d db8e db8e c30c 7928 5068 50a8 50c8 50a8 58c8 60e8 58c8 50a8 50a8 58a8 60e8 68e8 7968 7928 68a8 7128 89a9 8168 8168 8188 89c9 7928 6087 68c7 89ea 7989 5887 5887 5887 60c8 a28c d450 c3f0 bb4d d3ee d3ac d3ee dbcc d3cc cbee cbee d44e d44f cc4e cc2f cc2f cc2e cc2f cc2f cc2f c42f cc2f cc0f cc2f c42f c3ef c3ee c40f c3ef bbef c40f c40f c40f c40f c3ef bbef bbee c3ee c3ef c3ee c3ee c3ee bbce bbae bbad b36d ab4d b34d cbcd dcae ed4f f5b0 f611 f632 f673 f673 f674 f674 f673 f654 f674 f673 f653 f673 f673 f653 ee74 f674 f674 ee74 ee74 ee74 ee74 ee75 ee75 ee75 ee95 ee95 f695 f695 ee95 ee75 f675 ee75 ee75 f675,
60c7 68e8 68e8 70e8 70e8 70e8 78e7 7907 7927 78e7 78e7 78e7 8128 8989 8a0b 91eb a22b bacd cb4e d3ae dbee e42f e46f ec8f eccf ecef eccf ecd0 eccf ecef f50f f530 f50f f50f eccf ec6e ec2d e3cd db4c caab b1ea a1ec bbb2 cc32 aa4c 9168 9148 9989 a9eb c30f cbb2 bb10 b2ef 9a6d 716b 610a 716b 6109 692a 58a9 58a8 60e9 58e9 58c9 58c9 69ac 698c 58e9 71ee 69ae 58ab 616d 9c56 a476 9312 79ce 7a50 8271 7a30 7a50 8a90 8ab1 8a90 822f 826f 824e 824e 8271 616c 69ae 71ef 8a71 bb70 e3cd eb6b e30b d2ab d32c ee36 f73a e697 cd12 a28a a22a a1ea a1ea c36e e5b4 cd52 6108 4067 58c8 60c8 60c8 60c7 58a7 50a7 5066 68c7 7128 7107 60a7 5887 60a7 68e7 7107 6907 7108 68c8 7128 8189 7928 5887 5867 60a7 8a0b 818a 8188 89c9 8989 9168 a188 b1e9 ba09 ca6a d269 d28a d2ca d2ca d28a d2aa daca d2cb d2cb dacb db0c db2c db2c db0d db2c db8d e38d e38e e38d e36d e34d db2c e2eb dacb dacb daab e28b da6b da4b da4a e24a e28b e2cc e2cd e2ed e2cd eb0e eb50 e330 e350 e391 e372 e3b2 ec34 ec75 ec95 ecd5 ec54 e350 e2ef daee d36e d38e db8e db6d db8e d38d aa6a 60a7 5088 50a8 50c8 58a8 60a8 60e8 58a8 58a8 58c8 58a8 60e8 6929 7968 70e8 60c8 7948 89c9 8148 8189 8989 91c9 8169 68c8 68c7 89ea 8189 5887 58a7 5867 60c8 9a6c cc51 c410 c34d d40f d38c d3ee dbcc d3cc cc0e cc0e d44e cc4e cc4e cc2f cc2e cc0e cc2f cc2f cc2f c40f cc2f cc0f cc2f cc2f c40f c3ee c3ef c3ef bbce c3ee c40f c40f c3ef c40f bbef c3ef c3ef c3ef c3ce c3ee c3ee c3ae bbae bbae b38d ab4d b34d cbcd dcae ed70 f5d0 f612 f652 f673 f673 f674 f674 f674 f653 f674 f673 f673 f674 f673 f653 ee73 ee74 ee74 ee75 ee74 ee74 ee75 ee95 ee75 ee95 ee95 ee95 f675 f695 ee95 ee75 f675 ee75 ee75 f674,
68e8 68e8 6908 70e8 70e7 70e7 70e8 7908 7908 7907 78e7 70e7 8128 8989 89ca 920a a22b bacc c34e d3ae dbee e42f e44e e48e eccf eccf eccf ecef ecef ed0f ed0f ed10 ed30 f50f eccf ec8f e42e e3ee d32d ca8d baae c3b1 c3f1 a24b 9148 9148 9969 99aa b28d cbb1 c330 b28d b28d 9a4d 81ac 694b 612a 718b 820e 610a 6109 5088 5088 5089 50a8 71cd 79cd 60ca 698c 7a0f 50ab 598c a4d7 ac96 92f1 694c 614c 720f 82b1 82b2 8ab1 8250 79ed 7a2e 7a0e 590b 612a 8a8f 8250 7a50 8b13 9b32 c391 e3ef e36b db0b d2ab c26b dcf3 eed9 d532 aaeb a20a aa6b b2ac cbce dd92 cd11 7a0a 48a8 50c9 58c8 60e8 60e8 60c8 58a7 5087 5067 60a7 68e7 70e7 68c7 5887 6087 68c7 7108 68e7 7107 68e8 70e7 7968 7928 6087 5887 68e8 81ea 8189 8148 89c9 89a9 8968 9168 a9c8 b209 c269 ca6a ca6a ca8a d2aa d28a d28a d2ab d2cb d2cb dacb dacb daeb db0c db2c db4d db6d e38e e38e e36d e38d e38d e36d db0c daeb dacb daaa dacb e2ab e2ab e28b e24a e26a e2ab e2cc e2ee e30e eb90 ec12 ec93 ecd4 ecf4 ed15 ecd3 ed76 ed96 edd6 ed95 ec73 e34f daee db2e d38e d3ae dbae db6d d36d bacb 7107 5088 5088 50a8 58a8 58c8 60c7 60c7 58a7 5087 5087 60a7 68e7 68e7 68e7 60a7 68c8 8188 91ea 8148 8168 8989 8969 78e8 68c7 70e7 81a8 81c9 60a7 5866 5887 60c8 9a2c cc71 cc71 c38e d40e d3ac dbed dbcc d3cd cc0e cc0e cc4e cc4f cc4f cc4f cc2f cc2f cc2f cc4f cc2e cc2e cc2f cc2f cc2f cc2e c40f c40e c42f c40e c40f c3ef c40f c40f c3ee c3ef bbef c40f c40e c3ee c3ee c3ee c3ce bbce bbae b38d b36e ab2d b32d cbcd dcae ed8f f5f1 f632 f673 f673 f674 f674 f674 f673 f673 f673 f673 f673 f674 f674 f654 ee74 ee74 f674 ee75 ee95 f695 ee95 ee95 ee95 f695 ee95 ee75 ee75 ee74 ee74 ee74 f674 f674 f674 f653,
68c7 68e8 68e8 68c7 7107 70e7 7907 7907 78e7 7908 78e7 70a7 8107 8989 91c9 9a0a a22a baac c32d d3ae dbee dc0e e44e e46f ecaf eccf ecef ecef ecef ecef ed0f ed0f ed10 ecef ecce ec8f e450 dbf1 caef c2d0 cbb3 c3d2 a24b 8907 8928 9148 9969 a1ca bb2f cbf2 aa6d aa2b aa4d 9a4d 818b 712b 60c9 826f 9332 692a 58c8 4867 50a9 5068 58c9 7a50 79ed 60ca 614b 7a71 58ab 598c a4f8 acb6 8af1 612c 50aa 698d 7a2f 8291 8b53 8af3 79ef 7a0f 71ad 592b 590b 79cc 8a90 8ad2 9b94 9b52 b393 dbd0 e36b db0b ca6b c30e d555 de57 ab0c 99c9 aa6b baeb dc2e ed70 e5b2 9aca 4867 50e9 58e9 58e9 58e8 60c8 60c8 58a7 5887 58a7 5887 60a7 68e7 68e7 60a7 5867 6087 68e7 68c7 7108 7108 7128 8168 8168 60a7 5867 68c7 8188 8148 8148 89e9 81a9 7907 8948 a1a8 b1e9 ba49 c249 ca6a ca6a caaa ca8a d28a d2aa d2ab d2aa d2cc dacb daeb dacb db0c db2d e34c e36d e36d e36d e38d e38d e36c e32c db0c daeb daaa daab da6a daaa daec da8c e26b e26b e28b e28c eaed ebaf ebcf ec10 ec71 ecb1 ec91 ec10 f451 ec92 ecd3 ecd3 e3f1 daee db2f d36f d3af dbef dbae d36e cb8e 91a9 5067 50a8 50a8 5088 50a8 60e8 60c7 60c7 5887 5067 5086 60c7 68e7 7128 60a7 6087 68c7 81a9 922b 8128 89a8 91a9 8968 7108 68c7 7928 8188 89ea 68c8 5867 5867 60c9 922c cc70 cc71 c3af d3ee dbec d40e d3cc d3ed cc0e cc0e cc6f cc6f cc4f cc4f cc4e cc4f cc4f cc2f cc0e cc2e cc2e cc2f c42e cc2e cc2f c42f c42f c3ee c42f c40e c3ef c3ef c3ee bbef bbee c40f c40e c3ce c3ce c3ee bbce bbef bbae bb8d b36e ab2d b32c cc0e e4ef ed90 f611 f652 f673 f694 f674 f673 f673 f674 f674 f653 f674 f674 f673 ee74 f674 ee74 ee74 f674 f675 f675 f695 ee95 ee95 f695 ee95 ee94 ee74 f674 ee74 ee74 f674 f654 ee53 ee53 f653,
68e8 68e8 68c7 68c7 70e7 70e7 78c7 7907 78e7 7907 70c7 70a7 7908 89a9 91ca 99ea a20a ba8c c32d d3ae dbee dc0e e44f e46f ecaf eccf ecef ed10 ecef ecef ed0f ed0f ed10 f4ef eccf ec90 e471 dc94 cbf3 c371 c370 aa8c 8948 80e7 8928 9149 916a aa6d c3b2 c391 aa4c b22b a24d 89ec 712a 716c 714b 8b52 9331 692a 5087 5087 5889 5068 614b 8291 718c 714c 612b 7a4f 694d 69ee a518 ac55 9332 71cf 50ca 696c 71ee 71cf 722f 8b12 8b13 8270 71ee 71cd 698d 718c 820f 8291 9bd5 abb3 b392 d3f2 e34d d28b c2ac d4b3 de58 c4f2 9a0a aa4b bb0c d3cd ed10 dcd0 ab8c 6928 50a8 50e8 58a8 58c8 60e8 60e8 60e8 60c7 58a7 5887 5887 60a7 68e7 68e7 60c7 58a7 6087 68c7 7128 7108 68e8 7108 7948 7968 68e8 5867 60c7 7968 8148 7948 89c9 8189 7907 8968 a1a9 b1e9 ba29 c249 c249 ca6a ca8a ca8a ca8a d28a d2aa d2ab d2ab d2cb d2ec daab dacb db0c db4c db4d e36d e36d e38e e38d e36d e34c db2c db0c dacb d2cb d28a da8a daab daab e2cc e2ab e28b e26b eacd eb4e eb4f eb70 eb90 ebd0 ebf0 eb90 eb6f eb90 ebd1 ebd1 e34f daee db6f d38e dbce dbcf db8e d38e bacb 70e8 5087 5087 50a7 50a8 50a7 60e8 60c7 60a7 58a7 5887 5887 60a7 68e7 7948 60a7 5867 68c7 89a9 9a2b 8128 8988 91ea 8989 7907 7108 7908 7968 89ea 68c7 5887 5887 60e9 920c c430 cc92 cbcf d3ef dbed dc2e dbcc d3ed cbee cc0e cc4f cc4f cc4e cc4f cc4f cc4f cc4f cc4e cc2f cc2f cc2f cc2f cc2e cc2f cc2f c42e c42f c40f c42f c42f c3ef c3ef c3ee c3ef c3ef c40f c3ef c3ee c3ef c3ee bbee bbce bbae b38d b36d ab2d b32d cbee e4ef edb0 f631 f652 f693 f694 f694 f694 f673 f674 f674 f674 f673 f674 f674 f674 f695 f695 f675 f674 f694 f695 f695 f695 f695 f675 f694 ee74 ee74 f653 ee53 ee73 ee53 f653 ee53 ee53 f652,
68e8 68c8 60a7 68c7 68e7 70c7 70a7 78e7 70e7 70c7 70c7 70c7 7928 8989 91c9 9a0a a20a b26b cb2d d38e dbee e42e e44e e48f ecaf eccf ecef ed0f ecef ed0f f50f ed0f ed2f ed10 ecd1 ec91 e450 e471 dc51 cb4e b26a 9168 80e7 8908 8929 9169 a24d c3f2 cbd1 aa4c aa0b b26c a28e 794a 60ca 60ea 7a0d a435 824d 58a8 5088 58c9 50a9 50a9 69ed 8271 60ea 79ce 71ae 71ce 79cf 8312 ad39 9353 8af1 9374 696e 612b 720f 7a30 590c 61ac 8b32 9334 92f2 92d1 7a51 8af3 8ad3 8270 a3d4 cc75 c3f3 c3f3 d36f ca2a caed e5f5 de37 aacd a22a cb6d e46d f550 edd2 ab4c 58e8 50a9 58e9 58e8 58e8 58c8 60e8 6108 60e8 60e8 58c7 58a7 60c7 60e8 60c8 60c7 60c7 60e8 60a7 60c7 6908 7128 68e7 7128 7948 7968 68c7 5887 60c8 79a9 89aa 8168 89c9 7968 7907 8148 9168 a1c8 b209 ba4a ba49 c26a c249 ca69 ca6a ca8a ca8a caab d2cb d2aa d2ec d2ec dacc db0c db2d db2d db4d db4d e36d e38d e36d e34c db4c db0c db0c db0b dacb d2ca d28a d2ab d2cb dacb e2ab e2ab e28c eacc eaee eb0e eb0f eb30 eb50 eb2f eb0f eaee e2ee e2ce daee d36f d3af dbae dbce d3ae d36d c32c 91a9 5867 50a8 50c8 50c8 50a8 50c8 6108 58c8 58a8 60c7 58a7 60c8 60c7 68c7 7128 60a7 6087 70c7 89a9 91ea 78e8 8148 920a 8989 8148 7928 70e8 7928 8a0a 68c7 60a7 58a8 60c9 8a2c c431 d491 d40f d40f dc0d dc2e d3ed d3ed cc2e cc2f cc4f cc6f cc4e cc4f cc4f cc2f cc2f cc4f cc4f cc2f cc2f cc2f cc2e c42f c42e c42e c40f c40f c42f c42f c40f c3ef c3ef c3ef c40f bbef bbef bbef c3ee c3ce c3ee bbce b38e b38d b36d ab2d b32d cbee e4ef f5f1 f652 f674 f694 f694 f694 f694 f694 f673 f674 f674 f674 f674 f695 f695 f695 ee95 f695 f695 f695 f695 f695 f695 f694 f653 f653 ee73 ee53 ee53 ee32 ee52 ee32 ee32 ee32 ee32 f632,
68c8 60a7 60a7 68c7 68c7 70c7 70c7 70c7 70c7 70c7 70c7 70c7 8128 8988 99c9 922b 9a0a b24a c30c d38d dbce e42e e44e e46e ec8f eccf ed0f ecef ecef ed0f f50f ed0f ed2f ed10 ecd1 ec90 e430 e3ef db6d cacb aa29 9168 8908 8928 9129 918a b310 cc53 bb2f a1eb aa0b b2ae a2ae 714a 60ca 5889 7a6e a455 820c 5047 5088 58c9 50a9 50ea 7a4f 8270 58c9 69ac 81ef 71cf 71ae 93b4 acf8 8ad2 7a70 9bd5 8251 694d 7a50 82d2 696d 590b 722d 8b53 a374 9290 82f3 93d5 9b74 8230 9b52 d4b5 cc94 bbf3 cb50 c22b cb0d dd94 d595 aacc baec dc0e ecee f612 d4ef 8a0a 50a8 5909 5909 5909 58e9 58e8 6109 6109 60e8 6128 58e8 58c8 60e8 6108 60c8 58a8 60c8 68e8 60e8 60e7 60c8 7128 6908 6928 7968 7968 6908 60a8 60c7 7989 89a9 7948 81c8 7968 7907 7928 8948 a187 b209 ba29 ba29 ba29 c229 ca69 ca6a ca8a ca8b caaa d2cb d2aa d2eb d30c d30c db0c db2d db2d db2c db2d db4d e34d e36d e36c db4d db0c db0c daeb daeb daeb d2cb d2cc d2ab d2ab da8a daab da8b e2ab e2ec e2ed e30e eb2f eb2f e30e eb0e e2cd e2ac daad d32e d3cf d3cf dbae dbae d38e cb4d b28a 8148 5067 50a8 50c8 58c8 50a8 58c8 6908 58c7 60c8 68e8 58a8 68e8 60c7 68e7 7128 60c7 6087 70c7 89c9 89ea 7908 8168 920a 8988 8168 7928 70c7 8127 922b 68e7 60a7 58a8 58a8 8a2c c430 d491 d40e d40e d40d dc2e d40d d40e cc2e cc4e cc4f cc6f cc4e cc2f cc4f cc2e cc2e cc4f cc4f cc4f cc4e cc2f cc2e cc2f c42e c40e c42f c40f c40f c42f c40f c40f bbef bbef bbef bbef bbef bbef bbce bbce c3ce bbce b38e b38d ab6d a30d b32d cbee e50f f5f1 f652 f694 f695 f694 f694 f694 f693 f674 f674 f674 f674 f694 f695 f695 f695 f695 f695 f695 f695 f695 f695 f694 f674 f653 f653 ee52 ee32 ee32 ee32 ee32 ee32 ee32 ee32 ee32 ee33,
6108 60c7 60a7 68a7 68a7 68c7 70e7 70c7 70e7 68c7 68a7 70a7 8107 91a9 9a09 91ca 99c9 b24a caec d36d dbad dbee e42e e44f ecaf ecef ed0f ed0f ecf0 ed0f f4ef ecef f50f f510 ecef ecaf e42f dbce db4c caaa b209 9168 8908 8109 8909 a22c c412 bb70 a22c a20b b24b b2ce 8a0c 68ea 60ca 60ea 8b10 ac75 71ab 4847 58c8 58a9 4868 592b 82b1 720d 58ca 50c9 71ad 79f0 79ee 9c96 acd7 8af3 698d 7ad1 9bb5 8271 8ad1 9373 7a0f 612c 610b 69cd 8b33 9374 93d5 9332 9b10 9b32 824e a371 cc54 b330 bb93 c28d bb4f d5b7 dd96 d3ae e46f ecaf f5f3 d4cf 81a9 58e9 50e9 58e9 5909 5909 58e9 60e8 6108 6908 6908 6129 58c8 58c8 60e8 6108 60e8 60c8 58c8 6128 7108 6928 60e8 7128 7128 6908 7148 7949 7128 60e8 60c8 6928 81a9 7928 81a9 81a9 7108 7928 8968 9148 a1a8 b1e9 ba29 ba29 ba09 c229 c26a c26a ca8b ca8a ca8b d2ab d2cb d30c d2eb daec db2c db0c db2d db4d db2d db4d db6d e34d db4d db2d db0c db0c daec daec daeb daec d2cb d2cb d28a d28a d28a d26a da8a d28a daab daac daab d28a d28b d28c d2cd db8f dbef dbcf db8e db8e d3ae cb6d aa29 8967 7108 5088 5087 50a8 5087 5087 58a7 60a7 5887 60e8 6908 60e8 68c7 60a7 68e7 6907 68c7 6066 7907 920a 89c9 8148 8968 91e9 8168 8168 7907 70c7 7947 9209 7107 6087 58a8 58a8 89eb c3f0 d4b2 cc0e d40e dc0d dc0d d3ed cc0e cc2f cc4f cc4e cc4e cc2e cc4f cc2f cc2f cc2f cc4f cc4f cc4f cc4f cc4f cc2f cc2f cc4f cc2f c42f c42f c40f c42f c40e c42f bc0f c3ee bbef bbef bbef bbce bbcf bbce bbce b3ae b38e b36d ab4d a30d b30c cbee e52f f611 f653 f694 f6b5 f6b5 f694 f694 f694 f674 f694 f694 f694 f694 f695 f6b5 f6b5 f6b5 f6b5 f694 f694 f674 f673 ee53 ee53 ee32 ee52 ee32 ee32 ee32 ee33 ee33 ee53 ee53 ee53 ee53 ee53,
60e8 60c7 60a7 60c7 60c7 68a7 68c7 68a6 68c7 68a6 68c7 70c7 8148 99e9 9a09 99c9 99a9 b22a c2eb d36c dbae dbce dc0e e44e ecaf eccf ed0f ed0f ecef ecf0 ecef f50f f50f f50f f4cf ec8f e42e e3cd db4b caca b229 9168 80e8 78e9 8129 aaad cc33 aacf 99cb aa2b b28c a26d 712a 5888 60ea 712b 9330 a433 716a 5067 58c8 58c9 4868 618c 8270 694a 58c9 4869 50ea 71cf 8271 ad59 b517 9374 690c 698d 93f6 9354 8af2 9393 7a4f 614c 696d 50cb 7250 9c77 9c36 8af2 8a2e ab4f 820c 7a6f a373 a28e b393 c2cd c411 de18 e532 e3ed ec6e ed71 f651 9228 5068 50c9 50e9 5888 58c8 58e9 58e9 60c8 60c7 68e7 68e7 60c7 50a7 5067 60a7 68e8 60c7 60c8 58e8 6108 70e8 7128 7128 68c7 7128 7128 7108 7128 7108 60a7 60c8 68e8 7989 7949 8188 81a9 7108 7108 7948 9148 a167 a9a8 b209 ba49 ba09 ba08 ba49 c229 c26a ca8b ca8a ca8a d2cb d2cb daeb d2ec db0c daec db2d db2d db2d db4d db6d db4d db4d db4d db2d db0d db0c daeb daeb daec dacb d2cb d2cb d2eb cacb ca6a ca4a c26a ca6a ca6b ca6b ca6b caac d32e dbaf dc10 dbef db8f db4e db6d d3ae c32b 80e6 8128 68e8 5087 50a8 5088 5087 5888 58a7 60a7 60c8 68e8 6908 7148 60c7 60e7 60c7 68c7 68e7 6067 7107 9a6b 89a9 8128 8968 920a 89c9 8148 7907 7908 8148 89c9 70e7 68c8 6109 60c8 81ec c3f0 d4f2 d40f d40e dc2e d40d d3ee cbed cc4e cc4f cc4f cc6e cc2e cc4f cc6f cc2f cc2f cc4f cc2f c42f cc2f cc2f cc4f cc4f cc4f cc4f c44f c42f c40f bc30 c40f c40f bc0f c3ef c3ee bbef bbef bbee bbef bbcf bbce bbae b38e b36d ab2d a2ec aaec c3cd e52f f612 f673 f6b5 f6b5 f6b4 f694 f694 f694 f694 f694 f694 f695 f695 f6b5 f6b5 f6b5 f6b5 f695 f694 f674 f674 f673 ee52 ee32 ee52 ee52 ee53 ee53 ee53 ee53 ee73 ee53 f654 f674 f654 f654,
60c7 60a7 60a7 60c8 68c8 68a7 60a7 68a7 68a6 6087 6887 70c7 89a9 9a0a 9a0a 99e9 99ea b24a c2eb d34c db8d dbcd dc0e e44e ecaf eccf ecef ed0f ecef f4ef f50f f50f f52f ed0f eccf ec8f e42e e3ed db6c caca b229 9168 80e8 80e9 8929 aaad c433 a28e a1ca aa4c a26d 81ec 690a 50a9 58ca 716b 9b51 9b51 6929 5088 58a8 5088 48a8 69cd 7a2f 692a 610a 50ca 4889 610c 8b13 b57a a455 9bf5 8230 614c 8b93 9bd6 8b13 9394 8271 71ce 71f0 71ef 82f2 8b53 9394 9b73 92d1 926e 81cd 82b0 a373 924e aaf2 ba6e cc31 e638 d492 dbed ed30 edd1 b36b 60e8 50a9 50c9 58e9 58e9 58e8 58e8 58c8 60e8 60e8 68e8 6908 60e8 58c8 58a7 60c7 68e8 58c8 60c8 60e8 60e8 60c8 6908 7128 68c8 6908 6908 7108 7108 7108 68e8 60c8 68c8 7949 7108 7968 81ca 7128 68e8 8148 9168 9968 a1a8 a9c8 b1e8 ba09 ba29 ba49 ba29 c24a ca6a ca8a d2aa d2cb d2cb d2eb d2ec d30c d30d db2d db2d db2d db4d db4d db4d db4d db2d db0d db0d db0c db0c db0c db0c dacb d2ec db0c d32c d30c d2ec cacc caec d2ec d2ed d30d d32d db6e dbaf dbcf dbef dbaf db4f db4e db8d d38e a22a 6887 8148 68e8 5088 50a8 50a7 50a8 5887 58c8 60e8 60e8 60c8 6929 7169 60e8 60e8 60c7 68c7 68e7 6067 70e7 9a6b 91ca 8148 8968 922a 89c9 7928 7907 78e7 7928 91e9 7928 68c7 60e8 60a8 81cb c410 d4f2 d42f d40e dc2f d40e d3cd cbed cc4f cc2f cc4f cc6f cc2f cc4f cc4f cc2f cc4f cc4f cc2f cc4f cc4f cc4f cc4f cc4f cc4f cc4f c42f c42f c42f c42f c40f c40f bc0f bbef bbee bbef bbee bbee bbef bbee bbce b3ae b36d b36d ab4d a30c ab0c cbcd e52f f612 f673 f6b5 f6b5 f6b4 f694 f694 f694 f694 f694 f694 f694 f695 f695 f695 f695 f695 f695 f674 f674 f653 f653 ee53 ee53 ee53 ee53 ee53 ee53 f673 ee74 ee54 f654 f674 f674 f674 f674,
60e8 60c8 60a7 60c7 60c7 60a7 68a7 68a7 60a7 60a7 6067 7908 922a a26a a24a a22a aa2b ba8b c2ec cb2c d36c dbad e3ee e42e ec8f eccf ecef ecef ecef ecef f4ef f4f0 ed10 f50f eccf ec8f e44e e3ed db6b d2ea ba29 9968 8108 80e8 8909 aa8d bbf3 aa8e a1aa a20c 91ec 79ab 716b 610a 610a 718b 8aef 79ec 60c8 58e8 50a8 4868 48c9 720d 71ed 58e9 614b 612b 48aa 510b 93d4 b559 9bb4 93d4 9b94 8251 6a2e 9c36 9bf6 9373 8ab1 8271 8b73 9333 7a0f 71ce 8333 9b73 ab72 81ac 590b 82b0 a3d4 92d1 9b12 a2d1 c412 e659 e574 f570 fe32 c3ac 58a8 48a8 50c9 50c8 58e9 58c8 58c8 58c8 58a7 60e8 6908 60c7 68e8 6908 58c8 58c8 60e8 6908 60c8 60c8 60c8 58c8 60c8 60e8 6908 68e8 68e8 68e8 68e8 70e7 7128 7128 60c7 60a7 7108 7108 7128 7989 7148 68e7 7107 8968 9148 9988 a1a8 a1a8 a9e8 ba29 ba09 ba29 c24a c24a ca8a caab d2cc d2ec d2cb d2ec db0d daec db0c db2d db2d db2d db2d db2d db2d db2d db4d db2d db0d db2d db2d db2d db2c db4d db8e db8e db8e e3af dbcf dbef e3ef e3cf e3cf e3cf e3ef e3f0 dbef dbcf db6f db4e db8e d3ad baeb 70a7 60a7 8168 60e8 50a8 5087 5088 50a8 58a8 58c8 6108 60e8 60e8 60e8 6928 60e8 60c7 60c7 60a7 68c7 5867 70e7 9a4b 91ea 8968 8968 91e9 89a9 8148 7927 7907 7927 91e9 7949 6887 68a7 5888 796a bc10 d4d2 d44f dc0d dc4f d3ed cbad cc2e cc4f cc2e cc4f cc6f cc4f cc4e cc4f c42f c42f cc2f cc4f cc4f cc4f cc2f cc2f cc2f c42f c42f c42f c42f c40f c42f c40f bc0f c40f bc0f bc0f bc0f bbef bbef bbef bbce b3ce b3ae ab6e ab4d a34d a30d aaec c3cd e54f f632 f693 f6b5 f6b5 f6b5 f6b4 f694 f694 f694 f694 f6b5 f6b5 f695 f695 f6b5 f694 f674 f674 f674 f653 ee53 ee53 ee54 ee74 f674 f674 f654 f673 f674 f674 f674 f674 f674 f674 f674 f674,
6109 60c8 60a7 60c7 60c7 60a7 60a7 6086 60a7 60a7 6067 7928 9a0a aa6a aa4a a22a aa2a ba8b cb0c cb4c d36d dbad e3ee e42e ec8f eccf ecef ecef ecef ecef eccf ecef f510 f50f f4cf ec8f e46e e40d db6b d2eb ba29 9989 8108 8109 8909 a24c bb92 b2cf a1eb 9a0c 8a0c 8a0c 716a 692a 716c 718b 826e 696a 58c8 58c8 50a8 4868 50c9 720e 71ed 58e9 614b 612b 50eb 592c 9393 b559 9bd5 8b53 9311 9354 720f 93f4 a477 9353 82b1 82b1 93b3 82b0 696c 69ef 8313 9373 bb72 91ab 50a9 7a4e 9b93 92af a352 ab31 ccb4 eeba f614 fe52 ed4f 91e8 50a8 5088 50a8 50c8 58e9 58a8 58c8 58a7 58a7 60c7 68e8 60c7 68e7 6907 50a8 5087 60e8 68e8 60a7 60c7 60c7 58c7 58c8 60c8 68e8 68e8 6908 68e8 68e7 7107 7107 7127 60a7 5887 68e7 7108 7108 7948 7948 68e7 68e7 8128 8928 9127 a1a8 a1a8 a9a8 b209 ba09 ba29 c24a c24a ca6a caab d2cb dacb daab d2ec db0c daec d32c db4d db0d db2d db4d db4d db2d db2d db4d db4d db2d db2d db4e db4e db4d db8e e3cf dbcf e3cf e3f0 e430 e450 e430 e40f e3ef e3ef e3ef e3f0 dbef dbaf db8f db6e dbae d3ad a229 5847 68e7 8168 58e8 50a7 5087 50a8 58a8 58c8 58c8 58c8 6108 6928 60e7 6928 60e8 60c7 68c7 60a7 68c8 5867 7107 9a8b 91ea 8148 8168 91e9 89a8 8968 7948 7928 8168 91c8 8148 6087 68c8 60a8 7149 c3f0 dcf1 d470 dc0d dc6f d3cd cbad cc4e cc4f cc4e cc4f cc6f cc6f cc6f cc4f c44f c42f c44f c44f c44f cc4f cc2f c42f cc2f c42f c42f c42f c42f bc0f c42f c40f bc0f c42f bbef bbef bc0f bbef b3ef bbef b3ce b3ae b38e ab6e ab4d a32d a30d a2ec c3cd e570 f632 f693 f6b5 f6b5 f6b5 f6b4 f6b4 f694 f694 f695 f6b5 f695 f695 f694 f694 f694 f674 f674 f653 f653 ee54 ee73 ee74 ee94 f674 f674 f674 f674 f674 f654 f674 f674 f673 f673 f653 f653,
60a7 58c7 58a7 60a7 60a7 60a7 60a7 60a7 6087 58a7 68c8 8988 a22a aa4a aa4a aa2a aa2a ba8b cb0c d32c d36d dbad dbed e44e ecaf eccf eccf ecef ecef eccf ecef ecef f4ef f4f0 ecaf ec6f e42e e3ed db6b d2ea ba29 a1a9 8928 8108 8929 91cb aaf0 b2f0 aa6d 9a6d 89ec 798b 694a 718c 8a4e 81ec 79ec 6129 58e9 50a8 4888 4868 58e9 7a2e 71ad 50a9 58e9 692b 58eb 50aa 7a8f acb7 8b32 82d2 8291 9333 8ad2 82f1 9c76 93b5 8ad1 8b12 82d1 7a0f 71ae 720f 720e 8b12 b372 ba2d a1ab 9ad0 8b11 71cc 9af1 aaae cc91 ee77 f656 dd0f 8a09 58a8 58c9 50c8 50c9 58e9 5909 6109 58e8 58c8 58c8 60c8 68e8 6908 6908 68e8 58a8 5087 60e8 6908 60c7 60c7 68e8 60c7 58a7 58a8 58a7 68e8 6908 68e7 68e7 7107 7148 7107 60a7 6087 68c7 7107 7108 7107 7968 70e7 60c7 7927 8127 80e7 9127 9988 a1a8 a9e9 b209 b209 ba29 c24a c24a ca6a d2cb d2cb d2cb d2ec db0c d32c d32c db2d db2d db4d db2d db2d db6d db6e db4e db6d db8e db8e dbcf e3af dbae e3ae e3cf e410 e451 ec71 ec70 ec91 ec71 e430 e40f e3ef e3ef dc10 dbef dbcf db8f d3ce d3ce c32c 78e7 5047 68e7 7928 50a8 5088 50a8 50a8 58c8 50c8 58c8 60e8 6928 6908 6928 7128 60c7 60c7 68c7 60a7 60c7 6087 7928 a2cc 91ea 8148 8988 91e9 8988 8168 8148 8148 8989 89a9 7948 68c7 68e8 60c9 7129 bbcf dcf2 d490 dc2e dc6f cbcd cbcd cc4e cc4f cc6f cc6f cc4f cc6f cc6f cc4f c44f c430 cc50 c450 c42f c42f c42f c40f c42f c42f c450 c44f c42f c42f c42f c40f bc0f bc0f bbef bbef bbef bbee bbcf b3cf b3cf b3ce b38e ab6e a34d a32d a30d a2ed c40e e590 f632 f694 f6b5 f6b5 f6b5 f6b4 f6b4 f694 f694 f694 f694 f694 f694 f674 f674 f674 f674 f674 f674 f674 f674 f674 f674 f694 f674 f674 f654 f673 f653 f653 f653 f653 f653 f633 f633 f633,
6087 58a7 60a7 6087 60a7 60c8 60c8 60a7 60c8 60a8 68e8 8988 a22a aa2a aa4a a22a aa2a baab cb0c d32c d36c dbcd dbee e42d ec8e eccf eccf ecef ecef ecef eccf f4ef f4f0 f510 eccf ec6f ec4e e3cc db6b d2ca ba29 a1a9 8928 80e8 8929 91aa a26d aaaf a24d a24d 89cd 714a 716b 79ed 8a6e 8a2d 79ed 6109 58e9 50a8 4868 4888 592a 826f 71ac 4888 50a8 690a 690c 58ca 724e a476 8270 7a30 7ab1 8b54 9313 8271 8b93 9c16 9312 8b12 82d2 8271 7a30 698d 616d 82f1 a3b4 c26e e24b c351 8af1 616a 8ab0 9a6f aacd dd32 ddf4 8229 4868 58e9 58e9 50c9 58c9 58e9 58c8 58c9 58e8 58e8 58a8 60c7 6908 68e8 7108 60e8 58a8 5088 60e8 6907 60a8 60c7 68e7 68e8 5887 58a7 5887 60a7 6908 68e7 68c7 68e7 7948 7108 68a7 6087 60c7 7107 7108 6908 7927 70e7 6087 7107 8968 8107 7886 8107 9967 a1a8 a9c8 b1e8 b209 ba29 c249 ca6a ca8a d2cb d2ec d30c d2ec d30c d32c d34d db2d db2d db4d db4d db6d db6e db6d e38e db8e dbcf e3ef e3f0 dbef e3cf e3cf e451 e471 e471 ec91 ecb1 ecb1 e471 e410 e430 e430 dc30 dbef dbcf dbaf dbee d3ee a24a 5026 5067 7108 7108 5087 50a8 50a8 50c8 50c8 58c8 6109 6909 7128 6908 7149 68e8 60a7 7108 6908 60a7 60c7 6887 8128 a2ac 91ea 8168 89a9 920a 89c9 8169 7928 8168 89a9 89a9 7928 7928 70e8 60a9 7149 bc10 dd12 d470 d42e dc6f cbad cbee cc2f cc4f cc8f cc6f c46f c44f cc4f cc70 c44f c450 cc6f c44f c42f cc30 cc50 c42f c40f c42f c42f c42f c40f c40f c42f c42f c42f bc0f bbef bbef b3ef bbcf b3cf b3ef b3cf b3ae b3ae ab8e a34d a32d a2ed a2ed cc2f e5b1 f653 f6b4 f6b5 f6b5 f6b4 f6b4 f694 f694 f694 f693 f674 f674 f674 f673 f674 f674 f694 f674 f674 f694 f694 f674 f674 f674 f674 f674 f654 f653 f653 f653 f653 f653 f633 f653 f632 f612,
5887 60a7 60a7 6087 60a7 60c8 60a8 60a7 58c8 58c8 68c7 8968 a22a aa6a aa6a a22a aa2a c28b cb0c d32c d36c dbce dc0e e44e ec8f eccf eccf eccf eccf ecef ecef ecef ecf0 ed10 eccf ec6e ec4e e3ed db6b d2ca ba29 9989 8908 80e8 8949 99a9 9a4c a28e 9a2c a26d 89cc 714a 718b 71ac 79cb 8a4d 7a0d 6109 5909 58c9 4888 4868 592a 826f 718c 50a9 50a9 60ea 692b 692c 7a4e 9c15 8290 7a71 71ee 7a70 8af2 8b13 8b54 9394 9354 9354 9354 8b13 8291 71cf 614d 82b0 a415 b24f d20b cb91 9b32 590a 7a2e 9a8f ab0f d554 cd75 6149 50c8 6929 58c8 50a8 58c8 58c8 58c8 58c8 58c8 58e8 58a7 60e8 7189 6908 68e7 60c8 5087 5887 60e8 6907 60a8 58a7 60c7 68e7 6087 58a7 60a7 60a8 68c7 68e7 68c7 68c7 68e7 7108 68c7 60c7 60c7 6907 7108 68e8 7127 70e7 60a7 7107 8988 8127 7086 70a6 8907 9967 a187 a9a8 b209 b209 ba09 c249 ca6a d28a d2cb db0c d2ec d2ec d30c db0c db2d db4d db4d db6e db8e db6e db6e dbaf e3ae e3ef e410 e430 e430 e3f0 e410 e430 e471 e491 ec91 e470 e470 ec91 e451 e450 e450 dc50 dbef dbaf dbcf dbef d3ad 91a9 5047 5887 7948 7108 5088 50a8 50a8 58c8 50c8 58e8 6108 6928 6908 68e8 7128 60a7 60c7 7968 68e8 6087 60a7 68a7 8168 a2ac 9a0a 8168 8989 922a 91c9 8148 7927 8148 8988 8148 7108 8169 70c8 5888 714a bc10 d4f2 d470 dc4e d44f cbad cbee c42f cc4f cc8f cc4f cc6f cc4f cc4f cc4f c42f c430 c44f c42f c42f cc2f c42f c42f c40f c44f c42f c42f c42f c42f c42f bc2f bc2f bc0f bc0f b3ef b3ef bbce b3ce b3cf b3ae b3ae b3ae ab6e ab6d a34d 9aed a32d cc6f edf2 f673 f6b4 f6d5 f6b5 f6b5 f6b4 f694 f694 f694 f674 f674 f674 f674 f674 f674 f694 f694 f695 f694 f694 f674 f673 f674 f673 f653 f653 f654 f653 f653 ee53 f653 f653 f633 f653 f633 f612,
60a7 58a7 58a7 58c7 60a7 58a7 5887 58a8 58c8 5887 70e7 91a9 99e9 aa4a aa4a a22a aa2a ba8a cb0c d34c d36c dbad e40e e44f ec8f ecf0 ecef ecee ecef ecee ecef ecef ecef f4ef eccf ec8e ec4e e3ed db4b caea b249 9988 8108 8108 8969 91aa 9a2b 9a6d 920c 9a4c 796a 6109 718c 60ea 692a 92f0 7a2e 50c8 6109 612a 50c9 4889 5909 7a2e 718c 50a8 50ea 590a 590a 718e 8270 9394 828f 7a4f 590a 58ea 614b 720e 8b33 9375 9bf5 9bf6 9354 8b53 9353 82d3 71f0 7a4f ac75 a2f3 b20d cbb1 bbd2 79ab 696b 8a8d a2ad abce ac11 6109 71ca 6949 50c9 50e9 58e8 58e8 58e8 58c8 58c8 58e8 60a8 6908 7169 6908 68e8 60e7 5087 5887 68e8 6908 58c8 58a7 58a7 68e7 68e8 58a7 58a7 60a7 60a7 60c7 68e7 68e7 68e8 68e7 70e7 68e7 68e7 68e8 70e7 68e7 7107 7128 68e8 68e7 8168 8188 70e7 6886 6886 78a6 8907 9147 a1a7 a9c8 b1c8 ba08 c249 ca8a caab d2cb d2cc d2ec d30d d30d db2d db2d db4e db6e db8f db8f db8f e3cf e3cf e3f0 e430 e471 e491 e471 e451 e430 e451 ec91 e471 e451 e451 ec91 e491 e492 e471 dc50 dbd0 db8e dbef d3ef bacb 70a7 4867 60a7 8168 60e8 50a8 50e8 58e8 58e8 50c8 58e8 58e8 6928 6928 6928 6907 5887 60c7 7168 60c7 60a7 60a7 68c8 8168 a2ec 9a4b 8969 8989 924b 89a9 8148 8168 8188 8988 8128 7107 89a9 70e8 5888 7109 bbf0 dd13 dc70 d42f d450 cbcd cbee cc2f cc6f cc6f cc6f cc4f c46f cc4f c42f c42f c42f c42f c430 c42f c42f c42f bc30 c40f c42f c42f c42f c42f c42f c40f c40f bc0f bc0f bbef bbef b3ef b3cf b3cf b3cf b3ae b3ae b38e ab6e ab6e 9b2d 9aed ab4d d4d0 ee12 f694 f6b5 f6d5 f6d5 f6b4 f6b4 f673 f673 f673 f674 f673 f674 f674 f694 f694 f694 f694 f694 f694 f674 f674 f653 f653 f633 ee52 f632 f633 f633 f633 f633 f633 f633 f633 f632 f612 f5f2,
5887 58a7 58a7 60e8 60c8 5887 5887 58a8 58c8 58a8 70e8 91a9 99c9 a1e9 a20a a20a aa0a c28a cb0b d34c d36c dbad e3ed e44e ecaf ecd0 ecef ecee ecef ecce ecef eccf ecef f4ef eccf ec8e ec4e e3ec db4b d2eb ba49 9988 8908 8108 8969 91aa 9a2b 9a4c 9a2d 89cb 7129 610a 716b 58ca 614a 9b71 7a2d 50a8 5909 612a 58e9 48a9 510a 7a0d 718c 50a9 5909 610a 50ca 716d 8ad1 9bd4 826f 7a4f 58ea 58ca 58ea 592b 7a50 8b74 9bf5 9c36 8b33 8b13 9394 9375 8292 7a70 ac14 ab74 b290 cbb2 c371 a22d 71ac 824c 926c 7a0a 822b 694a 820a 6109 50e9 58e9 58e8 6928 58e8 58a8 58c8 58e8 58a8 68e8 7108 6908 6908 60e8 58a7 58a7 6908 6928 58a7 58c8 58a8 60e8 68e7 58a7 5887 60a7 60a7 60c7 68e7 68e7 7108 68c7 68c7 68e7 68e7 68e8 7108 68e7 7107 7148 6908 68c7 7948 8188 7907 6087 6086 6866 78a6 8907 9167 a1a7 b1a7 b1c8 ba29 ca8a ca8b caab d2cc d2eb d30d d32d db0d db2d db4e db6d db8e db8e dbae dbaf e3ef e3ef e410 e472 e4b2 e471 e471 e451 e471 ec71 e471 e451 e451 e492 e4b2 e4d2 e491 dc30 dbb0 db8f dbef d3cf b22a 6087 5067 60c7 7948 58e8 50c8 58e8 58e8 50e9 50c9 58e9 58e9 6108 7148 6928 60c7 5887 60c7 6927 60a7 60a7 60a7 68a7 8168 a2ec 9a4b 8969 89a9 924b 89a9 8148 8988 89a9 89a8 8148 7107 89a9 7108 60c8 68e9 bbf0 dd33 dc90 d42f d470 cbce c3ce cc2f cc6f cc6f cc6f cc6f c46f c44f c42f c42f c42f c42f c430 c42f bc2f c430 c430 c40f bc0f c42f c430 c42f c40f c42f bc0f bc0f bc0f bbee bbef b3ef b3cf b3cf b3cf b3cf b3ae ab8e a36e ab6e a30d 9aed ab4e dcf0 f632 f694 f6d5 f6d5 f6d5 f6b4 f693 f673 f673 f673 f673 f674 f674 f694 f694 f694 f694 f694 f695 f694 f673 f673 f653 f633 f632 f632 f652 f632 f632 f632 f632 f632 f632 f612 f612 f5f2 f5d1,
58a8 5887 58a7 60e8 60e8 58a8 58a7 58a8 58a8 58a8 68e8 8148 91a9 99e9 a20a a22a b22a c2ab cb0c d34c d36c dbad e40d e44e ecaf eccf ecef eccf eccf ecef ecef ecef ecef ed0f eccf ec8e ec4e e3ec db6b caea b229 9968 8108 8108 8949 91a9 9a0b aaac 9a4c 60e9 58c9 60e9 610a 50a9 69ab 9b50 8a2d 58e9 58c9 612a 612a 50c9 58ea 71ac 694b 50a9 50c9 58ea 4889 590b 8af1 a3f5 9332 8b12 692b 50c9 612c 612c 71ef 7a70 8b12 8b53 8b13 8b34 93d5 93f5 8b13 82b2 9333 a333 b393 c3f3 ab10 99ec 922e 824c 9acd 6949 58e9 7169 6929 5109 50e9 58c8 58e8 6908 60e8 58c8 58c8 58c8 58c8 68e8 7108 7108 7128 60c8 50a7 58c8 6928 7128 58a8 58c8 60c8 60c8 6928 60c8 58a7 6087 60a7 58a7 60c7 68e8 6908 68c7 68c7 6908 60c7 68c8 7128 68e8 70e7 7148 6908 60a7 7128 8168 8128 70c7 6087 6086 6086 70a7 80e7 9127 9967 a188 b1e8 c249 ca6a caab caab d2cb d2cc d2ec d30d db2d db2d db4d db6d db8e db8e db8e dbaf dbaf e3cf e430 e471 e450 e451 e471 e491 e491 e471 e471 e471 ec71 e491 e491 e470 dc10 dbaf dbae d3ce c34d a1c8 6067 5087 6908 7108 58e9 5109 5909 5909 5109 5109 58e9 5909 6108 7148 7148 60a7 60a7 60e7 68e7 60c7 60a7 68a7 70e8 89a9 a2ec 920a 8948 91a9 922a 8189 8148 8988 89a9 8988 8148 7108 89c9 7908 60a8 6909 c3f0 dd12 dc6f dc2f d470 cbee c3ee c40e c42f c42f cc4f cc4f c44f c44f c42f c40f c40f c42f c430 c430 c430 bc30 bc2f bc0f c40f c42f c410 c42f c42f c40f bc0f bbef bbef b3ef b3ef b3cf b3ce b3ce b3ae b3ce abae ab8e a36d a34d a30d 9b0d b3ae dd30 f632 f6b4 f6f5 f6f6 f6d5 f6b4 f693 f673 f673 f673 f673 f673 f694 f694 f694 f695 f695 f694 f694 f674 f653 f652 f653 f632 f632 f632 f632 f612 ee12 f5f1 f5f1 edf1 edb0 ed70 e52f dcae d3ec,
58c8 58a8 58c8 60c8 58c8 58a7 58a8 58a7 58e7 58a7 60a7 7108 89a9 99c9 a20a aa2a b28b c2ec cb2c d32b db6c dbcd e40e ec4e ec8f eccf eccf eccf ecaf ecee ecef ecef f50f f4ef f4ef ecaf ec4e e3ed db6b caeb b229 9168 78e8 78e8 8129 8948 9a2b aacd 7989 50c8 58a8 58c8 58ea 50a9 69ed 92ce 8a2d 610a 50c9 612a 716b 60ea 610a 718c 614b 50c9 50a8 58c9 4869 488a 8290 a416 9393 9393 71ad 50a9 694d 718d 7230 8271 82b1 8291 8af2 9394 9c16 9c37 9375 8b55 9354 92f2 a394 b3d3 bc34 928f 796a 71ca 8a4b 79cb 696a 6109 5109 512a 50e9 50c8 58e8 58e9 58e9 58c8 50a8 50c8 58e8 6908 7108 7928 7928 60c7 50a8 58a7 6907 7128 58a8 58a7 60e8 60c8 68c8 60e8 58a7 60a7 60c7 60a7 58a7 60c7 6928 68e7 68c7 6907 6107 60c7 68e7 6929 6908 7128 68e8 60c8 7148 8189 8968 8128 68c8 58a7 5887 6066 6886 78e7 80e7 9168 a1a8 b208 c249 ba6a c28b ca8a cacb caec d2ed d30d d30d db2d db6d db6e db8e dbae dbaf dbaf e3af e3f0 e410 e450 e471 e471 e491 ecb1 e491 e470 e470 e470 e451 e430 e410 dbf0 d3af d3ae cbae c30b a1c9 5888 5088 68e8 68e9 50c9 592a 592a 5909 592a 5909 5909 5909 60e8 7968 7169 60c8 60e8 60e8 6087 68e8 68c8 60a8 7108 89e9 a2cc 922a 8989 89a9 920a 8169 8168 8988 89c9 89c9 8988 7928 89ea 7129 6088 6909 bbf0 dd12 dc4f dc2f d470 c3ee c3ef c3ee bc0e c42f c42e c42f c40f c42f c42f c40f c430 bc30 c410 c42f c430 c430 bc2f bc0f c40f c40f c42f c42f bc0f bc0f bbef bbef bbef bbef b3ef b3cf b3cf b3ce b3af b3ae abaf ab8e a36d a34d 9b0d a30d bbce e570 f652 f6b4 f6d5 f6d5 f6d5 f6b4 f673 f673 f672 f673 f694 f693 f694 f694 f694 f694 f694 f674 f674 f673 f653 f653 f633 f632 f632 f633 f633 f612 f5f2 edd0 ed90 ed6f eccd dc4c cb8a aa68 9186,
60a7 58a7 58a8 58a7 58a7 58a7 5887 5887 58c7 58e8 60a8 68e7 8168 99c9 a22a aa4a b28b c2eb cb0c d32c db8d dbce e40e e44e ec8f ecaf eccf ecaf eccf eccf ecef ecf0 f4ef f4ef eccf ecae ec4e e3ec db6b caea b229 9168 7908 70e8 7908 8969 a2ad 9a6d 7129 6109 58c8 50a8 610a 694b 7a2e 820c 81cb 690a 50c9 612a 694b 690a 694b 718b 694b 50c9 48a8 590a 50aa 4869 722e a477 9393 93b3 822f 58ca 616c 71ae 71ce 71ee 8291 82b1 82d2 8af3 8af2 9c15 9c36 9c16 9374 8af3 9b74 abf5 ccd5 abb3 718c 7a0d 928d 928c 79cb 50e9 48e9 5109 50e9 50e9 58e9 58e8 58c8 58e9 58e8 58e9 60e9 6908 7129 7989 7948 60c8 58c8 58a8 6908 7148 58c8 58c8 60e8 60e8 68e8 6108 58c8 58a7 60c7 60c8 58a7 60a7 68e7 68e8 68e8 6928 6928 60e8 68c7 7108 6908 7128 68e8 60c8 7108 8169 8168 8148 70e7 68a7 60a7 6087 6087 70a7 78c7 8948 9168 a167 a9c8 a1c8 a9c8 b209 ba6a c28b c28b c2cc c2cc cb0c d30d d32d db4d db6d db8e dbaf dbcf e3f0 e3cf e410 e451 e471 e471 e491 e471 e430 e430 e430 e430 dc10 dc10 dbcf d38f d38e cb8e c2eb 99a9 5888 5088 68e8 6109 512a 5929 5929 5909 512a 5909 6109 6109 6108 7989 7129 60c8 6908 6908 60c8 60e8 60c8 60c8 7108 89c9 a2ac 922a 89a9 89c9 89ea 89a9 8168 89a9 91ea 91c9 8968 7948 91e9 7929 60a8 7149 bc10 dcf2 dc2f d42f d44f c3ce bbae bb8d b3ae bbee c3ee c3ee c3ef c3ee c40f c40f c430 bc0f bc0f bc30 c42f c40f c42f c42f c40f c40f c40f c42f bc0f bc0f bbef bbef b3ef bbef b3cf b3cf b3cf b3cf b3ae b3af b3af ab8e a36d a32d 9b0d a30d c42e edb1 f653 f6b4 f6d5 f6d5 f6b5 f6b4 f693 f673 f673 f673 f694 f693 f693 f694 f694 f694 f694 f673 f673 f653 f653 f653 f632 f632 f632 f612 f5f2 f5f1 edb1 ed2f e48d d3cb bae9 a228 89a8 7127 60c7,
5887 5887 58a8 58a7 58a7 58a7 5887 5087 5087 58c8 58a7 68c8 7928 91c9 a22a a22a aa0a ba8a caec d32c dbad dbee e42f e44e ec8f ecaf ecaf ecaf ecb0 ecd0 ecef ecef ecef f4ef ecaf ec8e ec4e e3cc db4b caca b229 8948 68c8 68c8 89cb b3b2 b3f3 91ec 8a2e 92cf 58e9 4888 58e9 79ac 8a2d 716a 694a 716a 6109 692a 610a 6129 716b 6109 610a 58c9 48a8 58e9 58ca 4029 61ad a497 9bf5 9c15 8af1 692b 696c 7a0e 698d 612c 79ee 92f2 8b33 8b13 79ef 82af 9c15 82f2 82d2 9395 9bb5 ac56 bc76 b415 9b74 a415 abf4 abb1 a350 616a 48c8 48a8 48a8 50c8 58e9 58c9 58e8 5909 58e8 58c8 68e8 7928 7948 81a9 7128 5887 5087 58a7 7168 7168 58c7 58c8 58c8 60c7 60e8 6908 60c8 58a7 60c7 60c7 5887 60a8 60c7 60c7 68e8 6908 7108 6908 68e8 7148 7148 7129 7128 68e8 68e8 7948 8168 8968 8968 7907 70e7 70e7 68c7 68c7 70e7 78c6 78e7 78e7 80e6 8107 8927 9147 99a8 a1c8 a1e9 a24a b28b baac c2ab cacc cb0c d32d d34e d36f dbae dbce db8e db8f e3ef e431 e450 e450 e430 dbef dbae dbae dbce dbce dbae d36e cb6d cb4c d34b ba69 8948 58c8 58c8 60c8 58c8 5909 5909 58e9 5909 5929 6109 6109 58e9 6109 7189 68e8 60e8 68e8 60c8 60e8 60a7 60c8 6928 7128 89a9 a28c 9a4b 89c9 89c9 89ea 89c9 8189 89c9 89ca 920a 8988 8128 89a8 7949 60c9 798a c451 dcf2 d40e d44f cc0e bb8e b32d ab0b ab2c bb4d bb6d bb8d bbae bbaf bbce bbef bbef bbef bc0f bc10 c42f c410 c430 c42f c42f bc2f bc0f bc0f bc0f bc0f bc0f bbf0 b3f0 b3ef b3ef b3ef b3cf b3af ab8e abcf ab8e ab6e a34e a30d 9aed ab4e d4cf edf1 f673 f6b4 f6d5 f6b4 f694 f694 f673 f673 f673 f673 f673 f673 f673 f673 f673 f674 f653 f653 f653 f633 f632 f632 f612 f5f1 edb0 ed70 ed2f e4ad d3cc baeb 91c7 7907 6086 5066 5067 5067 5087,
50a7 5887 5887 58c8 58a7 5887 5887 5887 50a7 50a7 5887 68e8 7928 91c9 9a2a 9a0a a1e9 b24a caeb d32c db8c dbee e42e e44e ec8f ecaf e4cf e4af ecaf eccf ecef ecef ed10 f4f0 f4af ec6e e42d e3cd d34b caaa aa09 8108 60a8 794a ab51 d597 bc12 99ed ab31 ab71 58c8 4888 50a8 796b 81ec 716a 60e9 6929 6929 690a 58e9 694a 694a 58c8 58e9 58c9 50a8 50c9 50a9 4049 596c 9c56 a436 a456 9394 79ce 71ce 826f 71ae 590b 718d 9312 9394 8b94 7a0f 71ed 8b73 7a51 7ab2 93d6 9c16 ac97 ac36 a3b5 a3d4 b496 bcf8 b475 b454 824d 48c8 48a8 48a8 50c9 50e9 58e9 58e9 5909 58e8 58e9 68e8 8169 8168 81a9 7128 5087 5087 5087 7168 7968 58a7 60a7 58c8 58a7 60e8 6908 60c7 58a7 60c7 60c7 58a7 60a7 60c7 60c8 60c7 6908 7128 7128 6908 7149 7148 7128 7128 68e8 68e8 7128 8148 8968 91c8 8148 78e7 78e7 70e7 7107 7928 7907 7928 7928 8128 8969 91ca 99aa 99ea a20a a1ea a22b b26c bacd c2ac caac caed d30d d32e d32f dbaf dbae db8f dbaf e3cf e410 e451 e450 e431 dbf0 dbaf dbaf dbcf dbaf d36e cb2d c32d c32b d32a b229 7948 50c8 50c8 58e8 58c9 5909 5929 5109 5909 5929 6129 6109 58e9 6109 7189 6908 60e8 68e8 60a7 60e8 58a7 60a7 6928 7128 89a9 a2ac 9a4b 89c9 91ea 920a 89c9 8189 81a9 89a9 9209 89a9 7928 8988 8169 6909 796a c451 dd12 dc0e d450 cbee b36d ab0c aacb aaeb b30c b32c bb6d b36d bb8e bb8e bbce bbae bbcf bbcf bbcf c40f c410 bc0f c3ef c40f bc2f bc30 bc0f bc10 bc10 bc0f bbef b3ef b3cf b3ef b3ef abae abae ab8e abcf ab6e a34e a32e 9b0d 9aed b36e d510 ee11 f673 f6b5 f6d4 f6b4 f694 f673 f673 f673 f673 f673 f673 f673 f673 f673 f673 f653 f653 f653 f652 f633 f632 f612 f5f1 edb0 ed6f ecee dc6c cb6b aa49 8968 60a7 5066 5046 5066 5087 5087 5887,
58a8 58a7 60a7 60c8 58a7 5887 5067 5887 5087 5067 5867 68a7 7927 8988 9a09 99e9 99c9 aa0a c2aa d32b db6c dbcd e42e e44e e48e ecaf eccf eccf ecae eccf eccf eccf ecef f4cf eccf ec6e e42d e3cd d32b c269 a1c9 894a 922d c495 ddf6 bc2f 898a 816b b3b1 a30f 50a8 4868 4868 610a 81ed 79cc 60e9 60e9 694a 692a 6109 716b 6909 58a8 58e9 50a8 50a8 50a8 50a9 4849 594b 93d4 9bd5 9bd4 a476 9b54 7a2e 7a0e 71ad 610b 610b 7a2f 9b92 9bf5 71ef 614c 7ad1 8b95 82b2 7a90 9bf5 ac97 ac56 9bb3 8ab0 824e a370 abf3 b4f7 a415 7a4f 616b 50e8 48a8 50c8 50c8 50c8 58c8 50c8 58c8 68e8 8189 8189 89c9 7128 50a7 5087 50a7 7148 7128 58c8 58c7 60c8 58a7 58c8 60e8 60e8 58a7 58c7 60e7 60c8 5887 60c8 60c8 60c7 68e8 6928 7128 6908 68e8 6908 6908 7128 68e7 60a7 68c7 7927 8168 91a8 8968 8148 8948 9168 99c9 aa2b aa4b aa4b b26b baac c2cd c2cd caed c30e c34e c32e c30d c30e cb2d cb4e cb2e d32d d38f d36f dbb0 dc30 dbf0 dc30 dc30 dc10 e430 e450 e471 e471 dc71 e471 e492 e491 dc51 d411 cc11 cc31 d451 cc10 b34e 8a0b 6169 6128 5909 5909 592a 594a 592a 5929 5909 5929 5909 58e8 6109 7169 6908 6108 60e8 58a7 60e8 58c8 60c7 7128 68e8 8189 9aac 9a4b 89a9 920a 922a 89ca 8189 81a9 89c9 91e9 8968 7928 8169 8169 7109 81ab cc71 dcf1 dc0d d42f bb8d aaec ab0c aacb a2ab aaab aacb b30c b32d b32c b32c b34d b38e bb4d b36e b38e b3ae bbcf bbcf bbcf bbce bbef c40f c430 bc0f bc10 bbef bbef bbef bbee b3cf b3cf abae abae ab8e ab8e ab6e a34e 9b2d 9b0d a2ed bbee e571 f632 f694 f6b5 f6b4 f693 f672 f672 f653 f673 f673 f653 f673 f653 f653 f653 f653 f652 f652 f652 f632 f612 edd1 ed91 ed50 dccf d40c bb0a a208 7927 60c7 5886 5087 5087 5067 5087 60a7 60c7 68c7,
58a8 60e8 60e8 60c7 60c8 58c8 5087 5067 5087 5087 5087 60a7 7927 8988 91c8 91a9 9168 a1e9 c28b cb2c db6c dbcd e40e e44f e48f ecaf ecaf eccf ecae eccf eccf ecaf ecd0 eccf eccf ec6e e42d e3ac d30b ba6a a1ab a22e d516 f75a bc6e 7969 68ca 796a bc73 92ae 50c9 48e9 4888 58e9 820d 79cc 694a 610a 694a 692a 694a 694a 58c8 58e9 610a 50a9 50a8 50a8 50a9 4849 614c 93b4 9374 9312 a454 a3f5 79cd 716b 79ed 694c 58ca 612b 826e 8af0 698d 698e 8b74 a4f8 9375 696e 82b1 a477 acd8 a415 82b1 58ea 60e9 71ab ac33 bd58 b476 9332 614a 4067 4087 50a8 5088 50c8 58c8 58a8 68c8 8148 8168 89c9 7108 5067 4867 58c8 7148 7108 58a8 58a7 58a7 58a7 60c8 60c8 60c7 58a7 58a7 60c7 60a7 5887 60c7 60c7 60a7 60c8 6908 6908 68e8 60c7 7108 68e8 68e8 68c7 60a7 6086 70e7 7928 8928 91a8 91c9 99a9 aa2a b24a ba6a c2ab c2ac d2ec d30c d30d db0c db2d d36e dbae db8d d36d d36d cb4d d38e d38e d36d db8e db6e dbcf dc0f dc0f dc2f dc0f dbef dbef dc0f dc4f dc50 dc50 dc70 e491 e490 e490 e4d2 e533 e554 e594 ddb4 d595 bcb3 a3b1 8aae 698b 50e8 5109 5109 50e9 5909 5909 5909 5909 58e9 60e8 6908 6908 60e8 58c8 50a7 58e8 60c8 60c7 7148 68e8 8189 9a8b 9a4b 8989 89c9 924a 89ca 8189 89a9 89e9 9a0a 8989 7948 8168 8149 7109 8a0b ccb2 dc90 dc0d cc0f bb2c aa8b aaca aacb a26a aa8b aaaa aaab aacb b30c ab0b ab0c b32d b30c ab0d ab4e b34e b34d b36e b38f b38e bbce c3ef bbef bbef bc0f bbef bbef b3ef b3ef b3cf b3cf abcf b3cf ab8e ab6d a36d a34e 9b2d 9aed a30d c44f edd1 f653 f694 feb4 feb3 f672 f652 f652 f673 f652 f652 f673 f673 f652 f652 f652 f652 f632 f632 f632 f611 edd0 ed71 e52f dccf cbed b2ea 91a8 68a7 5067 5087 5087 48a8 5087 5067 60a7 70e7 7907 7928,
60c8 60e8 60e8 60e8 60e8 58a7 5887 5087 5067 5087 5067 60c7 7907 8147 8988 8988 8968 a1e9 baab cb2c db6c dbcd dc0e e44e e48f ecaf eccf eccf eccf eccf ecaf ecaf eccf eccf eccf ec8e e40d db8c d30c ba6c b2af ccb5 ee76 ccaf 8a09 820c 714b 716a abaf 822c 50c8 50e9 4888 50c8 820c 820c 696b 610a 692a 694a 718b 6109 58c9 612a 718b 58c9 50a8 58c9 58a9 5089 69ad 9bd5 9374 92f2 9352 a435 8b32 79ed 71ac 696c 58a9 58ca 698b 7ab1 7a10 7a91 9c36 a496 8af2 69af 7a70 9bf5 a4b7 a456 9372 8270 696c 58c9 826d bcd5 cd57 bcd6 8b11 592a 4067 48a8 50c8 50c8 58c8 60c8 68c8 7948 8189 89a9 70e8 5087 5067 58c7 81c9 7128 5887 58a8 60a8 58a8 58a7 60e8 68e8 60a7 58a7 58a7 60a7 58a7 58c7 60c8 60a7 60e8 6908 6908 6908 68c7 7107 7128 68e7 60c7 60a6 6086 68c7 7948 8968 9188 91a9 a1e9 b24a ba6a ba8b c2cc caec d30c d30c caec d30c d30c d32c d34c d34c d34c d34d cb4d d36d d38d db6d d36e db8e dbcf dbce dbef dc0f dc0f dbef dbcf dbef dc0f dc0f dc0f dc0f dc10 dc30 dc70 e4b1 e4f2 e533 e593 edb4 e5d4 e5b4 d574 c4f3 a412 82ef 69ec 5109 48e8 50e8 5109 5909 58e8 58c8 60c8 68e8 60e8 60c7 58c8 5088 58e8 68e8 60a7 6908 7128 8168 9a8b 9a6c 8189 89ea 8a0a 89ca 8189 8989 8989 9a0a 89a9 8148 8969 8129 7109 8a0b d491 dc6f dc0d cbee b30c a28b aaab b2eb aaab aa6b aa8b aa8b aacc aacc aacb aaec aaec aacc aaec ab0d ab0d ab2d ab2d ab4d ab6d b36e b38e b3ae b3cf bbce bbce b3cf b3cf b3cf b3cf abcf b3cf b3af ab8e ab6e a34e a34d 9b2d 9aed a32d cc8f edd1 f673 f694 f6b4 f693 f652 f652 f652 f652 f652 f653 f673 f653 f653 f653 f652 f652 f632 f632 f612 edf1 edb1 e531 dccf d44e c38c 9a6a 7928 60a7 5087 5067 5087 50a7 58a7 60a7 70e7 8148 8168 8168,
68e8 6908 6928 6929 6108 60c8 60a7 58a7 58a7 5067 5046 60a7 70e7 7927 8188 8168 8148 99c9 baaa cb2c d34c dbad dbee e44e e48f ecaf ecaf ecaf ecaf ecaf ecaf eccf ecef eccf ecaf ec6e e3ed db8d d30d cbb1 e5b6 e5f3 ab4a 7907 796a 796a 58c8 7a0b 92ee 60e9 4867 4888 4868 50a8 79ec 8a2d 718b 692a 60e9 694a 714a 58e9 58ea 612a 824e 694b 58e9 5909 58c9 50a9 694c 8ad1 93b4 9374 8ad2 9372 a456 9373 71cd 50e9 4868 50ca 69cd 8b33 9333 93d5 a4d7 8b11 7a2f 7230 7250 82f1 9392 9bd4 928f 9310 9312 694b 58c8 92ee c494 bcd4 b4f7 9bd5 618c 40a8 50c9 50c8 58c8 6108 7129 7948 89c9 89a9 68e8 58a8 50a8 58e8 81a9 7149 58a8 58a8 60e8 60c8 58a8 58c8 60e8 60c8 58a7 60a7 60a7 60a8 58c7 60c8 60c8 60e8 60e8 6908 7128 6908 68e8 7108 60c8 60c7 60c7 60a8 60a7 7948 91a9 9188 99a9 aa0a ba6b c2ab cacc d30c d30c caec cacc cacb caec caec cb0c d30c d32c d32c cb2d cb4d d34d d34d d36e db6e db8e dbae dbae dbcf dbcf dbcf dbae d3ce dbae dbae dbae d3ae dbae dbef dc30 dc70 e4b1 e4f1 e532 e594 edb4 edd4 edf4 f614 f635 ee36 e616 cd75 a432 82cf 69ab 5149 5129 50e9 58e9 60c9 60e8 6108 58c8 58c8 50a8 58e8 60e8 60c8 6908 81aa 89c9 9a8b 9a8c 8189 89a9 89ea 8a0b 81aa 81a9 8169 9a0a 89a9 8989 81a9 796a 692a 924c d4d2 dc4f dc0e c3ae b30c aaec aaed b2ec b32d aaec aaab aacc aaac aaab aacc aaab aaac aaac aacc aacc a2ac a2cc a2cc a2cc a2ec a30d ab2d ab2d ab4d ab4d ab6e ab6e ab8e ab8e b3ae ab8e abaf ab8e ab8e ab6e a34e a34e 9b0e 9aed ab2d d4cf edf2 f672 f693 f693 fe72 f632 f631 f631 f632 f632 f653 f653 f653 f653 f653 f653 f632 f611 f5f1 edd2 edd1 e571 e511 d48f c38d a26a 7948 60a7 5088 5087 5087 58a7 60c7 7108 7948 8988 89a9 89a9 8168,
6908 6928 7149 6928 6908 60c8 60a7 60c8 58e8 5087 5067 5887 70e7 7927 8168 8148 8148 91a8 b26a caeb d34c db8c dbee e42e e48e ecaf ecaf ecaf e4af ec8f ecaf eccf eccf eccf ecae ec4e e3ed db8e d3b0 dd35 ee14 bb8b 78e6 7108 81cb 68e9 5087 932f a30f 5088 4088 4888 4868 5088 79ab 8a2d 798b 692a 60e9 692a 692a 58e9 60ea 610a 826e 79cd 6109 5909 58c9 50a9 610b 71ee 8b52 9bb4 9353 8ab0 9393 a415 8ad2 58eb 48a9 592b 720f 8b12 9bb4 9c77 a4b7 7a4e 69ad 7a71 7a30 7a4f 82d0 9394 92d2 822d 8acf 79cd 58ea 822c abf2 abf2 ac73 b518 8af2 48a8 48a8 50c8 58c8 6108 7149 7948 91e9 89a9 60e8 50a8 50a8 58e8 7969 7149 60e9 58c8 6109 60e8 58a8 58a7 60c7 60e8 60e8 60c7 60a7 60c8 58c8 60e8 68e8 60c8 60c8 6908 7129 6949 68e8 68e8 60c8 60e8 68e8 60a8 68c7 7948 91c9 99a9 a1a9 aa0a ba8b c2ab cacc d2ec caec caec caac cacc caec caec cb2c d32c d30c cb2d cb2d d34d d34d d34d d34d db6e db8e db8e dbae dbaf dbae db8e db8e d38e d38e d38e db8e d38e d3ae dbef dc50 e491 e4d1 e511 e553 e593 e5d4 e5d4 edd4 edf4 edf4 ee15 f636 ee56 ddf6 bcf4 9371 6a0c 514a 50e9 50e8 58c9 60e9 6109 6109 58c8 50e8 5909 5909 60e9 6929 81ca 89ea 9a8b 9aac 818a 81a9 89ea 89ea 81a9 81a9 8989 9a0a 89a9 8169 81aa 79ab 692a 9a8c d4f2 dc2e d3ed c38e b30c ab0c b32d b32d bb4d b34d aacc aaec aacc aaab aacb aaab aaab aaab a2ac a2ab a28b a2ab a2ac a2ac a2cc a2ec a2ec aaec ab2d ab0d ab2d a32d ab4e ab4d ab6e ab6e ab8e ab8e ab8e a36e a34e a34e 9b2d 9aed ab2e d4cf edf2 f652 f693 f693 f652 f631 f632 f631 f632 f632 f653 f653 f653 f653 f653 f653 f632 f611 edd1 ed91 ed91 e551 e4f0 d44e b30c 89a8 68c7 5867 5087 5887 58c8 60e8 70e8 7928 8968 91a9 89c9 8989 8168,
8a0b 81ca 7989 7969 7148 6908 68e8 60c7 60e8 58c8 58a8 60a7 7928 7928 7927 78e7 7907 8968 a209 c28a d30b db6c e3ed e42e ec8e ecaf ecaf ec8f ec8f ec8f ecaf ecaf ecae eccf ec8e ec6f e430 e471 e5b5 e531 baea 8128 70e8 796a 798b 68ea 8a6d c4b2 8a2b 4868 4888 48a8 4868 4868 694a 820d 81ab 60c9 50a8 694a 6129 58c9 60ca 60e9 826e 928f 716b 610a 614b 610a 610a 590b 616c 8b11 9bd5 8af2 7a0f 8b32 93f5 82f3 82b3 8ad3 8af3 9394 a496 a4b6 82d0 698d 69ae 722f 82b1 7a30 7a30 8b11 9bf4 8ab1 694c 71ee 8b13 9b31 b474 ab71 928e 9370 b4f7 82b0 50e9 48a8 58c8 60e8 70e8 7128 89a9 8148 60c8 50a8 5088 58c8 79a9 7989 60c8 58a8 6108 60e8 58a8 58a7 58a7 60e8 6908 60c8 58a8 60e8 60e8 60c8 60c7 60c8 60a7 60e8 6928 6908 68e8 68e8 6908 60e8 60e8 60c7 68a7 7907 8988 91c9 a1c9 b22a c28b c2ab cacb cacb cacc d2ec cacb cacc cacc caec caec cb0d d30d d32d d34d d34d d34e d34d d34d db4d db6e db8e dbae db8e db6d d36d d38e d36d d38e d38e d38e dbae dbce dbef dc50 e4b1 e4d1 e511 e552 e593 e5b4 e5d4 edd4 edf4 edf4 edf4 edf4 ee15 ee15 ee35 e5f5 cd54 ac32 82ce 61aa 5908 50c8 50c8 58c8 5087 50a8 50a7 5087 58a8 68e8 7989 89ea 922a 9a8c 8189 81a9 81ea 81aa 8169 8189 8189 91ea 8989 8128 8189 79aa 68e8 a2ed dd12 d42e d3ed c36d b30d b32d bb8d bb6d bb6d bb6d bb4c b32c b32c b30c b2ec aacc aaab aaac aa8b a28b a26b a26b a28b a26b a28b 9a8b 9a6b a26b a2ab a2cc a2cc a2ec a2cc a2cc a2ec a2ec a30c a30d a30d 9b0d 9b0d 9aec 9acc 9aad ab2d d4cf f5f1 f652 f672 f672 f631 f631 f631 f631 f632 f653 f653 f653 f653 f653 f653 f653 f632 edf1 edb1 e550 e510 dc6e c36b a28a 8168 60a7 5866 5866 6087 68c7 6908 7108 8148 8988 91a9 91c9 91a9 89a9 91e9,
a30e 9acd 924b 89ea 8189 7968 7128 68e7 68c8 60a7 60a7 68c7 7927 78e7 70e7 70a7 70c6 7907 9988 ba49 caca d34c dbcd e42e ec6e ecae e48f ec8f ec8f ecaf ecae ec8f ecaf eccf ecb1 e4d3 e513 ed51 ecee c2eb 99e9 8928 7908 792a 818c 81cc bc32 bbae 60e8 4047 4888 48a8 4888 4868 50a8 716a 81ec 690a 50a7 694a 58c8 50a8 58a9 58c9 7a2d 92d0 81cc 690a 696b 6129 616b 50a9 4028 69ec a435 9b94 8250 7a0e 722d 7a90 9373 9bd5 9bd5 a476 ad17 93d3 612b 616c 8271 7a0f 7a2e 8ad2 8292 7a70 8b31 8af2 79cf 7a31 a415 bcf8 c557 b3d2 924f 6109 a492 bd58 71cd 4867 5888 60c8 68a7 7108 89a9 8169 58a8 50a8 50c8 58e8 89e9 7969 58a8 58c8 60e8 58a7 58a7 58a7 50a7 60c7 68c8 60e8 58c8 5887 58c7 58c7 60c7 58c8 58a7 60e8 7128 7128 6908 68e8 7108 60c7 68e8 60c8 60a7 7107 8189 91a9 a1c9 ba4a c2ab c2ac c2cb c2ab cacb d2ec caeb cacb cacb cacb cacc caec d30d d34d d34d d34d db0d db4d db4d db4d db6d db8e db6e db4d d34d d36d d36d d36d d36e d38e db8e db8e dbcf dc0f e46f e4b0 e4d1 e532 e552 e593 edb3 e5d4 edd3 edf4 edf4 edf4 edf4 ee14 edf5 f5f4 f615 f655 f696 ddd5 ac53 826e 58e8 48a6 50a7 5067 4867 4867 4846 5887 68c7 8189 89a9 89c9 9a8c 8189 8189 89ea 89a9 8189 8989 8189 91e9 8968 7928 7948 7129 68e8 ab0d dcd1 d40d d3ee c34c b32d b36d c3ad bb6d bb6d c38d c3ad bb4c bb2c bb4c b32d b2ec b2ec b2ec aacc a2ac a28b a26b a28b a26a a24a 9a4a 9a6b 9a4b 9a4a 9a4a a28a a2ac 9a8b 9a6b 9a8b 9a8b 9aab 9aab 9aab 9aac 9aac 928b 928c 926b ab2d d4d0 edd1 f632 f652 f652 f631 f611 f611 f632 f653 f632 f653 f653 f653 f653 f653 f653 f653 edf2 ed91 e530 dcae c32a 91a8 68c7 5886 5887 5887 60a7 70e8 7107 7107 7928 8968 91a9 91a9 91a9 89a9 91c9 99e9,
a34f a34f a2ed 9a8c 8a0a 81a9 8188 7949 7108 68c7 68c8 7908 7907 70c7 70e7 68a6 68a6 7907 9168 b229 caaa d34b e3cd e42e ec6f ecaf ecaf ecaf ecaf ecae ecaf ecaf ecb0 ecd2 ed34 ed73 ed11 e46f dbac c2ca aa2a 8949 7908 89cc 9a6d abb1 bc10 89ea 50a8 4867 4888 4887 4887 5088 50a8 60e9 79ab 81ac 718b 71cc 5087 4867 58a9 58c9 79ac 92af 820d 718c 716b 694a 71ed 50c9 4007 590a 8b31 a3f4 9352 8290 696c 614b 720d 826f 826f 9bf3 9c55 724e 69ae 71ef 7a70 8250 79ef 82b1 8b53 8af2 82d1 8af2 8291 8ab1 9331 b4b4 c516 9a8d 820c 696b 7a4c a452 8b31 50a8 5087 68c8 68c8 7108 89a9 7949 58a8 50a8 5088 60c8 89e9 7969 5887 58a8 60e8 60a8 58a7 58c8 50a7 60c7 68e8 60e7 60c7 58a7 58c8 58a7 58a7 60c7 60e8 68e8 6928 6928 68e8 7108 7108 68e8 68e7 68c7 6087 68c7 8168 89a9 99c9 b22a c28b c2cb c2ab c2ab cacb d2cb caeb cacb cacc cacc cacc caec d30d d34d d34d d32d db2c d32d db4d db4d db4d db6e d34d d34e d36e db6d db4d d36e d38d d38d db8e dbae dbef dc0f e490 e4b0 e4f1 e552 e573 ed93 e5b3 e5d4 edd4 edd4 edd4 edf4 edf5 ee14 ee15 edf5 edf4 f615 f635 f635 ddf5 c514 9370 69cb 50a7 4066 4867 4867 4847 5887 68c7 8168 81a9 8a0a 9a8c 8169 8189 89e9 89ca 8189 8169 8168 89c9 8148 8148 8148 7129 6909 b32e dcb1 d3ed cbce bb6d bb6e bbae c3ae bb8d bb8d c3ad c3ae bb6d bb4d bb4d b34d b32d b32d b32d aaec aacc aacc aaab a28b a24a a24a 9a4a 9a4a 9a4a 9a4a 9a2a 9a4a 9a6b 926b 924b 924a 926b 926b 9a8b a2ab 9acb 9a8b 924b 8a2b 89ea a2cc d48e edb0 f631 f652 f652 f631 f611 f611 f632 f653 f633 f633 f653 f653 f652 f652 f632 f632 edd2 e551 dccf c3ac 99e8 68c7 5887 5887 60a7 68c7 70e7 7928 7928 7948 8148 8988 91c9 91a8 9189 91a9 91c9 91c9,
a3b0 a3b0 ab8f ab6f a30e 926c 920a 89ea 8189 7948 7128 8168 8148 70e7 70c7 68a7 68a7 70e7 8968 aa08 c28a d34c dbcd e40e ec6f ec8f ec8f ec8f ecaf ecaf ecaf ec8f e4d1 ed11 f531 ecef ec4e e3ed db4b caca aa0a 8969 89cc aaaf b3af ddb5 922a 5067 4867 4888 4887 4887 4887 5088 50a8 4868 58e9 820c 9331 7a2d 4026 4046 5088 58a9 694b 9310 92b0 79ad 716b 7a2e 828f 50a8 4047 4848 590a 828f 9bf5 a3f5 9353 7a50 7a0e 79ce 698c 93b3 8b32 58ea 69ee 8b33 82d2 7a70 82b1 8a91 7a6f 8b94 9374 8af2 8af2 9312 92f2 a390 bcb4 9311 81ec 714a 692c 7a0d 9bf1 8af1 60a8 68c8 68c8 7908 89a9 7928 58a7 50a7 5067 60c7 89a8 7948 58a7 58a7 60e8 58a7 58a8 58c8 5088 60a7 68e8 6908 60e7 60c8 58c8 58a8 58a8 60c8 6908 68e8 60e8 6908 6908 7969 7948 68e7 68e7 68c7 60a7 60c7 7928 89a9 a209 b229 ba6a ba8a c28a caab cacb cacb cacb cacb caec caec d2ec d2ec caec cb2d d34c d32c db2c db2d db2d db4d db4d db4d d34e d38e d36d d34d db4d db6d d38d d3ae dbce dbcf dc0f e44f dc90 e4d1 e511 e551 e573 ed93 e592 e593 edb3 edb3 edb3 edf4 edd4 edf4 edf4 ee14 ee15 edf5 f615 f615 f655 fe96 ee77 cd95 9391 61ab 48a7 4067 4047 5087 6908 7969 8189 8a0a 926b 818a 7969 81c9 81a9 7989 7948 8148 8988 8148 8169 7969 7129 7129 b34e dc90 d3ee cbce bb8e c3cf c3ef bbce bbae bbae c3ad c3ce bbce bb8d bb6e b36d bb6e bb6d b34d b34d b32d b32d aaec aacc aaac aaac a28b a26b a26a 9a2a 9a2a 922a 922a 924a 8a0a 8a0a 8a2a 922a a28b aacb aacb a2aa 922a 8189 7969 9a2a cc0d edb0 f631 f652 f631 f631 f611 f632 f653 f673 f653 f633 f632 f632 f632 f612 edf1 edb0 ed50 dc8e c3ac 9209 60a7 5066 60a7 7108 8168 8168 8168 8168 8168 8168 8989 91a8 91a9 91a9 91c9 99e9 91c9 91c9,
abd0 abb0 ab90 ab90 a38f 9aed 9a6c 920a 89ca 8189 7948 8189 8169 7907 70c7 60c7 60a7 70c7 8968 aa08 c28a d34c dbcd e42e ec4e ec8e e48f ec8e ecaf ecaf ecaf ec8f ecd0 ecef ecaf ec8e ec4e e3ed db6c cacb a9ea 898a 9aaf aaaf c451 ddb4 7128 4867 4888 4888 4887 50a7 48a7 50a8 5088 4888 50a9 71aa 9b72 7a0d 4026 4046 4867 5068 692a 9351 92f1 798c 716b 8ad0 828f 50a8 4888 4848 5088 698b 9352 9bd4 a415 9b94 8291 7a0f 8290 9c35 82b0 610c 614c 82f1 9354 8291 8ad1 8af2 71ad 8331 9c37 8b13 8af2 9353 9b74 ab2f b411 ac76 928f 6088 610a 822f 9b90 ac75 692a 6087 60c8 7908 8188 7108 58a7 5087 4847 58c8 89c9 7128 60a8 58a8 6108 60c8 58a7 58c8 5087 58a8 6908 6108 6908 6108 58c8 58c8 58c8 60c8 60e8 68e8 60e8 6908 7129 7969 7969 70e8 68e8 68e8 60a7 60c7 7128 89a9 a22a b22a ba6a ba8b c26a ca8a c2ab cacb cacb cacb caec d2ec d30c d2ec c2ed cb2d d32d db0c db2d db4d db4d db4d db6d db4d db4e d36d d36d d34d db6d db8e db8e dbaf dbce dc0f dc2f e450 e491 e4b1 e511 e551 e572 e572 e592 e593 ed92 e592 e5b3 edd4 edd3 edd4 edf4 ee14 f614 edf5 f615 f615 f635 f656 fe76 ee96 cdb6 9391 594a 4067 4046 5087 6908 7948 7928 89e9 9a6b 8189 7948 81a9 7989 7969 7948 8148 8968 8148 8189 7949 6909 7149 bb6e dc90 d3ee cbad bb8e c3ef c3ef bbef bbce bbce bbae c3ce c3ce bb8e bb8e b38e b38e bb8e bb6d b34d bb4d b32d ab2d ab0d aaed aacc a2ac a2ac a28b 9a4a 9a4b 922a 922a 924a 89ea 8a0a 8a0a 9a4b aacb ab0c aaeb aacb 9a4a 81a9 7949 920a cc0d edb1 f631 f652 f651 f631 f611 f632 f653 f674 f653 f632 f632 f632 f632 f5f2 edb0 ed6f e4ce d3cc aa89 7927 5887 5887 68e8 7948 89a9 89a9 8189 8168 8188 8189 91a9 91c9 91c9 91c9 91c9 91e9 920a 91ca,
abd0 abb0 abd1 abd0 a3b0 a36f a32e a2ad 9a4b 920a 89ca 89c9 89a9 8148 70e7 60a7 6086 70c7 8968 aa09 c28a d32b dbcd e42e e46f ec8f e48f ec8f ec8f ecae ecaf ec8f ecaf ecaf ecaf ec8e ec4e e3ed db6c c2cb b28d aaae bbd2 a26d cc70 b3ae 5887 4888 4888 4888 5088 5087 4888 5068 4868 696c 822f 820d 9310 79ed 4867 4047 4048 58ca 824f a3d4 8a8f 694b 79ed 8aaf 698b 50c9 50c9 4868 612b 7a0e 79ed 696b 71ed 8b12 8ad2 8b32 93f4 82f0 698c 696d 698e 616c 7ab0 8b53 8b12 9332 8a50 822f 9c15 a457 9353 9b93 9bb4 9a8e 924b a3d0 a434 79ee 5068 696b 8a6e ac12 9310 58c8 60c8 7928 7948 68c8 58a8 5087 4867 60e8 89e9 7968 60c8 58c8 6108 60e8 58c8 58e8 50a8 58c8 60e8 60e8 6949 698a 60e8 58c8 58c8 58c8 60c8 68e8 60e8 6908 6908 7128 8189 7968 6908 68e8 60c8 60c7 7948 89a9 920a aa2a ba6a c28b c28a c28b c2ab caab cacb cacc cacc d2ec d2ec c2cc c30d d30c db2c db2d db4d db6d db6d db6d db6d db4d db4d db4d db4d d34d d38e db8e d38e dbae dbce dc0f dc2f e490 e4d1 e4f1 e511 e532 e552 e592 e593 e592 e573 ed93 edb3 edd3 edb3 edb3 edf4 edf4 edf4 f614 f614 f614 f635 f635 f635 f656 f676 e656 b4d4 7a8e 50e8 4887 60a7 68e8 60a8 81c9 9a6b 7989 7149 7989 81a9 7948 8168 8189 89a9 7948 8168 7908 68e9 798a c410 dc90 d3ee c38d bb8e c3ef c40f c3ef c3cf c3ef c3ee c3ce c3ce bbae bbae bbaf b38e bbae bb8e bb8e bb8e bb6e b34d b34d b32d ab0d ab0d aaec a2cc a2ac a28b 9a6b 9a8b 924b 920a 89ea 9a4b a28b b30b bb4c bb0b b2ca 9a6a 81a9 7949 9a2a d44e edd1 f632 f652 f652 f632 f632 f652 f673 f673 f653 f653 f652 f632 f632 ed90 e4ce d40c baea 9188 68c7 5886 60a7 7107 8168 8989 8989 8989 8989 89a9 89c9 91c9 91c9 99e9 9a09 9a09 91a9 91a9 91a9 91a9,
a3d0 a390 abd1 abf1 abd1 abd1 abb0 a34f a2ed 9a8c 922b 922a 89e9 81a8 7907 6066 5866 68c7 8148 a9e8 c289 d32c dbad e42e ec4f ec8f ec8f ecaf ec8f ec8f ecaf ecaf eccf ecaf ecaf ec6e ec2d e3cd db2c c2cb c350 cc32 cc52 a26d bb6e 81ca 4868 5088 50a8 50a8 5087 4867 4867 4827 4868 614b 9b12 ab95 a354 92b2 71cf 592c 612d 8271 a3f4 9b51 714b 692b 79ed 718b 698c 590a 4868 50aa 8290 92f1 716c 60ca 58ea 722f 9394 9bd3 826e 610a 590a 69ad 71ce 698e 616c 82f1 9373 9333 92f3 92d2 9bd5 a496 9bd5 9373 9bf3 92d0 8169 81c9 93b0 a435 58ea 4047 694b 9b0f b4b5 71cc 5887 7108 7108 60e9 50e8 50c8 50a8 6908 89c9 7969 60e8 60e8 6109 60e8 60c8 58c8 58c8 58e8 6108 60e9 6108 6989 6129 58e8 58e8 58e8 58c8 6908 6928 6929 7108 70e8 8989 8988 6908 60c8 60e8 60c8 7908 89c9 920a a22b b26a c28a c28b caab c28b caab caec d2ec cacc cacc c2ec c2ed d30c d32d db4d db4d db4d db8e db6d db8e db6d db6d db2c db2d db2d db2d db8e db8e dbae dbae dc0e dc2f dc4f e470 e4b0 e4d1 e511 e531 e552 e593 e572 e572 e592 e592 ed92 edb3 edb4 edb3 edd4 edf4 edf4 ee14 ee14 f614 f614 f635 f635 f635 f656 fe96 f6b6 c5b6 82cf 50a7 50a7 60c8 5887 7189 926b 7969 7149 7969 7969 7928 7948 8168 89a9 7948 8148 70c8 68e9 81aa cc30 dc4f d3ce c38d c3ae cc2f cc0e cc0f c3ef bbef c3ee c3ce c3ce bbce bbae bbae bbaf bbaf bbae bb8e bb8e bb8e bb6e b34e b34d b32d ab2d ab0d ab0d aaec a2cc a2cc 9aac 9a6b 924b 920a 9a4a aacb bb2b c36b c34b baa9 9a49 89a9 8149 aaab dcae edf1 f632 f653 f653 f653 f653 f673 f673 fe73 f673 f653 f653 f632 f632 e56f d40c b289 8148 5887 4826 5867 7107 89a9 91a9 91c9 89a8 8968 8968 8988 91c9 91e9 99e9 9a09 9a09 99e9 91c9 9188 9188 99c9,
a3b0 a390 a3d0 ac11 ac32 ac31 abf1 abb0 a34e 9acd 9a6b 924b 91ea 8988 7927 60a7 6067 68a7 8128 aa09 caaa d34c dbcd e42f e46f ec8f ecaf ecaf ecaf ecaf ecaf ecaf eccf eccf ecaf ec8e e42d e3ad db2c c30d cc53 e554 bbaf 922c aaee 81ab 50a8 50a8 48a7 50a7 50a7 4867 4887 4867 4847 50a8 71ab 92b0 92f1 9b53 9b13 92d2 9312 a393 9b10 79ec 718c 716c 694b 696b 698d 50aa 50ca 7a4f 9b51 822d 60ea 60ea 696c 8b52 9352 7a2d 698c 614c 590b 616c 71ee 7a2f 69ad 720e 8b12 9353 9353 9b53 a435 9c15 9c15 93d4 9bd3 9b93 716b 5888 61aa a433 8312 4889 50c9 8a2d b452 9351 58a8 68e8 7108 60e9 50e9 50c8 50a8 6109 89c9 7969 60e8 60c8 6109 60e8 60c8 58c8 50a8 58c8 60e8 6108 6929 6929 6129 6108 60e8 58c8 58c8 68e8 6928 6929 7929 70e8 8189 91a9 7128 60c7 60e8 60c8 7948 89c9 91ea a22a ba6b c28a c28b caab caab caab d2ec d2ec cacc cacb c2ec cb0d d30c d32d db2c db6d db6e db8e db6d db4d db6d d36d db2c db2d d32d db4d db8e db8d dbad dbee dc0f dc2f dc4f e470 e490 e490 e4f1 e532 e532 e572 e572 e552 e572 e592 ed92 ed92 ed92 ed93 edb3 edd4 edf4 edf4 f614 f614 f614 f635 f635 f655 f656 f656 f676 e676 bd34 7a8d 58c7 5887 5067 7148 8a0a 7149 6908 7148 7948 7108 7928 8188 8969 8148 8148 68c7 60a8 81aa cc50 dc2e d3ce c38d c3ce cc2f cc0f cbef c3ef c3ee c3ef c3ee c3ce bbcf bbcf bbcf bbae bbcf bbcf bb8e bb8e bbae bb8e b38e b36e b34d b34d ab2d ab0c aaec a30d a2cc a2cc 9aac 9a8b 9a2a a26a b2cb c32a cb8b c34b bac9 a249 91a9 91a9 bb2b e50f f611 f652 f673 f653 f653 f673 f673 f673 fe73 f653 f652 f632 f632 edf1 e50e c36b 91c8 68c7 50a7 5887 68e8 8188 91e9 91e9 91c9 8988 8988 8969 8989 91e9 9a0a 9a0a a22a 9a0a 99e9 91c9 9189 9188 99c9,
a36f a390 a3f1 ac11 ac52 b472 ac32 ac11 abf0 ab6f a32d 9acc 922a 89a8 7927 68e7 5867 6086 8148 aa09 c2aa d34c dbcd e44f ecaf ecaf eccf eccf ecaf ecaf ecae ecae eccf ecef ecae ec8e e42e db8c d30d dc51 f698 e5b4 9a2a 89aa 89ea 818b 692a 58e9 50a8 5087 5087 5066 5087 5087 4887 50a8 612a 694a 50c8 5908 71ab 8a6e 8a8d 820c 714a 612a 718c 696b 610b 698c 71ce 7a2f 8ad1 9b71 822d 58a8 4848 58ca 82d0 93d4 696b 58c9 592b 696c 612b 58eb 616c 7a70 8271 71ce 7a4f 82d1 9333 9b94 9bb4 9bb5 93b4 9c36 9c15 a4b6 8ad1 4848 4028 932d c597 8b12 5088 692b 92cd bcf5 79cc 6087 68e8 58e8 50a8 50a8 4888 58c8 89c9 7969 60e8 60c7 60e8 60c8 60e9 60e8 50e8 58e9 60c8 60e8 6949 6929 6108 58c8 60c8 58e8 58c8 60e8 7149 7129 7928 7128 89c9 a209 91a8 68e8 60a7 6087 7128 89c9 91c9 aa6b ba8b c26a c28a caab cb0b caeb d2cb c2ab c28b c2cc d30c d34d db4d db2d db2c db2d db4d db6d db4d db4d db6d db4d db2c db2d db4d db4d db6d dbae dbce e40f e40f dc2f e44f e46f e490 e490 e4b0 e511 e511 e531 e552 e532 e552 ed92 e572 e572 e592 e593 edb3 edd3 edd3 edd3 f5f4 f5f4 f614 f635 f635 f636 f656 f656 f656 f676 f6b7 de16 9b90 6109 5067 6928 89ca 7149 68e8 7128 7128 68e8 7968 89a9 8148 7948 7928 60a8 5888 89ea d450 dc2f cbee bb6d c3ce cc0f c40f c40f c3ee c3ef c3ef c3ee c3ce bbef bbcf bbef bbcf bbef bbce bbae bb8e b38e b38e bbae bb8e b36e b34e b32d ab4d ab4e ab0d ab0d a30d a30d a2cd a28b a2ab b2ea c34b cb6b c34a b2ca aa6a 99c9 aa4a d40d ed90 f632 f673 f673 f673 f673 f673 f673 f673 fe73 f653 f631 f611 f5f1 ed6f d42d aa8a 70e8 5047 5887 7108 8989 9a09 9a09 91e9 91a9 91c9 91a9 9189 91ea a22a a22a aa4a a24a 9a09 99e9 91e9 91c9 91c9 a20a,
a34f a390 a3d1 ac11 ac32 ac73 ac52 ac32 ac31 abb0 a36e a2ed 9a6b 89c9 7928 68e7 5867 6086 8148 aa09 c28a d32c dbce e42f ec8f eccf eccf eccf ecaf eccf ecaf ecaf ecef ecef ecaf ec6e ec2e e38c db2d e4f3 fef8 dd13 920b 89eb 8169 7129 692a 6109 58a9 5088 58a8 50a7 5087 5087 50a8 60e9 718b 694a 4847 4047 58e8 71ab 696a 6929 690a 610a 6109 60ea 692b 71ce 8250 8ad1 92ef 8a6d 6929 5048 4828 612b 93b4 93b4 58a9 50c9 612b 698c 698c 610b 612c 720f 8ad1 7a30 71ee 7a2f 8ad1 9353 9b94 9bb5 9374 9c56 a456 a4b5 a3f4 58ca 3007 79c9 cd54 bd18 692b 692b 8a2c b4b3 8acf 6067 60a7 50c8 50a8 50a8 4888 58c8 81a9 7949 60c8 60c8 60e8 58c8 60e9 60e9 5109 58e9 60c8 60e8 6949 7149 6908 5887 58c8 60e8 58e8 6108 7969 7128 7108 7948 91c9 aa09 a1c9 7108 5887 5867 68e7 89a9 91a9 aa6b c28b c26a ca6a caab d30b d30c ca8b ba6b ba8b caec db0c db4d db4d db4d db2c db0c db2d db4d db4d db6d db6d db2c db2d db2d db4d db4d db8e dbce dbef e3ef e42f dc30 e44f e44f e470 e490 e4b0 e4f1 e4f1 e512 e531 e532 e552 ed72 e572 e572 ed92 edb2 edb3 edd3 edb3 edd3 f5f4 f5f4 f614 f635 f615 f635 f656 f656 f656 f677 fe97 f6d6 cd95 826d 5087 6909 81ca 7169 6908 6929 6908 7109 8189 89a9 8169 7949 7129 60a8 58a9 922b d490 dc2e cbee bb8d c3ee cc0f c40f c40f c3ee c3ef bbef c3ef bbee bbef bbef bbcf bbef bbef bbce bbcf bbaf bbae b3ae b3ae bbae b38e b34d b34e b36e ab6e ab2e ab2d a32e a30d a2ed a2cc aacb b30b c34b c34a c32a baca aa8a a209 b28a dc6e edb0 f632 f673 f673 f673 f673 f673 f673 f673 fe73 f653 f631 f611 edd0 e52e cbec 9a09 60a7 5047 60a7 7948 91a9 99e9 99e9 91e9 91a9 91c9 91a9 91a9 9a0a a24a aa4a aa4a a24a 9a09 99e9 920a 91c9 9a0a a22a,
9b70 9b6f a370 abd1 ac32 ac73 ac72 ac73 ac52 abf1 abaf ab8f a30d 924a 81a9 7108 6086 60a7 8148 a1c8 c28a d34c dbcd e42e ec6f eccf eccf ecee eccf ecaf eccf eccf ecef ecee ecaf ec6e e42e e3ad db6e ed53 f6b8 c412 aacf bbd2 9aae 5067 5087 58a8 58a7 58c8 60e9 6109 60e9 60c9 6109 694a 718b 716a 50c9 4888 694a 81ec 716a 6909 6109 6109 6109 610a 6109 6129 6129 6109 58e8 5909 58e9 4889 4869 69ad 9bd3 9372 694c 48a8 590a 698c 71ed 698d 616c 616c 7a4f 8ad1 7a2f 71ee 7a0e 8ad1 9bd4 a3f5 9b73 9bf4 a435 9371 9c14 82b1 590c 60ca ab6f d596 abf3 824f 71ac 932e ac54 6929 58a8 50a8 50a8 50e9 50c9 6109 81aa 7169 60e8 68e8 6108 60e9 6109 6109 58e9 58e9 5909 6109 6929 7169 6929 58e8 58e9 6109 58e9 6929 81aa 7969 7108 7949 99ea aa2a aa4a 8189 60c8 5888 60a7 8169 91a9 aa8b c2ab caab ca8b ca8b cacb c2ab b26b baab d30d db0c db0c db2c db4d db4d d32d db2d db4d db6d db6d db4d db4d db4d db4d db4d db8e dbae dbae dbce dbee e40f e42f e44f e44f e470 e490 e490 e4b0 e4b1 e4f1 e4f1 e511 e531 e511 e531 e572 ed92 ed72 ed92 edb2 ed92 edb2 edd3 edf3 f5f4 f5f4 f614 f635 f635 f635 f656 f656 f656 f677 f697 f6b6 cd94 828d 60c7 7128 7128 60a7 68e8 68e7 68e7 8168 8188 7928 8169 7969 58a8 58a8 a2ac dcb0 d3cd cbce bb8e c3cf c3ef c40f c42f c40f c3ee c3ef bbef bbce bbee c3ef c3ce c3ce bbce bbcf bbcf bbce bbcf bbaf bbaf bbaf bbae b38e b36e b36e b36d ab6e ab4e ab6e a32d a30d a30d aaeb b32b bb2a c34a c34a c32a b2aa b249 c34b e50f f5f1 f652 f673 f673 f672 fe73 f673 f673 fe73 fe73 f652 f611 edd0 e54e dc8d bb2b 8968 60a7 60a7 7908 91c9 99e9 99c9 99ea 9a0a 9a09 99c9 99a9 99e9 a22a aa8a aaab aa6a a22a 9a0a 91e9 91c9 91c9 9a0a a20a,
9b0e 9b0e 9b4f a390 ac11 ac32 ac52 ac73 ac73 ac32 abf1 ac10 ab8e 9aac 89ea 7108 6066 68a7 8148 a1e9 c28a d34c dbcd e42e ec8f ecef ecd0 eccf eccf eccf eccf eccf ecf0 ecef ecae ec8e e42d e3ad db4d ecf1 ee98 b32f 91aa d4d2 b3d0 4826 4047 4867 5087 58c7 60e8 6108 60e8 60e8 6929 698a 718b 716b 6109 50a8 6929 696a 6109 58c8 58c9 694a 718c 696b 614a 58e8 5087 4867 4888 50e9 614a 50e9 50a9 614a 724d 82f0 8270 50a9 48a9 618c 69ac 698c 69ad 69ad 69ad 82d1 8af1 7a2f 71cd 8270 9b93 a415 9bd4 9bb3 9bb3 82b0 8b11 a3f4 9312 81ef 928e c40f c4f4 8ab0 58c9 71ca bd15 820d 5087 50c8 50c8 50e8 50e9 6109 89ea 716a 6929 6929 6929 6108 6108 5908 58e9 58c9 58e8 6128 6929 7169 6929 5929 614a 6129 60e8 6908 81a9 7969 7129 7969 9a2b b24a b24a 91a9 6908 58a8 60a7 7948 91c9 aacc c2cb caeb caab ca6b c28b b28b bacc cb0c d32d db0d db0c db2c db4d db4d d34d db6d db6d db6d db8d db4c db2c db6d db4d db4d db6d dbae dbce dbce e3ee dc0f e42f e44f dc4f e46f e490 e470 e490 e4b0 e4f1 e4b0 e4f1 e511 e4f1 e511 e531 ed51 ed52 ed51 ed92 ed92 edb2 edd3 edd3 f5f3 f614 f614 f635 f635 f636 f656 f657 f656 f677 f677 f697 f6f6 cd95 79cb 5866 70e7 6067 60a7 60a6 68e7 8168 7928 7928 8188 7969 5888 60a8 aaec dcb0 d3ad c3ad bbae c3ce c3ef c40f c42e c40f bc0f bc0f c3ee bbce c3ce c3ce c3ee bbcf bbee bbef bbcf bbce bbcf bbaf b3ae bb8e bb8e b38f b38e b36e ab6e ab6e ab2e ab4e ab4d a32d a32d ab0c b30b bb4b c36a c34a c329 bac9 b2aa d3cb ed70 f632 f673 f673 f673 f673 f673 f693 f693 fe73 f673 f652 edf1 ed8f e4ce cbcb aaaa 8128 60a8 7129 89a9 a20a a20a 99c9 99c9 a209 9a0a 99e9 99e9 aa4a b28b b2ab b2cc b26a a22a 9a2a 91e9 91a9 99e9 a22a a22a,
822c 8a4c 92ee a390 a3d1 ac12 ac52 b493 b493 b472 b472 b451 abaf a2ec 89ea 7107 6066 6886 8148 a209 c2aa d34c dbcd e42e ec8f eccf eccf eccf eccf ecef eccf eccf ecef ecef ecce ec8e ec4e e3cd db4c e450 e594 ab0f 814a ab4d 928b 4846 4867 5087 50a7 50a7 58c8 58e8 58c8 58a7 58e8 698a 6929 6929 6949 58c8 58a8 58e9 58c8 5088 58a9 71ac 824e 718b 6129 58e9 50a8 4867 4888 50c8 71ec 616b 4888 50a8 592a 7a4e 8af1 71cd 50c9 58e9 614c 614b 698d 71ae 614c 722f 8b12 8291 79ce 7a2f 9b93 a436 9bb4 9bb4 9b94 8af2 9312 a414 9b11 81ed 92d1 926d a3d0 a415 58ca 60e8 b4f4 9b71 5087 48a8 50a8 50a8 4888 6108 89ea 7129 6908 6928 6908 58c8 58c8 58e8 50a8 58a8 60c8 6108 6928 7969 6929 5909 60e8 60c8 58a8 60c8 7948 7948 7128 8149 a22a ba8a ba6a 99e9 70e8 5867 5887 7929 91a9 aaac c2cb cacb ca6a ba4b ba8b c2ec d30c d2ec db0c db0d db2d db4d db4d db4d db4c db6d db4d db4d db6d db4c db6d db4d db6d db6d db6d dbae dbae dbce e3ee e3ee e42f e44f e42f e44f e46f e46f e490 e4b0 e4f1 e4d1 e4d0 e4f1 e4f1 e511 e511 e551 ed31 ed31 ed72 ed92 edb3 edd3 edd3 f5f4 f5f4 f614 f615 f635 f635 f636 f656 f656 f677 f677 f697 f6b7 ee96 ac12 6108 60a6 6087 5866 6087 70e7 8168 7928 7108 7928 7108 5068 68a8 b32d dcb0 d3ac c3ad c3ae c3ee c40f c42e c40e c3ee bc0f bbef c3ee bbce bbce c3cf c3ce bbce bbce bbce bbcf bbcf bbce bbaf bbaf bbae b38e b38e b38e b36e b38e b36e ab4e ab6e a34d ab4d ab2d ab2c bb2b c36b c38b c34a c32a c2ca c2ea dc4d edb0 f632 f673 f673 f673 f673 fe73 f693 f693 fe73 f673 f632 edf1 e54f dc6d c36a a229 7928 70e8 8169 91e9 a22a 9a09 99c9 99c9 99e9 99e9 99ea 9a2a aa6a b28b b2ab b28b aa4a 9a2a 9a0a 99e9 99c9 a20a a24a a24b,
6928 7169 8a4c 9b0f 9b90 a3d1 ac32 b4b3 b4f4 bcd3 bcd3 bc72 abd0 a36e 926b 7928 5867 6087 8128 a1e9 c28a d34c e3ee e42e ec8f ecef ecef eccf ecef eccf eccf ecef ed0f f4ef eccf ec8e ec2d e3cd e36c dc91 cc52 ab0e 8a0c 7969 58a7 4867 4887 50a7 50c8 5067 5087 58c7 50a8 5087 6129 71ab 58c8 58c8 6929 60e8 50a8 50a8 5088 4868 60e9 824e 92b1 718c 60e9 698b 60e9 4887 48a8 5088 7a2d 822e 5088 4068 48a9 69ad 8290 826f 71cd 50a9 590a 698d 718d 696c 616c 698d 7a4f 8b33 8230 7a2f 9b73 a414 9b72 9352 9bb4 9bd5 9373 a476 a393 8a4d a30f 68ea 71ca c5d7 9312 5068 b430 cd97 6109 4047 5087 4888 4867 60e8 89c9 7128 68e8 68e8 6908 60a8 60c8 60c8 5088 58c8 60c8 60c8 6928 7989 6108 58c8 58c7 58a7 5867 60a7 7948 7948 7908 8989 b24a caab c2aa aa29 8127 6067 5867 7128 91c9 a22b c2ab c28a ba2a ba8b caec d34d d32c d2eb d2cb db0c db2c db4d db2d db4d db2c db6d db4d db2c db4d db4d db4d db4d db6e db8d db6d db6d dbae dbce dbce e3ee e40e e42f e44f e42f e44f e46f e46f e470 e4b0 e4f1 e4d0 e4d0 e4f1 e511 e531 e531 e551 e531 e552 ed92 edb2 edb3 edd3 edd3 edf3 f614 f614 f615 f635 f655 f656 f656 f676 f677 f678 f698 fed7 eeb7 ac11 7128 5887 5067 6087 68a7 7928 70e7 68c7 7128 68c7 5047 70c8 c3ae dc90 d38b c38d c3ce c3ee c40e c40e c40e c40e c3ee c40e c3ef bbce c3ce c3ef c3ce bbce c3ce c3ce bbcf bbef bbce bbcf bbcf bbae b38e b38e b38e b38e b38e ab6e ab6e ab6e ab4e ab4d ab4d b34c c36b cb8a cbaa cb8a c34a c30a cb4a e4ee f5f1 f653 f694 fe94 f673 f673 f673 f673 f673 f673 f653 f632 edd0 e4ae cbab b269 8969 7929 8169 91ea a22a a20a 99c9 99e9 99e9 99e9 9a0a a22b aa4b b28b b2ab b28a aa6a a22a a20a 99e9 99ea a20a a22a a24b a24b,
58c7 6908 820c 92ce 9b70 a3b1 ac32 b4b3 bcf4 bcd3 bcd2 b472 abf0 ab8e 9aac 7968 5867 5887 8128 a1c8 c2aa db6c e3ed e42e ec8f ecef f4f0 f4d0 ecef eccf ecef ecef ed0f f4ef eccf ec8f ec0d e3ed db6c e512 ccd5 ab0e 926d 7949 58a8 4887 4887 5087 50a8 5067 5067 58c8 50a8 5087 71cb 71ab 50a8 58e9 6108 60e8 58e9 50a8 5088 4868 692a 8a8f 8ab1 714c 58e9 79ec 692a 5088 4888 4868 71ec 8aaf 58ea 4868 5088 698c 7a0f 79ed 824f 614c 50c9 696c 71ad 718d 698c 698d 69ad 8312 8270 8250 9352 9b71 9311 92f1 9393 a416 9bb4 acd7 ac55 ab51 aaed 60c9 58c8 bcd2 bcb7 60ca abaf de18 696a 4026 5067 5087 4867 60c8 81a8 6928 68e8 6908 6908 60c8 60e8 60c8 50a8 58c8 60e8 60e8 6908 7149 60e8 60e8 60e8 58a7 5067 60a7 7968 7928 7107 91a9 ba6a cacb c28a b249 8947 6086 5867 7148 91a8 a20a ba6b c24a ba4b cacc db0c db4d d32c d2eb d2eb db0c db2c db2d db2d db4d d32c db6d db6d db2c db4d db4c db4d db4d db6d db6d db8d db8d db8d dbcd dbce dbee e3ee e40f e44f e42f e44f e46f e46f e46f e490 e4d0 e4d0 e4d0 e4f1 e511 e511 e511 ed51 e551 ed51 ed92 ed92 edb2 edb3 edd2 edd3 f614 f615 f5f4 f635 f635 f636 f656 f676 f677 f677 f698 f6b8 f6f7 d5b6 8a0b 5886 5087 6087 68a7 7907 70c7 68a7 7128 68c8 5047 7909 cbce dc6f d36b c38d c3ce c3ee c3ee c3ee c3ee c40e c40e c3ee c3ee bbce c3ce c40f c3ee bbee c3ce c3ce bbcf bbce bbce bbcf bbcf bbae bbaf b38e b3ae b3af ab6e ab6e ab6e ab4e ab6e ab6d ab4d b34c c36b cb8a cb8a cbaa cb6a c30a cb6a e50e f611 f673 feb4 f6b4 f673 f673 f673 f673 f673 f673 f652 f611 edb0 dc6d c34a a1e9 8149 7949 8189 9a0a a22a 99ea 99c9 9a0a a20a a20a a22a a24b aa6b b2ab b2cb b28a a22a a20a 9a0a 99e9 9a0a a24b a24b 9a4b a24b,
5067 58a7 716a 8a4d 930e 9b90 ac52 b4d3 bcd4 bcf4 bcf3 bcb2 b431 abae 9b0d 81a9 5867 5867 7907 a1c9 c2aa d36c e3ee e42e ec8f eccf ecef f4ef ecef ecef ecef ecef ed0f ecef eccf ec8e ec2d e3cd db4c ec8e e594 b30e 89eb 8a0c 694a 4867 4887 5087 50a8 5087 5087 58c8 5088 6129 822d 6109 50a8 50e9 50e8 5929 58e8 58a8 5088 5068 716b 92f0 92d1 60ea 50a8 71cb 714a 5087 4867 4847 5909 8aaf 79ee 50c9 4848 594b 7a2f 694b 71ac 8270 718e 610b 71ee 826f 71ee 698d 612b 6a0e 7a50 8290 9353 824f 8a6f 92f1 9373 9373 9bb4 b517 b517 ac14 922d 5068 4028 69a9 b473 8a0f 9b2e de58 822c 4006 4846 4866 4867 58a7 7968 7148 6908 7108 7108 60a7 60e7 58c7 50a7 58a7 58a8 60e8 7169 7169 60e8 6109 60e8 6108 58a7 60a7 7107 70e7 78e7 a1c9 c26a cacb c2aa ba69 9188 6066 5846 7108 8989 9a2b b24a c28b caab d2cb daeb db2c db0c d30c d30c daec db0c db2d db2d db4d db4d db6d db4d db4d db6d db4c db4d db4d db6d db6d db6d db8d dbae dbce dbce e3ce e3ee e40e e42f e42f e44f e44f e46f e46f e4b0 e4b0 e4d0 e4d0 e4d0 e511 e511 e511 ed31 e571 ed72 ed92 ed92 edb2 edb3 edd3 edd3 f5f4 f5f4 f614 f615 f635 f636 f636 f656 f677 f697 f698 f6b8 f6d7 eed7 c4f3 7169 5046 5867 60a7 7128 68c7 6066 7107 60a8 5027 8989 d42f d42e cb4b bb8d c3ce c3ee c40f c40e c3ee c3ee c3ee c3ee c3ce c3ee bbee c3ee c3ce bbce bbee bbce bbce bbce bbce bbae bbae bbaf bbaf b3ae bbcf b3af b38e b38e ab4e ab4e ab6e ab6e ab2c b32c c36b cb6a cb6a cb8a cb8b cb6b d40c ed6f f611 f673 feb4 f694 f673 f673 fe93 f673 f673 f672 f652 ee10 e54f cbec aa49 8968 8169 8989 91a9 9a0a 9a0a 91c9 9a0a a24a a20a a20a aa4a b28b baab b2ab b26a a22a 99ea 99e9 99ea 9a0a a22a aa4a aa6b a26b 9a6b,
5046 5066 60c8 79ab 8a8d 9b4f ac73 b4f4 bcd4 bd14 c513 bcd2 b451 abcf a34e 81ea 6086 5866 70e7 a1c9 c2aa d36c e40e ec2e ecaf ecf0 ecef ecef ecf0 ecef ecef ecf0 ed0f ed0f eccf ec6e ec4c e3ec db4b db4b d40d bb71 924d a390 71cb 4006 4847 50a8 50a8 5067 50a7 58a8 5087 71ec 7a0c 58c8 5087 50c8 50c8 5129 58e8 58e8 58a8 5889 716b 9b31 9311 610a 4887 696a 694a 58a7 5067 4847 4867 71aa 8a6f 716c 4848 5109 7a6f 696c 60ea 720d 8a91 718d 69cd 8ab1 826f 7a2f 696d 610b 69ce 8290 9333 7a0f 8a90 a3b4 9353 8270 9374 ac96 b558 ac74 8a4f 5088 3847 4047 7a6d 92f1 9b2e e6ba 92ef 4026 4887 4067 4867 58c7 7968 7128 68c7 7128 7108 5887 60c7 60a7 5087 58a7 58c8 60e8 7169 81eb 60e8 58e8 6108 6129 58c7 60a7 70e8 70e7 8128 aa09 c28b caab caaa ba49 9988 6887 5046 60c7 8189 9a2b b28b caaa d28a d2cb db0c db2c d30c d30c d30d daec db0c db2c db2c db2c db4d db6d db4c db6d db4c db4c db4c db6d db6d db6d db8d db6d dbae dbce e3ce e3ce e3ef dc0e e42f e44e dc4f dc4f e46f e46f e490 e4b0 e4b0 e4d0 e4f1 e511 e511 e531 e552 e531 e551 ed93 ed92 edb2 edb2 edd3 edd3 f5f4 f5f4 f614 f615 f635 f635 f635 f657 f657 f676 f697 fed8 f6d8 f6f7 eeb7 a30e 4826 5046 6087 7189 60a7 6087 7107 5887 5027 89a9 d42f cc0e c34c c38d c3ce c42f c40f c3ee c40e c3ee c3ee c3ee c3ee bbee c40e c40e bbee bbce bbae c3ae bbae bbae bbcf bbaf bbae bbae bb8e bbae bbae b38e b38e b36e ab6e ab4d b36d ab2d b32c b30b bb4b c34b cbab d3eb d40c d40b dcad ed90 f631 f693 feb4 f693 f673 f693 fe93 f672 f652 f652 f651 edf0 e4ee c34b 99a8 8148 8968 91a9 99e9 a20a 99c9 91c9 9a0a a24b a22a aa4a aa4a b2ab b28a aa6a a20a 99ea 91e9 99e9 a1e9 a24a aa4a aa4a a26c a26c 9a4c,
4846 5066 58a7 6909 822c 932f ac32 b4d4 bcf4 bd14 c514 bcd3 b472 ac10 a36e 81ea 6086 5046 68a7 99a8 c2ab d36c e3ee e42e ec8f eccf eccf eccf eccf eccf ecef ecef ecef ed0f eccf ec8e ec4d e3ec db8c d2eb bacb ccd3 a30e 8a2a 6949 4047 4887 58c8 50a8 5087 50a8 58c8 5909 71ab 6929 50a8 5087 50a8 58e9 58e9 50a8 50c8 58a8 5889 716b 9b31 9311 612b 4888 696a 716b 60e9 5067 4847 4868 58c9 718b 820f 694c 50e9 720d 718c 58c9 69ac 8270 7a0f 71ad 826f 8ab1 82d1 8291 71ce 616c 7a2f 8ad1 79ef 8ad1 a415 9333 8af2 9bb5 ac75 b517 9b50 822d 694b 4048 4848 7a2e a3b4 abb1 e6d9 9b70 4847 4888 4087 4867 58a7 8188 7108 68e7 7948 7128 58a7 60a7 58a7 50a7 58c8 58c8 58c8 7149 79aa 60e8 58c8 60e8 58e8 5887 60a7 70e7 70e7 8988 aa29 c26a c28a c2aa ba49 9188 6867 5047 60c7 8989 a24b ba6b ca6a d2aa d2eb db0c db0b d2eb d30c db0c db0c db0c db0b db2c db2c db4c db6c db6d db4c db6d db6d db4d db6d db6d db8e db8d db8d e3ae dbae e3ae e3ce e3ce e40e e40e e42f e42f e44f e46f e46f e46f e490 e4b0 e4d0 e4d1 e4f1 e511 e532 e532 e531 e551 e592 ed92 ed92 edb3 edd3 edd3 f5f4 f5f4 f615 f615 f636 f636 f636 f656 f657 f677 f697 fe98 f6b8 f6d7 f6d7 c4d3 6928 5046 5867 68c7 6087 6087 68a7 5047 5027 99ea d42f d40e c36c c38d c3ee cc2f c40e c3ee cc0e c3ee c3ee c3ee c3cd bbce c3ee c3ee bbce bbae bbce bbae bbce bbce bbae b3ae bbae bbae bbaf bbae b3ae b3ae b38e ab6e ab6e ab6d ab4d ab2d b32c b30c bb2b cb8b d40c dc6c dcad e4ee e550 edd1 f631 f673 f694 f693 f693 fe93 fe73 f673 f652 f652 f631 edaf dc6c baea 99a9 8969 91a9 99c9 a1e9 99ea 99ca 99ea a22a a24b aa4b aa6a b28a b2ab b26a aa0a a1ea 91c9 91c9 99c9 a209 a24b aa4b aa4b a24b 9a4b 9a4c,
4846 4846 5067 60a8 79cb 9350 ac52 b4d4 bd14 bd14 c513 bcd3 bc92 b430 a36e 81ea 5866 4826 6066 9168 c2aa d36c dbcd e44e ec8f eccf ecef ecef ecef eccf eccf ecef f4ef f4ef f4ef ecae ec6d ec0d e3ac cacb b24b cc4f 9acc 714a 5087 4887 50c8 58c8 5087 5087 58e9 5909 694a 6109 58c8 5087 50c8 58c8 58e8 50a8 5087 50a7 50a8 5889 71ab 9b92 9311 58a9 5088 696a 81ec 6909 4867 4846 5087 5088 4868 718b 8a6f 79ee 720e 7a0f 58c9 58ea 696c 71ee 7a30 71ce 8af2 8af1 8b11 8ad1 698d 69ad 7a0f 71ce 826f a3f4 a3d5 a457 9bd4 a434 a474 822e 58a7 612a 58ea 58aa 79ac bcb6 c4f6 e679 a390 4846 4087 4067 4047 60e7 8988 70e7 70e7 81a8 7128 58a8 60c7 58c8 50a7 58c8 58e8 60e8 7128 7148 60c8 58a7 58a8 60e8 60c8 60a7 68a7 70e7 91c8 aa09 ba49 ba69 ba6a b209 99a8 68a7 5867 68c7 91c9 aa2a c28a ca8a d2aa d2cb daeb d2eb d2aa d2ec db2c db2c d30c daeb db0c db4c db2c db4d db6d db6c db6d db4d db4c db6d db6d db8e dbae dbae e3ae dbae dbad dbce e3ce e3ee dbee e40f dc2f e42f e44f e470 e490 e490 e4b0 e4b1 e4d1 e4d1 e511 e512 e511 e531 e552 e572 ed72 e572 ed92 edd3 edd3 edf4 edf4 f615 f615 f636 f656 f636 f656 f657 f677 f697 f697 f6b8 f6b8 fef7 eed7 ab8f 5866 5046 6087 6086 5866 6066 5027 5846 aa6b dc2e d42f c38d c38d cc0e cc0e c40e c3ee cbee c3ee c3ee c3ee c3ee c3ce c3ee c3ee bbce bbce bbcf bbce bbcf bbce bbae bb8e b38e bb8e bbce b38e b38e b38e b38e ab6e ab4d ab2d ab2c b32d b2eb bb2c cbad dc2d e48e e50f ed6f edb0 f5f1 f632 f653 f693 f694 f693 fe93 f693 fe72 fe72 f652 f631 f5f0 e50d cbaa aa29 91a9 99a9 99c9 a209 a20a 99c9 99c9 aa0a aa2a aa4a b26b b28b b2aa b28b aa4a a209 99e9 91c9 99c9 99c9 a22a aa4b aa4b a26b 9a4b 9a4c 9a6c,
4866 4867 5067 58c8 71ab 932f ac52 b4d3 bd14 bd14 c514 c4f3 bcb2 b450 a36e 79a9 5046 4846 6086 9188 c2aa db6c dbcd e44e e46f ecef ed0f ed0f ecef ecef eccf ed0f ed0f f4f0 f4cf ecae ec6d ec0c e3ac d2eb aa4b aacc 9aed 8a4d 5087 4887 50c8 58c8 50a7 5087 58c8 6109 6929 60e8 58c8 58a7 58c8 58c8 50e8 50a8 5087 50a8 5088 50a9 79ed a3f4 8b11 5068 5068 6949 7a0c 6108 5067 4847 50a8 58c9 4868 5909 79cc 8a4f 8250 824f 610a 58ea 694c 698b 7a50 71ae 82b1 8af1 82d0 82b0 71ee 69ad 7a0f 71ad 7a0e 9bb4 ac76 ac97 a3d5 ac55 a454 8ad1 4847 50a8 718d 68eb 712a b4b6 cd97 de79 9b2f 4026 4867 4047 4047 6908 8188 68c7 7107 89e9 7148 58a7 60c7 58a8 5887 60a8 58e8 60e8 7127 7148 58c7 5887 58a7 6129 6109 68a8 68c7 7928 99c9 b24a c269 ba49 b208 b208 a1c8 70c7 6066 70e7 91c9 a22a c28b caaa d2ab dacb daeb d2eb d2aa d2eb db2c db0c db0c db0c db2c db4c db2c db2d db4d db4c db4d db4d db4c db6d db8d db8e dbae dbae db8d db8d dbae dbce e3ce dbee e3ee e40f dc2f dc2f e44f e46f e470 e490 e4b0 e4b1 e4d0 e4d1 e511 e4f1 e511 e551 e552 e572 e592 e572 ed92 edd3 edd3 edf4 f5f5 f615 ee15 f636 f656 f656 f657 f657 f677 f677 f698 f6b8 f6b8 f6d7 f6f7 c4f3 60c7 5046 6087 5887 5846 5866 4826 6046 b2ab dc2e d44f c38d c38d cc2e cc2e c40e c40e cbee cbee c3ee c3ee c3ce c3ee c3ee c3ee bbce bbce bbce bbce bbce bbce bbae bbae b38e bb8e b3ae b38e b38e b38e b38e ab6d ab4d ab2d ab2c b30c b2eb c34c d40e e48e e4ef ed70 edb0 edd0 f611 f632 f673 f693 f6b4 fe93 fe93 f693 fe93 f652 f652 f631 edcf dccd c32a a1e9 91c9 99c9 a1e9 aa09 a20a 99c9 a1e9 aa2a aa2a aa4a b26a b28b b28a aa6a a24a 9a0a 91e9 91c9 99e9 a1e9 aa4a aa4a a24a a24b 9a2b 9a4c 9a6b,
4846 4867 5088 58a8 716a 8aae a3f1 b4b3 bd14 c534 c534 c513 bcd2 b451 a34d 7168 4846 4847 68a7 99a8 c2aa db6c dbed e42e ec8f ecef ed0f ed0f ecef ecef ecef ecef ed0f f4f0 ecef ecae ec6d ec2d e3ac d32b b2ad a28d bbf0 9aac 4888 50c9 58c9 50a8 50a8 50a8 5909 6129 58e8 58e8 58c8 58c8 58a8 58c8 50c8 58e9 58c8 50c8 4889 60ea 8ad0 ac55 8ad0 5088 4847 58c8 79cb 696a 5087 4867 58e9 6109 5088 58e9 5929 612a 694a 69ac 58ea 5909 71ce 612b 71ee 8250 7a2f 82d1 826f 7a2f 71cd 71ce 720f 71ae 7a2f 9b93 ac35 a456 a3f5 a3f3 acd6 a3f3 612a 4067 694a 60aa 60ea b475 cdf8 d5d7 826d 4006 4867 4088 4867 6928 89a9 68e8 6908 9a2a 7169 58a7 60e8 58c8 58c8 60c8 5887 60c8 7148 7128 58c8 5887 58a7 58e8 60a7 68e8 70e7 8989 aa29 ba69 ba29 b1e9 ba09 ba69 aa09 78c7 5867 68e7 91c9 a209 ba6a d28a d2cb db0c db0b daeb dacb d2ec db0c db2c db4c db2c db4c db4c db2c db2c db4c db4c db4c db4c db6c db6d db6d db6d db8d dbae db8d db8d dbae e3ae e3ce e3ee e40e e40e dc0f e42f e42f e42f e46f e470 e4b0 e4b1 e4b0 e4f1 e4f1 e4d1 e532 e572 e552 e572 e572 e572 ed92 edb3 edd3 edf4 f5f4 f615 f635 f636 f636 f656 f677 f657 f657 f677 f698 f698 f6b8 f6b8 fef7 e676 9acd 5826 5846 5846 5046 5846 4806 6087 bb0c dc2e d42e c38d c3ae cc0e cc2e c40e c40e cc2e c3ee c3ee c3ee c3ee c3ee c3ee c3ce c3ee bbee c3ce bbce bbae bbae bbae b3ae bb8e bb8e b38e b3ae b38e b36e b38d ab4d ab2d ab2d ab2c b30b c34c d40d e4af ed2f f5b0 f5d0 f5d0 f5f1 f632 f652 fe93 fe94 fe94 fe93 fe93 fe93 fe73 f652 f631 f5f0 e52e d3cb b249 99c9 99c9 99e9 a1e9 a20a 99e9 9a0a aa2a aa4a aa4a b26a b28a baaa b26a aa2a a20a 91ea 91c9 99e9 a20a a22a aa4a aa6b a24a 9a0b 9a4b 9a6c 9a8c,
4846 4867 50a8 58c9 694a 8a8d a3d1 b493 bcf4 c534 c534 bcf3 b4b2 b410 9b2d 7189 5067 4826 6886 9988 c28a db6b dbcd e44e ecaf ecef ed0f ecef ecef ecef ecef ed0f ed2f f52f f50e ecce ec6d ec0c e3ac d30b c3f1 b3d1 b34d 6969 4888 5909 58c8 5067 5088 58e9 614a 6109 50a8 58c8 58e8 50a7 50a7 50a7 58e8 58e9 58e8 50c9 4889 612b 9b93 a435 8a6e 58a8 4027 4867 79aa 79eb 58a8 5067 694a 692a 50a8 5929 616b 5088 4847 58e9 58ea 58c9 71ed 718d 618c 82b1 8250 8290 82b1 722f 720f 69ad 69ce 69ae 7a50 9b52 a3f4 a435 9311 9b52 b516 9bb1 7a4e 4887 4867 5048 60c9 ac53 ce39 bd35 618a 3826 4847 4888 5088 7989 9209 7108 68e8 91e9 7149 58c8 68e8 60e9 60e9 60c8 60a8 60e8 7149 7129 58e8 5087 5887 58a7 60a7 70c7 7907 91c9 aa09 b208 a9c9 aa09 c2aa caca aa09 78c7 5887 68e7 920a a20a ba4a cacb dacb daeb daeb dacb dacb daeb db2c db2c db2c db2c db4c db4c db4c db0b db0b db2c db4c db6c db4c db4d db6d db4d db8e dbad dbad db6d db8d dbae e3ce e40e e3ee e3ee e3ee e42f e40f e44f e490 e490 e490 e4b0 e4b0 e4d0 e4d1 e4f1 e531 e531 e552 e552 e552 e572 e592 edb3 edd3 edd4 f5f4 f615 f615 f635 f636 ee36 f657 f657 f657 f677 f677 f698 f698 f6b8 fed7 f717 ccd2 6086 4805 5046 5025 5046 4827 68c7 c32c d40e d40e c3ad c3ae c40e c3ee c40e c40e c42e c40e c3ee c40d c3ed c3ee c3ee c3ce c3ce bbce bbee bbae bbae bbae b38d b38e b38e b38e b38e b3ae b38e b36d ab4c ab4d ab2d ab4d b30c bb2b cbad e4ce ed90 f5d1 f5f2 f5f1 f5f1 fe12 fe32 fe72 fe94 feb4 f6b3 fe93 f693 fe93 fe72 fe51 f610 ed8e dcac c32a a9e9 a1c9 a1e9 99e9 a1c9 a1e9 99c9 a229 aa4a aa6a aa8b ba8a baaa baaa b24a a209 9a09 920a 99e9 9a0a a20a aa2a aa6a a24b 9a2b 9a0b 9a6c 9aac 9a8c,
4846 4846 5067 58c8 696a 8a8d a3d1 b473 bcd4 c514 c514 c4f3 b4b2 ac0f 9b4d 79a9 5046 4826 6066 9968 c28a d36b dbcd e44e ecae ecef ed0f ecef ecef ecef ecef ecef ed0f f50f f50f eccf ec6e ec0d e38c db2b dc71 bbd0 a30e 594a 4888 58e8 58a8 4867 50c8 612a 612a 58c8 50a7 58c8 60c8 5887 5067 58a8 58e9 58c8 50a8 5088 4889 71ad a3f4 a3f4 822d 5887 4867 5087 6129 718a 58a8 5067 696a 6929 50a8 5909 616b 50c9 4867 50c9 58ea 58c9 698c 71ad 614b 7a70 822f 82b0 8af2 8270 7a2f 71ee 698e 616d 7a71 9b93 a435 9b94 8ab1 a415 b4d7 9b72 9311 614a 4867 4848 60a8 ac53 c5f9 9bb0 5928 50a9 4047 4067 5087 7968 91c9 68e8 7108 89c9 7128 58a7 68e8 58c8 58a7 60a7 60a7 60e8 6928 6929 6129 58a7 5887 60a7 68e8 70c7 7907 91c8 a9e8 b209 b22a c26a cacb caaa aa09 78e7 5867 70e7 920a a22a ba6a d2aa daeb db0b daeb daeb daeb db0c db4c db2c db0c db2c db2c db2c db4c db2c db0b db2c db2c db4c db2c db4c db6d db6d db8d db8d db8d db8d db8d dbae e3ce dbee e3ee dbee dbef e40f e40f e44f e470 e490 e490 e4b0 e4b0 e4b0 e4d1 e4f1 e511 e511 e532 e572 e573 e572 e592 edb3 edb4 edd4 f5f4 f615 ee15 f635 f636 ee36 f657 f657 f657 ee77 f677 f697 f698 f6b8 fed8 f6f7 ddd5 8189 5046 5067 5026 5846 4806 7107 c38d d3ed d3cd c3ce c3ee c40e c40e c40e c40e c40e c40e c3ee c40e c3ee c3ed c3ee c3ce c3ce bbcf bbce bbae bbce b3ae b36d b36e bb8e b38e b38e ab8e b38e ab6e ab6d ab4d ab2c ab2c b2ec c32c d44e e570 f5f1 f612 f632 f632 f5f1 f611 f611 f652 fe94 f6b4 f694 fe93 fe93 fe93 fe72 fe51 f5f0 ed2d d42b bac9 a1e9 99c9 a1e9 a1e9 a1c9 a1c9 a1e9 aa2a aa4a b26a b28a b28a baab baaa aa4a 9a09 99ea 99ea 99c9 9a0a a24a aa4a a26a a24b 9a2b 9a2b 9a6c 9a8c 9a6c,
4826 4846 4826 5047 6109 826d a3d0 ac73 b4b3 bcf4 c514 c513 bcd2 ac50 9b4d 79a9 5046 5026 6887 9167 ba8a d34c e3ed e44d ec8f ecef ed0f ed0f ecef ed0f ecef ecef ed0f f52f f4ef ecae ec6d ec0c e38c db2b dc4f b3b0 822b 5109 50a7 60c9 5088 50a8 6109 6949 58c8 58a8 5087 58a8 58a8 5087 5067 58c8 58c8 4867 4848 4848 592b 9354 a3d3 9b92 820d 58c8 48a8 50a8 50c8 6129 58a8 58a8 71ab 6109 58e9 50c9 58e9 592a 50a8 50c8 58c9 5088 58e9 718c 614b 720f 71cd 82b0 9353 8ab1 69cc 698c 616d 590c 71ee a414 a455 9353 9b73 a476 9bf4 826f a3f4 a3d4 79ef 692d 79cd b4f6 ac95 79cc 8b72 8b32 4867 4047 5087 8188 89a9 6908 7148 8148 68e8 60c8 60e7 60c7 68e7 6087 60a8 60e8 68e8 60c8 5908 6129 60c8 60c7 6908 78e7 8948 a1c9 c229 c26a c2aa caeb caca caaa b229 78e8 5846 7948 99e9 aa4a c26a d2aa db0b db0c daec db0c db0c daeb db2c db2c db2c db0c db2c db2c db0c db2c db2c db2c db2c db2c db2c db2c db6c db8d db8d db8d db8d db8d db8d dbad dbcd dbce dbee dbee dc0f dc2f e42e e44f e44f e46f e470 dc70 e490 e4d0 e4d0 e4f1 e4f1 e511 e511 e552 e572 e572 e592 edb3 edb4 edd4 edf5 ee15 ee35 f636 f636 f656 f657 f636 f677 ee77 f677 f698 f678 f698 f6b8 fed7 f6f7 bc10 5866 4026 4826 5026 4806 8168 cbcd d3ac cb8d c3ce c42e c40e c40e c40e c40e c40e c3ee c3ee c3ee c3ee c3ed bbce bbee bbce bbae bbce bbce bbad bbad b38e b38d b38d b38e b36e ab4d ab4d ab6e ab4e ab6d ab6d ab0c b2eb cbac e550 f612 f653 fe94 fe94 fe73 f632 f631 f631 f673 fe93 f6b4 fe94 fe94 fe93 f672 f651 f610 ed8e e46b cb4a aa49 a1e9 a1c9 a1e9 a1e9 99e9 a1e9 aa0a aa29 b24a ba8a baaa baaa baab b28b a22a 99ea 91c9 99c9 99e9 a22a a26a aa6b a26b a26b 9a6c 9a4b 9a6c 9a6c 922b,
4826 4846 4846 5047 60c8 822d a3b0 b473 b4b4 bd14 c534 c514 bcd2 b471 a34d 7989 5045 5046 6086 8948 ba8a d36b e3ed e44d ecaf ecef ed0f ed0f ecef ed0f ecef ed0f ed2f f52f f4ee ec8e ec6d ec0c e38b db2b d40e ab90 6928 48a8 50a8 60c8 5888 58c9 6129 6108 58a8 58a7 5087 58a7 5887 5087 5087 60c8 50a7 4847 4027 4048 722f a416 a392 9b72 822d 58c8 4888 4888 50a7 5908 58c8 58c8 718a 6109 60e9 58c8 5088 58e9 50a8 58e9 58c9 5088 50e9 696b 694b 71ee 698c 828f 9bb3 8b12 698c 590a 590b 58eb 69ad a435 a455 9bb4 a3f4 acb6 9393 612a 9350 ac96 8ad2 8231 9b33 bd58 a3f5 8a70 bd99 ac95 4887 4047 50a7 8188 8188 6907 7128 7928 68e8 60e8 60e7 6908 7128 6087 60c8 60c7 68c8 60c8 58c8 6129 60e8 60c8 70e7 7907 9188 aa09 ca8a caaa caab caec caca caaa b249 78e8 5846 8169 99e9 aa4a c26a d2aa db0b db0c db0c db0c db2c daeb db2c db4c db2c db0c e32c db2c db0c db0c db4c db4d db2c db2c db2c db4c db6d db8d db8d db8d db8d db8d db8d db8d dbad e3cd e3ce e3ce dbee dc2f e42f dc6f e42f e44f e46f dc70 e470 e4d0 e4f1 e4f1 e4f1 e512 e511 e552 e572 e572 e592 edb3 edb4 edd4 edf5 ee15 f615 f636 f656 f676 f636 f636 f677 f677 f678 f698 f677 f698 f6b8 fed7 f717 ccf2 6087 3805 4826 4826 4806 91a9 cbad d3ac cbad c3ce c44f c40e c40e c40e c3ee c3ee c3ee bbee bbce c3ee c3ee c3ce bbce bbce bbae bbcd bbce bbae bbae bbae b38d b36d b38e b36d ab4d ab4d ab6e ab4e ab4d ab4d b30c bb0b d3ec ed90 f633 f694 fe94 fe94 fe73 f652 f632 f652 f673 fe93 f6b4 feb4 feb4 fe93 fe72 f651 f5ef ed4e dc0b c2e9 aa29 a1e9 a1e9 a1e9 a1c9 99c9 a1e9 a9e9 aa2a b26a ba8b ba8a ba8a baab aa6a a20a 99ea 99c9 99c9 99e9 a22a a26b a26b a26b 9a6b 9a6c 9a4c 9a6c 926c 8a0b,
4026 4846 4826 5046 58c8 79eb 9b50 ac32 b4d4 bd14 c534 c513 bcd2 b451 a38e 81ea 5066 4826 6066 8927 ba8a db6b e3ec e44e ecae ecef ed0f ed0f ecef ecef ed0f ed0f ed2f f52f f4ee ecae ec6d ec0c e38c db2b d3ad ab2e 60c8 4868 58c9 60e9 6109 612a 58e8 5087 58a8 5087 5087 58a7 5887 58a8 58a8 50a8 4867 4868 5089 71cd 9b93 92f0 8aae 92ef 716a 5088 4888 4888 5088 58a8 60e9 694a 694a 58a7 60e8 5887 4867 5088 50a8 6109 612a 58c9 5088 614a 696b 594b 58ea 698c 9352 9bb3 79ee 58ca 614c 69ae 7a70 9bf5 a3f5 9bd5 a435 acb6 a456 8250 822c a3b3 79ed 8270 b4b7 b4f7 9bd4 9bb3 b534 932f 5087 4867 58c7 8168 7108 60c7 6908 70e8 7148 6908 60c8 6108 7148 60c8 60c7 60e8 60c7 60a7 60c8 60e8 60e8 6908 70e8 8968 a1e9 c28a caaa caab cacb cacb caaa caaa b209 78c7 6087 81a9 9a09 aa4a c28a d2aa d2eb d2eb daeb db0b db4d db4c db4c db2c db4c db2c db2c db2b db2c db0b db2c db2c db2c db2c db4c db4c db4c db6d db6c db8d db6d db8d dbae dbad dbae dbad dbce dbee e40e e40f e42f e42f dc4f e450 e44f e470 e490 e4d0 e4f1 e4d1 e4d1 e511 e532 e551 e552 e573 e573 ed93 e5b3 edb4 edd4 ee15 ee15 f616 f636 ee36 f636 f656 f677 f677 f677 f678 f678 f698 fe98 f6b8 fef7 e635 8a0b 4005 4026 4006 4826 a209 cbac d38c cbcd c3ce cc4f cc0e c3ee c40f c3ee c3ee c3ee c3ce c3ee c3ee c3ee c3ce bbce c3ce bbce bbce bbce bbce bbce b38d b38d b38e b38e b38e ab6d ab6d ab4d ab4d ab2d ab0c b2ec bb0b dc6e f5f1 f673 f6b5 feb5 fe94 fe73 fe52 f652 f673 fe73 feb3 f6b4 feb4 feb3 fe93 fe72 f630 ed8e e4ac d36a ba69 aa09 aa08 a9e8 a1c8 a1c8 99a8 a1e9 a1e9 aa4a b26a b28a baaa ba8a b24a a20a a20a 99ea 99e9 99ea a22a a26b a26b a26b a26b 9a4c 9a6c 9a4c 9a8c 924b 89ca,
4846 4846 4846 5067 58c8 79cb 9b2f ac52 bcd4 c534 c554 c534 bcd2 b470 a38e 8a2a 6086 5026 6066 9127 ba6a db4b e3cc ec2e ecae eccf ecef ecef ecef eccf ed0f ed10 ed0f f50e f50f f4ce ec8d ec2c e3ac db0b cb4c ab0d 6109 50a8 610a 694a 6109 60e9 5088 4867 50a7 58c8 50a7 5887 5887 58c8 58a8 4867 4848 5089 7a0e 9b93 8acf 6909 824d 8a6e 60c9 50a8 48a8 4888 50a8 50a8 6109 71ab 6929 5066 5908 58a8 4867 5067 58a8 6129 696a 58c9 4847 614a 696c 60ea 590b 698e 8313 9372 8ab1 696e 69ae 7a71 82b1 9bd4 a3d4 a3d4 ac55 ac75 ac55 a3f6 9af2 a353 9ab1 a415 bd57 a453 720a 6167 6187 4887 5088 60e8 68e7 8188 70e8 58a8 7108 6907 7148 7108 58a7 60e8 6908 60e7 6108 6928 60a7 60a7 60a7 58c7 60c8 7948 7928 9188 b249 caca caab d2cb cacb caca caaa caaa a9c8 7087 68a7 89ca 9a0a aa4a ca8a d2aa daaa dacb daec db0b db0c db2c db2b db2c db4c db2c db2c db4c db4c db2b db2b db2c db4c db6c db4c db2c db4c db6c db6d db8d db6d db8d db8d dbae dbce dbad e3ce e40e e3ee dc2e dc2f dc0f dc4f dc2f e44f e490 e470 e490 e4d1 e4d1 e4f1 e511 e532 e532 e552 e572 e593 e5b3 e5b4 edd4 edf5 edf5 edf5 ee16 ee36 ee36 f636 f636 ee57 f657 f657 ee77 f698 f678 f698 f6b8 f6d7 f6d7 abaf 4025 4006 4026 5046 a24a d38c cb6b cbce c3ce cc4f c42f c3ed c3ee c3ee bbee c3ee c3ee c3ce c3ce c3ce bbce bbae bbce bbae bbce bbce bbae bbae bbad b38d b36d b38d b38e b34d ab6d ab4d ab2c ab2c b30c b2ec c32c dcce f611 f673 f6b4 feb5 fe94 f672 f652 f652 f673 fe93 f694 f6b4 fe94 fe93 fe72 fe51 f5f0 ed2e dc0b cb09 ba49 aa29 aa09 aa09 a1e9 a1e9 a1c9 a1e9 aa09 aa4a ba8a baaa b2aa b26a aa4a a1ea 99e9 9a0a 99ea 9a2a a24a a26b a26b a26b 9a8c 9a4b 924b 926c 920b 89ea 820b,
4025 4826 4826 4847 58c8 79eb 9b4f ac52 b4d3 c514 c554 c534 bcd3 b451 a3ae 8a2b 6086 5026 6046 8927 ba69 db4b e3ed ec4e ecae ecef ecef ecef ecef ecef ed0f ed10 ed0f ed0f f4ef ecce ec6d e40d e3cd d32c c30c a2ad 692a 60c9 694a 694a 58c8 58a8 5088 5087 50a7 58a8 50a7 58a7 5887 58a8 50a8 5088 5088 612a 8af0 828e 612a 58e9 8ad0 826e 696a 5909 50a8 48a8 50c8 58e9 694a 79cb 6909 5087 58c8 58c8 4887 4867 5888 6109 696b 58e9 4026 5929 71ed 610a 58ea 69ee 82f2 8ad1 8af2 8ad2 8291 82b2 82d2 a3b4 a3d4 a414 a3f4 8a6e 82ae a3f4 a3d5 a3f5 ac35 c577 c556 9b70 58e8 4045 4045 4866 7169 6908 68e7 8168 60c8 60e8 7128 68e7 6908 6908 58a7 60e8 6908 60a7 60e7 6908 60c7 60c8 60c7 60c7 7108 8148 8148 99a8 ba69 d2ca d2cb d2cb cacb caab caaa c26a a1a8 7086 68c7 89e9 99e9 aa2a ca8a d2cb d2cb daeb daeb db0b db0b db2c db2c db4c db4c db4c e32c db2c db2c db2c db2c db4c db4c db4c db4c db4c db4c db6d db6d db8d db6d db8d db8d dbad dbad dbad dbad e3ee e3ee e40f dc0f dc2f dc2f e44f e44f e470 e470 e490 e4d1 e4d1 e4f1 e511 e512 e532 e552 e573 e593 e5b3 edb4 edd4 edd5 edd5 edf5 ee36 ee36 ee36 ee36 f636 ee57 f657 f657 ee77 f677 f677 f698 f698 f6b7 f6d7 ccb2 5886 3805 4026 5067 aa8b cb8c cb6b cbcd c3ce c42e c42f c3ee c3ee c3ee c3ee c3ee c3ee c3ee bbee bbce bbce bbce bbce bbae bbce bbce bbce bbae b3ae b3ae b38e b38e b38e ab6e ab4d ab4d ab2c ab2c b30c b2ec c36c e50f f612 f673 f6b4 feb4 fe93 f652 f632 f632 f673 fe93 f6b4 f6b4 fe94 fe93 fe72 f631 f5af e4cc dbca c2ea b269 b249 b249 aa29 aa09 a209 aa09 a9e9 aa09 b26a baaa baca b28a b24a aa4a a22a 99e9 99e9 99ea a22a a24b aa6b a28b a26b 9a6c 924b 920b 922b 8a0a 81ca 81ca,
4025 4846 4826 4847 58a8 71eb 9370 ac32 b4b3 bd14 c534 c514 bcd2 b471 a3af 8a8b 68e7 5046 6066 8928 b26a d34b e3ed ec4e ecae ecef ecef eccf ecef ecee ecce e4ee eccf ecef ecce e48e e44e e40e dbce d36d baed 9aaf 81cd 6109 6109 6109 50a8 5088 50a8 50a7 58c8 50a7 50a7 58a7 58a8 50a9 50a9 694c 71ac 71ab 696a 50a8 4848 696b 9310 820c 79ec 6129 50c8 50a8 4888 50c8 71cc 716a 6109 50a8 5087 58c8 5088 5067 5888 6109 696b 58ca 4827 5909 824e 716c 58c9 50c9 614b 614c 720e 8b32 9374 93b5 9374 9b73 9b93 a455 9b72 81ee 718c 8aaf 9b93 9bd4 acb7 bcb6 b495 ac56 9394 720f 592a 7a0b 79ca 5087 6927 7128 58a7 60e7 7928 60c8 6908 7148 6928 6908 6908 60a8 68e8 6908 60c8 60a7 60a7 68a7 8128 8948 8968 a9e9 c269 caca d2eb cacb cacb caab caeb c2aa 9167 6886 68e8 91e9 a20a b24a caaa d2eb db0c db0b db0b daeb daeb db2d db4d db2c e34c db6c e34c db2c db2c db2b db2c db2c db2c db2c db2c db2c db4c db4c db4c db4c db4c db6d db8d db8d dbad dbad dbad dbce dbef e3ee e40f dc0f dc2f e44f e44f e46f e490 e490 e4b0 e4d0 e4f1 e4f1 e4f1 e532 e552 e572 e593 e593 e5b3 edb4 edd4 edf5 ee15 ee36 ee16 ee16 ee36 f636 f657 f657 f657 f657 f677 f677 f677 f698 f6b7 fef7 ee15 81ca 3805 3806 6086 b2cb cb8c cb8b cbcd c3ee c40e cc4f c3ee bbce bbee c3ee c3ee bbee bbce bbce bbad bbee bbce bbcd bbcd bbce bbce bbce b3ce b3ae b38e b38e b38e b36e ab6e ab6d ab4d ab4d b32c b30c bb2c cbac e530 f632 f693 f693 f693 f651 f631 fe31 f652 f673 fe94 feb4 feb4 fe93 fe93 fe51 f60f ed2d dc0b cb2a baca ba8a ba69 b249 b229 aa09 aa09 aa09 aa09 aa09 b24a ba8a ba8a b28a b26a aa2a 9a0a 99e9 99e9 9a0a a22a a24b a26b a26b a26b 922b 924b 922b 920a 89ea 81aa 818a,
4846 4846 4826 4847 5887 71eb 9370 ac32 b4b3 bcf4 c534 c514 bcd2 b471 a3af 92cc 6928 5846 6086 8928 b249 d34b e3cd ec4d ecae ecef ecef eccf e4b0 e4cf e4af e4ae e4af e4cf e4cf e46f e42e dbee dbce d36d bb0f a351 8a4e 60e9 58c8 58e9 50a8 50a8 50c8 58c8 58a7 50a7 58c8 60c8 58a8 50a9 590a 7a0e 7a0d 6129 50a8 4888 50a8 718b 8a4d 79ec 822d 614a 50c8 50c8 4847 58e8 71cb 6109 6129 58c8 5087 50a8 5088 5088 58a8 614a 614a 58a9 5088 5909 822e 71ad 58c9 4888 50a9 58ca 614b 7a90 9374 9c15 9bb4 9353 9b52 a415 9372 8ad0 820f 79ec 828f 8b31 9c36 9b93 a3f4 c558 c578 a3d5 8af2 ab91 820c 58ea 79aa 7948 58a7 60c6 68c7 58a7 7108 79a9 79a9 68e8 68e7 60c8 6908 6908 60a7 58a7 5887 68c7 8148 8947 9168 a9e8 c269 caca d2eb cacb d2cb d2ab d2eb c2aa 9147 6087 70e8 91e9 a22a b26a caaa d2ca daeb db0b db0b daeb db0b db2d db4d e32c e36c db8d e34c db2c db2c db2b db2c db0b db0b db0c db2c db2c db4c db4c db4c db4c db6c db6d db6d db8d dbad dbad dbad dbce dbef dbee e40f dc2f dc50 e42f dc2f e44f e46f e470 e490 e4b0 e4b0 e4d1 e4f1 e552 e552 e572 e5b3 e593 e593 edb4 edf4 edf5 ee15 ee16 ee16 ee16 ee36 f636 f657 ee57 ee57 f657 f677 f697 f677 f698 f697 fed7 ee76 92ac 3805 3806 6086 baca d3ac cb8c c3ce c3ee c40e cc6f c40e bbce bbce c3ce c3ce bbce bbce bbce bbce bbee bbce bbae bbcd c3cd bbae bbae b3ce b3ae b38e b3ae b38e ab4e ab6e ab6e ab4d ab4d b32c b30b bb2c d3cd ed50 f632 f693 f693 f673 f652 f611 f611 f652 f673 fe93 feb4 feb4 fe93 fe72 f651 f5cf e4cc dbaa caea c2ca c2ca ba89 b229 b209 a9e8 aa09 aa09 aa2a aa29 b229 ba8a ba8a b28a b24a a209 99e9 99c9 99e9 9a0a a26a a26a a24b a26b a26b 920a 924b 922b 89ea 89ea 89ca 81a9,
4026 4026 4026 4847 5087 71ab 92ee ac32 b4b3 bcf4 c534 c514 bcf3 b471 abef 92ec 68e7 5026 6066 8107 b229 d32b e3cd ec4e ec8f eccf ecef ecef e4cf e4d0 e4d0 e4b0 e4d0 e4f0 e4d0 e4ae e44e e40d e3ac d34d c370 bbb1 820c 692a 5909 50a8 5088 50a8 58c8 50a7 5087 5087 58c8 60e8 58c8 5088 6129 71eb 6129 5087 58c8 58c9 50c9 696a 81ed 79ec 81ec 692a 50a8 50c8 58e9 6129 58e8 50c8 6129 60e9 50a8 58c8 58c8 58c8 58a8 6109 698c 50a9 58ea 71ac 824e 694a 590a 50a8 4848 5089 590b 722f 9373 a435 9bd4 9333 9374 9bb3 9b93 8acf 8a8f 718b 5066 50a7 69c9 824d 71ca 7a4b 8a8c 8a8d ab70 a330 9311 9b52 a371 9aaf 8a2e 8a8f 822d 79cc 8a0b 81ca 7148 6907 60a7 60a7 60e7 68e7 60a7 60a7 6087 7107 8948 9168 99a8 b229 ca8a d2eb cacb d2ab d2eb d2eb d2ca c269 8948 68a7 7928 9a0a aa4a ba6a d2ca daca dacb db0b db0c db0c daeb db0c db2d db4c db6d db6d e34c db4c db4c db4c db4c db0b db0b db0b db0b db2b db2c db4c db4c db6c db8d db6c db6c db6d db8d dbce dbce dbcd dbee dbee e40f e3ee dc2f dc2f dc4f e42f e46f e470 e4b0 e490 e490 e4d1 e511 e531 e552 e572 e593 e593 e593 e5b4 edd4 edf5 edf5 ee15 ee16 ee16 ee16 f636 f636 f657 f657 f657 f677 f677 f678 f698 f697 f6b7 f6d6 c451 5046 3806 70e7 c30b cb8c cb8c c3ee c3ee c40e c42e c44f c3ee bbee bbce bbce bbce bbee bbee bbce bbce bbce b3ae bbce bbce bbce bbce bbce b3ce b3ae b3ae b38e ab6d ab6d ab4d ab4d ab4c b32c bb2c c34b d40d ed70 f652 f673 fe93 fe72 f631 f611 f611 f652 f672 fe94 f6b4 fe94 fe92 fe51 f610 ed2d dc0b cb2a c2ca c2aa c2ca ba69 b249 b229 aa09 aa09 a209 aa29 aa4a b269 b28a b28a b269 aa09 99e9 99e9 99c9 99e9 9a0a a26b a26b a24b 9a4b 9a4b 9a2b 924b 920a 89aa 8a0b 8a0b 89ea,
4025 4026 4026 4847 50a8 71ab 8ace a411 b4d3 bcf4 c534 c534 c4f3 bc92 ac0f 92cc 68e7 5046 6086 8928 b24a d32b e3cc ec4d ec8f ecef eccf ecef ecef ecef ecf0 ecef e50f ed10 ecef ecae ec4d e40c e36c dbaf d3d0 b2ee 79ac 694a 6109 4888 50a8 5087 50a8 58c8 5087 58a7 58c7 60e8 58a8 5087 58c8 58e8 50c8 50e8 6109 5909 50a9 6109 822d 79ec 718a 6909 60e9 50a8 614a 694a 50a8 50a8 6149 60e9 58c8 6109 58c8 58a8 5067 58e9 696b 5089 58c9 824e 8ab0 58c8 5909 50ea 3827 4889 590b 720f 8b52 a3f4 92f1 9373 9bf5 8ab0 9373 9b33 822d 7a0e 4847 4006 5066 7a4d 58e8 4026 4825 6907 8187 5066 6128 8a8d 9aee 928f 9af0 c4f5 b4d6 a391 92ad 6908 68c8 7128 60c7 60e8 60e8 68c7 58a7 60c7 68c7 7928 8148 99a9 a9e9 ba69 d2ca d2cb d2ab d2eb d2ec d2ec d2eb ba49 8948 68a7 8168 9a2a aa2a ba6a d2eb daeb daeb db0b db2c db2c daeb db0c db2c db2c db4c db4c e32c db4c db2b db2c db4c db2c db2c db2c db0b db0b db2c db2c db2b db4c db6c db8c db6d db6c db8d dbce dbae e3cd dbee dbee dbce e3ef e40f dc0e dc0f e42f e46f e490 e4b0 e4b0 e490 dcb1 e511 e511 e531 e552 e552 e593 e593 edb4 edd4 e5d4 edd5 edf5 ee16 ee16 ee16 ee36 f636 f636 f657 f657 f677 f678 f677 f677 f697 f697 f6d6 dd74 68e8 3806 7948 c34c cb8c cbad c3ee c3ee c3ee c40d c44f c40e c3ee bbce bbee bbee bbee bbee bbad bbce bbce bbae bbce bbce bbae bbce bbce b3ae b38e b3ad b3ae ab6d ab4e ab4d ab6d ab4d b34c bb2b c32b dc4e edb0 f652 f672 feb3 f672 f631 f610 f611 f652 f673 fed4 feb4 fe93 fe72 f631 f5d0 e4cc d3aa caea c28a c28a c2aa ba4a b229 aa4a aa09 aa09 a209 b229 b249 ba69 b26a b26a aa29 a209 99e9 99c8 99a8 99e9 a22a a26b a26b 9a6b 9a0a 920a 9a2b 920b 89ca 89ea 8a2b 8a2b 8a0a,
4846 4826 4026 4846 5087 694a 8a8d a3f1 b4b3 bcf3 c534 c534 c513 bcd2 ac10 92cc 6908 5046 6087 8128 b249 d32b e3cc ec4d ec8f eccf eccf ecef ecef ecef ecef ecef ed0f ed0f ecef ecae ec8d e42c e3ac d3cf cbb0 a28d 716b 6109 58c8 50a8 58c8 58a8 58c8 58e8 58a7 58a7 58c8 58c8 5887 50a7 58c8 50a8 50c8 5929 6109 58c8 50a8 6129 79cb 71ab 694a 60e9 58c8 58c9 614a 6109 50a8 50a8 6149 6129 58a8 58a7 5087 5067 4867 5909 614a 50a9 58a9 826e 8aaf 5088 48a8 616c 50aa 50ca 614c 71ef 8af1 9393 7a4f 8b52 9bf5 8291 82d0 9bb3 92f0 92f1 696b 4826 5086 7a4d 696a 4846 50a7 7168 60a7 4026 50a7 7989 7989 6929 718a 9b2d 92ee 81eb 9aad 8a4d 79aa 6908 60c7 60e8 6108 60c7 5887 60c7 7107 8148 9188 99a8 a9e9 c269 d2ca cacb cacb d2eb cb0c d30c d2eb b209 7908 68c8 8989 a20a aa2a c28a d30b db0b daeb db0b db0c db2c db0c db4c db4c db4c db4c db4c db2c db2c db2c db2c db4c db2c db0b db0b db0c db2b db2c db2c db2c db4d db6c db6d db6d db6d db8d db8d dbad dbce dbce dbce e3ee e40f dc2f dc0f dc0f dc2f e44f e46f e490 e490 e4b0 e4d1 e4f1 e4f1 e531 e532 e552 e593 e594 e5b4 edd4 edd4 edd5 edf5 ee16 ee16 ee16 f616 f636 f636 f657 f657 f677 f677 f677 f677 f677 f697 f6b6 e615 81ca 3805 8168 cb4b cb6c cbac c3ce bbee c40e c40e cc2f c40f c3ce c3ee c3ce c3ee bbee bbce bbce bbae bbae bbcd bbae bbad bbce bbce bbce b3ae b3ae b3ae b38e b38e ab6d ab6d ab6d ab4d b34c bb2c c32b dc2d ed90 f611 f673 feb3 f672 f631 f610 f611 f652 f693 feb4 feb4 fe93 fe52 f610 ed8e e48b d36a caca c28a c28a baab ba6a b229 b249 aa29 a1e9 a209 b229 b249 b249 b249 aa29 a209 a1e9 99a9 91a8 99c9 a20a a24a a26b a26b 9a6b 9a2b 91ea 922b 922a 89ea 89ea 922b 8a0b 8a0b,
4846 4846 4846 4867 5087 60e8 8a6d a3d1 ac72 bcd3 c514 c534 bd13 b4d2 ac10 92ec 7148 5046 60a7 8128 b229 d32b dbac e42d ecae eccf ecef ecef ecef ecee ed0f ed0f ed0f ed0f ed0f ecce ec6e e42d db8b d3af c3d1 a26d 714a 60c8 58a8 58a8 6109 60e8 5087 50a8 5087 5087 58c8 58c8 58a8 50c8 50c8 58e9 614a 614a 58e8 50a8 50c8 6109 718b 696a 6129 60e9 58e8 5929 58c8 50a8 50a8 58e8 696a 698a 58c8 5087 5087 4867 50a7 694a 58c8 4868 610a 826e 7a2d 614c 4047 592a 7a50 696d 698d 7a50 8290 9332 8b13 8b12 8b11 8b33 8291 9332 9bb4 a3f3 9b32 60ca 5066 7a2c 7a2d 4846 60e7 7107 4867 4867 6108 7948 6908 50a7 58e8 6948 58c7 68e8 7969 926a 9aab 7149 60e8 60a7 60a7 58a7 5887 68c7 7928 8968 99c8 a1e9 b229 ca8a cacb cacb caec d2ec cb0c d30b cacb a1e9 70c8 70e8 99ea a22a b24a caeb db0b db0b daeb db0c db0c db4d db4c db2c db4d db4c db2c db4c db4c db6d db4c db4c db2c db0b db0c db0c db2c db2c db2c db4c db4c db4c db4c db4c db6d db6d db8d db8d dbae dbae dbce dbae e3ef dc0f dc0f dc0f dc2f dc4f dc4f e46f e490 e490 e4b0 e4d0 dcd0 e4d0 e511 e532 e552 e592 e5b3 e593 edb4 edd4 edd5 edf5 edf6 ee16 ee36 ee36 ee36 ee36 f656 f657 f657 f657 f677 f677 f677 f677 f6b6 f6b6 ab6f 4805 8988 cb2b cb8b cbcd c3ee c40e c42e c40e c40e bc0f bbce c3ee c3ce c3ce c3ee c3ee bbce bbcd bbce bbce bbce bbad bbcf bbce bbae b3ae b3ce b38e b38e b36d ab6d ab4d b36d b36d bb4c c32b c34b d3ec e50f f5d0 f652 fe72 fe51 f631 f5f0 f611 f652 f693 feb4 feb3 fe92 f651 f5ef ed2e dbeb cae9 c2aa c2aa ba8a ba8a b26a b249 b229 a209 99e9 a1e8 aa09 aa2a aa29 aa29 a209 91a9 99a9 99c9 99e9 a22a aa4a aa4a a26b a26b 9a4b 922b 922b 924b 920b 920b 89ea 922b 8a2b 924c,
4867 4866 4846 4867 5067 60e8 826d a3b0 ac72 bcb3 c514 c534 bd13 b4b2 ac10 9b0d 7128 5066 60c7 8148 b24a d30b dbac e42d ecae ecce ecef ecef ed0f ecef ecef ed0f ed0f ecef ed0f ecce ec6e ec0d db8c d3cf c3f1 aa8d 794a 60c8 58a8 58a8 6109 60e8 5087 50a8 5087 5088 58c8 58c8 50a8 50a8 50a8 694a 698a 614a 58a8 50c8 50c9 58e9 696b 696a 6149 6109 6129 5909 5087 50a8 50a8 50c8 6149 71cb 5909 5067 5087 48a7 58c8 694a 5088 4868 696c 7a2d 698b 720f 50ca 48c8 7a70 7a10 698c 7a4f 8270 82b0 8b52 8b33 8290 8ad1 82b1 8ad2 9b94 a434 a3f4 79cd 4846 720b 826e 5066 60c7 60a7 4888 50c8 7148 7948 6929 58c8 6108 7148 60c7 6908 60c7 7127 9208 7948 60e8 5887 5887 5887 5887 68e7 8148 8988 99c8 a9e9 ba29 ca8a cacb d2eb d2cb cb0c cb0c d30b c2aa 99a8 68c8 7108 9a0a a24a b26a d2ec db0b daeb daeb db2c db4c db4c db4c db2c db4c db4c db4c db4c e34c db6d db6c db4c db2b db2b db2b db2c db2c db2c db2c db4c db6c db4c db4c db4c db6c db6c db8d db8d db8e dbae dbce dbce dbee dbef dc0f dc0f dc2f dc50 dc70 dc6f e490 e46f e490 e4b0 dcd0 e4d1 e511 e532 e552 e572 e5b3 e593 edb4 edd4 edd5 edd5 edf5 edf5 ee36 ee36 ee36 ee36 f636 f657 ee57 f657 f677 f677 f657 f677 f696 f6d6 bc31 5826 89a8 c32b cb8c cbcd c3ef c40e c42f c42f bbee bbee bbef bbee c3ee bbce c3ee c40e bbce bbce bbce bbce bbce bbce bbef bbce bbae b3ae b3ae b38d b38e ab6d ab4d ab6e b38e b38e bb4c c34a c34b d3cc e4cd f5af f631 fe31 fe30 f630 f5f0 f611 fe52 fe94 feb4 fe93 fe92 f631 f5cf ed0d dbcb caca c2aa c2aa ba8a ba6a b26a b24a b24a a209 99e9 a1e9 aa09 aa4a aa4a a209 99c9 9168 9989 99e9 9a2a a24a aa6b a24b a22b 9a6b 9a2b 920b 9a2b 922b 920b 920b 920b 8a0b 922b 924c,
4846 4846 4867 4826 5067 58e9 822c 9b90 ac52 b4b3 bd14 bd33 bcf3 b4b2 ac30 9b0d 7189 58a7 68c7 8928 b229 d30b dbcc e42d ec8e ecae ecef ecef ecef ecef ecef ecef ecef ed0f ecef ecce ec8d e3ed db8c dc30 d411 bb0e 89cb 60c8 68e9 58a8 58c8 58c8 50a7 5087 5067 5087 5909 58c8 5088 612a 79ac 79ab 6949 60e8 50a8 50a8 50a8 5909 694a 6109 6109 6949 6129 58e9 50c8 58c8 50e9 50c9 50e8 698a 612a 4867 5087 5087 58e9 614a 4888 50c9 824f 71ad 58e9 720d 8270 612b 50c9 724f 8ad2 71cd 71ee 71ce 7a90 9c15 9353 82d1 71ed 694b 7a0e 9331 a3f3 a3d4 71ac 718a 7a2c 58e7 58a7 4847 4887 5928 7128 68e7 60c7 5887 6907 7128 6928 68e7 60c8 58a7 60c7 6908 6108 58a7 58a7 5887 60a7 70e7 8968 9988 a1c8 b229 ba29 ca8a caab caab caec cb0c caec caeb ba6a 8948 60a8 8148 a20a aa4a ba8a d2eb db0b db0b db0c db4c db4d db2c db4c db4d db2c db4c db6d db6d e36d db4c db4c db4d db4d db2c db2c db4c db0b db0c db2c db4c db4c db2b db4c db4c db4c db6c db8d dbad db8d dbae dbad dbae dbce dc0e dc0e e40e dc2f dc2f e44f e470 e490 e490 e490 dc90 dcb0 e4d1 e511 e531 e532 e572 e593 e5b3 e5b4 e5b4 e5f5 edf5 edf5 edf5 ee16 ee16 ee36 ee36 f636 f637 ee57 f677 f677 f657 f678 f677 f677 f6b6 ddb4 818a 91a8 cb2b d3ac c3cd c3ee bbee c42f c42f bc0f bbee bbee bbee c3ee bbee bbce bbce bbee bbee bbee bbce bbce bbce bbce bbce bbce b3ce b3ce b3ae b38e b36d ab6e ab8e b38d b36d bb8c c36c cb4b cb6b d3eb e4ad ed6e edaf f5af f5af f5cf f611 fe52 feb4 feb4 fe93 fe71 f631 edcf e4ac d36a caaa ba8a c269 ba6a ba6a b229 b22a aa09 a209 a1e9 a1e9 aa29 aa49 aa09 91a8 8928 8948 91a9 a22a a26b aa6b aa4b a24b 9a4a 9a2a 91ea 89ea 922b 920b 922b 922b 922c 922b 924c 8a2b 
