ec8f ec8f ecaf ecce ecae f48e ec6d ec2d ec2c e42c ebec e3ec e3ac e34b db0a d2a9 caaa ba29 a9a8 9968 9148 9148 9128 9168 99a9 b229 c289 cac9 cb0b d30b db4a db8b e3ab e3ec e44d ec6d ec6c ec6e ec6d ecad ec8e ec8e ec4d ec4e ec4c ec6d ec6f ec4d ec4e ec6d ec6d ec4e ec2d ec0c e40d e3cb e36a db4b db2b db0a d2ca c28a ba4a a9e9 a188 99a8 9148 8928 8908 9168 9168 9189 99a9 99e9 99a9 a1a9 a1ea 99aa a1c9 a20a a1ea aa0a aa4a aa2a aa2b b22a aa2a aa2a aa0a aa2a aa0a aa29 aa09 aa2a aa0a aa09 aa2a aa2a aa2a aa29 aa4a aa4a b22a b24a b24a b24a b24a b26b ba4a ba4a ba8b ba6a c28a c28b c28a c28b c249 c26a c28a c26a c28a c28b c2aa c28a c2ab c2ab c2aa c2aa c2ab c28a c2ab c2ab c2ab c2ab c28b caaa cacb cacb caeb caeb cacb cacb caec cb2b d2eb caaa cacb d2aa d2cb d2eb d2cb d2cb d2eb cacb caec caeb caaa c28a ba49 b24b ba8b baac ba4a ba6a ba8b c2ab baab cacb caeb c2cb baab baac ba8b bacc c30c c2cc c2cc c30d c2cd bacc ba8b bacd bacc bb0c bb2e c34e bb2d c32d c34e c34d c36f c32d bb0c bb6e bb6f bb0d bb2d bb2e c34d c36e c38f c3ae cb6e c36e c36d bb4d bb4e bb4d bb6f bb8e c36e c36e bb2d bb6e c3af c3f0 cc0f cbef cc30 cc31 cc70 d4b1 d470 c430 cc91 d511 d512 dd13 d4d1 ccf2 d574 d573 d511 d4d2 d4b1 d533 d595 d572 d532 d512 d4d1 dd33 dd94 d594 dd93 dd72 dd52 d532 d554 d575 dd95 ddb5 ddd3 e5b4 dd93 dd94 ddb5 ddd5 ddd4 e5b3 dd93 dd93 ddd5 ddd5 ddd5 ddf6 de16 e615 e5f5 e5f5 ddd5 ddd5 ddd5 ddf5 de16 e636 de15 ddf5 e616 e616 e636 e636 de16 cd95 bc51 b32d aa4b aa0a aa4a aa4b aa2a aa2a b24a b24a b22a b24a b24a b24a ba6a ba4a ba4a ba6a ba6b c28a c26a c26a ba6b ba8b c28a ba6a ba8b ba4a ba6a ba4a ba6b b26b b28c b24b b24a b24a b24b b24a ba4a aa4b aa2a aa4a aa0a aa0a b22a b24b ba6b ba6b c26b ca8b d2cc d2ec d34c db6c db6c e38d dbad dbcd e3cd e3ee e3cd e3cd dbcd e3ac dbce e3cd e3cd dbce dbad dbae db8d dbae dbae db8d d36d d38d d34d d36d d38d d3ae d36d d34c d38d d36d d34c d36c db6d db4c db6d db8d dbad dbcd dbee e3ed e3ac dbac db8d dbad db8c db6c db6c db8c db8c db8c db8c dbac db8c db8c dbac db8c db8c dbac dbad dbac db8c db8c db8b db8c db6d db6c db6c db8b db8c db8c db8c db8d db8c db4b d38d db8c db8c db8d dbad db6c db8c dbac db8c db8d db8c e3ad db6c db8c db8c db8c db8c dbac db8c dbad dbad dbad dbad dbee dbee dbcd dbcd dbee ec4e fd4f fdf0 fe51 fe10 fd8f e46c baa9 8127 58a7 5067 5088 50a8 5088 5088 50a8 50a7 5087 50a7 5087 5087 5087 58a7 58c7 58c8 60c7 60e7 60a7 60a7 60c7 60c8 60a7 58e8 60c8 60e8 60c8 60e8 60e8 5887 5888 58a8 58a7 58c8 58c8 60c8 60c8 60e8 6908 60e8 60e8 60e9 58c8 58a8 5887 58a8 58a8 58a7 58a7 58a8 60c7 6108 6908 6929 6949 6908 60e8 5086 4826 3826 4026 4046 4846 
ec8f ec8f ecaf ecce ecae f48e ec6d ec2d ec2c e42c ebec e3ec e3ac e34b db0a d2a9 caaa ba29 a9a8 9968 9148 9148 9128 9168 99a9 b229 c289 cac9 cb0b d30b db4a db8b e3ab e3ec e44d ec6d ec6c ec6e ec6d ecad ec8e ec8e ec4d ec4e ec4c ec6d ec6f ec4d ec4e ec6d ec6d ec4e ec2d ec0c e40d e3cb e36a db4b db2b db0a d2ca c28a ba4a a9e9 a188 99a8 9148 8928 8908 9168 9168 9189 99a9 99e9 99a9 a1a9 a1ea 99aa a1c9 a20a a1ea aa0a aa4a aa2a aa2b b22a aa2a aa2a aa0a aa2a aa0a aa29 aa09 aa2a aa0a aa09 aa2a aa2a aa2a aa29 aa4a aa4a b22a b24a b24a b24a b24a b26b ba4a ba4a ba8b ba6a c28a c28b c28a c28b c249 c26a c28a c26a c28a c28b c2aa c28a c2ab c2ab c2aa c2aa c2ab c28a c2ab c2ab c2ab c2ab c28b caaa cacb cacb caeb caeb cacb cacb caec cb2b d2eb caaa cacb d2aa d2cb d2eb d2cb d2cb d2eb cacb caec caeb caaa c28a ba49 b24b ba8b baac ba4a ba6a ba8b c2ab baab cacb caeb c2cb baab baac ba8b bacc c30c c2cc c2cc c30d c2cd bacc ba8b bacd bacc bb0c bb2e c34e bb2d c32d c34e c34d c36f c32d bb0c bb6e bb6f bb0d bb2d bb2e c34d c36e c38f c3ae cb6e c36e c36d bb4d bb4e bb4d bb6f bb8e c36e c36e bb2d bb6e c3af c3f0 cc0f cbef cc30 cc31 cc70 d4b1 d470 c430 cc91 d511 d512 dd13 d4d1 ccf2 d574 d573 d511 d4d2 d4b1 d533 d595 d572 d532 d512 d4d1 dd33 dd94 d594 dd93 dd72 dd52 d532 d554 d575 dd95 ddb5 ddd3 e5b4 dd93 dd94 ddb5 ddd5 ddd4 e5b3 dd93 dd93 ddd5 ddd5 ddd5 ddf6 de16 e615 e5f5 e5f5 ddd5 ddd5 ddd5 ddf5 de16 e636 de15 ddf5 e616 e616 e636 e636 de16 cd95 bc51 b32d aa4b aa0a aa4a aa4b aa2a aa2a b24a b24a b22a b24a b24a b24a ba6a ba4a ba4a ba6a ba6b c28a c26a c26a ba6b ba8b c28a ba6a ba8b ba4a ba6a ba4a ba6b b26b b28c b24b b24a b24a b24b b24a ba4a aa4b aa2a aa4a aa0a aa0a b22a b24b ba6b ba6b c26b ca8b d2cc d2ec d34c db6c db6c e38d dbad dbcd e3cd e3ee e3cd e3cd dbcd e3ac dbce e3cd e3cd dbce dbad dbae db8d dbae dbae db8d d36d d38d d34d d36d d38d d3ae d36d d34c d38d d36d d34c d36c db6d db4c db6d db8d dbad dbcd dbee e3ed e3ac dbac db8d dbad db8c db6c db6c db8c db8c db8c db8c dbac db8c db8c dbac db8c db8c dbac dbad dbac db8c db8c db8b db8c db6d db6c db6c db8b db8c db8c db8c db8d db8c db4b d38d db8c db8c db8d dbad db6c db8c dbac db8c db8d db8c e3ad db6c db8c db8c db8c db8c dbac db8c dbad dbad dbad dbad dbee dbee dbcd dbcd dbee ec4e fd4f fdf0 fe51 fe10 fd8f e46c baa9 8127 58a7 5067 5088 50a8 5088 5088 50a8 50a7 5087 50a7 5087 5087 5087 58a7 58c7 58c8 60c7 60e7 60a7 60a7 60c7 60c8 60a7 58e8 60c8 60e8 60c8 60e8 60e8 5887 5888 58a8 58a7 58c8 58c8 60c8 60c8 60e8 6908 60e8 60e8 60e9 58c8 58a8 5887 58a8 58a8 58a7 58a7 58a8 60c7 6108 6908 6929 6949 6908 60e8 5086 4826 3826 4026 4046 4846 
ecaf ecaf ec8e ec8d ecae ec8d ec6d ec4d ec2d e40d ebab e3ab e36b db4a d30b ca89 ba49 a9e9 9968 9147 8948 8948 9168 99a9 a9c9 b229 c28a caa9 d30b d32b db6b e38b e3ac e3ec e42c ec6c ec6d ec6d ec8d ec8d ec8e ec6e ec4e ec4d ec4d ec6d ec8e ec4d ec4e ec6c ec6d ec4e e42e e3ec e3ec e3ab e38a db4b db4b db0a d2ca c289 ba49 a9e8 9968 9168 9148 8928 8928 8948 9188 91a9 99a9 99c9 a1a9 a1a8 a1ca 99ca a1ea a20a aa2a aa4b aa4b a22a a20b aa4a aa4a aa6b aa0a aa29 aa2a aa4a aa09 aa2a aa0a aa0a aa2a aa29 aa2a aa2a aa09 aa4a b209 b20a b24a b24a b24a ba4a ba4a ba4a ba6a ba6a c26a c2ab c2aa c2ab ba4a ba4a ba6a c26a c28a c28b c2ab c26b c2ab c2aa c2ab c2ab c2cb c28a c2ab c2aa c2ab c28a caab caab cacc caaa c2ab caaa caeb cacb caab cacb d2eb d2aa cacb caaa caab d2cb d2aa d2cb caca d2eb d3ee d34b ba6a b24a ba4a ba8b ba8a ba8b ba6a ba6b c2cb c2ab c2ac c2ab c2ab ba8b ba8a bacd bacc baec baec baab bacc c30d c2ec baec bb0d baed baed baec bb0d c30c c34d c38e c38e c36d c36e bb2d baed c34e c36e bb4e bb4e bb8f c36e cbaf cb8e c36e c34e c32e c2ec c2ec bb2d bb8f c3cf c3af bb6e bb2e b32e c3cf cbf0 cbaf cb8e cc10 cc51 cbef d410 cc71 cc90 ccd1 d4d1 d470 d4d1 d4f2 d513 d532 dd11 d4b1 d4d2 cd12 d574 d593 d531 d4f1 d513 cd13 cd34 ddb5 dd73 dd32 d4f1 d513 d534 d574 ddb5 ddf5 ddd4 dd93 dd53 ddb5 ddd5 ddf5 ddf4 e5b3 dd93 dd74 ddb5 ddd5 ddf5 e615 e5f4 e5f4 e5d4 ddb5 ddd5 ddf5 de16 de16 ddf5 ddd3 ddd4 ddb5 ddd5 ddf6 de37 de37 e636 e616 e614 e635 ddf5 cd14 b3b0 a26b a20a a1e9 a209 aa0a aa2a aa2a aa4a b229 b22a b26a b24a b24a ba6a ba6a ba8b ba6a c28a baab ba6a ba8b ba8b ba6b ba6b ba6a ba8b b24b ba6a b24a b26b b22b b24a b24b b24b ba6a ba6b aa6b b24b aa6b aa2a a9e9 b209 b24a b22a ba6b c26b caab d2cb d2cb d32c db4d db6c e38d dbad e3cd e3ce e3ee e3cd e3ce e3ed e3cd e3cd e3cd e3cd dbee dbce dbce dbad dbce db8e db8c db8d db4c d34d d34d d34d d34d d34c d34c d34d d34d d32c d32c d34d d36c d36c d36d dbad dbcd dbcd dbcd dbad dbad dbad e38c db8c db6c db8c db8c db6b db6b e38c db8d db6c db6c dbac db8d dbac db8b dbad dbac db6b db8c db6c db8b db6d db8d db8c db8c db6c db6c db6c db8c d38d db6c dbad db8d db8c db8c db8d db8c db8c dbac db8c db6c db8c e3ac e3ac dbad dbad dbad dbad dbad dbcd dbad dbad dbac dbad dbee dbce e3ed dbed e3cd e40d f4ef fd6f f56e ec8d d34a a1c8 68e7 5087 50a7 5087 58a8 58c8 50a7 5087 5887 5087 5087 5087 58a7 58c8 58a7 5887 58c7 60a7 5887 60a7 60a7 60c7 58c7 60a7 60e8 6108 60c8 60c7 60c7 60c7 58a8 5887 5888 58a8 58c8 6129 60e8 60e8 60e8 60c8 60c7 60c8 58a8 58c8 58c8 50a7 5087 58c8 58c8 58c7 58a8 60a7 68e8 6949 7149 718a 7149 6128 58a7 4866 4026 3805 4026 4846 60c7 
ecaf ecaf ecae ecae ec8d ec8d ec4c ec2c ec0d e3ec e3ab e38b db4b d30a caea c28a b209 a1a8 9188 9148 8948 9127 9968 99c8 a9e9 b209 ba6a caaa d2ea db2b db6b e38b e3cd e3ed e42d ec2d ec6e ec6d ec6d ecae ecae ec6e ec6e ec6e ec6e ec6d ec6e ec4d ec2d ec4d ec2c ec2d e44e ec0c e3ec e3cb e38b e34b db4b db0a d2a9 ca89 ba29 a9e9 9988 9148 8968 8948 8927 8948 9168 91a8 99a9 99a9 99e9 99c9 99c9 a20a a1e9 a9ea aa2b aa0a aa0a a22b a20a a20a a26b aa8c a22b aa09 b209 aa09 a9e9 a9e9 a9e9 aa2a aa29 aa09 aa2a aa29 a9e9 aa09 aa09 b229 b229 b24a b24a ba6a ba6b b26b ba49 ba6a ba8b ba8a c26b ba6b c26a c2cc baab ba8a c28a c2ab c2aa c26b c28a c2cb c28a c28a c2cb caaa c2aa c2ab c28a c2aa d2aa caab caab cacb caab ca8a cacb cacb caca d2ab d2cb d2ca caaa cacb caab ca8b ca8a d2aa d2cb db8e e3ac caca ba4a ba8a ba8b ba6b c269 c2ab bacb c2ab c2cb ba8b baab ba6a b26a b26a ba6b bacd c2ab c2ab b2ac baac baec c2ec baec c2cc c30c c32d c32d baec bacc bb0d c38e c32d c2ec c30c c34d bb2d b32e c36d c38e bb2d c32c c38e cb6e cb8e cbae c38d c34d bb0e baed bb2d bb6f c3af cbaf cb6e c3af c3ef c3ae cbce cbaf c3cf c410 c40f c3af c38f cc50 d491 d450 d450 cc91 d4b1 d512 d4d1 d490 d491 d4f3 d512 d4f2 d4f1 d4f0 d4f2 d534 d554 d594 dd94 dd93 dd72 d533 d514 d554 d5b4 ddd4 ddd4 ddb4 dd73 dd94 ddb5 ddd5 ddd5 e5f4 ddb4 dd93 dd95 ddb5 e5d5 ddf5 e5b3 e5b4 e5d5 ddd5 ddd5 ddf6 ddf5 ddf5 e5f4 ddf4 ddd5 ddb5 ddb5 ddf6 ddf6 de16 ddf6 de16 e636 e616 de16 e616 e636 e635 e636 d574 bc50 ab0e a22a a1a8 99e9 99e9 a209 a209 a1e9 aa09 b229 b229 b22a b24a b24a b24a b28b baab ba8b ba4a ba6a ba8b ba8a ba4b b26a b24b b24b b22a aa4a b24a ba4b b24b b28c ba8b ba6a b24a b24a b22a b22a b22a b20a aa0a b24a b22b ba4b c26b c2ab cacc d30c d32d db6d db8d db8d db8d e3ac e3cd e3ee e3ed e3cd e3ed e3ed e3ed e3ee dbce dbcd e3ce dbad dbad db8d dbad db8d db8c db4c d34c d32c d32d d32c cb4d cb2c cb2d cb0c d30b d30c d30c d32c d34c d34d d36c db8d dbae dbcd dbce dbad dbac dbad db8c db8c db8c e36c db6c db6b e36c db8d db6c db8d db8d dbad dbad db8c db8c db8c db6b db8c db6c db8c db8c e38c db8c db6b db6c db6c db6c db8c dbac db8c db8c db8d db8c db8c db8c db8c db8c dbad db8c db8c dbac e3ac dbac db8c db8d dbac dbcd e3ac dbcd dbcd dbad dbcc dbcd dbcd e3ed e40e e3ed e3ed ec2e ec2d e42c dbab ba69 8927 60a7 58a8 5087 5087 58a8 58a8 50c8 50a8 5087 5867 5887 58a8 58a7 58c8 58a7 60a8 58a7 58a7 60c7 60c8 60a7 60c7 60a7 60e8 60e8 68c8 60a7 68e8 68e8 60c7 60a7 5887 5067 5087 58a8 58c8 6929 6129 60e8 60a8 60a7 5887 58e8 50a8 5087 50a8 5087 5887 60e8 60e8 58c8 60e8 6929 7149 718a 716a 7149 60c8 58c7 5087 4046 4046 3826 4846 6928 926c 
ecaf ecaf ecae ec8f ec6d ec4d ec2c e40d ebed e3ab e38b db4b daea caca c289 b24a a1c8 9988 9188 9148 9148 9148 9168 99c8 aa2a b229 ba6a caaa d2ea db2b db4b e38b e3cc e3ec ec2d ec4c ec8d ec8d ecae ec8e ec8e ec8e ec8e ec6d ec6e ec6e ec4d ec4d ec4d ec4d ec4d ec2c ec2d ec0d ebec e3ab e3ab db4b db4b d30a d2ca caca ba69 a1c9 9988 9128 9168 8948 8928 9147 9169 9188 99a9 a1c9 a188 a1c8 a1e9 a20a a1e9 a9ea aa0a a1ea aa0a a20a a22a a9e9 aa0a aa2a a22a aa0a aa4a aa2a aa0a a9c9 aa09 aa29 aa09 a9e9 aa2a aa29 a9e9 aa29 b24a b22a b22a b24a b24a b24a b24a b26a ba4a b26a baab ba6a ba6b ba6a c28a ba8b baab c2ab ba6a c28a c28a c28b c26a c28a c2aa c2aa caaa caec caaa c2ab caaa c2aa caaa cacb caaa caab caab caaa caca caeb cacb caab d2ca d2cb cacb caab caab caab ca8b d30b dc50 dcd0 d32b c26a ba4b b26a baab ba8a c28a c28a c28a c269 ba6a ba6b ba6a ba4a ba4a b28a ba8b b28c ba8b baac baac bacb c30d bb0d c30d c32d bb2d bb0c c2ab baec c34d cb6d c34d bacc ba8b baeb c36e c34d c36d c38e c36e bb6f c32c c38e c36e cb6e c32c bacc bb0d c36e bb4e c3ae c3d0 bb4e c30d cbae cbee cb8e bb2e c38f cc10 c3cf c38e bbb0 c411 cc30 cc30 cbef c410 cc72 ccd1 cc70 cc51 cc50 cc92 d4f2 d4d1 dcd1 d491 cc72 ccf3 d574 dd93 dd51 dd33 dd54 d532 d553 dd94 ddb3 ddb3 dd74 e552 ddb4 ddb5 ddb4 ddd5 e5d4 e5b4 dd73 dd74 ddb5 ddd5 e5f5 e5f5 e5b3 ddb4 ddb5 ddf6 ddf6 ddf5 e5f5 e5f5 e5d4 ddd5 ddb5 ddb4 ddf5 de15 de16 e615 e615 ddf5 ddd6 ddf6 de16 e616 e636 e615 e615 e615 e615 e614 ddf5 cd56 b36e 9a4a 9a2a 9a2a 9a2a 9a09 99c8 a1c9 a209 aa09 aa2a aa09 b22a b24a aa4a b28b b26b ba4a b24a b26a ba8a ba6b ba6a b26b b22a b22a aa2b b24b ba4b b24b aa2b ba4a b28b b22a ba2a aa2b b22a b20a a9ea aa2b aa0b b22a ba4a ba6b c28b cacc d30c d32d db8d db8d e3ad e3ad e3cd e3ed e3ed e3cd e3ee e40e e3ee e3ed e40e e3cd e3ed dbce e3ad dbad e3ad dbad dbad d38d db4c d32b d32d d32c cb2c cb2c cb2c cb0c caeb caeb cb0c caec cb0c d32c d32c d36d db8d dbae dbce dbee dbcd dbcd dbad db8c db8c db8c db8c db8c e36b db8b dbac e3ad db8c e38c e3ab e3ad dbad dbac dbad db6b db6c db6c db8c db8c db8c db8c db6b db6c db8c db8c db6b db6c dbad dbac db8c dbad db8d db8c db8c db8c dbad db8d dbac dbac dbce db8c db6c dbad dbcd dbad e3cd e3ac dbcc dbad e3cc dbcd e3ad e40d e40d e3ed ec0d e40d db8c caea a1e9 7928 60a7 58a8 58a8 50c8 58a8 58a8 5067 5067 58a7 50a7 5087 5087 58a7 5887 58a7 58a8 60a8 68e7 6108 6928 60e8 60c7 60c7 60a7 68a7 60a7 60a7 6087 6087 58a7 5887 5867 5067 5067 58a7 58c8 60e8 60e8 6908 60e8 60e8 60e8 58e8 5909 58c8 50c8 58c8 58c8 58c8 60c8 60e8 60e8 6908 7149 7149 6949 6929 60c8 5066 4846 4846 4026 4047 48a7 7169 a2ac c38f 
ecaf ecaf ecae ec8f ec6d ec4d ec2c e40d ebed e3ab e38b db4b daea caca c289 b24a a1c8 9988 9188 9148 9148 9148 9168 99c8 aa2a b229 ba6a caaa d2ea db2b db4b e38b e3cc e3ec ec2d ec4c ec8d ec8d ecae ec8e ec8e ec8e ec8e ec6d ec6e ec6e ec4d ec4d ec4d ec4d ec4d ec2c ec2d ec0d ebec e3ab e3ab db4b db4b d30a d2ca caca ba69 a1c9 9988 9128 9168 8948 8928 9147 9169 9188 99a9 a1c9 a188 a1c8 a1e9 a20a a1e9 a9ea aa0a a1ea aa0a a20a a22a a9e9 aa0a aa2a a22a aa0a aa4a aa2a aa0a a9c9 aa09 aa29 aa09 a9e9 aa2a aa29 a9e9 aa29 b24a b22a b22a b24a b24a b24a b24a b26a ba4a b26a baab ba6a ba6b ba6a c28a ba8b baab c2ab ba6a c28a c28a c28b c26a c28a c2aa c2aa caaa caec caaa c2ab caaa c2aa caaa cacb caaa caab caab caaa caca caeb cacb caab d2ca d2cb cacb caab caab caab ca8b d30b dc50 dcd0 d32b c26a ba4b b26a baab ba8a c28a c28a c28a c269 ba6a ba6b ba6a ba4a ba4a b28a ba8b b28c ba8b baac baac bacb c30d bb0d c30d c32d bb2d bb0c c2ab baec c34d cb6d c34d bacc ba8b baeb c36e c34d c36d c38e c36e bb6f c32c c38e c36e cb6e c32c bacc bb0d c36e bb4e c3ae c3d0 bb4e c30d cbae cbee cb8e bb2e c38f cc10 c3cf c38e bbb0 c411 cc30 cc30 cbef c410 cc72 ccd1 cc70 cc51 cc50 cc92 d4f2 d4d1 dcd1 d491 cc72 ccf3 d574 dd93 dd51 dd33 dd54 d532 d553 dd94 ddb3 ddb3 dd74 e552 ddb4 ddb5 ddb4 ddd5 e5d4 e5b4 dd73 dd74 ddb5 ddd5 e5f5 e5f5 e5b3 ddb4 ddb5 ddf6 ddf6 ddf5 e5f5 e5f5 e5d4 ddd5 ddb5 ddb4 ddf5 de15 de16 e615 e615 ddf5 ddd6 ddf6 de16 e616 e636 e615 e615 e615 e615 e614 ddf5 cd56 b36e 9a4a 9a2a 9a2a 9a2a 9a09 99c8 a1c9 a209 aa09 aa2a aa09 b22a b24a aa4a b28b b26b ba4a b24a b26a ba8a ba6b ba6a b26b b22a b22a aa2b b24b ba4b b24b aa2b ba4a b28b b22a ba2a aa2b b22a b20a a9ea aa2b aa0b b22a ba4a ba6b c28b cacc d30c d32d db8d db8d e3ad e3ad e3cd e3ed e3ed e3cd e3ee e40e e3ee e3ed e40e e3cd e3ed dbce e3ad dbad e3ad dbad dbad d38d db4c d32b d32d d32c cb2c cb2c cb2c cb0c caeb caeb cb0c caec cb0c d32c d32c d36d db8d dbae dbce dbee dbcd dbcd dbad db8c db8c db8c db8c db8c e36b db8b dbac e3ad db8c e38c e3ab e3ad dbad dbac dbad db6b db6c db6c db8c db8c db8c db8c db6b db6c db8c db8c db6b db6c dbad dbac db8c dbad db8d db8c db8c db8c dbad db8d dbac dbac dbce db8c db6c dbad dbcd dbad e3cd e3ac dbcc dbad e3cc dbcd e3ad e40d e40d e3ed ec0d e40d db8c caea a1e9 7928 60a7 58a8 58a8 50c8 58a8 58a8 5067 5067 58a7 50a7 5087 5087 58a7 5887 58a7 58a8 60a8 68e7 6108 6928 60e8 60c7 60c7 60a7 68a7 60a7 60a7 6087 6087 58a7 5887 5867 5067 5067 58a7 58c8 60e8 60e8 6908 60e8 60e8 60e8 58e8 5909 58c8 50c8 58c8 58c8 58c8 60c8 60e8 60e8 6908 7149 7149 6949 6929 60c8 5066 4846 4846 4026 4047 48a7 7169 a2ac c38f 
ecaf ecae ec8d ec6e ec4d ec4d ec0d e40d e3ed e38b e36c d32b d2ca ca8a ba49 a9c8 a188 9147 9168 9169 9147 9168 9988 99a8 a1e9 b22a c2ab caca d2ea db4b db4b db8b e3ed e40c e44d ec4c ec6d ec6d ec8d ec8d ec6e e48e ec6e ec6e ec8e ec6e ec4d ec6d ec4d ec6e ec6d ec2c ec2d e40c ebcc e3cb e38b e38b db4b daea caca c28a ba29 a9e9 a188 9148 8948 8928 8948 9168 9189 9988 9988 99c9 a1ea a1c9 a1ea a9ea a1e9 a209 aa0a aa2a aa0a a9e9 aa09 aa2a aa4a aa2a aa2a aa0a aa4a b22a aa2a a20a aa2a b22a aa2a a9ea aa0a aa09 aa2a aa29 aa2a b20a b22a ba4a b22a b22a b26a ba6a b26a ba2a ba8b ba6a ba6a ba8a c28a ba6b c28b c26b c24a c28a c26a c28a c2ab c2aa c2aa c2cb caab caab caaa c28a caaa c2ab caaa ca8a c2cb cacb cacb cacb caca cacb cacb d2cb d2ca d2aa d2ca caab caab caab d2cb dbcd f5b0 eccd caaa c24a c26b ba6a ba8a baaa c28a c26a ba8a b26a ba6a ba4a b22a b28b ba8b ba8a ba8b baac bacb c2ab baab bacb bb0c baec c32d c32d c2ec b2ab baec bb4d c34c c30c c30c bacc baec bb0c c32d c30c c32d c38e c32d c32d c34d c3ce cb8e c34d bb6f bb8f c34d cb8e cbaf c3af c38e bb4e c36e cb8d c34e c34e c3af c3ef c38e bb4e bbb0 c451 cc50 cbcf c3af c40f cc70 cc4f cc2f cc30 ccb1 ccf2 cc90 cc30 cc51 ccb2 d4f2 d553 dd72 dd53 d514 d4d1 d533 d574 dd94 dd94 dd33 dd12 dd74 dd94 dd94 ddb4 ddd3 ddd4 ddb4 dd94 ddb5 ddb5 ddd5 ddd4 dd93 ddb3 ddb5 ddb5 ddf6 e616 e615 e5f5 e5b4 dd93 ddd5 ddf5 ddf5 ddf5 ddd4 ddb3 ddd4 ddd5 ddd5 ddf6 ddf6 ddf5 ddf5 ddd5 dd93 dd74 d574 d595 ddd7 de17 de37 e678 e678 cd76 b4b4 b493 ac72 ac12 ab70 9a6b 99c9 99c9 a1e9 a1e9 aa09 aa2b b22a b24a b26b b26b ba4a b26b ba8b b24b ba4a b24a b24a ba4a b26b b24a b22a b22a b22a b22a b22a b26b b22a aa2a aa2a aa0a aa0a aa0a aa0a b22b b24b ba6a ba6c c26b cacb d30d d34d dbae dbce e3ae e3ad e3ee e3ed e3ed e3cd e3ee e40e e40e ec0d e40e e3ed e3ee dbce dbad e3ad e3cd dbcd dbad d38d db6c d34c d30c d30c cb0c caec cacc c30c c2cc c2aa c2cb cacc caec d30c d30d d36d db6c db8c db8d dbcd dbcd dbce db8d e3ac dbac dbac db6c db6b db6c db8c e38c e3ac e38c e3ad e3ab e3cd e3ac e3ab dbac db6b db4b db6c db8c db8b db8c db8c db6b db6c db6c dbad db6c db6c db8c db8d db8c dbad db8b db8c dbad db8c dbac dbad dbad dbcd dbce dbad db8c dbac dbad dbac dbcd e3ac dbcc dbcd e3cc e3cd e3cd e3ee e3ed ec0d e3ec db8c cacb a1e9 7908 60a8 50a8 50a7 5087 5087 5087 58a7 5087 5087 58c8 5087 5067 5067 5067 5087 58a8 60c8 60c8 60e8 60e8 6108 60e8 60c7 60c8 60c8 60a7 60a7 60a7 6087 5887 5887 5887 5067 5867 5887 60a8 60c8 60c7 60c8 68e8 60e8 60e8 58c8 58e8 5887 58a8 58e8 58c8 58c8 60e8 60c8 6928 6128 6949 7149 7169 6929 60c7 58a7 4866 4846 4026 4846 58a8 798a a28c cb6d dc2f 
ec8f ec8f ec6d ec4e ec2d ec4d e40d e3ec e3cc e36b db4b daca caa9 ba4a b1e9 a188 9988 99c9 9189 91a9 9148 9168 9188 99a9 a1e9 b24a c28a caca d30a d32b db4a dbac e3cc ebec ec4c ec6d ec6d ec6c ec6d ec8e ec6c ec6d ec8e ec6e ec6d ec6e ec4e e44e ec2d ec6d ec2d ec2d ec2c ec0c e3ec e3cc e3ac e38b db2b daea caca c26a ba08 a9c9 a188 9148 8968 8948 8928 9168 9188 9968 9988 99a9 a1a9 99a8 a1ea aa0a a1e9 aa29 aa2b aa2a aa09 a209 a9ea a9e9 aa0a a9ea aa09 aa09 aa2a aa09 aa0a aa0a aa29 aa0a aa2a aa09 aa2a aa2a aa29 b229 b22a b229 b26a ba29 b229 b24a b24a b28a b26a b26a ba49 ba6b ba8a ba6a c28a c2aa c28b c2ab c26a c28b c28a c28a c28b c2ab c2eb c2cb c2ab caaa c2ab c28a c2ca c2ab c2ab c26a cacb caab caab cacb ca8a caab cacb caaa d2ca d2eb cacb caca d2ab ca8b d30c e42f ec6c db09 c24a c26a c28a c28a c2aa ba4a ba49 ba4a ba6a b22a b249 ba4a ba6b b28c ba6a baaa c2cb baab bacb bacb ba8b c2ab c2cc c30c c2ab baab baec bb0d c32c cb0c c2ec c2ec bb0c c2ec c32d c32d c34d bb6e c36d c30c bb0e bb2d c32c cb4d cb4d cb6e cbae cbae c38d cbae cb8d c38f c38e c34c c34e bb4e bb8f c38e c32c bb4e c36e cbef cc50 cbee cbce c3ef c40f d40f cbee c3ef cc70 ccb1 cc2f cc2f cc50 ccf2 cd53 d532 d4d1 d4d1 d512 d553 d573 dd52 d574 dd73 dd53 dd53 d574 d595 ddb4 ddb4 dd73 dd32 dd53 ddb5 ddd5 ddd5 e5d4 e5b3 e592 dd94 dd95 ddb5 ddd5 e5f5 e5f5 e5d5 e5b4 e5d5 ddd6 ddf6 ddf5 e5f5 e5f4 ddd4 ddb4 d5b4 ddd5 ddd6 ddf5 ddd4 dd94 d553 d533 d575 cdb6 cdb7 d5f8 d618 de59 de79 e699 e699 eeb9 e6da e6da deda deb9 d699 ce38 bcd3 ab2d a1e9 9989 99a9 a1e9 a9ea aa0a aa4a aa6b b24b ba4a ba4a b26b aa2a b26a b24a b24a b249 aa4b b20a b22a b24a b22a ba2a b24a b24b b24b aa2b aa2b aa2a aa2b a9ea aa0a b26b b26b ba6b baab c28c caec d32c d34d db8e db8e e3ad e3cd e3ee e3ed e40e e3ed e40d e3ed e3ee e40e e3ed e3ee e3ee e3ed dbce e3ce dbee e3cd dbad d38c db6c d34c d30b caec caec c2cc c2ac c2ac ba8b c2aa c2ab c2ab caab cb0c cb0c d32d db4c db6c db8d db8d dbcd dbcd e3ad e3ac dbac db8c e36c e38c db8c db8d e38c dbac e38c e3cd e3ac e3ce db8c dbac db8d db8b db6b db6d db6c db6b db6c db8c db8b db8c db6c db8c db8c db8d db8d db8d db8c db8c db8c db8c db8d dbac db8c dbad dbad db8d db8c db8d db8c dbac dbad dbac e3cd e3ac e3cd e3cc e3cc e3ed e40d e3ed e42e e40e dbac d2eb aa29 8128 6087 5888 5088 50a8 50a7 5088 5087 5067 58c8 58a7 5087 5087 5067 5867 58a8 58c8 60e8 60c7 60c7 60c8 60c8 60e7 60c7 68e8 68e8 68c7 60c7 68a7 6087 5867 5888 5887 58a7 58a8 5887 60e8 60e8 60e8 6908 6909 60c8 60c8 58c8 50c8 50a8 58a7 58c8 58c8 58a8 58c8 60e8 60e8 6929 7169 718a 6949 6108 58c7 5087 4867 4067 4047 4867 58e8 81aa a2cd c36e dbef e48f 
ec6e ec6e ec4d ec6e ec2d ec2d e3ed e3ac e38b db4b daea cacb c269 b1e9 99a9 9948 9188 922b 91a9 9988 9968 9148 9968 99c9 a9e9 b229 c28a caca d30b d32b db6b dbac e3ec e3ec ec2c ec4c ec4c ec6d ec6e ec6d ec8d ec8e ec8e ec6d ec6d ec6d ec4d ec6e ec4d ec2c ec2d ec4d ec2c ec2c e3ec e3ed e3ac e38b db4b d2ea d2a9 c28a b24a a9e9 a1a8 9968 8928 9148 9168 9168 9169 9988 99c9 99a9 9989 a1a9 a1c9 a1e9 a1ea a22a aa8c aa2b aa09 aa0a aa0a a9e9 aa0a a9e9 aa2a aa09 aa0a aa2a aa09 aa2b aa2a aa09 aa0a aa2a aa0a aa29 aa09 b22a aa4a aa49 b24a b209 b24a ba8a b26a b26a b28a b28b ba6a baab c2ab c26a c289 c28a c28b c28a ba6a ba8a c26a ba8b c28a c2aa c2ab c2ab c2aa c2ab caab c28a c2cb c2ab caab c2ab caab cacb caab caab ca8a ca8b cacb caaa cacb d2eb caab d2ab d2ab d2ca e3cc ec8e d32b c26a ba8a c2ab ba6a c249 ba6a ba2a ba69 ba4a ba4a b24a b24a ba69 ba6a b2ac ba8b c2ab baec baac ba8b baab b28c c2cb c2ab ba8a bacb bb2d c32c c2eb cb2d c30c c2cb c2cc baec c2cb c32d c34e c34d c32c bb0d c34d bb6d bb2d bb0d c32d cb6d cb6d c38e c36e bb4d c34e c38e c38e c30c bb2d c3af c40f c3cf c34e b32e bb8e c3ce cbf0 cbcf cb8e cc10 cbce cbae cbd0 cc30 cc4f cc50 cc70 c411 cc91 ccf2 d511 d4d1 d4b1 d4f3 d533 d593 dd94 dd32 dd32 d554 d554 d574 ddb5 e5d4 dd73 dd11 dd32 d554 d595 ddb5 ddb3 dd92 dd72 dd94 dd74 d574 ddb5 de15 e5f5 dd73 dd53 ddb5 ddd6 ddd6 e616 e5f5 e5d4 ddb4 ddb4 ddb4 ddd5 ddd5 d5d4 ddb3 d594 d594 d554 d575 cd96 d5f8 de38 de58 e678 e698 e699 ee98 eeb8 eeb9 eeb9 eed9 f6f9 f71a f71a f71a f71a f719 e6b8 cd75 ab2d 99a9 99a9 99c9 a1c9 a1e9 aa09 aa4a b26a b24a b22a b24a aa6b b26a aa4a aa2a b22a aa0a aa0a b22a b22a b24b b24a b24a aa4b aa0a b22a aa2a aa4b aa0b a9ea b22a b22b b22b ba4b ba6b c2ac d30d d2ec d34d db8d db6d e3ad e3ad e3cd e3cc e40e e40e e3ed e40d e3ed e40e e3ed e3ee e3ee e3ee e3cc e3ed e3ee e3ce dbcd dbac db6c d34d d30b caec cacb c2ab c28b ba4a ba4a ba6b ba8b ba8b ba8b c2ab caeb d2eb d32c d36d db8d db8c dbad dbcd e3ad e3ad dbad db8c db8d db8c db8c dbad db8c db8c e38c e3ac e3ad dbcd dbad db8c e38c db6b db6c db6c db6c db8c db8d db8c db6b db8b db8c db6b db8c db8d db8c dbac dbad db8c db8c db8d db6b db6c db8c dbad dbac db8c db8b db8c dbad dbcd dbad dbad e3cd e3cd e3ee e3ed e3ee e3ce e40d ec0d e3ed dbac d2eb b209 8148 60c8 50a8 5088 5087 5887 58c8 58c8 5087 5067 5067 5887 58a8 5087 5067 5867 60a8 60c8 60c8 60a8 60c7 68c8 60e8 60e8 60e8 60c7 60a7 60a7 6087 6087 5887 5887 5887 50a7 58c7 58a7 60e8 6908 60c8 6108 6108 60c8 58c8 58c8 50a8 58c8 58c8 58c8 60c8 58a7 58c8 6109 60e8 60e8 6969 79aa 71ab 6929 60e8 5087 4867 4887 4867 5088 60c8 81aa a2ac c34d d3ee dc4f e48f 
ec6e ec6e ec4d ec6e ec2d ec2d e3ed e3ac e38b db4b daea cacb c269 b1e9 99a9 9948 9188 922b 91a9 9988 9968 9148 9968 99c9 a9e9 b229 c28a caca d30b d32b db6b dbac e3ec e3ec ec2c ec4c ec4c ec6d ec6e ec6d ec8d ec8e ec8e ec6d ec6d ec6d ec4d ec6e ec4d ec2c ec2d ec4d ec2c ec2c e3ec e3ed e3ac e38b db4b d2ea d2a9 c28a b24a a9e9 a1a8 9968 8928 9148 9168 9168 9169 9988 99c9 99a9 9989 a1a9 a1c9 a1e9 a1ea a22a aa8c aa2b aa09 aa0a aa0a a9e9 aa0a a9e9 aa2a aa09 aa0a aa2a aa09 aa2b aa2a aa09 aa0a aa2a aa0a aa29 aa09 b22a aa4a aa49 b24a b209 b24a ba8a b26a b26a b28a b28b ba6a baab c2ab c26a c289 c28a c28b c28a ba6a ba8a c26a ba8b c28a c2aa c2ab c2ab c2aa c2ab caab c28a c2cb c2ab caab c2ab caab cacb caab caab ca8a ca8b cacb caaa cacb d2eb caab d2ab d2ab d2ca e3cc ec8e d32b c26a ba8a c2ab ba6a c249 ba6a ba2a ba69 ba4a ba4a b24a b24a ba69 ba6a b2ac ba8b c2ab baec baac ba8b baab b28c c2cb c2ab ba8a bacb bb2d c32c c2eb cb2d c30c c2cb c2cc baec c2cb c32d c34e c34d c32c bb0d c34d bb6d bb2d bb0d c32d cb6d cb6d c38e c36e bb4d c34e c38e c38e c30c bb2d c3af c40f c3cf c34e b32e bb8e c3ce cbf0 cbcf cb8e cc10 cbce cbae cbd0 cc30 cc4f cc50 cc70 c411 cc91 ccf2 d511 d4d1 d4b1 d4f3 d533 d593 dd94 dd32 dd32 d554 d554 d574 ddb5 e5d4 dd73 dd11 dd32 d554 d595 ddb5 ddb3 dd92 dd72 dd94 dd74 d574 ddb5 de15 e5f5 dd73 dd53 ddb5 ddd6 ddd6 e616 e5f5 e5d4 ddb4 ddb4 ddb4 ddd5 ddd5 d5d4 ddb3 d594 d594 d554 d575 cd96 d5f8 de38 de58 e678 e698 e699 ee98 eeb8 eeb9 eeb9 eed9 f6f9 f71a f71a f71a f71a f719 e6b8 cd75 ab2d 99a9 99a9 99c9 a1c9 a1e9 aa09 aa4a b26a b24a b22a b24a aa6b b26a aa4a aa2a b22a aa0a aa0a b22a b22a b24b b24a b24a aa4b aa0a b22a aa2a aa4b aa0b a9ea b22a b22b b22b ba4b ba6b c2ac d30d d2ec d34d db8d db6d e3ad e3ad e3cd e3cc e40e e40e e3ed e40d e3ed e40e e3ed e3ee e3ee e3ee e3cc e3ed e3ee e3ce dbcd dbac db6c d34d d30b caec cacb c2ab c28b ba4a ba4a ba6b ba8b ba8b ba8b c2ab caeb d2eb d32c d36d db8d db8c dbad dbcd e3ad e3ad dbad db8c db8d db8c db8c dbad db8c db8c e38c e3ac e3ad dbcd dbad db8c e38c db6b db6c db6c db6c db8c db8d db8c db6b db8b db8c db6b db8c db8d db8c dbac dbad db8c db8c db8d db6b db6c db8c dbad dbac db8c db8b db8c dbad dbcd dbad dbad e3cd e3cd e3ee e3ed e3ee e3ce e40d ec0d e3ed dbac d2eb b209 8148 60c8 50a8 5088 5087 5887 58c8 58c8 5087 5067 5067 5887 58a8 5087 5067 5867 60a8 60c8 60c8 60a8 60c7 68c8 60e8 60e8 60e8 60c7 60a7 60a7 6087 6087 5887 5887 5887 50a7 58c7 58a7 60e8 6908 60c8 6108 6108 60c8 58c8 58c8 50a8 58c8 58c8 58c8 60c8 58a7 58c8 6109 60e8 60e8 6969 79aa 71ab 6929 60e8 5087 4867 4887 4867 5088 60c8 81aa a2ac c34d d3ee dc4f e48f 
ec6e ec6e ec2d ec2d ebed e3ec e3cc e38b db4b db2b d2ca c28a ba29 a1c8 9968 9168 91a9 9988 99a9 99c9 99a8 9988 9948 a189 a1e9 b22a c26a caca d2eb d32b db6c e3ac e3ac e40c e40d ec4c ec6d ec8d ec6e ec8e ec8d ec8e ec8e ec8d ec8e ec8e ec6e ec6d ec4d ec4d ec2d ec2c e44d ec0c e3ec e3cc e38b e38b db6b db0a d2a9 c28a b24a a9e9 a1a9 9168 8928 8948 8968 9189 9188 99a9 99c9 a1c9 99a9 a1a9 a1e9 a22a a22a aa2a aa6b aa0a a9e9 aa0a a9e9 aa0a aa2a aa2a aa4a aa09 a9e9 aa29 aa2a aa0a aa0a aa09 aa2a b22a b209 b209 b229 b22a b22a b22a b24b b22a b229 ba4a ba6b ba6b ba8b ba6a baab ba8a baab bacb baec c26a c269 c28a c28a c26a c28a c26a c2ab baab ba8b c26a cacb cacb caaa c2aa c2cc c2ab c28b cacb cacb caca caaa caab cacb c2ab caab caaa caab d2cb d2ab d2ab caeb daea e38b e36b caaa ba8b c289 ba8a ba6a ba4a b24a b24a b22a b229 b22a ba8b b26b ba49 ba6a bacd baac c2cb bacb baab ba8b baaa baab ba8a ba6a baab c30c c30c c2cc baeb c34e c2ec c2ab baed c32d c32c c34d c30c bb2e bb2d c32c c2ec baec c32c c32d c34d cb6d cb6e c36d bb0d c36f cb8d cb6d c32d bb4e c38e c36d cb6d c38f c38e c38e c38e c3af cbef cbef cbcf cbce cb8e cbef cc30 cbef cbaf cc31 ccb1 d4d2 d490 d471 d4b2 d4b2 d512 dd52 dd52 dd12 dd33 dd33 d574 ddd5 ddb4 ddb4 dd93 dd73 d533 d533 dd94 ddd4 e5b2 e593 dd53 dd33 dd54 ddb4 ddf4 ddf5 e5f5 e5d5 dd73 dd54 ddb5 de16 ddf6 e5f4 ddb3 dd94 dd94 ddb5 ddd5 ddb4 dd94 d573 d513 cd55 d596 d5f8 d5f8 de37 de58 e698 e698 ee98 ee78 ee78 ee98 ee98 ee98 ee98 ee98 ee98 eeb8 f6d9 f6fa f71a f71a f739 f719 e6d8 cd55 aaec 91a9 9989 9989 9189 a1c9 a20a aa0a aa2a aa4a aa4a aa4a b22a b229 aa09 b22a aa0a b22a b209 aa2a aa2a b22a b22a aa4a aa2a aa4b a22b aa0a a1ea aa0a b24a b22b b24b b26b b24c c2ac caeb d30c d34c db6c db8d dbad e3ad e3ad e3cd e40e e40d e40e e3ee e3ed e40d ec0e e3ed e3ed e3cd e3cc e3cd e3cd e3ee dbcd dbad db8c d34c d32c cacc caab c28a c26a b229 b209 b22a b24a b22a b22a ba6a caab cacb d2ec d32c db6d db6c db6d dbad e3ce e3cd dbce dbad e3ad e38b db8c db8d db8c e38c e38c e38c e38c e38c e38c e3ad db8c db8d db6c db6b db6c db8d db6c db8c db6c db8c db8c db6c db8d db8d db6c db8c db8c db8c db8c db8c db6b e36b e38c e38c dbad db8c e38c dbad e3ad e3ad e3ad dbad e3ad e3cd e3cd e3ce e40e e40d e40d ec0d dbac cb0b a9e9 7928 60e8 58a8 50c8 50a8 5088 5087 58a7 58a7 5887 5046 5067 58c7 58e8 5887 5887 5888 60a8 60c7 60c7 60c8 60c8 68a8 60c7 60c7 60c7 60a7 60a7 6087 5867 5866 58a7 5887 5887 5887 60c7 58a7 68e8 6908 68e8 60c7 60a7 60c8 58e9 50c8 50c8 50c8 58a7 58c8 58a8 58a7 58e8 6109 6929 714a 71cb 79eb 718b 6909 60c8 5087 4867 4887 58c8 6909 81ca 9a8c b36e cbef dc2e e46f e4af 
ec2c ec2d ec4e ec0c e3cc e3cc e38c db4c db2b d2ca ca89 ba4a aa09 99c9 9968 9968 91a9 9989 91a9 9988 99a8 99a9 9968 a1a9 a20a b24a c289 d2ea d30b db2b db8c e3ac e3cc e3ec e40d ec4d ec4d ec4c ec6d ec6d ec6d ec8e ec6d ec6d ec6d ec8e ec8e ec4d ec4d ec6c e44e ec4d e44d e40d e3ec e3cc e3ac db6b db4b dac9 d2a9 c269 ba29 a9c9 99a8 91a8 8968 8948 8108 8948 9188 9189 9989 9989 a1a9 a1c9 a1e9 a1e9 a1ea a9ea a9e9 a9e9 a9e9 a9ea aa0a a9e9 a9e9 aa2a aa2a aa2a aa2a aa2a a9e9 aa09 aa0a aa2a aa2a b24a b22a aa09 aa09 b22a b20a b22a aa4a ba49 b26a b24a ba49 b26b ba6a ba6a ba8a ba4a ba8a ba8b c2ab c28b ba6a ba8b c2ab c26a c2aa c2ab c2cb c2ab c2ab cacb cacc caab caaa caaa caec c2ec caab cacb c2cb c30b c2cb cacc c2ab c2aa caab ca8a caab d2eb d2cc d2cb d30b d36d db0b caaa caaa c28a ba49 ba4a ba4a ba49 ba6a b26b b24a b24a ba6b ba6a ba6b c24a c28a baac bacb c30c ba8a ba8b ba8b c28a ba8b baab c2ec caec caec c2ec c2ec c2ec baed bacc c2cb bb0c c32d c2cb baed bb4d bb4e bb0c bb0c bb0d c2ec bacb bb2d c36d cb2d c30e bb4e c36e cb4e c34d c34d cbce cbce c30c baed c34e c36e c32d c34e c3ae cc30 cbef cb6d cb8e cbce cbef cc30 cbef c410 cc72 ccd2 d450 cbcf cbef ccd2 d532 dd52 dd12 dcf1 d4f2 d533 dd94 ddd4 ddb3 dd93 dd53 dd13 dd12 dd94 ddb5 ddb4 dd73 dd52 dd32 d554 ddb5 ddd5 ddd4 e5b3 e593 e593 ddb5 dd95 ddb5 ddf5 e5d4 e5d3 ddb4 dd73 dd73 dd94 dd94 dd73 dd72 d555 cd55 cd95 d5d7 de38 e658 e678 e699 e678 e678 e657 ee97 eeb8 e699 e679 e678 e677 ee98 e698 e699 ee98 ee98 eeb8 eed9 eefa f71a f71a f719 f718 e697 c4d1 a26a 9188 8948 9189 99a9 a1e9 a209 aa2a aa2a aa4a aa4a aa2a aa09 aa4a b22a b22a aa0a aa2a aa2a aa2a aa2a b20a aa0a aa2a aa2a a24b a20a a22b a20b aa2b b22a b26b b28b ba8b ba8c caec d30c d32c db4b db8c dbad e3ad e3cd e3ee e3ed e3ed e3ee e40e e3ec e40d e3ed e3ee e3ed e3cd e3cd e3ed e3ee e3ee dbcd db8d db8c db4b db2b d2eb c2aa c26a b24a b209 a9e8 a9e9 a1c9 a1e9 a9ea aa2a ba8b c2ac caec d30b d32c d34d db6d db8e e3ae e3ed e3ad dbad e3ac e3ac db8c db6c db6c db8c e38c db8c e36b db8c e3ac e38c e38c db8c e36c e36c db8d db6d db6b e38c db8c db6d db8c db8c db8d dbad db8c db8c db8d dbad db8d db6c db8c db6b dbad db8d db8c e38c e38c dbad e38d e3ac e3cd e3ae e38c e3cd e3cd e3ed e40d ec0d e3cd db6b cb0b b22a 8128 5887 5088 50c8 50c8 50a8 50a7 50c8 50a7 5087 5887 5066 58a8 58e7 60c7 58a7 60a8 6087 60c8 6108 6108 60a7 60a7 60c7 68e8 60c7 60c7 60c8 60c7 58c7 58c8 58a7 5887 5867 5887 58c7 60e8 60c8 68e8 6908 68e8 58a8 5888 5087 58c8 58c8 50c8 50a7 5087 58a8 58a7 58c8 5908 6949 716a 79aa 7a0c 79eb 718a 6929 60c8 5067 5087 58c8 7169 8a2b a2ed bb8f cbcf d40e dc4e e48e e4af 
ec2d ec2d ec2e e3ed e3cc e3ac e36b db0a d2ea ca8a ba49 aa09 9988 9188 9188 9968 9988 9189 91a9 9988 99a9 9989 99a9 99c9 a20a b24a ba8a caeb d30b db2b db8c e3ac e3cc e3ec ec0c ec4d ec4c ec6d ec8e ec8d ec6d ec8d ec6d ec6e ec8e ec8e ec6d ec6d ec6d ec4d ec4d ec4d ec0d e40c ebec e3cc e3ac db4b db4b d2ea d2a9 ca89 ba09 a9a9 99a9 9188 9148 8948 8927 9148 9168 99a9 99a9 a1a9 a1c9 a1e9 a1ca a1c9 a9ea a20a a9e9 aa09 b209 aa4b aa6b a9e9 a9e9 a9e9 aa29 aa4a a229 aa2a aa09 aa2a aa2a aa2a aa09 aa2a aa2a aa0a aa29 aa4a b24a b24a b24a b24a b24a b24a b26b b26a b26a ba6a ba6a ba6a c26a ba6b c28a ba8b ba6a ba8a ba8a c28a c2ab c28b c2ab c28b cacb c2eb cacb c2ab c2ab c2cb c2cb c2cb caab caab c2cb c2aa c2ab ca8b caaa d2aa caca caab cacb d2ab d2eb cacb d32b d32c caca c28a c26a ba49 ba6b ba6a ba29 ba4a ba49 ba8b ba6a ba8b ba6c ba8b bacc c28b c2ab bacc c2ec bacb baab ba8b ba6a b2ac baec c30c c30d c2ab baab baed baec c2cc baec baab bacc c2cb bacc baec c32e c2eb bb0d bb2d c30c c2ec bacc bb2d c32d bb0c c34e c38f c34d c30c baed c36e cb4d c34d c32d c34d c3ae cb6d c30c c32d c3af cc0e cc0f cb4d cb2d c3ae cbae cb6d d3ce cbef d450 d470 d40f cc11 c472 ccd1 d4f1 d490 d4b1 d4d2 d513 d594 ddd5 e594 dd32 dcd1 d4f2 dd74 dd94 ddb4 ddb4 dd94 dd12 d513 d575 ddb5 ddb5 ddd4 dd93 dd53 dd54 d575 dd94 ddd5 ddf5 e5f4 e5b3 dd53 dd33 d553 d573 d573 d533 d554 d554 d5b5 de18 de38 de58 e698 e698 ee98 ee77 ee97 e678 e658 e658 e657 ee77 e698 e699 e678 e677 ee77 e698 ee98 eeb8 ee98 ee98 eeb7 eed8 eefa f6f9 f6f9 f718 f6d7 ddf6 bc51 a24a 8968 9169 99a9 99e9 99e9 a20a a22a aa2a aa2a aa2a aa2a aa6b aa2a aa0a aa2a aa2a aa29 aa2a aa2a aa2a aa2b aa0a aa2a aa2b a20a a1ea a1ea a1ea aa4b b24b b24b ba6b c26b caec cb2c d34d db4b db6d e3ad e3ac e3ad e3ed e3ed e3ed e3ee e3cd e3ec e40d ebed e3ee e3cd e3ee e3ed e3ee e3ee e3ee dbcd db8d db8c db8d d32d d2ec cacb c28a b229 a9c9 a1c8 99a9 99c9 9989 a1a8 a1c9 b22b ba4a c28b caeb d32d d34d d36d db8d e38d e3ad e3cd e3ad e3ad dbac db8c db8c db6b e36c db6c e38c e38c db8c e3ad e38c e38c db8c db8c db6c db8c db8d db6b db8d db8d db6b db8d db8d db6c dbac dbad db8d db6c dbad db8c db8d dbad db8d dbad dbad dbad dbad dbac e3ad e38d e3ad e3ce e3ad e38b e3ee e3ee e40e ec0d e3cd e38c caca aa09 8108 6088 5087 5087 50c8 50a8 5067 5887 58c7 5887 5087 5887 5867 60a8 58a7 6087 58a7 60c8 60a8 60e8 60e8 60e8 60c8 60a7 60c8 60c8 60e8 60c7 60c8 58a8 5887 50a8 58a7 5067 5867 60a7 60e8 6928 68e8 6908 6908 60c8 58a8 50a8 58a8 50a8 58c9 58a7 5887 5888 58c8 60c8 6109 6929 692a 79ab 79aa 79cb 71ab 6969 6109 58a7 5867 60e8 7169 924c ab0d bb8e cbef d3ef dc0e dc4f e46f e4ae 
ec2d ec2d ec2e e3ed e3cc e3ac e36b db0a d2ea ca8a ba49 aa09 9988 9188 9188 9968 9988 9189 91a9 9988 99a9 9989 99a9 99c9 a20a b24a ba8a caeb d30b db2b db8c e3ac e3cc e3ec ec0c ec4d ec4c ec6d ec8e ec8d ec6d ec8d ec6d ec6e ec8e ec8e ec6d ec6d ec6d ec4d ec4d ec4d ec0d e40c ebec e3cc e3ac db4b db4b d2ea d2a9 ca89 ba09 a9a9 99a9 9188 9148 8948 8927 9148 9168 99a9 99a9 a1a9 a1c9 a1e9 a1ca a1c9 a9ea a20a a9e9 aa09 b209 aa4b aa6b a9e9 a9e9 a9e9 aa29 aa4a a229 aa2a aa09 aa2a aa2a aa2a aa09 aa2a aa2a aa0a aa29 aa4a b24a b24a b24a b24a b24a b24a b26b b26a b26a ba6a ba6a ba6a c26a ba6b c28a ba8b ba6a ba8a ba8a c28a c2ab c28b c2ab c28b cacb c2eb cacb c2ab c2ab c2cb c2cb c2cb caab caab c2cb c2aa c2ab ca8b caaa d2aa caca caab cacb d2ab d2eb cacb d32b d32c caca c28a c26a ba49 ba6b ba6a ba29 ba4a ba49 ba8b ba6a ba8b ba6c ba8b bacc c28b c2ab bacc c2ec bacb baab ba8b ba6a b2ac baec c30c c30d c2ab baab baed baec c2cc baec baab bacc c2cb bacc baec c32e c2eb bb0d bb2d c30c c2ec bacc bb2d c32d bb0c c34e c38f c34d c30c baed c36e cb4d c34d c32d c34d c3ae cb6d c30c c32d c3af cc0e cc0f cb4d cb2d c3ae cbae cb6d d3ce cbef d450 d470 d40f cc11 c472 ccd1 d4f1 d490 d4b1 d4d2 d513 d594 ddd5 e594 dd32 dcd1 d4f2 dd74 dd94 ddb4 ddb4 dd94 dd12 d513 d575 ddb5 ddb5 ddd4 dd93 dd53 dd54 d575 dd94 ddd5 ddf5 e5f4 e5b3 dd53 dd33 d553 d573 d573 d533 d554 d554 d5b5 de18 de38 de58 e698 e698 ee98 ee77 ee97 e678 e658 e658 e657 ee77 e698 e699 e678 e677 ee77 e698 ee98 eeb8 ee98 ee98 eeb7 eed8 eefa f6f9 f6f9 f718 f6d7 ddf6 bc51 a24a 8968 9169 99a9 99e9 99e9 a20a a22a aa2a aa2a aa2a aa2a aa6b aa2a aa0a aa2a aa2a aa29 aa2a aa2a aa2a aa2b aa0a aa2a aa2b a20a a1ea a1ea a1ea aa4b b24b b24b ba6b c26b caec cb2c d34d db4b db6d e3ad e3ac e3ad e3ed e3ed e3ed e3ee e3cd e3ec e40d ebed e3ee e3cd e3ee e3ed e3ee e3ee e3ee dbcd db8d db8c db8d d32d d2ec cacb c28a b229 a9c9 a1c8 99a9 99c9 9989 a1a8 a1c9 b22b ba4a c28b caeb d32d d34d d36d db8d e38d e3ad e3cd e3ad e3ad dbac db8c db8c db6b e36c db6c e38c e38c db8c e3ad e38c e38c db8c db8c db6c db8c db8d db6b db8d db8d db6b db8d db8d db6c dbac dbad db8d db6c dbad db8c db8d dbad db8d dbad dbad dbad dbad dbac e3ad e38d e3ad e3ce e3ad e38b e3ee e3ee e40e ec0d e3cd e38c caca aa09 8108 6088 5087 5087 50c8 50a8 5067 5887 58c7 5887 5087 5887 5867 60a8 58a7 6087 58a7 60c8 60a8 60e8 60e8 60e8 60c8 60a7 60c8 60c8 60e8 60c7 60c8 58a8 5887 50a8 58a7 5067 5867 60a7 60e8 6928 68e8 6908 6908 60c8 58a8 50a8 58a8 50a8 58c9 58a7 5887 5888 58c8 60c8 6109 6929 692a 79ab 79aa 79cb 71ab 6969 6109 58a7 5867 60e8 7169 924c ab0d bb8e cbef d3ef dc0e dc4f e46f e4ae 
ec2e ec2e ebec e3ed e3cc e36b db2a daea d289 c26a b209 a1e9 9969 9168 9989 9969 9988 99c9 99a8 9988 9168 9989 99a9 99a8 a9e9 b249 ba8a caca d30b d32b db6b e3ac e3cc e3ec ec0c ec4c ec4c ec6d ec8d ec8d ec6e ec6d ec6e ec8e ec8e ec8d ec6d ec6d ec6e ec4e ec2d ec2e e42d ec0d e3cb e3ab e38b db4b db2b daca d28a c24a ba29 a9c9 9968 9968 9147 8948 8969 9148 9968 99a9 99a9 a1c8 a1c9 a1e9 a9ea a9ea a9e9 a9e9 a9e9 a9ea aa09 aa4b aa4b a9e9 aa2a aa29 aa2a aa09 a9e9 aa4a aa2a aa0a a9e9 aa09 a9e9 aa09 aa09 aa2b aa4a b22a b22a b229 b22a b24a b24a ba6a ba8a ba6a baab b24a c28a c28a c26a c26a ba6a ba8a ba8a c2aa c28a c26a c28a c28a c28a c2aa c2ca c2ab cacb caab caaa c2ab c2cc c2cc caab caab cacb caaa caab c2aa caca cacb caca caaa d2eb d2cb d2eb d30b d2ea caaa ca8a c26a ba4a ba49 b24a ba49 ba6a ba8a ba4a ba6b ba69 ba6b ba8b bacc bacc baab c2cc bacc bacc c2ab c28a b26b bacc c2ec c2ec c2eb c2ec ba8a ba8b c30d baeb c2cb baec baab baab baec bb0c c2eb ba8c b28b baec c32c c2ec bb2d bb2d c34d c30d c34e c3cf c34d bb2d bb2e c38e c36d c30c c32d c38e cb6d c32d c30d c34e c3ae cb8d cb6d c36e c38e cb8e c34d c34d cb4d d3ef cc0f c3ae c3ae cc30 d490 d4b0 d470 d470 d470 d4b1 d4f2 dd32 dd52 dd74 dd33 d533 d554 d594 ddb4 e5b4 dd51 dd33 d554 d554 ddd5 ddf6 e5d4 e573 dd32 d534 d574 ddb4 ddd5 ddf4 ddb3 dd72 d532 dd33 cd13 ccf3 ccd2 cd13 d575 d5b6 d5f7 d618 de57 ee77 ee78 ee98 ee98 e698 ee78 e657 e636 e677 e678 e678 e657 e657 e677 ee98 e678 e657 e657 ee56 ee77 ee98 ee98 ee98 ee98 eeb8 eed9 eefa eefa f6f9 eef8 e6d8 d637 bc72 9a4b 8969 9189 99a9 99a9 99c9 a1e9 a22a aa2a aa09 aa0a aa2a aa0a b20a aa2a aa2a aa0a a20a a20a a22a a22a aa0a aa2a a20b aa0a a1ea a1ca a1ea aa2b b24b b26b b28b ba8b caec d30c d34d db4c db6d e3ad e3ad e3ad e3cc e3ed e3ed e40d e3ed e3cc e3ed e3ed e3cd e3ed e3cd e3cd e3cd e3ee e3ee dbae dbad db8d db6d d34c d32c caeb c28b b24a a1c9 99a8 9169 9189 9189 9169 9969 a1a9 b22a ba6b c28a cb0c d30d d34d db4c db8d db8d dbad e3cf e38d db8c dbac dbad db8c e36b e38d e38c e38d e3ac e3ad e38c db8b db8c db6c db8c db6c db8d db6c db8d db8d db6c db8c db6c db6c db8d e36c db8c e38d db8d dbcd db8d db8c db8c dbac e38c db8d db8d e38c e38d e3ad e38c e3ad e3ad e3cd e3ee e3ee e40d e3ee db8c d30b b24a 8128 58c8 5887 50a8 5087 5087 5067 5067 5046 5046 5887 5887 5867 5887 5867 60a8 60a7 60a7 60c8 60c8 60c7 60c7 60e8 6108 60c7 60a7 60a7 60a7 60a7 60a7 5887 5867 50a7 58a7 5067 58a7 60a7 68e8 68e7 6908 60c7 60c8 58a7 5087 50a8 58e8 5887 58c8 58a7 58a8 58a8 60e8 6109 694a 694a 694a 718a 694a 718a 718a 6129 58c8 60a7 6909 79aa 9a6c ab2d bb6e cbce d3ee d40e d42e dc2f dc4e dc4e 
ebec ebec e3ec e3cc e38b db6c db0a caaa c26a b209 a1e9 99a9 9168 9168 99a9 9989 99a9 99a9 99a9 9988 9989 99a9 a1a9 a1c9 aa0a ba49 c28a caca d2ea d32b db6b e3ac e3cc e3ec e40c ec2c ec4d ec6d ec8c ec8e ec8d ec8d ec8d ec8e ec6d ec6d ec6e ec8d ec6e ec4d ec4e ec2d ec0c ebed e3eb e3ab e36b db6b db2b d2c9 ca6a c24a b289 aa49 a1a9 9989 9148 8948 8948 9148 9168 99a9 99a8 99c9 a1c9 a1c9 aa0a a9e9 aa09 a9e9 a9ea aa0a a20a aa0a aa2a a9c9 aa2a aa09 aa2a aa09 a9e9 aa0a aa4b aa6b aa4b aa2a aa2a aa0a aa0a aa4a aa09 b209 b22a b22a aa09 b209 b22a ba6a ba6a ba6a b28b ba6a c26a c2aa baab c26a ba8a c28a c26a c2ab baab c26b c28b c2cb c2ab c28a c2ab c2cb caab caab caca caaa c2ec c28b caaa caaa cacb caeb cacb caab caea caeb cacb caaa caaa cb0c d30b db2a d2ca c26a ba4a ba49 ba6b b249 b229 ba4a c269 ba6a ba6a ba6a ba6a ba8a baab c2ec bacc baab baac baac ba8b baac bacc c2ec c2ec c2cc bacb c28b c2ac bacc bacd c2cb baec baec baab ba8b baec baeb baac bacc b2ed baed bacc bb0d c34c c32d bb0d c34d cb4d cb6e cb4d c34e c3af cb8d cb4e c34d c38e cbcf cb6d c2ec bb2e c3ae cb8d cb4d c32d c3af c3af cb8e c34d c32d c3ae cbf0 d3ef cb8e c36e cc10 d4b1 d430 d3ef cc31 d491 d4f2 d4f1 dcf2 dcb1 dcf1 dd33 dd94 ddb3 e593 dd52 dd74 dd74 dd33 dd94 ddb5 ddf5 e5f4 e5b5 dd53 dd53 dd95 ddd5 ddd3 dd92 dd52 dd52 d513 ccd3 ccd2 d4f3 cd14 cd35 cd76 d5d7 de37 e678 e678 e698 e678 ee57 ee77 e678 e678 e677 e657 e657 e637 e657 e658 e678 e678 e657 e657 e657 e677 e678 e658 e637 e636 e656 ee77 ee98 ee99 eeb9 eeb8 eef9 eefa f6fa f6f8 f718 ef18 de57 bc52 920a 8988 9189 9188 99a9 99a9 99e9 99ea a9ea a9e9 a1e9 aa09 aa2a aa0a a9e9 aa0a aa0a aa09 a22a aa0a aa0a aa0a a20b aa0a aa0a a1ea a9ea b20a b26b b24b ba6b c2ab caed d2ec d30c db4d db6d e38d dbae e3cc e3ed e42e e40e e3ed e3ed e3cd e3cd e3ed e3cd e3cd e3cd e3ee e3ce e3ed e3cd e3ae db8d db8d db6c d34c cb0b caeb c28b b24a 99e9 91a9 8989 80e8 8128 8128 8928 9188 a1ca b24b c28b cacb cb0c d32c d32d d36d db8e db8d dbce dbac e38c e3cd e3ad dbad db6c e36c e38c e38d e3ac e3ac e3ad e38c dbad db8c db6c db8c dbac e36c dbad db6c db6b db8c db6c db6c db8d e38c e38c e38d e38c db6c db6c db8c db8b db8d e38d db8d dbad e3ad e3ac e3cd e3ad e3ad e3ad e3cd ebed ebed e3ed dbad d2ea aa4a 8169 60a7 58a8 5087 50a7 5066 5067 5046 5046 5847 5867 58a7 58c8 5887 5887 60c8 60e8 60e7 60c7 60c7 60c7 60c8 60e7 6087 60c7 60e8 60a7 60a7 60a7 58a7 58a8 5087 5087 58a7 58c8 5887 60a7 60c7 68e8 60c8 60c8 58c8 58a7 5887 5087 50a7 58a7 5887 58a7 58c8 58c8 60c8 60e9 6929 716a 718a 71ab 79ab 694a 6949 6929 6129 6929 7989 89eb 9a8d ab2e c38e cbce d40f cbee d3ee dc0e d3ee d42e dc4f 
ebcc ebcc e3cc e38c e36b db0a d2a9 c269 b209 a1c9 9968 9968 9988 99a9 a189 a1a9 99a9 a1c9 a1a9 99a9 99a9 9988 a1a9 a1c9 a1c9 b209 c26a ca8a d2ea d36b db8b e38b e3cc e3ed ec2c e42d ec4d ec8d ec8d ec6e ec6d ec8e ec8e ec8e ec8e ec6e ec6e ec6d ec6d ec6d ec4d ec6d ec0b e3ec e3ec e3ab e38b db6b db2b d2ea ca89 c26a b249 a229 a1c9 99a9 9189 8968 9189 9169 9189 99a8 99a8 a1a9 a1c9 a9c9 a1c9 a1e9 a1ea a1e9 a9e9 aa09 b209 aa09 aa09 b209 b209 a9e9 aa0a aa0a a9e9 aa2a aa6b aa6b b22a aa4a aa2a aa2a aa2a aa0a aa2a aa0a b22a b24a b22a b22a ba2a b24a b24a ba6a ba6a ba8a c26a ba8a ba8a ba8a c28a c28a c26a ca8a c2aa c28b c28a caab c26a c28a c2ab c2cb ca8a caab caaa caaa caeb caaa caaa caaa c2ab cacb caaa d2cb caec caea caeb cacb cacb d30c d30b caaa c28a ba2a b209 b22a b24a ba6a b24a ba4a ba6a ba2a ba6a ba6a ba8c ba6a c2ab c2cc c28b ba8b c2ab ba8c b2cd bb0d c2eb c30b c2cb bacb bacb bacc c2cb c2ec baec baeb bacb baec b2cc bacb bacb b28a b2ac bb2d c30d c32d c34d c32d c32d c30c c34d c32d cb0c c34e cb6e cbef cb6c cb2c c34d cb8d cb8e cb8d c32d c32d cbae cb6d c32d bb4e c38e cbef cb8e c34d c36e cbae d3cf cb8e cbaf cbef d42f d4b1 d44f d3ef cc30 d4b0 d4d2 d491 d471 d4b1 d4d2 dd73 ddd4 dd74 dcf1 dcb1 dcf1 dd74 dd94 ddb3 dd93 e5b4 dd93 dd73 ddb4 ddb5 ddd5 ddb4 dd11 dcd1 d4f1 d4b2 ccb2 ccd3 cd14 d535 d5b7 d5f8 de38 de37 e699 ee98 ee56 ee97 ee77 ee76 e656 e657 e656 e657 e657 e657 e657 e678 e678 e657 e657 e657 e657 e657 e637 e657 ee77 ee97 e678 e658 e637 e636 ee56 ee98 eeb9 e699 eeb8 eef9 eefa eeda f6d9 f6f8 eef8 d637 b3f1 922a 9188 8968 9189 9189 99a9 a1a9 a20a a1c9 a1c9 a20a a22a aa09 a9e9 a9ea a9ea aa0a aa4b aa2b a20a a20a a1eb a9ea aa0a a1ea a9ea b1e9 aa4a ba4b ba6b c26a cacb d2ec d30c db4d db4d db8d e3cd e3cd e3ed e42e e40d e3ed e3ee e3ed e3cd e3ed e3ee e3cd e40d e3ee e3ce e3cd e3ed dbce db8d db8d db6d d34c d2ec caeb c2ab b22a a209 9188 8107 70a7 78e7 70e8 70e7 8928 99a8 a20a ba6b c28b caec d30c d30c d34d db6d db8d dbad dbad e38d dbad dbac e3ad e36c e36c e36c e38c e38d db8c e3ad e3ac dbad db8c db6c db6c db8c db6c e38d db8d db8c db6c db6c db8d db8c db6c db8d e3ad e38c db8c db6c dbad db8d db6c db8c dbae e36c e38c e38d e3ad e3ae e3cd e3ed ebed ec0d ec0e e3ac d32c ba29 8128 6087 5067 5067 5046 5066 5087 5887 5066 5086 5846 5846 5887 5867 5887 6087 60e8 60c8 68c8 6909 60e7 6908 68e8 60e8 60c7 60e8 60e8 60e8 60c8 58a7 5887 5067 5047 5087 58a7 58c7 60c8 60c8 6908 6908 60c8 58a8 6088 5867 58a8 58c8 5887 58a8 58e8 6129 6169 614a 60e8 6929 692a 716a 71eb 7a0c 716b 696a 6909 60e9 6949 818a 922c a2cd ab2e bb8f cbae d40f d40e cbce cbee d3ee d3ee d3ee dc4f 
ebcc ebcc e3cc e38c e36b db0a d2a9 c269 b209 a1c9 9968 9968 9988 99a9 a189 a1a9 99a9 a1c9 a1a9 99a9 99a9 9988 a1a9 a1c9 a1c9 b209 c26a ca8a d2ea d36b db8b e38b e3cc e3ed ec2c e42d ec4d ec8d ec8d ec6e ec6d ec8e ec8e ec8e ec8e ec6e ec6e ec6d ec6d ec6d ec4d ec6d ec0b e3ec e3ec e3ab e38b db6b db2b d2ea ca89 c26a b249 a229 a1c9 99a9 9189 8968 9189 9169 9189 99a8 99a8 a1a9 a1c9 a9c9 a1c9 a1e9 a1ea a1e9 a9e9 aa09 b209 aa09 aa09 b209 b209 a9e9 aa0a aa0a a9e9 aa2a aa6b aa6b b22a aa4a aa2a aa2a aa2a aa0a aa2a aa0a b22a b24a b22a b22a ba2a b24a b24a ba6a ba6a ba8a c26a ba8a ba8a ba8a c28a c28a c26a ca8a c2aa c28b c28a caab c26a c28a c2ab c2cb ca8a caab caaa caaa caeb caaa caaa caaa c2ab cacb caaa d2cb caec caea caeb cacb cacb d30c d30b caaa c28a ba2a b209 b22a b24a ba6a b24a ba4a ba6a ba2a ba6a ba6a ba8c ba6a c2ab c2cc c28b ba8b c2ab ba8c b2cd bb0d c2eb c30b c2cb bacb bacb bacc c2cb c2ec baec baeb bacb baec b2cc bacb bacb b28a b2ac bb2d c30d c32d c34d c32d c32d c30c c34d c32d cb0c c34e cb6e cbef cb6c cb2c c34d cb8d cb8e cb8d c32d c32d cbae cb6d c32d bb4e c38e cbef cb8e c34d c36e cbae d3cf cb8e cbaf cbef d42f d4b1 d44f d3ef cc30 d4b0 d4d2 d491 d471 d4b1 d4d2 dd73 ddd4 dd74 dcf1 dcb1 dcf1 dd74 dd94 ddb3 dd93 e5b4 dd93 dd73 ddb4 ddb5 ddd5 ddb4 dd11 dcd1 d4f1 d4b2 ccb2 ccd3 cd14 d535 d5b7 d5f8 de38 de37 e699 ee98 ee56 ee97 ee77 ee76 e656 e657 e656 e657 e657 e657 e657 e678 e678 e657 e657 e657 e657 e657 e637 e657 ee77 ee97 e678 e658 e637 e636 ee56 ee98 eeb9 e699 eeb8 eef9 eefa eeda f6d9 f6f8 eef8 d637 b3f1 922a 9188 8968 9189 9189 99a9 a1a9 a20a a1c9 a1c9 a20a a22a aa09 a9e9 a9ea a9ea aa0a aa4b aa2b a20a a20a a1eb a9ea aa0a a1ea a9ea b1e9 aa4a ba4b ba6b c26a cacb d2ec d30c db4d db4d db8d e3cd e3cd e3ed e42e e40d e3ed e3ee e3ed e3cd e3ed e3ee e3cd e40d e3ee e3ce e3cd e3ed dbce db8d db8d db6d d34c d2ec caeb c2ab b22a a209 9188 8107 70a7 78e7 70e8 70e7 8928 99a8 a20a ba6b c28b caec d30c d30c d34d db6d db8d dbad dbad e38d dbad dbac e3ad e36c e36c e36c e38c e38d db8c e3ad e3ac dbad db8c db6c db6c db8c db6c e38d db8d db8c db6c db6c db8d db8c db6c db8d e3ad e38c db8c db6c dbad db8d db6c db8c dbae e36c e38c e38d e3ad e3ae e3cd e3ed ebed ec0d ec0e e3ac d32c ba29 8128 6087 5067 5067 5046 5066 5087 5887 5066 5086 5846 5846 5887 5867 5887 6087 60e8 60c8 68c8 6909 60e7 6908 68e8 60e8 60c7 60e8 60e8 60e8 60c8 58a7 5887 5067 5047 5087 58a7 58c7 60c8 60c8 6908 6908 60c8 58a8 6088 5867 58a8 58c8 5887 58a8 58e8 6129 6169 614a 60e8 6929 692a 716a 71eb 7a0c 716b 696a 6909 60e9 6949 818a 922c a2cd ab2e bb8f cbae d40f d40e cbce cbee d3ee d3ee d3ee dc4f 
ebab ebac e3ab db6b db0a d2c9 c269 ba29 a1c8 9988 9968 9968 99a9 99c9 99a9 a1a8 a1c9 a1e9 a1e9 99c9 9988 9968 99c9 a1ea a1ea b249 c28a cacb d2ea d32b db4b e38b e3cc e3ed e44d ec4e ec6d ec8c ec6d ec8e ec8e ec6d ec6e ec8d ec6e ec4d ec4e ec6d ec8d ec6d ec4d ec4d ec2c e40d e3cc e3cc e38c db4a db2a d2ea caca c28a ba4a aa09 a1c9 9989 9168 9168 89a9 9168 9188 91a9 99e9 99c9 a1c9 a1c9 a1c9 a1c9 a1e9 a1e9 aa0a aa0a aa09 a9e9 aa0a aa2a b209 aa29 aa2a aa09 aa09 b26a aa2b aa4a b22a b209 b209 aa0a a9ea aa0a aa2a aa2a b20a b209 b22a b26a b24a b26a b249 b26a ba4a c269 c26a ba6a c28a c28a c289 c26a c28a c289 c2ab c26a c26a caaa c28a c2ab c2ab c2ab caaa caaa caaa caaa ca8a caaa caaa caab cacb caeb cacb cacb caeb caca cacb cacb d2ea caeb cacb ba8b ba6b b24a ba4a ba29 b209 b24a b249 ba29 ba8b ba8b ba8a c2ab baac c28b c2cb baab b24a b26b bacc c2cc c30c c2ec c2ab c2cc bacb bacc bacc bacc bacc c2cc baab b28b b2cc baec baab ba6b baab b2cc baec c2ed c2ed c32c c32c c34d c36e cb6d cb2c c2eb c36e cbae d3ae cb6e c34d c36e cb6d cb6d cb6e cb4d c36d cb8d cb6d c30d c38e cbce cbef cbcf c36e c3ae cbce cbae cb4d c34e cc0f d42f dc0f d410 d410 d430 d430 d470 d491 d471 d4b2 dd12 dd13 dd11 dd32 dd32 d4d2 d512 d573 dd93 dd32 dd11 dd12 dd53 dd73 ddb5 e5b4 ddb3 dd93 d513 cc50 cc30 cc91 ccb3 ccf4 d576 d5d7 de17 e658 e678 e678 e678 eeb8 ee99 e658 ee57 e658 e636 e614 e616 e616 e636 e657 e657 e657 e677 e657 e658 e637 e636 e636 e658 e637 e636 e656 ee77 ee77 e698 e658 e636 e635 ee76 ee98 ee98 e698 eeb8 eed8 eed9 eeda eed9 f6f8 eed7 d616 b452 9a6b 8968 9148 9168 9188 9988 99c9 a1c9 a1e9 a20a a20a a22b a20a a20a a20a aa0a a22b a20a 99e9 a20a a20a a1ea a1ea a1a9 a1ea aa2a b22a ba4a ba8b c28b caab caec d30c db4c db6d db8d e3cd e3cd e3ee e3ed e3ed e40d e3ed e3ad e3cd e3ed e3ed e3ed e3ed e3ee e3ed e3ee dbef dbcd e38d db8d db6c db4d d32d cb0c c2cc b24a a9ea 9189 80e7 70c7 70a8 6887 70a7 78c7 9168 a1c9 aa2a ba6a c2ab cacb cb4d d32c db4d db6d db8c dbce dbce e3ad dbcd dbac db8d dbad e36b db6c db6c db8c e38c e3ac e3ad db8c db6b db6d db4c db6c db8d dbad db8d db6c db8c db8d db6c db6d db6c e38d e38c db6c db6c db6b db8c e36c e36c e38c e36c e36c e38c e38c e3ce e3cd ebed ec0d ec0d e3ad d34c b28b 9147 68a7 5887 58a7 5047 5047 5067 5887 5867 5866 5867 5867 5867 5887 58a7 60a7 60c8 60e8 68e8 60c8 68e8 60a8 60c8 60e8 60e8 60c8 60c8 68e8 60c8 58c8 5888 5088 5067 5067 58a8 58e8 60c7 60e8 68e8 60c8 60e8 58a7 58a7 5887 5887 58a8 58a7 5888 58a8 6128 614a 69ab 69ab 69ac 694a 692a 696a 79ec 71ab 694a 696a 692a 716a 81eb 926c a2cd bb4e bbaf cbcf cc0f d40f cbee cbce cbce cbce cbce d3ce d3cd 
e38b e38b e36b db0a d2c9 c28a ba29 a9c9 99a9 9989 9968 9988 99a9 99c9 99c9 a1a9 a1c9 a1c8 a1c8 a188 9988 9968 9989 a1c9 aa0a b249 ba69 cacb d30a d34b db6b e3ac e3cc e40c e42e ec4e ec4d ec8d ec6d ec8d ec8e ec6d ec6d ec6e ec8d ec4d ec6e ec6d ec8e ec8d ec6d ec2d ec0c ebec e3ec e3ac db8b db4b db2a d30b caca c269 ba49 a9e9 a1a9 99a9 9168 9168 9128 9148 9168 9189 9968 99a8 a1ca a1c9 a1c9 a1e9 a209 aa0a a9c9 a9ca a9c9 aa09 a9ea aa0a b20a aa4a aa4a aa2a aa2a aa4a aa4a b22a b20a aa2a aa2a b229 aa0a aa2a b22a aa2a aa2a aa0a b24a b26a b24a b24a ba4a ba8b ba8b ba29 ba4a ba8a c26a c28b c28a ba8a c28a c2aa baab c28b c26a c2ab c2ab c2ca c2cb c2cb caaa c28a caaa caab caab caaa cacb caab caaa caec c2cb cacb cacb d2eb d2eb d30b d2aa ca8a ba8b ba6a ba6a ba4a ba6a ba29 ba2a b28b ba49 ba49 ba8a ba8a ba8b ba8b ba6a ba6b baab ba6a b26b baab c2ec cacb c2cb c2cb ba8a bacc b28b ba8b c2ec c30d c2ca baab baac b2ab b2cb b2ac ba8b baab baab c2cc c30c c30d c2cc c30c c34d c32d c2ec c30d c32d c34d cb6e cb6d cb6e cb6d cb8d cb4c c2ec c32d cb6d cb8e cb2d cb2d c30d cbae d3ef d36e c34d c38f cb8e cb8e cb8e c38f c3af d42f d3ef d3ce cbae cc0f d470 d42f d3ce d410 d470 dcd0 d4f1 dcb1 dc91 d491 d4d2 dd33 dd52 dd73 dd33 dd13 d4d1 d513 d574 ddb4 ddb3 dd52 dcf1 d4d0 d4f2 cc92 cc51 c473 cd15 d5b6 ddd6 e617 e678 e658 ee58 ee98 ee78 e658 ee57 ee77 e677 e657 e637 e637 de17 e5f6 e616 e657 e657 e657 e638 e636 e637 e657 e657 e637 e616 e637 e657 e657 e637 e637 ee57 ee77 ee97 e678 e657 e616 e656 e678 e678 e657 ee77 eeb8 eefa eefa eed9 f6d7 eed7 d637 bcb3 a2cc 9188 8948 9169 9189 9988 9988 a1c9 a1c9 a1c9 a20a a22a a22a a20b a1ea a20a a20a a1ea a20a a20a 9a0a a1ea a1ea aa0a aa0a b22a ba4a c28b c28b caab d2eb d32c db4c db6d dbae dbcd e3ed e3ee e3ed e3cd e3ed e3ed e3cd e3ed e3ed e3cd e3cd e3cd dbee e3ad e3ce dbce dbae dbad e3ae db8d d34c d30c c30c c2ec ba6a aa2a 91c9 8128 78e8 68a7 6087 68a7 70a7 80e8 9168 a1a9 b20a ba8a c2ab c2cc d30c d34d d34c db6c db8d dbae e38d e3cd e3cd dbad e38d e36c db8d e38c e38d e38c e38c e38c dbad db8c db8d db6d db6c db8c e38b e38c db8c db6c db6c db6c db8d db8c db8c e38c db8d db6c db6b db8c e36c e38d e36c e38c e38d e3ad e38c e3ce e3ce ebed ebed ebac db4c ba6a 9168 68a7 5887 5087 5066 5067 5067 5887 58a7 5866 5887 5867 5887 58a7 58a8 60c8 60e8 6908 68e8 68e8 60c8 60c8 60e8 60c7 60e8 60e8 60c8 60c8 60c8 60c8 58a7 5088 50a8 5087 58a8 60e8 6909 6108 6908 68c7 60a8 58a7 5887 5887 5087 5088 58a7 58a7 58c8 58e8 6149 6149 612a 6149 696b 696b 694a 718b 79ec 718b 796b 714a 79ab 8a2c 9aad ab2e b34e c3ae cbef cc10 cc2f d40f cbee cbce c3ae c3ae cb8e cb8d cb8d 
e34b e34b db4a d2e9 caa9 b249 a9e9 a1a8 9989 9169 9988 99a8 99a9 99c9 a1c9 a1a9 a1c8 a1c8 99c8 a188 99a9 a1a8 9988 99c9 a9e9 b249 ba6a caca d2ea d34c db8c dbac e3cc e3cc e40d e40c ec4e ec6e ec6d ec8e ec6d ec8d ec8e ec4e ec4d ec6e ec6e ec6e ec6e ec6d ec6d e44d ec0c e3ec e3cc e3ab e3ab db4b d30a d2eb ca89 c249 ba29 a9e9 a1a9 9988 9168 8948 8928 9168 91a8 99c9 99c9 99a9 a1e9 a1c9 a1c9 a1ea a20a aa09 a9ea a9ca a9ca aa0a aa0a aa0a aa2a aa4b aa29 aa0a aa4a b22a b26a b22a aa2a aa2a aa2a aa29 aa0a aa2a b229 aa09 aa2a b229 b24a b26a ba6a ba6a b24a b24a ba4a ba4a b26a baaa c26a c2cb baab c28a c28a c28b c28b c2aa c2ab c28a caaa caaa caab c2cc cacb c2cb caca cacb cacb caaa cacb caab c2ab caaa c2aa caca caca cb2c cb0b caeb c28a ba2a b26b ba6a ba4a ba29 ba4a b229 b24a b28c b24a ba4a ba8b ba8b baab ba8b ba8b b24a b28b baab baec c2ab c2ab c2aa baab b2ac b28b b28b b28b bacb c2eb baac b28b b2ac bacb ba8b b2ac b2cc bacc baac baab c2eb c30c c30d c32d cb2c cb2c c2cb bacc c36e cb6d cb6d c36e c38e c3ae cb2c cb0d c30c c36e cbae cb8d cb8e c34d cb8e cbae d3ae cbaf cb6e c36e cbae d38e d36d cbae d3ef d40f d3ef cb8e cb6e cbce cbef d3ef cc10 cbcf d471 d491 d450 d42f d430 d4b1 d512 dd53 dd74 dd12 dcf1 dcf2 d512 dd32 dd93 ddd5 dd74 d4b0 d46f cc30 c431 cc52 cc93 cd13 d5b6 de17 e637 e637 e637 ee76 ee99 e699 ee57 ee76 e657 e637 e616 e616 e637 e637 e637 e657 de38 ddf6 e635 e657 e657 e658 e637 e637 e657 e637 e657 e637 e617 e636 e657 e657 e657 e637 e616 e636 e677 e658 de58 de57 e698 e699 e678 e678 ee99 eed9 ef1a eefa eed9 f6d8 eed7 de77 bcb3 9a6b 8968 8988 9168 9168 9989 99a9 99c9 99ca 99c9 a1e9 a1c9 a1e9 a22a 9a0a a20a a20a a1ea a20a a20a a20a a20a aa0a a9ea b20a ba4a ba6b c28b caab caec d32c db2c db4c db8e dbad e3cd e3ee e3ee e3ee e3ed e3ed e40e e3ed ec0c e3ed e3cd e3cd e3cd e3cd e3ee dbcd dbad e3cc dbae db6d db2c d30d caeb c2cc ba6a aa4a 99c9 8968 78e7 6887 6067 6067 6887 70a7 8907 9189 a9e9 b22a ba6b c28b cacc d30c d32c db4d db8d dbae e3ad e3ad e3cd e3cd e38c e36c db6d db6c e38c e38c e36c db8c db8d db8d db8d db8c db4c db6c e36c db6d db8d db8d db8d db8c db8d db6d dbad e3ad db8c db8d db6c e38c e3ad db8d e3ad e38c e3ad e3ad e3cd ebcd ebed ebec e3ac db2b c28a 9168 68a7 5888 50a8 50e8 58e8 5949 5929 58c8 5067 5887 5887 5887 58a7 60a7 60e8 6108 6928 68e8 68a7 60c8 60e8 60e7 6908 60e8 60c8 60e8 60c7 60c8 58a8 5887 58c8 50a8 5087 5887 60e8 6908 6908 6908 60e8 60c7 58c8 58c8 5887 5887 58a8 58a8 58a8 58a7 6109 6129 6109 6109 6109 612a 694a 698b 718b 718b 71ac 79ab 818a 81ab 8a2c 9aad ab0e b34e c3ae cbee cbef cc10 d40e d42f d3ee c3ae c38e c34d c36d c3ce cbee 
e34b e34b db4a d2e9 caa9 b249 a9e9 a1a8 9989 9169 9988 99a8 99a9 99c9 a1c9 a1a9 a1c8 a1c8 99c8 a188 99a9 a1a8 9988 99c9 a9e9 b249 ba6a caca d2ea d34c db8c dbac e3cc e3cc e40d e40c ec4e ec6e ec6d ec8e ec6d ec8d ec8e ec4e ec4d ec6e ec6e ec6e ec6e ec6d ec6d e44d ec0c e3ec e3cc e3ab e3ab db4b d30a d2eb ca89 c249 ba29 a9e9 a1a9 9988 9168 8948 8928 9168 91a8 99c9 99c9 99a9 a1e9 a1c9 a1c9 a1ea a20a aa09 a9ea a9ca a9ca aa0a aa0a aa0a aa2a aa4b aa29 aa0a aa4a b22a b26a b22a aa2a aa2a aa2a aa29 aa0a aa2a b229 aa09 aa2a b229 b24a b26a ba6a ba6a b24a b24a ba4a ba4a b26a baaa c26a c2cb baab c28a c28a c28b c28b c2aa c2ab c28a caaa caaa caab c2cc cacb c2cb caca cacb cacb caaa cacb caab c2ab caaa c2aa caca caca cb2c cb0b caeb c28a ba2a b26b ba6a ba4a ba29 ba4a b229 b24a b28c b24a ba4a ba8b ba8b baab ba8b ba8b b24a b28b baab baec c2ab c2ab c2aa baab b2ac b28b b28b b28b bacb c2eb baac b28b b2ac bacb ba8b b2ac b2cc bacc baac baab c2eb c30c c30d c32d cb2c cb2c c2cb bacc c36e cb6d cb6d c36e c38e c3ae cb2c cb0d c30c c36e cbae cb8d cb8e c34d cb8e cbae d3ae cbaf cb6e c36e cbae d38e d36d cbae d3ef d40f d3ef cb8e cb6e cbce cbef d3ef cc10 cbcf d471 d491 d450 d42f d430 d4b1 d512 dd53 dd74 dd12 dcf1 dcf2 d512 dd32 dd93 ddd5 dd74 d4b0 d46f cc30 c431 cc52 cc93 cd13 d5b6 de17 e637 e637 e637 ee76 ee99 e699 ee57 ee76 e657 e637 e616 e616 e637 e637 e637 e657 de38 ddf6 e635 e657 e657 e658 e637 e637 e657 e637 e657 e637 e617 e636 e657 e657 e657 e637 e616 e636 e677 e658 de58 de57 e698 e699 e678 e678 ee99 eed9 ef1a eefa eed9 f6d8 eed7 de77 bcb3 9a6b 8968 8988 9168 9168 9989 99a9 99c9 99ca 99c9 a1e9 a1c9 a1e9 a22a 9a0a a20a a20a a1ea a20a a20a a20a a20a aa0a a9ea b20a ba4a ba6b c28b caab caec d32c db2c db4c db8e dbad e3cd e3ee e3ee e3ee e3ed e3ed e40e e3ed ec0c e3ed e3cd e3cd e3cd e3cd e3ee dbcd dbad e3cc dbae db6d db2c d30d caeb c2cc ba6a aa4a 99c9 8968 78e7 6887 6067 6067 6887 70a7 8907 9189 a9e9 b22a ba6b c28b cacc d30c d32c db4d db8d dbae e3ad e3ad e3cd e3cd e38c e36c db6d db6c e38c e38c e36c db8c db8d db8d db8d db8c db4c db6c e36c db6d db8d db8d db8d db8c db8d db6d dbad e3ad db8c db8d db6c e38c e3ad db8d e3ad e38c e3ad e3ad e3cd ebcd ebed ebec e3ac db2b c28a 9168 68a7 5888 50a8 50e8 58e8 5949 5929 58c8 5067 5887 5887 5887 58a7 60a7 60e8 6108 6928 68e8 68a7 60c8 60e8 60e7 6908 60e8 60c8 60e8 60c7 60c8 58a8 5887 58c8 50a8 5087 5887 60e8 6908 6908 6908 60e8 60c7 58c8 58c8 5887 5887 58a8 58a8 58a8 58a7 6109 6129 6109 6109 6109 612a 694a 698b 718b 718b 71ac 79ab 818a 81ab 8a2c 9aad ab0e b34e c3ae cbee cbef cc10 d40e d42f d3ee c3ae c38e c34d c36d c3ce cbee 
e32a e32a d30a caa9 c249 b1e9 a1a8 9988 99a8 9988 9988 99c9 99a9 a1c9 99a9 a1a8 a1c8 a1c9 99a8 a1a8 a1a8 99a9 9988 a1a8 a209 b229 c26a c2aa d2ca d32b db6b db8b e3ac e3cc e3ec ec0d ec4e ec4d ec6d ec6e ec4e ecad ec8d ec6d ec6d ec6e ec4d ec6d ec4e ec4d ec4d ec6d ec2c e40c e3ec e3cc e36a e34b db0a d2ea caaa c269 ba49 aa09 a1c9 9948 9148 8928 8948 9168 9189 99a9 99c9 99c9 a1c9 a1ea a1ea a20a a20b a9ea aa0a a9e9 a9ea aa2a aa4b a9e9 aa2a aa4b aa2a a209 aa2a aa2a b229 b24a aa4a a9e9 aa2a aa0a a9e9 aa2a aa2a aa0a b22a b24a b22a b24a b24a ba4a b24a ba4a b26a ba4a ba6a ba8a c249 ba8a c28a c2ab c2aa c2ab c28a c28a c28b c2aa c2ca c2aa c2cb cacb caeb caaa cacb cacb ca8a c28a caec caca caab c2cb caab caeb d2ca d30b caca c26a ba4a ba49 b28b b24a b229 ba49 ba6a ba4a ba6a ba8b b26b b24a ba8b ba8b ba8b ba6a b24b b28b bacc c2ec cb0c c2cb c28a ba6b bacc baab baab bacc b2ab c2eb c2cb b2ab b28b aa4a aa6b b2ac baab c2cc c30c c30c c2cb c2cb c30d cb4d c32b baec b2cc bacb c30c cb4d c34e c36e cbce cbad cb4c c30d c38e c3ae cbce cb6d cb4d cb6d cb8e d38d cb6d cb8e cbae cbcf d3ce d3ae cb8e d3ae d3ee d3ef d3ce cbaf cbef cc0f cbce cbae d3ef d40f d44f d492 d471 cbf0 d471 d4d2 dd32 dd53 dd52 dd33 dcd1 dd32 dd53 d532 dd32 dd94 dd32 d471 cbef c3ef c452 ccd4 cd56 d5b6 ddd6 e616 ee36 ee57 ee57 e637 e636 ee76 ee77 e637 e616 e616 de37 de37 de18 e617 e637 e657 e656 e656 de37 ddf6 e635 e656 e657 e678 e658 e657 e637 e657 e656 e637 e617 e616 e636 e657 e637 de37 de37 e657 e678 e699 e699 e698 e6b9 e699 e6b8 eeda eeda ef1a f71a eefa eed9 eed7 eed7 d617 b432 9a4b 8968 8968 9189 9188 9188 91a9 91a9 99a9 99a9 99a9 99c9 9a0a 9a0a 9a0a 99ea a1ea a1ea a1ea 99ea 99c9 a1e9 aa0a aa2a aa4a b28b c28b cacb cb0c d30c db2c db6d db8d e3ad e3cd e3ee e40e e40f e3ed e40e e40e e3ee e3ed e3ed e3cd e3ed e3ed e3ce e3cd e3ee dbef e3ce dbae db8e db8d d34d d30c c2ec c28a aa2a 99ea 9188 78c7 6867 5846 5867 5887 6866 80e7 8948 99a9 aa0a b24a ba6b c28b cacb d30b db2c db6d dbae db8d db8d dbcd e3cd e3ad e3ad e38c db8c db6c e38c e38d e36c db6c db8c db6c db6c db6c db8c db8c db4d db6c e38c db8d db6c db8c db8e e38d e38c dbad db8c db8c dbac dbad e38d dbce e3ae e3cd ebad ebee ec0e e3ed e3ad d34b c249 9168 68a8 5867 50a8 50c8 61cb 61ec 596a 616a 6129 60e9 58a7 5867 5887 58a7 60e8 60c8 60e7 68e8 68c8 60c8 60c8 60a7 60e8 68c8 68e8 60e8 60e8 60a8 58a8 5887 58a7 50a8 5087 58a7 60c8 60c8 68e7 68e8 68e8 60e8 58c8 58a8 58c7 50a7 58a7 58e8 58c8 58a7 5887 60e8 6129 6109 6129 694a 694a 718b 71ac 71ab 718b 716a 79cb 89ec 924d a2ad ab0e b38f c3af cbcf cbef cbcf d3ee d40f d42e d40f c3ad bb4d bb4d c38d cbef d42f 
dae9 dae9 d2ca c269 ba09 a1e8 9988 9989 99a9 99c9 99a9 a1a9 a1e9 a209 99c9 99a8 a1c9 a1c9 9988 9989 99c9 99a9 99a9 a1a8 a1c9 b22a c269 caca d2ea db0b db6b e3ac e3cc e3ed e40c e42d e44e ec4d ec6e ec4d ec6e ec8d ec8d ecae ec6d ec6e ec4d ec4d ec6e ec4d ec4c ec4c ec2c e42c e3ec e3cc e38b db4a db2a d2ca caab c269 b209 a9e9 a1e9 9968 9168 8949 8928 9168 91a9 99c9 99a9 99a9 99c9 a1ea a20a a9ea a9ea a20a aa09 a9e9 a9c9 a9ea aa0a a9c9 aa09 aa2a a20a aa09 aa09 aa09 b209 aa2a aa0a aa2a aa09 a9e9 aa09 aa09 aa4a aa09 b229 b24a b249 b249 b229 b24a b24a ba4a b28b ba6a ba49 ba8a ba4a c28b c28a baab c28a c28a c28a c28a c2aa ca8a caaa ca8a c2aa caaa caab ca8a cacb c2eb c2ca c2aa c2ab caca cacb cacb cacb cacb d2ea caca c26a b249 b24a ba6a ba6a ba29 ba4a b26a ba6a ba6a c28b c2ab ba6a ba8b ba6b ba8b ba6a ba6b baab bacc c2cc c2cb c2ab baab baac baab bacb bacb c2cb baab b28b baec baab b24b aa2a aa6b aaad ba8b baac bb0c c30c c32c c30c c32c c34d c2ec bacc bb4e bb6e c32d c30c c34d c3af cbae d36d cb4d cb4d cbce cbcf cbce c36e c36e c38f d3cd d38d c34d cb6e d3cf d3ce d3af d3ae cbcf d3cd d3ad cbae c38e cb8d cbae d3ae d38e cb8e cbcf cc0f d3ce d3ce d430 d450 d4b1 dd11 dd12 dcf1 dcd1 dcd2 dd13 dd53 dd53 dd12 d4b1 d470 d491 cc30 c410 bc32 c4f5 d596 de17 e617 e637 e637 e616 e5f6 ee15 ee36 e637 e617 e5f5 e615 e637 de17 de38 e658 e678 e698 e679 e657 e657 e637 e616 e636 e637 e5f5 e616 e636 e636 e637 e617 e617 e616 e616 e617 de17 de17 de17 de37 e678 e678 e679 e657 ee98 ee98 ee99 ee78 ee98 eeb9 ee99 eeb9 eefa eefa f71a f71b eefa eed9 eed8 e6f8 d637 b432 9a2a 8948 8948 8968 8968 91a9 91a8 9988 99a9 91c9 99c9 91c9 99c9 99a9 99a9 99ea 99ca 99e9 a1ca a1ea a1ea aa0a aa2b aa2b ba8c c28b cacb d30c d32d db4c db6d db8d dbcd e3ed e3ed ebed e40e e3ed e3ed e3ed e3ee e3cd e3ed e3ed e3ed e3ed e3ee e3cd e3ee dbcf e38d e3ad db8e db8e d34d cb2d c2ec bacc aa4b a1e9 8968 78e7 6087 5867 5067 5887 6088 68e8 7928 91a9 9a2b aa2a b24a ba6a c28b caec d30b db6d db6d db8d db8d e3ad e3ce e3ae e3ad e38c db8d db6c e3ad e38c e38c db6d db8c db6c db8c db8c db8c db6c e34c db6c e38c db8d db4c dbad e3ac e38c e38d e38d e38c e38c db8c e38c e3ac e3ae e3ad e3ad ebcd ebee ec0e e3ee db6c c289 9989 70c7 5867 58c8 58c8 5088 58a7 58e8 58a8 58a7 58a7 58a7 5887 5887 5887 60c7 60a7 60c7 60c7 68a7 68c8 60c8 6087 60a7 60c8 68c8 68e8 68e8 60c8 58a7 58a7 50a7 58a7 50a8 58a7 60c7 6908 68e8 6908 68e8 58a7 58a7 58a8 58c7 58c8 58e8 58c8 60c8 60c8 58c7 58c8 60c8 60e8 6129 612a 696b 696a 698b 71cc 71ac 79cb 79ab 89ec 926c a2ad ab0e b36e bbaf cbae cbce cbf0 cbee d40e d40f d40f cbce c36d bb6d c3ae cc0e d42f d470 
d2aa d2aa c289 b229 a9c8 9988 9988 9989 91a9 9988 a1c9 a20a a20a a1e9 a1c9 99c9 a1c9 a1c9 99c8 99c9 99a9 99a9 9988 99a9 a1e9 b208 c269 caaa d2ea db0b db6b e3ac e3ac e3ed e40d e42c e44e e44c ec4d ec4d ec8e ec8d ec6e ec8f ec6e ec4d ec6e ec4d ec6d ec4d ec4c ec4d ec2d ec0c e3ec e3cb e38c db4b db0a d2ca caaa c249 b229 a9e8 a1c9 9988 9169 8949 8989 8989 91a9 91aa 99ea 9a0a 99ea aa0a aa0a a9ea aa0a a22a aa2a aa09 a9ea a1e9 aa29 a9e9 a9e9 aa29 aa0a a9e9 a9e8 b229 b22a aa2a a1c9 a9e9 b22a aa2a aa09 aa09 aa0a b22a b24a b26b b24a b229 b229 b24a b24a ba6a b28b ba8a baab baab ba6a c2ac c28a ba8b c28a c28a c2aa c28a c2aa c2aa c2ab ca8b c2ab c2ab caaa caab c2cc c2eb c2eb caab caaa caab cacb caeb caec cb0c caca c2aa ba8a ba8a b24a ba49 ba49 ba49 ba69 c26a c2ab ba6b ba8b b26b ba6a baac baac ba6b ba6a baac baab bacc bacc c28a ba8b baac baab c2cb c28b ba49 b28b b2ab baac ba6a b26b aa6b b28b b28b b2cc bacc c2ec c2cb c2ed cb4d cb4d c32d c2cc bb0d c34d cb2c c30c c34d c38e cbae cbae cb6d cb8e cbae cbae d36d cb4d cb8e c3af cbcf d3ad d3ae d3ae cbae d3ef d3ef d3ae d3ae d3ef d38d cb0c cb4d cb8f c38e c3ce cb8e cb6e cbaf cbce d3ef cbae cb8e d40f d471 dcb1 dcd1 dc6f dc70 d4b2 dcf2 dd32 dcf0 dd32 dcd1 d490 cc30 c3ce bb8f c3f1 cc72 d595 de17 e637 e657 e637 e657 e657 e637 e617 e5f6 e5f5 e615 e616 ddf7 ddf7 e616 e637 e699 e699 ee57 ee77 ee77 e658 e657 e636 e637 e616 e615 e5f5 ddd5 e5f6 ddd4 e5f5 e616 ddf6 ddf6 ddf7 de16 e638 e657 e699 e698 e6b8 e6b9 ee99 e678 ee76 ee98 ee98 e679 ee77 ee97 ee98 ee98 eed9 eed9 eed9 eefa ef1a ef1b eed9 f6f7 ef18 de57 bc30 91c9 8968 8968 8968 8968 8968 8948 9188 9189 91c9 91a8 99c9 99a9 99c9 9a0a 99e9 99c9 a1a9 a1a9 a1ea a20a a22b b22a c26b ca8b cb0c d2eb d34c db6d db8d db8d dbcd e3cd e3cd e3ed e40e e3ee e3ed e3cd e3ee e3ed e3cc e3cd e3ed e40e e3ee e3ee e3ce dbef dbad db8d db6e db6c d32c d30c caec baab aa2a a1c9 8948 78c7 6087 5847 5046 5066 5887 68c8 70e8 8989 91ca a20a aa4a ba6b c2ab c2cc caeb d34c db6c db6d db8d e38c e3ad e3ce e3ad dbac dbad db8c db8d e38d db8c db6d db6c db6c db8c db8d db8c db6c db8d db6c db8d db8c db6c db6c db6d db8c db6c e38d db8d e38c e38d e36c e3ad e3ad e3ad ebad ebcd ec0d e40e dbcd caea a9a9 78e8 5866 5067 5087 5067 5067 5087 5087 58a7 5887 5867 5867 58a7 58a8 6087 68c7 60e8 60e7 68c7 60a7 60c7 60c8 68c8 68e8 60e8 60c8 60a8 60a7 5887 58a7 5067 5887 5887 58a8 60c8 68c8 68e8 7108 7149 6929 58a7 5887 58c8 58a8 58e8 60e8 60c8 60c8 58a7 58c8 58c8 58a7 60c9 6129 692a 694a 71ac 71ac 71ac 79ac 81ec 8a2c 928d a2ee b34f bbaf c3d0 c3cf c3ef cbcf cbcf cbee d40e d40f cbcf c36e bb6d cbad d40f d44f d46f d470 
d2aa d2aa c289 b229 a9c8 9988 9988 9989 91a9 9988 a1c9 a20a a20a a1e9 a1c9 99c9 a1c9 a1c9 99c8 99c9 99a9 99a9 9988 99a9 a1e9 b208 c269 caaa d2ea db0b db6b e3ac e3ac e3ed e40d e42c e44e e44c ec4d ec4d ec8e ec8d ec6e ec8f ec6e ec4d ec6e ec4d ec6d ec4d ec4c ec4d ec2d ec0c e3ec e3cb e38c db4b db0a d2ca caaa c249 b229 a9e8 a1c9 9988 9169 8949 8989 8989 91a9 91aa 99ea 9a0a 99ea aa0a aa0a a9ea aa0a a22a aa2a aa09 a9ea a1e9 aa29 a9e9 a9e9 aa29 aa0a a9e9 a9e8 b229 b22a aa2a a1c9 a9e9 b22a aa2a aa09 aa09 aa0a b22a b24a b26b b24a b229 b229 b24a b24a ba6a b28b ba8a baab baab ba6a c2ac c28a ba8b c28a c28a c2aa c28a c2aa c2aa c2ab ca8b c2ab c2ab caaa caab c2cc c2eb c2eb caab caaa caab cacb caeb caec cb0c caca c2aa ba8a ba8a b24a ba49 ba49 ba49 ba69 c26a c2ab ba6b ba8b b26b ba6a baac baac ba6b ba6a baac baab bacc bacc c28a ba8b baac baab c2cb c28b ba49 b28b b2ab baac ba6a b26b aa6b b28b b28b b2cc bacc c2ec c2cb c2ed cb4d cb4d c32d c2cc bb0d c34d cb2c c30c c34d c38e cbae cbae cb6d cb8e cbae cbae d36d cb4d cb8e c3af cbcf d3ad d3ae d3ae cbae d3ef d3ef d3ae d3ae d3ef d38d cb0c cb4d cb8f c38e c3ce cb8e cb6e cbaf cbce d3ef cbae cb8e d40f d471 dcb1 dcd1 dc6f dc70 d4b2 dcf2 dd32 dcf0 dd32 dcd1 d490 cc30 c3ce bb8f c3f1 cc72 d595 de17 e637 e657 e637 e657 e657 e637 e617 e5f6 e5f5 e615 e616 ddf7 ddf7 e616 e637 e699 e699 ee57 ee77 ee77 e658 e657 e636 e637 e616 e615 e5f5 ddd5 e5f6 ddd4 e5f5 e616 ddf6 ddf6 ddf7 de16 e638 e657 e699 e698 e6b8 e6b9 ee99 e678 ee76 ee98 ee98 e679 ee77 ee97 ee98 ee98 eed9 eed9 eed9 eefa ef1a ef1b eed9 f6f7 ef18 de57 bc30 91c9 8968 8968 8968 8968 8968 8948 9188 9189 91c9 91a8 99c9 99a9 99c9 9a0a 99e9 99c9 a1a9 a1a9 a1ea a20a a22b b22a c26b ca8b cb0c d2eb d34c db6d db8d db8d dbcd e3cd e3cd e3ed e40e e3ee e3ed e3cd e3ee e3ed e3cc e3cd e3ed e40e e3ee e3ee e3ce dbef dbad db8d db6e db6c d32c d30c caec baab aa2a a1c9 8948 78c7 6087 5847 5046 5066 5887 68c8 70e8 8989 91ca a20a aa4a ba6b c2ab c2cc caeb d34c db6c db6d db8d e38c e3ad e3ce e3ad dbac dbad db8c db8d e38d db8c db6d db6c db6c db8c db8d db8c db6c db8d db6c db8d db8c db6c db6c db6d db8c db6c e38d db8d e38c e38d e36c e3ad e3ad e3ad ebad ebcd ec0d e40e dbcd caea a9a9 78e8 5866 5067 5087 5067 5067 5087 5087 58a7 5887 5867 5867 58a7 58a8 6087 68c7 60e8 60e7 68c7 60a7 60c7 60c8 68c8 68e8 60e8 60c8 60a8 60a7 5887 58a7 5067 5887 5887 58a8 60c8 68c8 68e8 7108 7149 6929 58a7 5887 58c8 58a8 58e8 60e8 60c8 60c8 58a7 58c8 58c8 58a7 60c9 6129 692a 694a 71ac 71ac 71ac 79ac 81ec 8a2c 928d a2ee b34f bbaf c3d0 c3cf c3ef cbcf cbcf cbee d40e d40f cbcf c36e bb6d cbad d40f d44f d46f d470 
ca89 ca89 ba29 a9e8 9988 9988 9968 99a9 99c9 99a8 a1a8 a20a a209 a1c9 a1c8 a1c9 a1c8 a1a9 99e9 99a9 9988 a188 9988 99a9 aa0a b209 ba49 c2aa d30b d34c db6b e3ab e3ac e3cc e3ec e40c e42d e46c ec6d ec4e ec6e ec8e ec6e ec8e ec6e ec8e ec8f ec8e ec6d ec6d ec4d ec2d ec0d e40d e40c e3cc db8c db6c db2a d2ea ca89 c249 ba09 b209 a1a8 9988 9148 8948 8989 8969 8989 91ca 91c9 99ca a20a a20a a20a aa0a a20a a20a aa6b aa09 aa0b aa0a aa2a a9e9 a9e9 b22a aa0a aa09 b209 aa29 b20a aa0a aa2a aa4a b24a b22a aa2a aa0a a9ea b22a b24a b24a b249 b229 b249 ba29 ba49 ba49 ba49 c26a ba8a ba6a c269 c28a ba8a baac c2ca c2ab c2a9 c28a c28a c28a c2ab c2aa c2ab c28b c2ab c2aa c28b caab c2cb cacc cacb caeb cacb cacb cb0c cacb c28b baab baab ba8a b26a b24a b24a b24a ba6a c28a c2ab ba8b ba8b ba8b b24a b26b bacc ba6b ba8b baac c2ab bacc baac baab baab bacc c2aa c28a b26a b24a b28b b26b aa2b aa2a b26b b28b baac bacc baab bacc b2ab bacc cb2d cb0b c30c bb2e c32e c34d c2eb c2ec c34d cb4c cb4c cb2c c32d cb6d cbae cb4d cb0c cb2d cb8e cbef d3ad cb8e cb6e d3ae d3ad d3ce d3ce cbcf cbef cbee cbae c2ec bb0d c3af cbef cb8d c34d cb4d cbaf d3ef d3ce d3af d3ef d42f dc6f d490 d491 d430 d470 dd11 dd73 dd53 d4d2 d42f d44f cc2f c3ef bbaf bbf0 c4b4 cd76 d575 e5f5 ee57 e657 e637 e636 e656 e656 e637 e637 e616 ddd6 e5d5 e616 e657 e658 e638 e636 ee98 ee98 e637 e617 e636 e657 e637 e617 e5f5 de16 de17 ddf6 ddd6 ddb5 ddb5 ddd6 e5f5 e637 e678 e658 e616 e657 e657 ee98 ee98 ee98 ee98 ee77 e678 e636 e657 e657 e658 e637 e657 e657 e657 e677 e698 e678 eeb8 eed9 eef9 eed9 f6d8 f6f8 eed8 d5d6 ab6e 9a4b 89e9 8188 8168 8148 8168 8988 8989 91a9 8988 91a9 99a9 91a9 99c9 99a9 99c9 99aa 99a9 a9e9 a209 a24a b24b c26a caab caeb d2eb d32c db4c db6c e38d e3ad e3cd e3ce e3ee e3ed e3ee e3ed e3ed e40f e3ee e3cd e3cd e3ee e3ce e40e e3ef e3cd e3ce dbee db8d db8d db8c d32c caeb cacb ba6a aa09 99a8 9168 78e8 6087 5046 4866 50a7 58a8 60a8 68c8 7928 898a a22b aa0a b24b ba8b c2cb caeb d32c d34c db4c db8e db8c e3ad e3ad e3ad e3ad e3cd db8d e38c db8c e38c db6c db6c db6c db8c db6c db4c db6c db8d db6c e38c db8d db8d db6c db8d db8c e36d db8d e38d e38c e38c e3ad e38c e3ad ebad ebcd ebee ebed e38c d30b b209 8128 6087 5067 5067 5047 5047 5067 50a8 58a7 5087 5887 58a8 58a8 60a8 60a8 60e8 68e8 68a8 60e8 6908 60c8 68c8 60c7 6928 68e8 60c8 60c7 60a7 5866 5087 5067 4846 5067 5887 6087 60e7 6908 68e8 70e8 68c8 58c7 5087 5087 50a7 58c8 58c7 58a7 60c8 60c8 60a7 60c8 6108 6108 6909 60e9 610a 694a 71ac 718c 79ab 81ec 926d 9ace a30e b34f c3af c3cf cbef cc0f cc30 cbef cbcf cbce cbee cbce c38e bb8e c3ce d40e d44f d48f dc8f d46f 
ba29 ba29 aa09 a1a8 9968 91a8 9989 99c9 99a8 a1a8 a1c9 a1c9 a1c9 a1c8 a1e9 a1c9 a9c9 a1c9 99a9 99c8 99a8 9968 99a9 a1a8 a9c9 b209 c249 caab d30b d32b db6b db8b dbac e3cb e40d e42d e42d ec4d ec6e ec6f ec4d ec6e ec6e ec8e ec8e ec6f ec6e ec6e ec4d ec4d ec6f ec4e ec0d ec0d e3ec e40e db8c db4b db4c cb0b caaa c269 ba4a aa8b a1c9 9968 9128 8948 8989 91a9 91a9 91e9 99e9 a1a9 a1c9 a9e9 aa0a a22a a1c9 a209 aa0a aa2a aa2a aa2a a1e9 aa0a b1e9 aa09 aa09 aa09 aa09 a9e9 b20a aa09 aa2a aa4a b20a b209 aa29 aa4a aa09 aa2a b24a b229 b209 aa29 b20a ba29 ba49 ba4a ba8a ba6a ba8a c249 c26a c289 c2ab c2cc c2ab c2ab c28a c28a c28a c28a ca8a ca8a c2aa c2ab c2aa c2ab caab caab c2ac caab c2cc c2ec caeb cb0c cb0c c2aa ba8b baec ba8b ba8b b28b b24a ba8a bacc ba6a ba4a ba8b baab ba6b ba8b ba8b ba4a ba6a baac ba8b baab c2cb bacc ba8b bacc c2ca baab ba6a ba8b ba8a b28b b2ac b28b b28b b2ab b2cc b2cc bacb baec bacd bacc baeb c32d c2cc bacc bb6e c34d c2eb c2ec bb0d c36d cb6c cb0b c32e c36e c36d cb6c cb0c c30c c34e cbae d3ce cb8d cb4c cbaf d3ae d3ad d3ae d3cf d3ce d3ef d3ae c34d c34e c36e c38e cbaf cbae cb4e c34d cbae d3cf cbae cb6d d410 d450 dc2f d3ef d411 d450 d491 dd11 dd12 dd11 d490 cc31 c38e c36e bb8f bbf1 c495 d514 ddb4 e637 e617 e616 e636 ee36 e616 e616 e616 e616 e617 e617 e617 de17 de17 e616 e636 ee77 e657 e5f6 e5f5 e635 e657 e637 ddf7 e5d5 e5d4 ddf6 ddd6 ddd5 de16 e637 de38 ddf7 de16 e638 e5f6 e657 e678 e657 e616 e635 e636 ee56 e636 e636 e616 e615 e636 de18 de17 e637 de37 de58 e658 e637 de57 de77 e678 e678 e678 e698 e698 ee98 eeb9 eed8 eef9 e6b9 cdd7 b4f5 a3b0 8aad 8a0a 89c9 89a8 8968 8968 8988 8968 8968 91a8 99a8 9988 99c9 a1c8 9989 9989 a1a9 a1ea aa09 b24a ba6a c2ab cacb d30b d34c db2c db4c e38d e3ac e3ce e3ee e3ee e3ed e3ed e3ee e3ee e3ed e3ee e3cd e3cd e3ee e3cd e3ee e3ee e3cd e3cd e3cd dbad db8d db6c d34c cb0b caec ba8b aa09 99a9 9148 78c7 6867 5867 50a7 5109 50c9 58a8 60c7 6908 8189 99ea a20a aa2a b22a c26b c2cb cb0b d32c db0c db4c db8c dbad e3ae e3ad e3ae e3ac e38c e36c e38c e34c db6c db6c db6c db6c db6c db6c db4c db4c db6d db6c db8d db8d db8d db8d e38d e38d e38d e3ad e38d e38c e3cd e3ad e3ee ebcd ebed ebed e38c d30b ba29 8928 60c8 58c8 5887 5067 5047 5046 5047 5087 5887 5087 5887 58a8 60a8 60a7 6109 68e8 68e8 68e8 6928 6908 60c7 60a8 60a7 60e8 60c8 60a7 6067 6087 58a7 5887 5047 5067 58a8 60c8 68e8 68e8 6908 6908 60a8 5887 5887 5087 58a7 58e8 60e8 58e8 60e8 60c8 60e8 60e8 6108 6149 696a 6929 612a 60e9 692a 716b 71ac 81ec 926d a2ee ab0e b34f bbaf cbcf cbf0 cbef cc0f cc0f cbef c3ef c3ae c3ae c3ae c3ae cc0f cc2f d44f d450 d48f d48f d48f 
a9ea a9ea a1a9 9988 99a8 99c9 99a9 9989 99a8 a1c8 a1c9 a20a a1e9 a1e9 a1e9 a1c9 a1c9 a1e9 a1c8 99a9 9988 99a8 99a9 a1e9 aa0a b209 ba49 c2ab d2ea d32a db4b db6b e3ac e3ec e3ec ec2d ec4d ec4d ec6d e44e ec6d ec8e ec6e ec6e ec8e ec8e ec6e ec4d ec4d ec4d ec6e ec2d ec2d e40d e3cc e3cc e36b db4b db0b d30a caea ba6a ba29 aa09 a1c9 9188 9169 8968 8968 9168 9148 9169 99ca 99e9 a1c9 a1ea a209 a209 aa09 aa0a aa0a aa2a aa0a aa4a a1e9 aa2a aa2a aa2a aa09 a9e9 aa09 a9e9 aa0a aa2a aa09 aa09 aa29 aa2a aa2a aa29 b24a b24a b22a b229 b249 aa4a b24a b24a b24a b24a b28b ba6a ba8b c28a c28a c2aa cacb c2cb c28a baab c2ab c28a c28a c28a c2ab ca8b cacb c2cb caca caab caab c2cb c2cb caaa c2ab c30c cb2c d34b caaa ba6a ba8a baab ba8b ba8b baab baab ba8b ba8c ba4a b24a ba6a ba8b ba4a ba8b ba8a b26a ba6a ba8b c28b baab baab ba8b c2aa c2ab ba4a b26b b2ac ba8b ba8b ba6b bb0d baec ba6a c2ec c30d baab ba8a bacd c30d c2cc c2cb c2ec bb4d c34d c30c c2ec bb2d bb6e c34d c30c c2ec c32d cb8e cbae cb4d c30d bb0d cb8e cbae cb4d cb0d c30c cbce d3ce d34c cb2c cbae d3ee d3ce cbae c36d c34e c3ce cbef d3ad cb8e cb8e cbae d3ce d3ad cb8e cbaf cbcf d42f d3ae cbaf cbef d491 d4f1 dcf1 dcd0 d470 d40e c3ce bb6e baec bb90 c473 d533 ddf5 ddd7 e595 e5f4 e636 e637 e617 e616 ddf6 e5f5 e615 e617 e637 e637 e637 e657 e637 e617 e5f5 e615 e636 de17 ddf6 ddf6 ddf6 e5d5 ddd5 ddd7 dd95 e5d4 ddf6 ddf7 ddf6 e637 e678 e657 e636 e637 e5f6 e5f5 e636 e616 ddf6 ddf5 ddf6 ddf6 ddf5 ddf6 ddf6 ddf6 e616 e657 e658 de57 e658 e658 e678 e678 e678 e678 e677 ee98 e698 e678 e698 e698 eeb8 eeb9 eed9 eef9 ef1a def9 d679 bd97 b473 a34e 91e9 8147 8127 8127 8148 8968 8968 9148 91a9 91c8 99a8 99c9 99a9 a1c9 a1e9 a9ea b22a b26b c2cb cacb d30b d32b db4c db6d e38d e3ad e3cd e3ee e3ed e3ed e3ee e3ed e3ed e3ee e40e e3cd e3ed e3ce e3ed e3cd e3ee dbee dbce e3ad dbae e3ae db8c db2c d30b caeb ba8b aa09 99a9 8968 78c7 6887 5887 5887 4847 50a7 5949 614a 6108 68c7 8148 91c9 a1ea a9e9 b24a c2ab caeb d2ec d30c d32c db6d db8d e38d e38d e3ad e3ac e3ac e38c e38c e38c db8c db6c db8c db6c db6d db6c db6d db6c db6d db6d db6c db6d db8d db8d dbae e3ad e38c e38d e38d e38d e3cd ebcd ebcd ebcd ebac e3ac d32c ba6a 8948 6067 5066 5067 5087 5047 5047 5067 5067 5067 5087 58a7 5888 6087 68e9 6909 6908 68e8 68c8 60e8 68e8 60c8 60a7 60c7 60c7 60c8 68c8 60a7 6067 6087 58a7 58a7 5887 5887 60a8 68e8 7108 68e8 68e8 68e8 60a8 50a7 5087 5087 58c7 6108 60e8 58c8 58e8 6109 60e8 60e8 6108 6129 6109 612a 692a 6109 694a 714a 81cc 924d a2ee b34f bb6e bbaf c3ce cbcf cbef cbef cc10 cc0f cbef c3cf bbae bb8e c3ce cc0e d44f d46f d490 d46f d48f d490 dc8f 
a9ea a9ea a1a9 9988 99a8 99c9 99a9 9989 99a8 a1c8 a1c9 a20a a1e9 a1e9 a1e9 a1c9 a1c9 a1e9 a1c8 99a9 9988 99a8 99a9 a1e9 aa0a b209 ba49 c2ab d2ea d32a db4b db6b e3ac e3ec e3ec ec2d ec4d ec4d ec6d e44e ec6d ec8e ec6e ec6e ec8e ec8e ec6e ec4d ec4d ec4d ec6e ec2d ec2d e40d e3cc e3cc e36b db4b db0b d30a caea ba6a ba29 aa09 a1c9 9188 9169 8968 8968 9168 9148 9169 99ca 99e9 a1c9 a1ea a209 a209 aa09 aa0a aa0a aa2a aa0a aa4a a1e9 aa2a aa2a aa2a aa09 a9e9 aa09 a9e9 aa0a aa2a aa09 aa09 aa29 aa2a aa2a aa29 b24a b24a b22a b229 b249 aa4a b24a b24a b24a b24a b28b ba6a ba8b c28a c28a c2aa cacb c2cb c28a baab c2ab c28a c28a c28a c2ab ca8b cacb c2cb caca caab caab c2cb c2cb caaa c2ab c30c cb2c d34b caaa ba6a ba8a baab ba8b ba8b baab baab ba8b ba8c ba4a b24a ba6a ba8b ba4a ba8b ba8a b26a ba6a ba8b c28b baab baab ba8b c2aa c2ab ba4a b26b b2ac ba8b ba8b ba6b bb0d baec ba6a c2ec c30d baab ba8a bacd c30d c2cc c2cb c2ec bb4d c34d c30c c2ec bb2d bb6e c34d c30c c2ec c32d cb8e cbae cb4d c30d bb0d cb8e cbae cb4d cb0d c30c cbce d3ce d34c cb2c cbae d3ee d3ce cbae c36d c34e c3ce cbef d3ad cb8e cb8e cbae d3ce d3ad cb8e cbaf cbcf d42f d3ae cbaf cbef d491 d4f1 dcf1 dcd0 d470 d40e c3ce bb6e baec bb90 c473 d533 ddf5 ddd7 e595 e5f4 e636 e637 e617 e616 ddf6 e5f5 e615 e617 e637 e637 e637 e657 e637 e617 e5f5 e615 e636 de17 ddf6 ddf6 ddf6 e5d5 ddd5 ddd7 dd95 e5d4 ddf6 ddf7 ddf6 e637 e678 e657 e636 e637 e5f6 e5f5 e636 e616 ddf6 ddf5 ddf6 ddf6 ddf5 ddf6 ddf6 ddf6 e616 e657 e658 de57 e658 e658 e678 e678 e678 e678 e677 ee98 e698 e678 e698 e698 eeb8 eeb9 eed9 eef9 ef1a def9 d679 bd97 b473 a34e 91e9 8147 8127 8127 8148 8968 8968 9148 91a9 91c8 99a8 99c9 99a9 a1c9 a1e9 a9ea b22a b26b c2cb cacb d30b d32b db4c db6d e38d e3ad e3cd e3ee e3ed e3ed e3ee e3ed e3ed e3ee e40e e3cd e3ed e3ce e3ed e3cd e3ee dbee dbce e3ad dbae e3ae db8c db2c d30b caeb ba8b aa09 99a9 8968 78c7 6887 5887 5887 4847 50a7 5949 614a 6108 68c7 8148 91c9 a1ea a9e9 b24a c2ab caeb d2ec d30c d32c db6d db8d e38d e38d e3ad e3ac e3ac e38c e38c e38c db8c db6c db8c db6c db6d db6c db6d db6c db6d db6d db6c db6d db8d db8d dbae e3ad e38c e38d e38d e38d e3cd ebcd ebcd ebcd ebac e3ac d32c ba6a 8948 6067 5066 5067 5087 5047 5047 5067 5067 5067 5087 58a7 5888 6087 68e9 6909 6908 68e8 68c8 60e8 68e8 60c8 60a7 60c7 60c7 60c8 68c8 60a7 6067 6087 58a7 58a7 5887 5887 60a8 68e8 7108 68e8 68e8 68e8 60a8 50a7 5087 5087 58c7 6108 60e8 58c8 58e8 6109 60e8 60e8 6108 6129 6109 612a 692a 6109 694a 714a 81cc 924d a2ee b34f bb6e bbaf c3ce cbcf cbef cbef cc10 cc0f cbef c3cf bbae bb8e c3ce cc0e d44f d46f d490 d46f d48f d490 dc8f 
a1c9 a1c9 9988 9188 9989 99c9 99a8 99c9 a1c9 a1a8 a1a9 a1e9 a1c9 a20a a1c9 a1a8 a1a9 a1ea a1c9 99c9 99a9 a1a8 9988 99a9 a9ea b249 ba29 c2ab d2ca d30a d34b db8b e3cd e3ac e3ec e42c ec4c ec2d ec2c ec6e ec6d ec8e ec6e ec4e ec6e ec6e ec6e ec4d ec4d ec4d ec4d ec2d e42d e40d e3ec e3ac db6b db4b db0a d2ea caca c26a ba29 aa09 a1e9 9989 9148 8948 8948 8948 9168 9148 9989 99e9 99c9 a1ea a1ea a1e9 aa0a a9ea aa0a aa0a aa0a aa29 aa2a aa09 aa0a aa4b aa09 a9e9 aa29 aa09 a9e9 aa09 aa0a aa09 aa09 b20a b22a b1e9 b22a b209 b24b b229 b249 b249 b24a b249 b24a b26a ba6a ba4a ba6b c26b c26a c2ab c28a c28b ba8a c28a c2ab c28a c28a c269 caab c28b c2ab c2aa caab cacb caab caab caaa cacb cacb cb2c d36c d2ca c28a ba6a ba4a ba8a ba4a ba4a c24a c28a c2ab ba8b ba8b ba6a ba6a b26a ba4a ba6a b28b ba8a ba8b c28a ba8b baab b2ac bacb c2ab c28b ba6a ba8b baec bacc c2ec bacc c2ec baec baac bacb bacc baac baab baec baab baec c32d cb4d cb4d c2ec baed c34d c36e c2ec c2ec c32d bb4e c3ae cb8d cbaf cb8e c34d cb8d d3ae cb2d c32e c36e c3ce d3ce d36d cb4d cb6d d38d d3ad d36e cb4d c38e cbae cb8d cb2d c30d cb4e cb8e cb6d cb4d d38d cbef d3ce d3ae cb8e cb8e d3ef d42f d4d1 dcb1 dc90 d44f cc2e c38d bb0d b34e bc33 cd55 d5b5 dd95 e5b3 e5f5 e5d6 e594 e5d4 e616 e616 e617 de17 ddd6 ddd4 e616 e657 e658 ee57 e657 e637 e616 ddd7 ddb6 e5d5 e616 e637 de17 ddf7 dd95 ddb5 de16 de18 ddb6 e5d3 e637 e616 e636 e677 e657 e616 e5f6 ddd6 ddf6 ddf7 ddd6 ddf6 de16 de38 de58 e616 e616 e637 e616 e617 e637 e677 e678 e678 e658 e657 e677 e678 e678 e678 e657 e678 e678 e678 e698 e698 ee98 eeb9 eeb9 f6d8 f719 f719 eef8 deb8 c5b7 a3b1 8a0a 8168 8989 8968 8127 8928 8948 91a9 9188 9189 9189 9989 99a9 a9e9 aa09 b229 ba4b ca8b cacb d2ec d32c db6c db6d db8e dbad dbad e3ed e40e e3ed e3ee e3ed e3cd e3ee e40e e3ed e3ed e3ee e3cd e3ce e3ce dbee e40f e40f dbce db8d db6d d34c d30b cacb ba6a aa09 99c9 9189 78c7 6887 6067 5887 5087 50a7 58a7 5867 6087 6887 7086 8127 99a9 a1c9 aa09 ba6a c2ab caab d2eb d30c db4c db6d db8d e3ad e3cd e3ad e38c e38c e38c e3ad e36c e36c db8c db6c db6c db4c db6c db6c db4b db8c db6c db8c e38c e38c e36d e38d db8d e3ad e3ad e3ad e3cd ebcd ebed ebed e38c db2b c26a 9168 68c8 5867 5887 5087 5066 5067 5067 5067 5867 5066 58a7 58c8 58a7 60e8 68e8 6909 68e8 6908 68e8 68e8 68e8 60e8 68e8 68c7 60e8 60c8 60c7 58a7 5887 5867 5067 50a7 58a7 60a7 68a7 70e8 7108 6908 60c8 58a8 5887 58a8 50a7 58a8 58a8 60c7 60c8 6108 60e8 60c8 60a8 60e9 60e9 6109 6929 610a 692a 692a 694a 79ab 8a2c a2ad b32e bb6f c3cf cbef c3cf c3cf cbce cbef cc0f cc0f cbee c3af bb8e c3cf cc2f d46f d470 d4b0 d4af d48f d48f dc8f d4b0 
99c9 99a9 9189 99c8 9988 a1c9 a1e9 a1e9 a1c9 a1a9 a1c9 a1c9 a1a9 a1c9 a1c9 a1a9 a1c9 a1ea a1ca 99a9 99a8 a1a8 9988 99c9 a1e9 b209 ba49 c2aa caca d2eb d36b db8c e38c e3cc e40d e42d ec2d e42e ec4d ec6e ec6d ec8d ec6f ec4e ec6f ec4f ec6e ec4e ec6f ec4e ec6e ec4d ec4d e40d e3ec e3ac e38c db6c d32b d2ea caaa c26a ba49 a9e9 a1c9 9968 9148 9148 8968 9168 9168 9988 99a9 99c8 99c9 a1c9 a1e9 a9e9 aa0a aa09 a1ea aa2a aa4a aa0a aa09 aa2a aa09 aa2a aa09 aa2a aa2a b229 a9e9 aa09 aa2a aa29 a9e9 b209 aa2a b24a b24a b229 aa2a b209 aa49 b249 ba29 ba4a b26a b26a ba6a ba4a ba6a ba6a ba6b c28a c2aa c26a c28a c26a c28a c2ab c2cc caab caaa c28a c28b caab caec c28b ca8a caab c2cb caab d30c db6c d36c caab ba4a ba29 ba29 ba6a ba49 ba4a ba4a ba4a c2aa c2ab c2aa c24a ba4b b26b ba6a ba4a b26b ba6a ba8b ba6a ba6b c2ab baab baab c2ab c2cb ba6b ba6a bacd c2ab c2ab c2ec c2eb c2ab baac b2ac c2ec bacb baab bb0d baed c32d cb2c c30c c30d c30d c32c c32c c30d baac c36e cb8e cb2c cb4d cb4d cb8e d38e d38d cb4c c32d c34e cb6e d3ae d38d cbaf cb6e cb8e d3ad d38d cb6e cb4e cb6d cbae cb4d c30d bb4e c34d cb8d c36e c34e c34e cbae cb8d cb6e cb8e cbcf d410 d40f d470 d4b2 d430 d430 cbad c30c bb4f bc11 cd14 ddd5 e5f6 e5f5 ddb5 dd95 e593 e5d4 ddd6 ddb6 dd95 e5d4 e637 e657 e617 ddd6 e5d4 e615 e637 e636 e636 e616 e616 de17 ddf6 ddb6 e5d5 e5f5 e616 e617 ddf7 ddd5 e636 e678 ddf7 dd73 e5f5 ddf6 ddf6 e5d4 e5f5 de16 de17 de17 e618 de17 de37 de17 e617 e637 e657 e637 e617 e657 e638 e636 e657 e637 e657 e678 e678 e658 e657 e677 e678 e678 e658 e658 e678 e678 e698 e698 ee99 eeb9 eeb9 eeb8 f6d9 f6f9 f6f9 f719 e6f9 ce38 b494 9b2d a28a 9188 8108 8127 8948 8968 9168 9188 9189 9189 99a9 a1c9 a9e9 b22a ba4a c26a caab cacb d32c db4c db6d dbae dbce e3cd e3cd e40e e3ed e3ee e3ee e3cd e40e e3ce e3cd e3ed e3cd e3ad e3ee e3ee e3ef e40e e470 dbef db8d db4c d32c d30c caab ba6a aa29 a1c9 9189 80e7 6887 6087 5887 5087 5087 5087 5067 5867 6087 68a6 78c7 8927 9189 a1c9 aa0a ba6b c2ab d2cb d2eb d30c db2c db4d e38c e3cd e3ad e3ac e3ac e38c e38d e38c e36b e36c db6c db6b db4c db6c db8c e38c e36c db8d e34b e38d e38c e38d e38d e3ad e3ad e3ad e3cd e3cd ebed ebed e3ac db2b c26a 9968 7086 5866 5046 5067 5067 5066 5067 5046 5067 5888 5887 5887 5887 58a7 68e8 60c7 68c7 68e8 68e8 68e8 6909 6908 68e8 60e8 60c8 60c8 60c7 60e8 60c8 5887 5067 5067 5887 60a7 60e8 7108 68e8 68e8 60c7 58a8 5887 5887 58c8 58e9 58a8 5887 60e8 60e8 60e8 6108 60e8 60e8 60e9 610a 6109 612a 692a 692a 718b 79cb 8a0c a2ad b32e c38e c38e cbcf cbcf c3cf c3ae cbce cc0f cc0f cc0f c3ae c38f c3cf cc0f d470 d48f dc8f d490 d48f d490 d48f dc8f d4b0 
91e9 91e9 99ca 9988 9988 99c9 a1c9 a1c8 a1e9 a1c9 a1c9 a1e9 a1c9 a1c9 a1c9 a1c9 a1e9 a1e9 a1c9 99a8 9989 99a9 a1a8 a1c9 a9e9 aa0a ba89 ca89 caeb d30b db6c dbac e38b e3ec e40d ec0d e42d ec6e ec6e ec6d ec4d e46e ec6e ec6e e48f ec8f ec6e ec6f ec6e ec4d e44e ec4d ec2d ec0d e3ec e3ac dbac db6c db0b d2ca cacb c26a ba4a aa09 a1e9 99a8 9168 9148 8948 8948 9168 9988 a1a9 a1a8 a1a9 a1c9 a1e9 a1e9 a9e9 a9e9 a9e9 aa0a aa2a aa0a aa09 a9c9 a9e9 a9e9 a9e9 aa2a aa2a b229 a9e9 aa09 aa2a aa2a aa09 aa2a b22a b24a aa4a aa29 aa2a b22a b229 b229 b24a ba4a ba4a ba4a ba6a ba6a ba6a c26b ba8a c28b c2ab baab baab c2aa baaa c2aa c28b ca8b c28a c2ab c2ab c2cb cacb c28a c2aa c2aa caab caca d36b db2b caea c28a ba4a ba4a ba6a b24a ba2a b24a b26a ba6a c26a c2ab c2aa c26a ba6a baab b28b ba8a ba6b ba6a ba8a ba6a b24a b26a ba8a ba8a ba8b ba8b ba8b baab baac baac ba8b baaa c2ab c28b baec bacc ba8b baac bb2d c36e cb4e cb4d c32e c32d c38e c2eb c2cc c30d c34d c36e c36e cb2d cb4e c38f cbaf cbae cb4e cb4e c36e cb8e d3ae d34c cb2d cb4d cbf0 cbce cb6d cb6e cb6e cb8f cb6d cb4c cb6e c30c c36d c36d c30c c32d c36e c38d cbce cb6d cb2c cbae cbef d3cd cb8e cb6d cc0f cc30 cb8e c34d bb2e bbf1 ccb3 d574 e5d5 e5f5 e5f5 e5f6 ddd5 ddb5 dd95 dd73 e5f4 de17 ddb7 ddb5 e5d3 e615 e616 ddf6 ddd5 e5d5 e5f5 e615 e5f6 e5f6 e5f6 ddd6 ddf6 ddf6 ddd6 ddf6 e616 e657 e618 ddd6 e5b4 e616 ddf6 d596 ddd6 de17 de18 ddf7 ddd5 e615 e657 e658 e658 e637 e636 e637 e637 e636 e636 e657 e657 e638 e657 e657 e657 e657 e638 e657 e678 e658 e658 e658 e677 e678 e678 e678 e657 ee57 ee97 ee98 ee98 e698 eeb8 ee98 ee98 f6b8 f6d9 f6d8 f718 ef39 deb8 c575 b38e 99c9 7927 7927 8128 8928 8928 8968 9188 9168 9989 99a9 a1e9 aa0a ba4a c28a cacb cb0b d34c db4c db6d dbac dbae e3ee e3ee e3ee e3ee e40e e3ee e3ed e40e e3ee e3cd e3ad e3ef e3cd e3ed e3ce e40f e3cd dbee dbce db6c db4c d32c caec c2ab ba8a b24a a1c9 9168 80e8 70a7 68c8 60a7 58c8 5087 5066 5046 5866 5887 60a7 7086 78c7 8948 99c9 a1e9 b22a ba4b caab cb0c d30c db0c db4c db6d dbad e3ac e3ad dbac e3ad e38c dbac db8c db8c db6c db4b db4c db4b db6c e36c e36c e36c e36c e38c e38c e3cd e3ad e38d e3ad e3ad ebce ebcd ebcd e3ac db6c caaa a188 70a7 6087 5066 5026 5067 5067 5087 5087 5067 5067 5887 58a8 58a7 60a8 6087 60a7 6908 6908 68e8 68e8 68c8 68c8 68c7 68e8 60e7 6108 60e8 60a7 60a7 58a8 58a7 58a7 58a7 60a8 68c8 68e8 6908 6929 6108 60c8 5887 5887 58a8 5909 60e8 58a7 60a8 60e8 60c8 60c7 60c8 6109 60e9 58c8 5909 58e9 60e9 68ea 714a 81eb 928d a2ed b34e bbaf c3af c3cf c3ce c3af c3af c3ce cbee cbee cbef c3cf c3af c3af cc0f d450 d48f d48f d490 d490 d4b0 dc8f d490 dc8f d46f 
91e9 91e9 99ca 9988 9988 99c9 a1c9 a1c8 a1e9 a1c9 a1c9 a1e9 a1c9 a1c9 a1c9 a1c9 a1e9 a1e9 a1c9 99a8 9989 99a9 a1a8 a1c9 a9e9 aa0a ba89 ca89 caeb d30b db6c dbac e38b e3ec e40d ec0d e42d ec6e ec6e ec6d ec4d e46e ec6e ec6e e48f ec8f ec6e ec6f ec6e ec4d e44e ec4d ec2d ec0d e3ec e3ac dbac db6c db0b d2ca cacb c26a ba4a aa09 a1e9 99a8 9168 9148 8948 8948 9168 9988 a1a9 a1a8 a1a9 a1c9 a1e9 a1e9 a9e9 a9e9 a9e9 aa0a aa2a aa0a aa09 a9c9 a9e9 a9e9 a9e9 aa2a aa2a b229 a9e9 aa09 aa2a aa2a aa09 aa2a b22a b24a aa4a aa29 aa2a b22a b229 b229 b24a ba4a ba4a ba4a ba6a ba6a ba6a c26b ba8a c28b c2ab baab baab c2aa baaa c2aa c28b ca8b c28a c2ab c2ab c2cb cacb c28a c2aa c2aa caab caca d36b db2b caea c28a ba4a ba4a ba6a b24a ba2a b24a b26a ba6a c26a c2ab c2aa c26a ba6a baab b28b ba8a ba6b ba6a ba8a ba6a b24a b26a ba8a ba8a ba8b ba8b ba8b baab baac baac ba8b baaa c2ab c28b baec bacc ba8b baac bb2d c36e cb4e cb4d c32e c32d c38e c2eb c2cc c30d c34d c36e c36e cb2d cb4e c38f cbaf cbae cb4e cb4e c36e cb8e d3ae d34c cb2d cb4d cbf0 cbce cb6d cb6e cb6e cb8f cb6d cb4c cb6e c30c c36d c36d c30c c32d c36e c38d cbce cb6d cb2c cbae cbef d3cd cb8e cb6d cc0f cc30 cb8e c34d bb2e bbf1 ccb3 d574 e5d5 e5f5 e5f5 e5f6 ddd5 ddb5 dd95 dd73 e5f4 de17 ddb7 ddb5 e5d3 e615 e616 ddf6 ddd5 e5d5 e5f5 e615 e5f6 e5f6 e5f6 ddd6 ddf6 ddf6 ddd6 ddf6 e616 e657 e618 ddd6 e5b4 e616 ddf6 d596 ddd6 de17 de18 ddf7 ddd5 e615 e657 e658 e658 e637 e636 e637 e637 e636 e636 e657 e657 e638 e657 e657 e657 e657 e638 e657 e678 e658 e658 e658 e677 e678 e678 e678 e657 ee57 ee97 ee98 ee98 e698 eeb8 ee98 ee98 f6b8 f6d9 f6d8 f718 ef39 deb8 c575 b38e 99c9 7927 7927 8128 8928 8928 8968 9188 9168 9989 99a9 a1e9 aa0a ba4a c28a cacb cb0b d34c db4c db6d dbac dbae e3ee e3ee e3ee e3ee e40e e3ee e3ed e40e e3ee e3cd e3ad e3ef e3cd e3ed e3ce e40f e3cd dbee dbce db6c db4c d32c caec c2ab ba8a b24a a1c9 9168 80e8 70a7 68c8 60a7 58c8 5087 5066 5046 5866 5887 60a7 7086 78c7 8948 99c9 a1e9 b22a ba4b caab cb0c d30c db0c db4c db6d dbad e3ac e3ad dbac e3ad e38c dbac db8c db8c db6c db4b db4c db4b db6c e36c e36c e36c e36c e38c e38c e3cd e3ad e38d e3ad e3ad ebce ebcd ebcd e3ac db6c caaa a188 70a7 6087 5066 5026 5067 5067 5087 5087 5067 5067 5887 58a8 58a7 60a8 6087 60a7 6908 6908 68e8 68e8 68c8 68c8 68c7 68e8 60e7 6108 60e8 60a7 60a7 58a8 58a7 58a7 58a7 60a8 68c8 68e8 6908 6929 6108 60c8 5887 5887 58a8 5909 60e8 58a7 60a8 60e8 60c8 60c7 60c8 6109 60e9 58c8 5909 58e9 60e9 68ea 714a 81eb 928d a2ed b34e bbaf c3af c3cf c3ce c3af c3af c3ce cbee cbee cbef c3cf c3af c3af cc0f d450 d48f d48f d490 d490 d4b0 dc8f d490 dc8f d46f 
99e9 99e9 99c9 99a9 99a9 a1e9 a1e9 a1e9 a1e9 a1e9 a1c9 a1c9 a1e9 a1e9 a229 a1c9 99a9 a1c9 a1ea 99c9 99a9 99c9 a1c9 a1ca a9e9 b22a ba69 c289 caeb d32b db6c db8c e3ac e3cc e3ed e40d ec2d ec4e ec6e ec6d ec8f ec6f ec6e ec8e ec6f ec8f ec6e ec6e ec8f ec4e ec4e ec2e ec2d e40c e3ec e3ac db8c db4b d30b d2ea caca c26a ba49 aa09 a20a 99a9 9148 8948 8928 9168 9188 9188 99a9 9988 a1c9 a1c9 a1c9 a209 a1c9 a9e9 aa0a aa09 a9e9 aa0a aa09 a9e9 aa2a aa2a aa0a aa2a aa2a aa2a aa29 aa0a aa2a aa09 aa29 aa4a b229 aa2a a9e8 aa09 b22a b22a b229 b249 b249 ba29 ba4a ba6a c249 ba4a c269 c28b c2aa c28a c28a c2ab baab c2aa c2ca c2ab c28a caca c2cb c28b c28a baab c2aa c2aa c2ab c2ab caeb d38c db4b caaa c2aa ba6a b24a ba6a ba8a b24a b22a b229 b24a ba6a ba4a baaa c2ab c28a ba8b ba6b ba8a baab ba8b ba6a ba8a ba8a ba8b baab ba8b ba4a b26b ba8a ba8a bacb baab ba8b ba6b baab c2cb c28a bacc baab baed c32c cb2c cb2d cb4d cb2c c32d cb0c c2ec baed c36f cb8e cb6d d38e cb4d cbae d3ce d3ae d38e cb6d cb4e c36e cbce d3ce cb6e cb2d cb4d cbae cb8e cb0c c32e cb8e d38e cb6d cb2c c32d c36e cb8e cb6d cb0c c2ed c34e cb8e cb8e cb8d cb6e cbae cbcd cb8e bb0c bb2d c38e c36d bb2c bb4e bbb0 c451 d574 ddb6 e5b4 e5d4 e5d5 e5d5 e5f5 e5f5 e5f5 ddf7 dd96 e572 e635 de37 ddd6 dd94 dd94 e593 e5d5 ddf6 ddd6 ddb5 ddb4 ddb5 ddb5 ddd6 ddd6 ddf6 ddf6 de16 e616 e5f6 e5f4 e5f6 ddb6 dd95 ddd6 e5f7 de18 de16 e656 e678 e658 de17 ddd5 e5f5 ee35 e677 e679 e637 e657 e658 e637 e637 e637 e657 e658 e658 e677 e678 e657 e657 e637 e636 e657 e657 e657 e657 e677 ee77 ee57 e616 e635 e677 e698 e698 ee77 e678 e657 e656 ee78 ee98 ee97 eed8 f719 f719 e6d8 c596 a32e 8168 78e7 7907 80e7 8128 8928 8948 8968 99a9 99c9 a1e9 aa09 b24a c28b cacb cb0c d30c db2c db4c db8c dbae e3cd e3ed e40f e3ee e3ce e3ed e3cd e3ed e3ee e3ee e3ce e3ee e3cd e3ce e3ce e40e e3ee dbee db8d e36c db4c d32c d2eb c2ab ba6a b229 a1e9 9168 8108 7087 6066 58c7 58a7 5087 5867 5046 5866 5887 6087 6067 70a7 80e7 9168 a1c9 a9e9 a9e9 c26a cb0b cb0c d30c db2c db4c db8c e38c e3ac e3ad e38c e3ac e3ad db8c db6c db6c db6b db6c db6c db4c db4c db6c e36c db8d e38d e38d e3ad e38d e3ad e3cd e3cd ebee ebee e3ac db6c cacb a1c9 78a7 5867 5868 5067 5047 50a7 5087 5887 5887 5087 58a8 5887 60c8 6087 60a7 60a7 6908 6908 68e8 68c7 68a7 68c8 60c7 60c7 60e8 6908 60e8 60c8 60a7 5887 5887 58a7 60c8 58a7 60c8 6908 68e8 68e8 6909 60c8 5887 5887 5887 58a7 6109 6108 60c8 60e8 60c8 60c8 60c8 58c8 60c9 58c9 58c8 58e9 60e9 612a 718b 79eb 928d a32f b36f bbaf c3f0 c3cf c3ae cbae c3af c3af cbcf cbcf c3cf c3ae bbaf c3cf cc0f d470 d48f d48f d4b0 d4b0 d490 d4af d48f d490 d46f d46f 
99a9 99a9 99c9 99a8 99c9 a1e9 a1c9 a1ea a1e9 a1c9 a1c9 a1e9 a1e9 a1c9 a209 a1e9 99c9 99c9 99ea a1ca a1a9 99a9 99c9 a20a a20a b229 ba6a c2ca d2ea d32b db6b dbac e38b e3ac e3ed e42d e42d ec2e ec2e ec4e ec6e e46e ec6f ec6e ec6e ec6f ec4e ec4d ec4e ec4e ec4e ec2d ec2d ec0d ebec e3cc e38c db6c db2b daea caca c26a b24a a9e9 a20a 99a9 9148 8948 8969 9168 9168 9188 91a9 99c9 99c9 a1e9 a1e9 a209 a1e9 a1e9 aa09 a209 aa0a a1c9 a9e9 aa09 aa4b aa2a aa4b aa4a b209 b209 b229 a9e9 aa2a b209 aa09 aa0a aa2a aa29 aa0a aa09 b22a b20a b229 b229 b249 ba29 ba4a ba6a b26a ba29 ba4a ba6a ba6a c28a c2aa c28b c2ab c28a c2ab c2ab c2aa c2cb c2cb c28b ba8b ba8a c28a c26a c28a c30c d40f dc0c d2ca c26a ba6a ba49 b20a b209 b229 b209 aa0a aa4a b24a ba09 ba4a baaa c2ab c28a baab baab ba8a baab ba6a ba6a ba8a c2aa ba8a c28b bacb baab baac ba8b c28a b26a ba8b baab bacb bacb ba8b b28b bacc bacb c2eb c30c c32e cb4c cb4c caeb c2ec c32e c38f cb8e d36d cb2d cb4e d3cf d3cf d3ce d36d cb8e c38f c36e cb8e cb6d cb6e cb6e cb8f cbae cbaf cb6e c32d c36f cbae d38d cb4d cb2d cb4d cb6e cb8d cb6e cb4d c36e cb8e c32c c34d c38f cb8d cbae cbae c34d bb0d b32d bb6e c30d bb2e bbd1 c472 d4f2 dd33 e572 e5d3 e5b5 e594 e5d4 ddf6 ddf6 e616 e5f5 e616 ddf7 dd95 e572 e5d3 ddf6 ddb6 dd95 dd94 dd94 ddb4 ddd5 ddd6 ddb5 dd96 dd95 ddd5 e5f7 e5f6 e5f5 e5b4 ddb5 ddb5 dd96 ddd5 de17 de38 e617 e636 e637 e617 e5f5 ee35 ee57 e657 de37 ddf7 e5d5 ee35 ee77 e658 e638 e657 e678 e658 e637 e637 e657 e658 e636 e677 e657 e637 e616 e615 e637 e636 e657 e657 e678 e657 e657 e637 e657 e677 e698 e699 e698 e678 e678 e677 e698 e678 e677 eeb8 eed9 f6d8 f6f7 e6d8 c5b7 a32e 7928 70a7 78a6 78e7 8128 8928 8948 9189 99c9 a1c9 aa09 ba6a c28b cacb caeb d30c d30b db4c db8d dbcd e3cd e3cd e3ee e3ed e3ee e3ed e3ce e3cd e3cd ebcd e3ee e3ce e3ce e3ed e3cd e3ee e3ee e3ce e38d e38d db4d d34c d30c c2ab c26a b22a a1e9 9189 8128 70a7 6087 5887 5886 5866 5887 5846 5066 5066 5887 5846 6086 70a6 78c7 8948 9989 a9c8 ba29 c2ca cacb d2eb d30b db0b db4c db6c db8c e38d e38c e38c dbad db8c db6c db6c db4b db6c db4b db4c db4c db4c e34b db8d e3ad e36c e38d e38d e3ad e3ad e3ee ebcd ebed db8c d30b a9e9 78c8 6067 5887 5087 5067 5067 50a7 58a7 58a7 5887 5887 58a7 5887 60c8 6087 60c7 68a7 68e8 68c7 68e7 60e8 60c7 6087 60a8 60c8 60e8 6949 60c8 60c8 58a7 58a8 5887 58a8 60c8 60e8 60e8 6908 60a7 60a7 5887 5887 5067 5067 58a7 58a7 58c8 60a8 60c7 6908 6949 60e8 58c8 58c8 58c8 58c9 58c9 58c9 68e9 716a 8a0b 928d ab0e bb6f c3af cbef cbef cbef c3cf c3ae c3cf c3cf c38e c36e c36e bbae c3ce c40f d42f d470 d490 d4b0 d4b0 d490 d48f d490 d48f d490 d46f d48f 
9989 9989 9988 9988 9988 a1c9 a1c9 a1ea a1e9 a1e9 a1e9 a1e9 99e9 9a09 a1e9 a1e9 a1e9 99e9 99c9 99c9 99a9 99c9 99ea a20a a20a b229 ba8b c2ab d30b d32b db4a db8b e3ac e3ac e3ed e40d e42d e44e ec4d e46e ec6e e46d e44e ec4d ec6f ec4e ec8f ec4e ec2c ec2d ec4e e42e e42d e40d e3cc e3cc e3ac db6c db2b d30b caaa ba6a b22a a9c9 99c9 99c9 9168 9148 8969 8948 9148 9189 99a9 99a9 99ca a1c9 a20a a1e9 aa09 a9e9 a9ea a1e9 a9ea a209 aa29 a9e9 aa0a aa0a aa4a b24a b22a b209 aa0a a9e9 a9e9 aa09 aa09 a9e9 a9e9 aa09 aa4a aa29 b209 b22a b229 b229 b26a b229 ba4a b26a b26a ba6a ba8b ba8a ba4a ba6a ba8a c26a c2aa baab c2cb c2ab c28a caab c2cb ba8a ba6b c26a c26a c26a c2aa dc4f ed91 e3cc cacb ba6a b209 b209 aa09 b22a b22b aa4a aa09 b22a b24a b209 ba4a ba6a ba6a c26a c26a ba8b ba8a c2aa ba6a b24a c26a ba4a ba4a ba8a ba4a c26a c28b ba8b ba6b ba6a ba8a baab ba6b bacc baec baec baab c2ac bb0c c2eb c32e cb0b c2ed c30d c36e cb8e cb6d cb0c cb2c cb8e cbae d3cd d3ae cb4e cb4e cbae cb8e cb6d cb2c cb2d cb6e d3ae d3ae d38e cb8f c38f cb6e cbcf d3ae d38d c36e c34d cb4d c34d c32d c36e c34d c34d c2ec baed bb4e cb6d cb4c c32d c30d bb2d bb0d bb0c bb6e bc12 cc93 d574 dd54 dd32 dcf2 dd12 e531 e5d4 ddd6 e5b4 e5f4 e637 e5f6 ddd5 e5d4 e5f5 ddd5 dd75 dd53 e5d3 de15 ddf7 dd95 d574 dd53 dd94 ddd5 ddf6 ddf6 ddb5 dd72 e5b4 ddb5 dd95 dd74 dd94 ddd5 de17 de16 e636 e637 e657 e637 e636 e637 ddf6 e5d5 ee35 ee57 e678 e638 de18 ddf7 e615 e656 e658 e637 e656 e657 e637 e616 e637 e657 e657 e657 e678 e637 e637 e636 e678 e677 e677 e657 e677 e677 e657 e658 e657 e636 e677 e6b9 e6b9 e698 e699 e698 ee98 e699 e698 eed9 eeb9 ee77 f6b7 f6f7 eed7 cd75 9aed 7908 70c7 7907 8107 8128 8948 9168 99a8 a1c9 a9e9 b24a ba6b caaa cb0b d30c d32c db6c db8d dbad e3cd e3cd e3cd e3cd e3ee e3cd e3cd e3ee e3cd e3ee e3ee e3cf e3cd e3ed e3ee e3ce e3ee e3ce e3ad e38d db6d d32c d30c c2ec c2aa aa6a a209 91c9 8128 70c8 6087 5887 5887 5866 5887 58a7 5866 5866 5866 5846 5866 6086 70a7 7907 8948 a1a9 b1e9 b229 c2ac caaa d2ca d30b db4d db4c db6c db8c dbad dbad db8d db8c db8c db6c db6b db6b db2b db4b db4b db4c e34b db8c e3ac e38c e3ad e3ad e3cd e3cd ebcd e3ed e34b caeb aa29 8128 6067 5887 5887 5887 5087 5067 5887 58a8 5886 5887 58e8 5887 60a7 60c7 68c7 68e8 68e7 68a7 68c7 60c8 60e8 6928 6908 60c8 6928 60e8 60e8 60a7 60a7 58a8 5887 5887 5887 60c8 6928 6909 68e8 60a7 60c8 5887 50a7 50a7 58a7 58a7 6108 58c8 60c8 60a7 58c7 6908 60e8 58c8 58a8 58c9 58e9 58c9 6109 692a 81cc 9a8d a30e bb6e cbcf cbef cc0f cc10 c3cf c3ae c3ae bbaf bb8e bb8e bb8e c3af c3ef cc0f cc50 cc70 d46f d4b0 d4b0 d4af d48f d4af d4b0 d48f d490 d46f d490 
9989 9989 9988 9988 9988 a1c9 a1c9 a1ea a1e9 a1e9 a1e9 a1e9 99e9 9a09 a1e9 a1e9 a1e9 99e9 99c9 99c9 99a9 99c9 99ea a20a a20a b229 ba8b c2ab d30b d32b db4a db8b e3ac e3ac e3ed e40d e42d e44e ec4d e46e ec6e e46d e44e ec4d ec6f ec4e ec8f ec4e ec2c ec2d ec4e e42e e42d e40d e3cc e3cc e3ac db6c db2b d30b caaa ba6a b22a a9c9 99c9 99c9 9168 9148 8969 8948 9148 9189 99a9 99a9 99ca a1c9 a20a a1e9 aa09 a9e9 a9ea a1e9 a9ea a209 aa29 a9e9 aa0a aa0a aa4a b24a b22a b209 aa0a a9e9 a9e9 aa09 aa09 a9e9 a9e9 aa09 aa4a aa29 b209 b22a b229 b229 b26a b229 ba4a b26a b26a ba6a ba8b ba8a ba4a ba6a ba8a c26a c2aa baab c2cb c2ab c28a caab c2cb ba8a ba6b c26a c26a c26a c2aa dc4f ed91 e3cc cacb ba6a b209 b209 aa09 b22a b22b aa4a aa09 b22a b24a b209 ba4a ba6a ba6a c26a c26a ba8b ba8a c2aa ba6a b24a c26a ba4a ba4a ba8a ba4a c26a c28b ba8b ba6b ba6a ba8a baab ba6b bacc baec baec baab c2ac bb0c c2eb c32e cb0b c2ed c30d c36e cb8e cb6d cb0c cb2c cb8e cbae d3cd d3ae cb4e cb4e cbae cb8e cb6d cb2c cb2d cb6e d3ae d3ae d38e cb8f c38f cb6e cbcf d3ae d38d c36e c34d cb4d c34d c32d c36e c34d c34d c2ec baed bb4e cb6d cb4c c32d c30d bb2d bb0d bb0c bb6e bc12 cc93 d574 dd54 dd32 dcf2 dd12 e531 e5d4 ddd6 e5b4 e5f4 e637 e5f6 ddd5 e5d4 e5f5 ddd5 dd75 dd53 e5d3 de15 ddf7 dd95 d574 dd53 dd94 ddd5 ddf6 ddf6 ddb5 dd72 e5b4 ddb5 dd95 dd74 dd94 ddd5 de17 de16 e636 e637 e657 e637 e636 e637 ddf6 e5d5 ee35 ee57 e678 e638 de18 ddf7 e615 e656 e658 e637 e656 e657 e637 e616 e637 e657 e657 e657 e678 e637 e637 e636 e678 e677 e677 e657 e677 e677 e657 e658 e657 e636 e677 e6b9 e6b9 e698 e699 e698 ee98 e699 e698 eed9 eeb9 ee77 f6b7 f6f7 eed7 cd75 9aed 7908 70c7 7907 8107 8128 8948 9168 99a8 a1c9 a9e9 b24a ba6b caaa cb0b d30c d32c db6c db8d dbad e3cd e3cd e3cd e3cd e3ee e3cd e3cd e3ee e3cd e3ee e3ee e3cf e3cd e3ed e3ee e3ce e3ee e3ce e3ad e38d db6d d32c d30c c2ec c2aa aa6a a209 91c9 8128 70c8 6087 5887 5887 5866 5887 58a7 5866 5866 5866 5846 5866 6086 70a7 7907 8948 a1a9 b1e9 b229 c2ac caaa d2ca d30b db4d db4c db6c db8c dbad dbad db8d db8c db8c db6c db6b db6b db2b db4b db4b db4c e34b db8c e3ac e38c e3ad e3ad e3cd e3cd ebcd e3ed e34b caeb aa29 8128 6067 5887 5887 5887 5087 5067 5887 58a8 5886 5887 58e8 5887 60a7 60c7 68c7 68e8 68e7 68a7 68c7 60c8 60e8 6928 6908 60c8 6928 60e8 60e8 60a7 60a7 58a8 5887 5887 5887 60c8 6928 6909 68e8 60a7 60c8 5887 50a7 50a7 58a7 58a7 6108 58c8 60c8 60a7 58c7 6908 60e8 58c8 58a8 58c9 58e9 58c9 6109 692a 81cc 9a8d a30e bb6e cbcf cbef cc0f cc10 c3cf c3ae c3ae bbaf bb8e bb8e bb8e c3af c3ef cc0f cc50 cc70 d46f d4b0 d4b0 d4af d48f d4af d4b0 d48f d490 d46f d490 
99a9 99c9 99c9 9989 99c9 a1e9 a1c9 a20a a1ea a1c9 a1a9 a1e9 a1c9 99e9 a209 a1e9 a1e9 a1e9 a1c9 a1c9 99c9 99e9 a1c9 a1c9 a22a b24a ba8b c28a cb0b d32b db4b db8b dbac e3cc e42e e40c e40d e42d ec4d e44e e44d e44e e42e e44e ec4e ec4e ec8e ec4e ec2d ec4d e44e ec4d e42d ec0d e3ed e3ac e38b db6b db4c d30b caaa c26a b24a a9e9 a1a9 91a9 9168 8969 9168 8948 9148 9988 99a9 99a9 a1ca a1c9 a1ea a1c9 a9e9 a9e9 a9e9 a9e9 a9e9 aa09 aa09 a9c9 a9e9 aa2a aa4a aa2b aa0a b209 aa2a aa2a aa0a a9e9 aa09 a9e9 a9e9 aa2a aa2a b209 b229 b229 b229 b22a b24a ba29 ba4a b26a ba4a ba6a ba8b ba6a ba6a c26a c28b c26a c28a baac c28a c26a c28a c28a c28a ba6a ba6a ba4a c24b c26a d34c f550 f54e db8c caab ba09 b209 b209 b229 b209 ba2a ba4a b24a b209 b24a b249 ba6a ba8b ba8a ba49 ba8a ba8b ba6a ba8a ba6a c26a ba8a ba6a ba8a ba8b ba8a ba8a ba6b ba6a b28c ba8b ba6a b28b baac c2ec c2cb c2cc c30d c30c c2eb c26a c2ac c30d c36e cb8f cb6d cb2d c2ed c32d cb8e cbce d3ae d3ae cbce cbae cbad cb4c c2ab c2cc c36e c3cf cbad cb4c d34d d3af d3ef cbae cb6d d34e cb8f d38e cbce cb4d c30d bb4e bb4f c32c c2cc bacd bb0d bb6e c38e c32c baed b30d bb0d bb0d b30e bb6f cc70 dd74 ddd6 ddb4 dd73 dd12 dd32 dd33 dd54 e593 e5f5 e5d6 e593 ee14 e616 ddd5 dd94 e593 e5d4 ddf5 ddb6 dd74 e573 ddd5 ddd7 d5b6 d595 ddb5 ddd5 e5d3 ddb4 dd33 d4f3 dd53 dd75 ddb5 ddd6 ddd6 e5f6 e616 e637 e637 e616 e637 e637 e617 e637 e637 ddf7 e5d6 e615 e657 e657 e678 e638 ddf6 e5f4 e657 e637 e616 e657 e637 e616 e637 e657 e677 e677 e677 e657 e657 e637 ee57 e657 e657 e657 e657 e637 e657 e658 de38 de16 e637 e678 e698 e678 e698 e698 ee98 eeb8 e6b8 eeda eeda e698 eeb9 eeb7 eed6 e6b7 bcf3 89c9 7108 7908 8107 8908 8908 9148 9188 a1c8 a9e9 b209 c249 caaa caeb d30b d32b db6c db8c dbad e3ad e3cc e3ce e3ed e3ed e3ed e3ed e3ee e3ed e3ee e3ee e3ee e3ed e3ee e3ee e3ce dbef dbae e3ae db8e db6d d32d d2ec caeb baaa aa6a a1e9 9188 8128 70c7 60a7 5887 5887 58a7 5887 58a7 5887 5866 5887 5867 5866 6066 6066 7086 8108 9148 9988 a9c8 ba6a c2aa caaa d2ea d30b d30b db4c db6c db8c db8c dbcd dbac db6b db4b db4b db4b db4b db4b db6c e36c db4c db6c e3ac e38d e38d e3ae e3ce ebee e3ed e3ad d30b b229 8128 60a7 5067 5087 58a8 5888 5887 5887 5887 5887 58a7 5887 58a8 5887 6087 68c8 68c8 68a7 6908 68e8 60c7 60c8 6908 6908 60e8 68c8 60c8 60e8 60c8 60c8 5888 58a8 58a7 58c8 60a7 60c7 68e8 60e8 60c8 58c8 60c8 5887 58a8 58a8 60e8 60c8 60e8 68e8 60e8 60a8 58a7 58a7 58c8 58a8 5087 58a8 60ea 692a 716a 79cb 926d ab0f b36f c3af cc10 d42f cbef cbcf c3cf c38f c38e bb6e bb4e bb6e c38e c3f0 cc10 d44f d46f d470 d470 d48f d490 d48f d48f d490 d490 d48f d4af d48f d490 
a1e9 a1e9 99c9 99a9 a1c9 a1e9 a1e9 a1e9 a1e9 a1c9 a1e9 a1e9 a1c9 a1c8 a1a8 a1a9 a1c8 a1e9 99c9 a1c8 a1c9 99a9 a1a9 a1a8 a20a aa2a ba8a c2ab caeb d30b db6c db8c e3ac e3ed e40e e40d e42d e42d ec4d e46e ec6e ec6d ec4e e44e ec4e ec4e e44e e44e ec4e ec4e ec4e e44d e44e ec2d e3ed e3cc db8c db6c d32c d30b caaa c26a b24a aa09 a20a 91ca 9169 8969 8948 9168 9189 9189 91a9 99a9 a1c9 a1c9 a1c9 a1c9 a1c9 a1e9 aa09 aa09 aa2a aa0a aa2a a9e9 a9ea aa2a aa0a aa2a aa09 aa29 aa2a aa29 aa2a aa09 aa09 aa0a b20a aa09 aa29 aa29 b22a b209 ba29 b209 b22a b249 b24a b26a b26a ba6a c2ab ba8b c28a c28a c2ab c28a ba8a ba8b c269 ba69 c28a c28a c289 c26a ba8a ba6a ba6b c2ab dc4e f5b1 ecad dbab ca8a b9e9 b1c9 b1e9 ba09 ba09 ba29 ba6a ba6b b229 b24a b28b ba8b baab b28a b24a ba8b ba8b ba6a ba4a ba6a c26a c24a ba8b c2ab c28b ba4a ba6b ba8c baab ba8b baac baac c2ec c2ab c2cc c2ec c30c cb2c c2cc ba6b bacc c32c cb0c cb0c cb0c cb2d cb4e cb2d cb6e d36e d38e d3ef d3ee d38d cb4c c32c bacc baed c38e d3cd d36c cb2d c32d d38e d3ce d38e cb4e cb4e cb4d cbae cb6d cb0c c32d bb6e c36d c34e bacc baac bb2d c34c cb2c c32d bb0d b2cc b2ed baed bbd0 cc92 d4f4 dcf1 e530 e5d4 ddb5 dd74 dd33 dd53 dd94 ddb5 dd53 e571 e5f5 ddb6 e592 e5b3 ddf5 dd95 dd73 ddb4 e5b5 e5f5 ddb6 dd76 dd53 e5b2 de16 ddd6 dd94 dd53 dd32 dd75 d555 d575 dd95 ddd5 e5f6 e5f6 e616 e5f7 e5d6 e5f6 e637 e637 e616 e637 e637 e637 e637 e657 de18 e5f6 e635 e678 e678 e658 ddd7 dd94 e656 e658 e638 e656 e657 e637 e637 e637 e657 e677 e657 e637 e657 e637 e637 e657 e637 e637 e616 e636 e637 e637 de17 de16 de37 e658 e657 e677 e698 e698 e699 e698 e698 eed9 eeda eeb9 eed9 eef9 eef8 eef8 d5f6 ab2e 8a0a 91c9 91a8 8908 8108 8927 9168 99a9 a1e9 aa29 ba4a c28a caca d2eb db2b db6d db6c db8d e3cc e3ed e3cd e3ed e3ee e3ed e3ed e3ee e40d e3ee e3ee e3ee e3ce e3ee e3ee e3ce dbcd dbce e3ad db8d db2c d32c d30c cacb c28a b24a a1e9 9989 8107 78e7 68a7 5887 5887 58a7 5887 5866 6087 6067 5066 5846 5846 5846 6066 6886 70a6 80e7 9168 99a9 aa09 ba49 c28a caab d2ca d2ea d32b d34b db6c db6b db8b db8c db6b db4a db2a db4b db2b db2b db6b db6b db6c db8c e3ac e38d e38d e3ad e3cd e3ed e3ce d32b ba6a 8928 6087 5087 50a7 5067 5887 5087 5087 5887 5867 5887 58a7 60e9 58a8 60a7 60a7 60c7 68e7 60a7 68c8 68c7 60c7 60e8 68e8 68e8 60a7 68c7 60c8 68e9 60a8 58a8 5887 58a8 58c8 58e8 6108 68e8 68e8 6108 60c8 58c8 58a7 58a8 58e8 58c8 60e8 60c8 6908 6909 60e8 60e8 58c7 58c8 5087 5067 50a7 58a8 60e9 798b 820d 92ae ab0e bbaf cbd0 cbef d410 d3ef cbef cbaf c3cf c3ae bb8e b32e bb6e bbae cbef cc30 cc4f d46f d46f d46f d490 d46e d48f d490 d46f d490 d46f d490 d4b0 d48f d48f 
99c9 99c9 a1a9 a1e9 a1c9 a1c9 a1e9 a209 a1e9 a1c9 99ea a1c9 a1c9 a1c9 a1e9 99e9 99c9 a1c9 99a9 99a9 9989 99c9 99a9 9988 a1e9 aa29 ba6a c2ab caeb d32b db8c dbad e3ac e3ed e42e e42d e44d e42e ec4d ec4e e46e ec6d ec6e ec6e ec6e ec6d ec4e ec4d ec4e ec4e e44e e46e e44e e42d e3ee e3cd e3ac db8d d34d d2eb cacb c28a ba2a aa09 a1c9 99aa 8969 8148 8949 8969 9189 91aa 9989 9989 99c9 a1a9 a1c9 a209 a1e9 a1c9 aa09 aa0a aa0a aa0a aa2a aa09 b209 aa09 aa0a aa2a aa2a aa0a aa4a aa09 aa2a aa29 aa09 aa09 b229 b229 aa2a aa09 b229 b209 b24a b24a b22a ba6a b26a ba6a ba6a ba6a c28a c28b c26a ba6a baab c28a c28b baab baab baab bacb baab ba8a ba4a ba4a b28b b26a d36c ed90 f5f0 ecae db2a c229 b1c9 a9e9 b229 ba09 ba6a b28a b24a b22b aa2a b24a ba6b ba4a b26b b24a ba6a c2ab ba6a ba4a baac ba6a c28a ba8b ba8b ba6a ba6a ba8b baab baab c2ac c2aa c2cb cacb caab c2ab c2ec c2ec c2cc c30d c2ed c30d c34d c2ec c2cc c2ed c30c cb6e cb6d cb4d cb8f cbae d3ce d3ae cb2b c2ec c30e bb2e bb6e cbae cb8d cacc c30d cb8e cbce d3ad d34d cb4e cb6e cbcf d38d cb0d c2ec c30d c36e c36d c2ec c30d b30d c2ec bacc b26b b2ac b2ac b2ac b2ac b36f c432 d4b1 dcf0 dd32 dd34 dcf2 e572 e5f5 ddf6 ddb5 e594 e593 e5b5 dd74 dd32 e593 ddb4 dd75 dd33 e593 ddd5 ddb6 ddb5 ddb4 e5b4 e5f4 ddf6 dd95 dd32 dd52 dd94 d575 d575 dd94 ddd6 ddd6 ddf6 ddd6 e5d5 e5f5 e5f6 e617 e616 ddf6 e5d6 e615 e636 e637 e617 e637 e637 e637 e657 e678 e618 e5b4 e656 e678 e658 de18 ddd6 e615 e656 e657 e637 e636 e636 de58 e637 e636 e657 e637 e637 e637 e657 e637 e637 e637 de37 de17 de17 de17 de37 de17 de37 e656 e677 e678 e678 e698 e698 eeb9 e699 ee99 eeb8 eed9 eeda eefa ef1a ef1a eef9 e6d8 c5d7 b411 a24a 8968 70c7 8108 8948 8948 9188 a1a8 a9e9 ba4a ca8b caca d30b db2b db6c db8c db8d e3ad e3cd e3cd e3cd e3ee e3cd e3cd e40e e40e e3ed e3ee e40f e3ce e40e e3ce e3ee e3cd dbce dbad db6c db4d d30c cb0c cacb ba6a b22a a1ea 91a9 8108 70c7 68a7 6087 5887 5887 5887 58a7 58a7 5887 5886 5866 5846 5866 5866 6066 6066 70a7 80e7 8928 9988 a1e9 b229 ba6a c28a caaa d2ea d2eb cb2c d36d d3ad dbae d3ad db8d dbae d36d db4c db0a db4b db6c db4b db6b db8d e3cd e38b e3ad ebcc e3ab d32c c269 9969 68a7 5887 5867 5067 5867 50a7 58a7 5087 5887 5887 58a8 58a7 58c8 60c8 60a7 60c7 6908 68e8 60c7 6087 6087 60a7 60e7 68c8 60c8 60e8 60c8 60c8 60c8 58a7 58a7 58a8 60a8 60e8 60e8 60e7 60e8 6108 60a8 58a7 58e8 58a8 5887 60c8 60c8 60e8 68e8 6908 68c8 60a8 58e7 58a7 5087 4847 5087 50a7 60c9 6929 81cb 9a8f ab2f bb8f cbef d3f0 d40f cc10 cbef cbcf cbcf c3af c38e bb6e bb6e c3ee cc0f cc50 d450 d44f d44f d46f d490 d48f d48f d490 d46f d46e d46f d48f d490 d48f d46f d46f 
99c9 99c9 a1a9 a1e9 a1c9 a1c9 a1e9 a209 a1e9 a1c9 99ea a1c9 a1c9 a1c9 a1e9 99e9 99c9 a1c9 99a9 99a9 9989 99c9 99a9 9988 a1e9 aa29 ba6a c2ab caeb d32b db8c dbad e3ac e3ed e42e e42d e44d e42e ec4d ec4e e46e ec6d ec6e ec6e ec6e ec6d ec4e ec4d ec4e ec4e e44e e46e e44e e42d e3ee e3cd e3ac db8d d34d d2eb cacb c28a ba2a aa09 a1c9 99aa 8969 8148 8949 8969 9189 91aa 9989 9989 99c9 a1a9 a1c9 a209 a1e9 a1c9 aa09 aa0a aa0a aa0a aa2a aa09 b209 aa09 aa0a aa2a aa2a aa0a aa4a aa09 aa2a aa29 aa09 aa09 b229 b229 aa2a aa09 b229 b209 b24a b24a b22a ba6a b26a ba6a ba6a ba6a c28a c28b c26a ba6a baab c28a c28b baab baab baab bacb baab ba8a ba4a ba4a b28b b26a d36c ed90 f5f0 ecae db2a c229 b1c9 a9e9 b229 ba09 ba6a b28a b24a b22b aa2a b24a ba6b ba4a b26b b24a ba6a c2ab ba6a ba4a baac ba6a c28a ba8b ba8b ba6a ba6a ba8b baab baab c2ac c2aa c2cb cacb caab c2ab c2ec c2ec c2cc c30d c2ed c30d c34d c2ec c2cc c2ed c30c cb6e cb6d cb4d cb8f cbae d3ce d3ae cb2b c2ec c30e bb2e bb6e cbae cb8d cacc c30d cb8e cbce d3ad d34d cb4e cb6e cbcf d38d cb0d c2ec c30d c36e c36d c2ec c30d b30d c2ec bacc b26b b2ac b2ac b2ac b2ac b36f c432 d4b1 dcf0 dd32 dd34 dcf2 e572 e5f5 ddf6 ddb5 e594 e593 e5b5 dd74 dd32 e593 ddb4 dd75 dd33 e593 ddd5 ddb6 ddb5 ddb4 e5b4 e5f4 ddf6 dd95 dd32 dd52 dd94 d575 d575 dd94 ddd6 ddd6 ddf6 ddd6 e5d5 e5f5 e5f6 e617 e616 ddf6 e5d6 e615 e636 e637 e617 e637 e637 e637 e657 e678 e618 e5b4 e656 e678 e658 de18 ddd6 e615 e656 e657 e637 e636 e636 de58 e637 e636 e657 e637 e637 e637 e657 e637 e637 e637 de37 de17 de17 de17 de37 de17 de37 e656 e677 e678 e678 e698 e698 eeb9 e699 ee99 eeb8 eed9 eeda eefa ef1a ef1a eef9 e6d8 c5d7 b411 a24a 8968 70c7 8108 8948 8948 9188 a1a8 a9e9 ba4a ca8b caca d30b db2b db6c db8c db8d e3ad e3cd e3cd e3cd e3ee e3cd e3cd e40e e40e e3ed e3ee e40f e3ce e40e e3ce e3ee e3cd dbce dbad db6c db4d d30c cb0c cacb ba6a b22a a1ea 91a9 8108 70c7 68a7 6087 5887 5887 5887 58a7 58a7 5887 5886 5866 5846 5866 5866 6066 6066 70a7 80e7 8928 9988 a1e9 b229 ba6a c28a caaa d2ea d2eb cb2c d36d d3ad dbae d3ad db8d dbae d36d db4c db0a db4b db6c db4b db6b db8d e3cd e38b e3ad ebcc e3ab d32c c269 9969 68a7 5887 5867 5067 5867 50a7 58a7 5087 5887 5887 58a8 58a7 58c8 60c8 60a7 60c7 6908 68e8 60c7 6087 6087 60a7 60e7 68c8 60c8 60e8 60c8 60c8 60c8 58a7 58a7 58a8 60a8 60e8 60e8 60e7 60e8 6108 60a8 58a7 58e8 58a8 5887 60c8 60c8 60e8 68e8 6908 68c8 60a8 58e7 58a7 5087 4847 5087 50a7 60c9 6929 81cb 9a8f ab2f bb8f cbef d3f0 d40f cc10 cbef cbcf cbcf c3af c38e bb6e bb6e c3ee cc0f cc50 d450 d44f d44f d46f d490 d48f d48f d490 d46f d46e d46f d48f d490 d48f d46f d46f 
a1e9 a1e9 a1e9 a1e9 a1c9 a1c9 a1c8 a1c9 a20a a1c9 99a9 a1c9 a1e9 a1c9 a1e9 a1ea a1e9 a1e9 99a8 99a9 99a9 99c9 99e9 99a9 a1c9 aa2a ba4a c28a caeb d32b db6c db6c e38c e3cc e3ed e40d ec2d e42d ec4d ec4e e46e e46e ec6d ec6d ec4d ec6e ec4e ec2e ec4e ec2e ec4e ec6f e44f e44e ebed e3ed dbac db6c db4c d30b caca c28a ba4a aa09 a1a9 9189 9169 8949 8949 8989 9189 9189 99a9 91c9 9988 a188 a1a9 aa09 a1e9 a1c9 a9e9 aa09 a22a a9e9 a9e9 a9e9 aa09 aa0a aa2a aa2a aa2a aa2a aa2a aa2a b22a aa4a aa2a aa2a aa2a aa29 aa2b aa2b b229 b24b b26b b26a b26b ba6a ba6a ba6a ba4a ba4a ba8a c26a c26a c26a ba8a ba4a c28a c28a baab ba8a ba8a ba6a ba4a b22a b24b b26c c2ab e48f f612 f5b0 e46b caaa b1e9 b229 b209 a9e9 b209 b24a ba4a aa2a aa4b b26a b24a b24a b24a b24a ba6a ba6a ba6a ba6b ba29 b24b ba6a baaa ba8b c28a c28a ba6b c2cb caec cacb c2cc c2cb c2ab c2ab c2cc c2cb c2cc bacc c2ec c30c c30c cacc c2ec bb0d c32e cb4d cb4d cb6d cb8e d38e d38d d3ae d38c c30c c2ec c34e c36e c32c cb2d cb4d c32d c32d c3af cbad cb6d cb4e cb4e cb8e d38d d34d cb4d cb2d c34d c32d c2eb c2cc bb2d c32d c2eb ba8b aa6c aa6c aa8c b28d b30e bc12 d4f4 dd53 dcd3 dc91 dcf0 dd93 ddb6 dd53 e5b3 e636 e617 e5b5 e573 e573 ddb4 dd34 dd33 dd52 dd72 dd95 dd94 e5b3 e5d4 ddf6 ddd5 dd94 dd73 dd52 dd32 d4f3 d513 dd94 ddf6 ddf7 ddb6 e5b4 e5f5 e617 ddf6 ddd6 dd95 ddd5 e5f5 e615 e616 ddf6 ddd5 e5d5 e636 e657 e637 e637 e637 e636 e636 e638 ddd6 e5d5 e616 e657 e658 de37 de17 e616 e616 e657 de37 e617 e637 de57 de17 e616 e616 e616 de16 ddf6 ddf7 ddf6 de36 de58 de79 de58 de58 e658 e678 e657 de37 e636 e677 e678 e678 e698 e698 e6b8 e698 e678 eeb8 eed9 eeda eef9 ef19 ef1a ef18 e6f8 ce37 b452 920a 70c7 70c7 8128 8928 9168 a1a9 aa09 b26b c2cc caeb d30c d32c d34d db6c dbad dbcc e3ce e3cd e3cd e3ee e3cd e3cd e3ee e3ed e3cd e3ed e3ee e3ee e3ee e3ee e3ee e3ee e3ce dbad db8c db4d d32c d30b cacb c26a aa6b a1ea 91a9 8949 7908 68a7 60c8 60a7 5887 6087 6087 5886 60a7 5887 5866 5846 5866 5846 5846 5846 6046 6886 78c7 8127 9188 a1c8 a9e9 b209 ba6a c2ec cbaf cc71 d4d3 d514 d576 d596 ddb6 d5b6 d535 cc52 d34d db4c db6c db8d dc4f e491 e42f e38b e3ac e3ac db4b c28a 9968 6887 5887 5087 58a8 58a8 5887 5887 58c8 58a8 5887 5887 6088 60a8 60c7 60e8 68e7 68e8 6929 6929 60e8 68a7 60a7 60a7 68e8 68c8 60c7 68e9 60e8 60c8 60e8 58c8 58e8 58c8 60c7 60c7 6108 60c8 60c8 60e8 58a7 5887 58c8 58c8 60c8 60e8 60c7 68e8 6908 68e8 60c7 60c8 58a7 5087 5067 4847 4867 58a8 68e9 81ec 926e ab2f bbb0 cbcf d3ef d3ef d3ef cbcf c3af c3cf c38f bb4e bb6d bb8e c3ae cc0e d430 d44f d46f d46f d470 d450 d48f d48f d490 d470 d46f d46f d470 d470 d450 d46f d44f d46f 
a1c9 a1c9 a209 a1e9 a1a9 a1e9 a1e9 a1c9 a1ea 99e9 99ea 9a09 a1e9 a1e9 a1e9 a1ea 99ea a1c9 99c9 99ea 9989 9988 99a9 99a8 a1e9 aa0a ba49 c28a caeb d34c db6c db6b dbac e3cc e3ec e40d e42d ec4d ec4d ec4d ec6e ec6e ec4d ec6e ec6e ec6e ec6e ec4e ec4d ec4e ec6f ec4e e44e e44e ebed e3ed db8b db6b db2b caeb caaa c26a ba4a a9ea 99ca 9169 8989 8949 8928 9189 9189 9189 99a9 99a9 9989 a1a9 a1c9 aa0a a1e9 a9e9 a9e9 a1e9 aa09 a1e9 a9c9 a9e9 aa09 aa0a aa0a aa09 aa09 b24a b26b aa2a aa0a aa2a aa4a aa0a aa0a aa2a aa2b b22b b24a b26b b26b b24b b22a b22a ba4a ba6a ba8b ba6a ba4a ba4a c28a c28b c28a c26b c2ab c26a ba6a ba49 ba6a ba6a ba6a ba2b b24b b2ab d40e f613 fe32 f50e db8b c28b b1ea b20a b22a b24b aa4b aa2b b24b b22a b22a b24a ba4a ba29 ba6b ba4a ba2a ba4a ba8a ba8b ba4a ba6a ba8a ba6a c26a c28a c26a c28b c2cb ca8a ca8b c2cb c2ed c2cb c2aa ba8b baac bacc c30c cb0c caec c2ed c2ed c30d c34e cb4e cb2d cb4e d3af d3ae d36d d34c cb2d c30d c32e cb4d d38d cb2c c2ec c34f c36d c38e cb8d cb8d c36e cb2e c36e cbcf d3ae cb6e c34e cb6e cb4c cb2d baec b2ed c30c c32d bacc aa4b a24c aa8c aa6c b32e bc31 ccd4 dd13 dd73 e532 dd53 d534 dd33 e572 e5d4 e5b5 e552 e5d2 e5f5 e5d6 dd54 dd12 dd53 dd74 dd74 dd53 dd32 e5b3 ddd5 ddb6 e572 e5b3 dd94 d533 d4f2 d4d3 d513 dd75 ddd5 ddf6 e616 e616 e5f6 ddb6 e5b5 e615 e616 de16 ddd6 ddb5 ddb5 e5b4 e5f5 ddf6 ddf7 ddf7 e5f6 e636 e637 e637 e637 e637 e637 e637 e616 ddf7 ddf6 e616 e657 e637 de58 de37 e617 e636 e657 e658 e637 e636 de17 ddb5 dd95 ddd6 de17 de17 de17 de37 e637 e657 e698 e698 e678 e678 e657 e637 e637 e658 e657 e678 e678 e678 e698 e698 e698 e699 e678 ee97 eeda eefa eefa eefa f719 f719 ef18 d658 b411 8128 70a7 78e8 8108 8948 99a9 a209 b26b c2aa caeb cb0c d32c db2c db8d dbad e3ce e3ed e3ac e3ad e3cd e3cd e3cd e3ed e3ce e3ce dbce e3ee e3cd e3ee e40e e3ee e3ee e40f dbce db8d db6d d30c d2ec caec c28a aa6b a20a 91a9 8128 7908 68c8 60a7 6087 5887 5867 6067 5887 6087 5887 5867 5866 58a7 5866 5066 5846 5825 5846 6086 70a6 7907 8968 91a9 a28d bbf1 ccf4 ddb6 ddf6 e637 e699 eeb9 eeb8 eed8 eeb7 e677 d5f6 d4f3 d471 dcd4 dd55 e5f6 e5d6 e4d2 e3cd db8c d34b c269 99a8 70a8 5887 5087 5087 5067 5087 58a7 5887 5887 58e9 58c8 58a8 58a8 58a7 60e8 60e8 68a7 68e8 68e8 60e8 68e8 68a7 60a8 60a7 68e8 60e8 68e9 68e8 6909 60e8 58c8 58c8 6108 60a8 60a7 60c8 60e7 60c8 60c8 5887 58a8 58a7 58c8 60e8 60e8 6908 60c8 60c7 60c8 60a7 60a7 60c7 58c8 50a8 5067 5067 50a7 6909 79cb 926d ab2f bb8f c3cf cc0f d40f d3ef cbcf cbae c36e c38e bb8e bb6e bb8e c3cf cbef cc2f d450 d470 d46f d44f d46f d46f d470 d470 d470 d46f d44f d42f d44f d44f d44f d450 d46f d46f 
a1ea a1ea a1e9 9a2a 99ea 99c9 a1c9 a1e9 a1e9 99c9 99c9 99c9 99a9 99c8 a1c9 99a9 99a9 99a9 99a9 99c9 9988 9988 9968 99a8 a1c9 aa09 ba49 c2aa d30b d32c db6c db8c dbcc e3cd e3ec e40d e42d ec4d ec4d e44d ec4e ec6d ec4e ec4d ec6e e42d ec6e ec4e ec6e ec4e ec4e e46e ec4e ec4e e3ed e3ac dbac db8c db6c d2eb cacb c2ab ba6a aa2b 99ea 99a9 9189 8949 8969 9148 9169 91a9 99a8 99a9 a1c9 a1e9 a1e9 a1ea a9e9 a9e9 a9c9 a9a9 a1e9 a9e9 a9e9 aa09 a9e9 aa2a b24a b1e9 aa0a aa2a b24b aa0a aa0a a22a aa0a aa0a aa4a aa6b aa4a b22a b2ac b28c b26b b24a b26a b229 ba4a ba4a b24a ba8a ba4a c26a c24a ba8b ba8a baab c28b c26a ba6a ba4a ba6a ba4a b26b ba0a ba2b cb0b ed71 fe72 fdd0 ecae dbac c28b b1ea aa0a aa2a ba6a b26b b24a b22a b209 b22a b24a ba4a ba4a ba6a ba8b b24b b22a ba6a ba8b ba6a c28b c28a c26a ba4a ba4a b26a ba8a ba4a ba6a c2cb c2ec c2cb c28b c28b c2ec cb0c c2eb caaa cacc cb0d cb2c c2ec cb2c cb2d cb2d cb4d cb4c d34c cb2c cb2d c32d c36d cb8e d38d d34c cb4d c32d cb6d cbae d34c cb0c c2cb cb6e cb8f cb6d d36d d3ae d38e cb4d c36d c2ec baab bb0e bb0d bb2d c2ec bacc b26b aa4b aa6c b2ce bb90 cc10 dcd0 dd31 dd54 dd12 dd53 dd75 e5b3 dd95 dd33 e531 e593 e596 dd33 e552 e572 dd94 dd55 dd74 dd94 dd94 dd94 dd94 dd53 e592 dd93 dcf2 dcb0 d4d1 d514 d514 dd74 ddb5 ddb5 e5b4 e5f4 e5f6 e5d5 e5f6 ddf6 ddd7 e5d6 e5b5 e5f6 e617 ddf7 ddd7 ddb6 dd94 e5d5 e617 e636 ddf7 e5f5 e636 e657 e637 e637 e616 e617 e5f6 de16 de37 de38 e617 e616 e636 e657 de37 e616 e5f6 e616 ddf6 ddf6 de17 d5f7 d5f7 de16 e637 e637 e637 e637 e658 e657 e657 e656 e678 e678 e678 de57 e636 e636 de37 e677 e679 e678 e657 e678 e698 e699 e699 e698 eeb9 eefa eefa eef9 ef1a ef19 f717 eef8 cd95 9a2b 68a7 70c8 8107 8948 99c9 a9e9 b24a ba6a cacb d30c d32c db4c db6c dbad e3ce e3ed e3cc e3ad e3cd e3ad e3cd e3ee e3ed e3ee e3ee e3ee e3cd e3cd e3ce e3cd e3ee e3ee e3ee e3ad db4d d34d d2eb c30c c2ab b20a a1e9 91a9 8128 70e8 68a7 6087 5867 5887 5887 58a7 5887 5867 5887 5887 5887 5866 5045 5066 5046 5046 5046 5067 5887 7128 8a2b abd1 c556 de17 e657 e678 eeb9 eed8 eed8 ee97 ee76 ee56 ee15 e615 de17 ddf7 de18 de79 e679 eeb8 e698 e637 dd75 d451 baab 9168 68c8 5887 5888 5088 50a8 50a8 5087 5887 58e8 6109 58e8 5887 5887 60c7 60e8 68e8 68e8 60c8 68c8 60c8 60e8 60e8 60c8 60e9 68e8 6908 694a 694a 6929 6108 60c8 58c8 60e8 6109 60e8 60c8 60c8 60a7 60c8 58a7 5887 58a8 58c7 58c8 60a8 60e8 68e8 6908 60e8 60a7 60a7 5887 5887 5887 5888 58a9 60c8 692a 81cb 9a8e ab0f bb6f c3d0 cbef d40f d3ef cbef cbaf c3ae c36e c36e bb8f c3af c3ce cc0f cc30 d44f d470 d470 d48f d46f d48f d46f d44f d470 d46f d44f d470 d46f d470 d44e d44f d44f d44f d46f 
a1ea a1ea a1e9 9a2a 99ea 99c9 a1c9 a1e9 a1e9 99c9 99c9 99c9 99a9 99c8 a1c9 99a9 99a9 99a9 99a9 99c9 9988 9988 9968 99a8 a1c9 aa09 ba49 c2aa d30b d32c db6c db8c dbcc e3cd e3ec e40d e42d ec4d ec4d e44d ec4e ec6d ec4e ec4d ec6e e42d ec6e ec4e ec6e ec4e ec4e e46e ec4e ec4e e3ed e3ac dbac db8c db6c d2eb cacb c2ab ba6a aa2b 99ea 99a9 9189 8949 8969 9148 9169 91a9 99a8 99a9 a1c9 a1e9 a1e9 a1ea a9e9 a9e9 a9c9 a9a9 a1e9 a9e9 a9e9 aa09 a9e9 aa2a b24a b1e9 aa0a aa2a b24b aa0a aa0a a22a aa0a aa0a aa4a aa6b aa4a b22a b2ac b28c b26b b24a b26a b229 ba4a ba4a b24a ba8a ba4a c26a c24a ba8b ba8a baab c28b c26a ba6a ba4a ba6a ba4a b26b ba0a ba2b cb0b ed71 fe72 fdd0 ecae dbac c28b b1ea aa0a aa2a ba6a b26b b24a b22a b209 b22a b24a ba4a ba4a ba6a ba8b b24b b22a ba6a ba8b ba6a c28b c28a c26a ba4a ba4a b26a ba8a ba4a ba6a c2cb c2ec c2cb c28b c28b c2ec cb0c c2eb caaa cacc cb0d cb2c c2ec cb2c cb2d cb2d cb4d cb4c d34c cb2c cb2d c32d c36d cb8e d38d d34c cb4d c32d cb6d cbae d34c cb0c c2cb cb6e cb8f cb6d d36d d3ae d38e cb4d c36d c2ec baab bb0e bb0d bb2d c2ec bacc b26b aa4b aa6c b2ce bb90 cc10 dcd0 dd31 dd54 dd12 dd53 dd75 e5b3 dd95 dd33 e531 e593 e596 dd33 e552 e572 dd94 dd55 dd74 dd94 dd94 dd94 dd94 dd53 e592 dd93 dcf2 dcb0 d4d1 d514 d514 dd74 ddb5 ddb5 e5b4 e5f4 e5f6 e5d5 e5f6 ddf6 ddd7 e5d6 e5b5 e5f6 e617 ddf7 ddd7 ddb6 dd94 e5d5 e617 e636 ddf7 e5f5 e636 e657 e637 e637 e616 e617 e5f6 de16 de37 de38 e617 e616 e636 e657 de37 e616 e5f6 e616 ddf6 ddf6 de17 d5f7 d5f7 de16 e637 e637 e637 e637 e658 e657 e657 e656 e678 e678 e678 de57 e636 e636 de37 e677 e679 e678 e657 e678 e698 e699 e699 e698 eeb9 eefa eefa eef9 ef1a ef19 f717 eef8 cd95 9a2b 68a7 70c8 8107 8948 99c9 a9e9 b24a ba6a cacb d30c d32c db4c db6c dbad e3ce e3ed e3cc e3ad e3cd e3ad e3cd e3ee e3ed e3ee e3ee e3ee e3cd e3cd e3ce e3cd e3ee e3ee e3ee e3ad db4d d34d d2eb c30c c2ab b20a a1e9 91a9 8128 70e8 68a7 6087 5867 5887 5887 58a7 5887 5867 5887 5887 5887 5866 5045 5066 5046 5046 5046 5067 5887 7128 8a2b abd1 c556 de17 e657 e678 eeb9 eed8 eed8 ee97 ee76 ee56 ee15 e615 de17 ddf7 de18 de79 e679 eeb8 e698 e637 dd75 d451 baab 9168 68c8 5887 5888 5088 50a8 50a8 5087 5887 58e8 6109 58e8 5887 5887 60c7 60e8 68e8 68e8 60c8 68c8 60c8 60e8 60e8 60c8 60e9 68e8 6908 694a 694a 6929 6108 60c8 58c8 60e8 6109 60e8 60c8 60c8 60a7 60c8 58a7 5887 58a8 58c7 58c8 60a8 60e8 68e8 6908 60e8 60a7 60a7 5887 5887 5887 5888 58a9 60c8 692a 81cb 9a8e ab0f bb6f c3d0 cbef d40f d3ef cbef cbaf c3ae c36e c36e bb8f c3af c3ce cc0f cc30 d44f d470 d470 d48f d46f d48f d46f d44f d470 d46f d44f d470 d46f d470 d44e d44f d44f d44f d46f 
99e9 99e9 9a0a 99e9 a1c9 a1c9 99c9 99c9 99e9 99c9 99a9 99c9 99a8 99a8 a1c9 99c9 9988 99a9 9988 9988 99a8 99a8 9988 99a8 a1c9 aa09 b249 c2ab d2eb d2ea d34b db8c dbac e3cd e3ee ec0c e42e ec2d ec4d ec6e e48e ec6e ec2e e44d e46e e46e e44e ec2d ec4e ec4e ec2e e44e e44e ec2d e3ec e3ac e3ac db6c db4c d2eb cacb baeb ba8a aa2a a1c9 9989 9189 8949 8949 9168 9968 9189 9168 9988 99a8 a1c9 a1c9 a1ea a1e9 a1c9 a1c9 a1e9 a1e9 a9e9 a9e9 b209 aa09 aa09 aa29 aa0a a209 a1e9 aa0a aa09 a229 a9ea a1ea aa09 aa0a aa2a aa4a b22b b24a b24b b24a b22a b24a ba6a ba49 b24a b26a ba69 ba4a c26a c26a ba8b ba4a ba6a ba6a ba6a ba6a c249 ba69 ba4a b24b b20a ba4a dc0d fe32 fe51 f590 e44d d30a c22a b1c9 a9ea aa2a b22a b22a b24a b22a b22a b22a b24a b22a ba4a b24a c28b ba8b ba6a c26b c28b ba8b c26a ba4a ba4a ba6b ba4a ba2a aa2a b24b bacb c2cb c28b ba6b bacc c2ec cacb cacb c2ec c2ec c32d cb4c cb0b caed cb4d cb4d cb4d cb4d c30d bb2d c32d cb8d cb8e d3ae cbae d38e cb8e cb6c cb6d d34c cb0c c30d c34d c34d cbae d36d cb6d d38d d38d cb2c ba8a b24a aa8c b2ec c32d c2eb baac b28c aa8c aa6b b2cd bbb1 cc71 d4f2 dc92 dc30 dc6f dd33 dd95 ddb5 e5b4 e594 e5d4 dd74 e4f1 e511 dd72 dd33 dcf3 dd11 e593 ddd5 dd94 ddb5 ddb5 ddf5 ddd5 dd34 d491 d470 d492 d4b3 dcd2 dd73 ddb6 dd94 e5b3 e5b5 ddb5 e5b5 e5b4 e5d5 e5d6 e5f5 e5f6 ddf7 ddd6 e5b5 e5f5 e617 de17 ddd6 ddb6 e5d5 e616 e616 e617 e5d6 e5d5 e616 e637 de37 de17 de37 de17 ddf8 ddf6 e637 de37 ddf7 e5f6 e616 ddf6 ddd6 ddf7 ddf7 ddf7 de36 e677 e678 de58 de37 e5f6 e5f5 e636 e637 e657 e658 e657 de37 e657 e678 e678 e678 de38 de16 e615 e637 e678 e679 e658 e658 e677 e678 e6b8 e699 e698 eed9 eefa ef1a eefa eef9 eef8 eef7 de77 b3b0 7128 70a7 7907 8968 91a9 a1c9 b24b c28a caeb d30b db4c db6c db8c dbae dbad e3cd e3cc e3cd e3cd e3ed e3cd e3ed e3cd e3cd e3ee e3ed e3cd e3ed e40e e3ad e3cd dbee e3ee e3ad db4d d32c d2eb c2ec baab b22a a209 91a9 8149 70a7 68a7 60a7 5887 58a7 5887 58a7 60a8 5887 5886 5887 5867 5066 5046 5067 4846 4847 4867 5087 6949 930e bd15 de38 e677 ee98 eed9 eef8 f6b7 ee97 ee55 e5f4 ddb4 ddb6 ddd6 de17 e637 e677 ee98 f698 ee77 ee98 f6b8 eed7 eef8 d616 b3b0 7928 5067 5068 5068 5088 50a8 50c8 5088 5087 58a8 58c8 58c8 5887 58a7 60a7 60e8 6108 6908 60c8 60a8 60e8 60c8 60c8 60c7 60a8 68a7 60c8 60e8 60e8 6108 60e8 60a8 58c7 60e8 68e8 60c8 60e8 60e8 60c8 5887 60a8 5887 58c8 58c8 60e8 60c7 6909 6108 60a7 58a7 5887 5867 5067 5067 58a8 58c9 6109 718a 81ec 9a8d b32f bb8f c3af cc10 cbef cbcf cbce cbcf cbcf c3ae bb8f c36e c3ae c3f0 cc0f d450 d450 d46f d470 d490 d48f d490 d48f d46f d44f d450 d46f d46f d46f d44f d46f d46e d44f d44e d44f d46f 
99c9 99c9 91c9 99e9 99c9 a1e9 99c8 99e9 99ea 99a8 99e9 99a9 99a9 99c9 99c9 a1e9 a1a8 9a0a 99e9 99a8 9988 99a9 99a8 9988 99c9 aa09 b249 ba8a caaa d30a d36c db8d e38c e3ed e40e ec0c ec2e ec4d ec4e ec6e ec6e e46e e44e e44e e44e ec6e e46f ec4d ec4e e44f e44e ec4e ec2e e42d e3cc e3cc e38b db6b db4b d2ea caaa c28a ba4a aa0a a1ea 9189 8928 8128 8128 8969 9168 9168 9168 9988 99a9 a1c9 a1a9 99a9 99a9 a1c9 a1a9 a1e9 aa09 a1c9 a20a a9c9 a9c9 a9c9 a1e9 a20a a209 a1e9 a1ea a20a a1e9 a9e9 a22b a22a aa2a a1e9 a9e9 aa2a b22a aa0a b209 b22a b22a ba4a ba29 b24a ba6a ba6a b26a ba6a c28a ba6a ba4a ba6a ba6a ba8b ba6a ba4a ba29 b20a b22b a9ea c30b edb2 fe94 fe11 f50d e3eb caaa b22a a9c9 a9ea aa2a b24b b22a b22a b1e9 b22b b24a b24a b24a b24a ba4a c26a c2aa c28a caab c28a ba4a ba4a ba4a c28a c28a ba6b ba4b b26a ba8b baab ba8b c2ca c2cc c28b c26b c28c caec cb2c cb0c cb0d caed c32d cb4d cb6d cb4d d38f cb4d cb4d c36d cb4c cb2d cb2d d38e cbaf d38d cb4d caeb c2cc c2ec c32e cb4d cb4d cb6d d38e d38d cb6c cb2b c2cc b28b aaac aaed b2ec bb0b baab b28c aa8c aa8c aacd bb4f cbf0 d4f2 dcf2 dd12 dcf2 d492 d4b1 dd11 e5d4 e5f6 e5b4 e5b3 e593 dd72 dd33 dcd1 dccf dcf1 d4f2 dcf2 dd33 e573 ddb5 ddf6 ddb5 ddb3 dd73 d4d3 ccd3 d4f3 d554 dd95 dd75 e553 e5b3 ddb5 dd75 dd73 ddb4 ddd5 ddd5 e5b4 e5d5 ddd6 e5d5 e616 e617 ddd6 e594 e5d3 e616 ddf6 ddd6 ddf6 e5d5 e5f5 e5f6 ddd6 ddd6 ddd6 e5f5 e616 e637 e637 de37 de17 ddd6 e5f5 de16 ddf6 ddb6 ddb5 ddf7 de37 de37 e658 de17 e616 ee56 ee78 e658 e657 de17 ddd6 e5f5 e616 e637 e657 e657 e658 e658 e657 e677 e678 e678 de38 de37 e657 e658 e678 e678 e678 e658 e678 e678 e678 e698 e698 eeb9 eefa ef1b eed9 eef9 eef8 eed7 cd34 920b 70a7 78e7 8948 9168 a1c9 aa2a ba6a caca caec d32c db4c db8d dbad e3cd e3cd e3cd e3cd e3ed e40e e3ed e3ed e3ed e3ed e3ed e3ee e3ed e40e e3ee e3cd e3ce e3ee e3ee e3ae db6d d34c caeb c2ec ba8a b26a a22a 91a9 8148 70c8 6887 58a8 58a7 5887 5887 5887 5887 5887 5066 5067 5067 5066 5066 50a8 4087 4067 50c7 7a0c a412 cdd6 e698 eeb8 f6d8 eed8 eeb7 ee76 edf4 e5b3 dd94 d595 d5d6 de38 de58 e658 e678 ee98 ee98 eeb9 ee99 eeb9 eeb8 f6b7 f6b5 ee95 cd76 81ea 4847 4847 4868 5088 50a8 50a8 50a8 50a8 50a8 58a8 58a8 5887 58a8 60c8 60c7 6908 6929 6108 60c8 60e8 60e8 6129 6929 60e8 60c7 60c8 58a8 58c7 60c8 60a8 6108 60e9 60e8 60c8 68c8 60e8 60e8 60e8 58c8 58a7 58a8 60c8 58c8 6929 68e8 6949 6929 60e8 58a7 5087 5087 5067 4887 5888 5888 6929 81ec 9a8e ab2f bb8f cbd0 cbf0 d410 d40f cbef cbcf c3af c3cf c38f c36e c3ae cbef cc10 d42f d450 d470 d4b0 d4d0 d490 d44f d46f d46f d46f d46f d46f d470 d46f d44f d44f d44f d44f d44f d42f d44f d44f 
99ea 99ea 99c9 99c9 99c9 99a9 99e9 99ea a1c9 99c9 99a9 99a8 99a8 a1c9 99e9 a1e9 a1e9 a1e9 a1c9 99a8 a188 9968 99a9 9968 99a8 aa09 b249 c28a caca d30b d34c db6c e3ac e3cd e3ed e40d e42e e44d ec4e ec6e ec4e ec6e e44e ec4d ec6e ec4e e44f e44e ec2e ec4e ec4e e44e ec0d ec2d e3ec e3cc e38c db6b db4b d30b caaa ba8a b229 a9ea 99a9 9169 8928 8108 8128 8948 9169 9189 9989 9989 99a9 a1a9 99e9 9989 99a8 a1c8 a1e9 a9c9 a9e9 a9c9 a1ea a209 a1e9 a1ea a1e9 aa09 aa09 a209 a209 a9e9 a9e9 a1e9 aa2a aa0a aa2a a9e9 aa2a aa2a aa6a aa2a aa2a b22a b22a b24a b22a b24a b24a b24b b24b ba49 ba6a ba6a ba6a ba4a ba69 ba6a ba49 b229 b20a b1ea b20b b22a d40d fe95 fe92 f5af ec2c e38b cacb ba4a b22a a9e9 aa2a b24a b229 b1e9 b20a b24a b24a ba4a c26a ba6b b26b b24a ba6a c2aa caaa ba6b b24a c26a ba6b c26a c28a bacc c28b ba6a ba4a bacc c30c c2ca ba6b ba8c ba8b baec cb0c cacc cb0c c30d c32d cb4d d2ec cb0c cb4d d3ef d38d d36d cb2d cacc c32d c36d d38d d36d cb0c c2cc c2cc c32d c36e cb8d cb6c cb6d cb4d d38e cb4c c2aa ba6b b26c aacc bb0c baab b22a aa2a aa4b aa6c b2ad bb4e c431 d471 d451 dc91 dcd1 dd13 dd33 dd54 dd13 dd10 e593 e5f6 dd93 e532 dd32 dd12 dd53 dd13 d4f2 d4d2 dcb1 d512 dd53 dd94 ddb3 dd94 dd13 d4d2 dcf2 dd34 d596 dd95 e574 e5b3 ddd5 dd55 dd32 e573 ddb4 dd95 dd94 ddd5 ddf6 ddd6 e5d5 ddb4 ddd5 e5d4 e5d5 ddd6 dd95 dd74 e5f5 e637 e5f6 ddd6 ddb5 ddb5 e5d5 e5f6 ddf6 ddf6 ddd6 ddf6 e616 e637 e617 ddd5 ddb5 dd95 ddb5 ddd6 ddf6 ddf7 de37 e657 e657 e657 e637 de37 e616 e636 e657 e678 e657 de37 ddf7 ddf6 e616 e636 e657 e657 e658 e658 e637 e657 e678 e678 e678 de58 e658 e678 e657 e677 e678 e678 e658 e678 e678 e698 e699 eed9 ef1a eefa eef9 eef9 e6d8 d637 abd1 8148 70c7 8128 8948 99a8 a1e9 b26b c2aa cacb d32c d34d db8c dbae dbcd e3cd e3cd e3cd e3ed e3cd e3ed e3ed e3ed e3ed e3cd e3ed e3ed e3ee e3cd e3ed e3ef e3ce e3ce dbad db6d d32d cb0b c2ab b26a b24a a20a 91a9 7928 70e8 68a7 5887 5887 5867 5887 5867 5866 5867 5046 5046 4867 5066 4046 4067 48a8 69ab 9350 bd56 de57 ee97 eed9 eeb8 ee97 ee56 e5f4 dd93 d573 d5b6 d5f8 de38 e678 e678 e699 eeb9 eeda eefa f6f9 f71a f71b f71a f71a eed9 ee98 eeb6 d678 9bd1 50a8 4868 4888 50a8 50a8 50a8 50a8 50a8 58a8 58a8 58a8 58c8 60c8 68e8 6908 60c7 60c7 60c7 60c8 60c8 60c8 6129 6929 696a 6108 60e8 60c8 60e8 60c8 60c8 60c8 60c8 60c7 60e8 60c8 6108 58e8 58c8 58c8 58c7 58a7 60e8 6108 6908 68e8 60e8 6909 60e9 60c7 5088 5087 5087 5087 5888 68e9 818b 926d ab0f bb8f cbd0 cbf0 cbef cbef cbef cbcf cbcf c38e c3af c38f c3af c3cf d40f d450 d46f d470 d490 d4b0 d4d0 d48f d44f d44f d470 d44f d44f d44f d44f d44f d44f d44f d42f d44f d44f d44e d44f d44f 
99ea 99ea 99c9 99c9 99c9 99a9 99e9 99ea a1c9 99c9 99a9 99a8 99a8 a1c9 99e9 a1e9 a1e9 a1e9 a1c9 99a8 a188 9968 99a9 9968 99a8 aa09 b249 c28a caca d30b d34c db6c e3ac e3cd e3ed e40d e42e e44d ec4e ec6e ec4e ec6e e44e ec4d ec6e ec4e e44f e44e ec2e ec4e ec4e e44e ec0d ec2d e3ec e3cc e38c db6b db4b d30b caaa ba8a b229 a9ea 99a9 9169 8928 8108 8128 8948 9169 9189 9989 9989 99a9 a1a9 99e9 9989 99a8 a1c8 a1e9 a9c9 a9e9 a9c9 a1ea a209 a1e9 a1ea a1e9 aa09 aa09 a209 a209 a9e9 a9e9 a1e9 aa2a aa0a aa2a a9e9 aa2a aa2a aa6a aa2a aa2a b22a b22a b24a b22a b24a b24a b24b b24b ba49 ba6a ba6a ba6a ba4a ba69 ba6a ba49 b229 b20a b1ea b20b b22a d40d fe95 fe92 f5af ec2c e38b cacb ba4a b22a a9e9 aa2a b24a b229 b1e9 b20a b24a b24a ba4a c26a ba6b b26b b24a ba6a c2aa caaa ba6b b24a c26a ba6b c26a c28a bacc c28b ba6a ba4a bacc c30c c2ca ba6b ba8c ba8b baec cb0c cacc cb0c c30d c32d cb4d d2ec cb0c cb4d d3ef d38d d36d cb2d cacc c32d c36d d38d d36d cb0c c2cc c2cc c32d c36e cb8d cb6c cb6d cb4d d38e cb4c c2aa ba6b b26c aacc bb0c baab b22a aa2a aa4b aa6c b2ad bb4e c431 d471 d451 dc91 dcd1 dd13 dd33 dd54 dd13 dd10 e593 e5f6 dd93 e532 dd32 dd12 dd53 dd13 d4f2 d4d2 dcb1 d512 dd53 dd94 ddb3 dd94 dd13 d4d2 dcf2 dd34 d596 dd95 e574 e5b3 ddd5 dd55 dd32 e573 ddb4 dd95 dd94 ddd5 ddf6 ddd6 e5d5 ddb4 ddd5 e5d4 e5d5 ddd6 dd95 dd74 e5f5 e637 e5f6 ddd6 ddb5 ddb5 e5d5 e5f6 ddf6 ddf6 ddd6 ddf6 e616 e637 e617 ddd5 ddb5 dd95 ddb5 ddd6 ddf6 ddf7 de37 e657 e657 e657 e637 de37 e616 e636 e657 e678 e657 de37 ddf7 ddf6 e616 e636 e657 e657 e658 e658 e637 e657 e678 e678 e678 de58 e658 e678 e657 e677 e678 e678 e658 e678 e678 e698 e699 eed9 ef1a eefa eef9 eef9 e6d8 d637 abd1 8148 70c7 8128 8948 99a8 a1e9 b26b c2aa cacb d32c d34d db8c dbae dbcd e3cd e3cd e3cd e3ed e3cd e3ed e3ed e3ed e3ed e3cd e3ed e3ed e3ee e3cd e3ed e3ef e3ce e3ce dbad db6d d32d cb0b c2ab b26a b24a a20a 91a9 7928 70e8 68a7 5887 5887 5867 5887 5867 5866 5867 5046 5046 4867 5066 4046 4067 48a8 69ab 9350 bd56 de57 ee97 eed9 eeb8 ee97 ee56 e5f4 dd93 d573 d5b6 d5f8 de38 e678 e678 e699 eeb9 eeda eefa f6f9 f71a f71b f71a f71a eed9 ee98 eeb6 d678 9bd1 50a8 4868 4888 50a8 50a8 50a8 50a8 50a8 58a8 58a8 58a8 58c8 60c8 68e8 6908 60c7 60c7 60c7 60c8 60c8 60c8 6129 6929 696a 6108 60e8 60c8 60e8 60c8 60c8 60c8 60c8 60c7 60e8 60c8 6108 58e8 58c8 58c8 58c7 58a7 60e8 6108 6908 68e8 60e8 6909 60e9 60c7 5088 5087 5087 5087 5888 68e9 818b 926d ab0f bb8f cbd0 cbf0 cbef cbef cbef cbcf cbcf c38e c3af c38f c3af c3cf d40f d450 d46f d470 d490 d4b0 d4d0 d48f d44f d44f d470 d44f d44f d44f d44f d44f d44f d44f d42f d44f d44f d44e d44f d44f 
9a0a 9a0a 99c9 99c9 99e9 99c9 99c9 99c9 99c9 99a9 99a9 a1c9 a1a8 a1a9 a1c9 a1c9 a1a8 a1a8 99c8 99a8 9988 99a8 99a9 9988 a188 aa09 b229 c26a caea d30b d32b db6c dbac e3cc e3ed e42d e42e ec4d ec4f ec6d ec4c ec4e ec4d ec4e ec4e ec4d e44e e44f ec4c ec4e e46e e46e ec4e ec2d e3ec e3ac e36b db6c db2b d30b caaa ba8b b24a a9ea 9968 9169 8148 8148 8928 9148 9148 9189 9168 99a9 9189 9989 99c9 99a9 a1ca a1e9 a1e9 a1c9 a1ea a9e9 aa09 aa09 a9e9 a209 a209 a9e9 aa09 a9e9 a9e9 a1e9 a1e9 a1c9 aa0a a9e9 aa2a aa0a aa2a aa09 aa4a b24b aa2a b24a b24a b24b b24a b24a b24a b22a b24a ba49 ba4a ba8b ba49 b26a ba6a ba8a ba49 ba09 b22a aa0b b22b c2eb ed72 feb4 fe31 f52e e46d db8c cacb ba4a b22a b1ea a9c9 b20a b22a b209 ba4a b22a b22a ba6a c26a ba2a b26b ba8b ba4a ba4a ba6a baab c28a c26a c28b c28a c26a ca8b c2ab baab c28a c2ac c2ab c2cc c2cd c2ec c2aa c2ec c30d c2cc cb0b cb2c cb2c cb0d cacc cb2c cb4d d36d d32c cb2d c32e c32d cb8d c32d c2ab c2ab bacd c30c cb4c cb6d cb6d d36d d36d d38d d34c cb0b c2ec b2ed b32d bb0c bacb b28b aa2b aa2b a22b aa8d b32f c411 d451 dcd2 dcb1 d491 d491 dcf2 dd74 dd93 e593 dd53 dcb0 e532 e5b4 dd53 dcf2 dcd2 dcf2 dd12 dd13 d533 d533 d534 d534 dd30 dd11 d490 d490 d4d2 d534 dd54 dd94 e5d4 ddd5 dd75 dd53 dd72 dd94 dd75 dd34 dd32 dd73 ddb5 ddb5 e5d5 e5f6 ddd5 ddb5 ddb5 ddb5 ddd5 ddf5 ddf6 ddb6 dd94 e5d4 e5f5 ddf7 d5b6 ddb5 ddd5 e5d5 ddf6 ddf7 ddf6 ddf6 ddd6 ddb4 ddb5 d596 d5b6 d5d6 ddf7 ddf7 de17 de17 e616 e636 e637 e657 e657 e658 e616 e5f6 e616 e656 e657 e657 e637 de17 de17 e616 e636 e637 e658 e658 de58 e637 e657 e657 e658 de78 e658 e658 de37 e636 e657 e678 e678 e657 e677 e678 e698 eeb9 eeb9 eefa ef1a ef19 eef9 deb8 c596 9aad 7928 7907 8968 99a9 a1e9 ba4a c28a caeb d30c db2c db6c dbae dbac dbcd e3cd e3ee e3ed e3cd e3ed e40e e3ed e3ed e3cd e3ce e3cd e3ed e3ee e3ee e3cd e3ce dbcd dbad db6d d34c d2ec c2aa ba6a aa09 a1e9 9168 8108 70c7 60a7 5887 5887 5887 5067 5887 5066 5046 4846 4866 4867 4067 4887 594a 82cf b4f5 d618 e677 eeb8 eef8 eed8 ee76 e5d3 dd31 d533 d596 de38 e678 e678 e698 eeda eeda f6f9 f6f9 f6fa f6f9 f719 f719 f71a f73a f73a f73a f71a f718 ef18 c597 71cb 4067 4888 48a8 48a7 50a8 50a8 5088 58c8 58a8 5887 60a7 6108 6108 6929 6908 60e7 60c7 60a8 60c8 60c8 6909 60c8 60c8 6108 60c8 60e8 60c8 58a8 58c7 60c8 60e8 60c7 68e8 60c7 60c8 58a7 58a7 58e9 58e8 60e8 60c8 60c8 60c7 60c7 60e8 60e8 60e8 5887 58a8 5067 5088 5888 68e9 798a 9a4d ab0e b3b0 c3f0 cc10 d410 cc0f cbef cbaf cbaf c3af c38e c38f c3ae c3f0 cc10 d42f d450 d4b1 d46f dc90 d48f d48f d470 d46f d470 d470 d470 d470 d44f d470 d44f d44f d44f d44f d44f d44f d46f d44e d44f 
99a9 99a9 99c9 99ea a1c8 99a9 99c9 99c9 a1c9 a1ea a1e9 a1e9 a1c9 a1e9 a1c9 a1e9 a1e9 a1c8 a1e9 99e9 99c8 99c9 9968 a188 a1c9 b209 ba6a c28a caca d32b d32b db6c db8c e3cc e3ed e42d ec2d e42d ec4e ec6e ec6d ec6e ec4d ec6e ec4e ec4e ec4e ec4e ec4d ec4e e44d e44e ec2d e42d e3ec e3ac db8c db6c d32b caca caca c28a ba49 a1e9 9969 9169 8948 8128 8928 8948 8948 9168 8968 9188 9988 99a9 a1c9 a1e9 a1c9 a1c9 a9c9 a1e9 aa0a a229 a9e9 a9e9 aa09 aa09 a9e9 aa09 aa09 b209 aa0a a1ea aa09 aa09 aa2a aa2a aa09 aa0a aa2a a9e9 b24a b22a b24a b22a b22a ba4a ba4a b22a b24a b24a ba6a ba4a ba4a ba6a ba6a ba8a ba4a ba69 ba6a b22a b20a b1eb b24a d3ec f674 fe73 f5b0 f4ed ecae dc2d d32b c26a b22a aa0a aa0a b20a b24a b24a b22a b22a b24a ba6a ba6a ba6b ba6a b22a b24a ba8b ba8b c28a c26a c269 c2ab c26b c26a c28b c2eb c2cb c26b ba8d bacb c2ec c2cb c26b c28b c34e c32d cacb c2cc caec cb2d cb4d cb0b d32c caeb c2ec c30c c36e cb6c cb2b ba8b b26b b28c b2ed c34d d36d d34d cb2c d32c d36d cb4c cb0c c2cb c2cb c34d c36d c2ec c2ab b26b aa6b aa4a aa4b b2cd c38f d491 dcd1 dcf2 dcb2 dcd2 dcf2 dd13 e533 e593 e594 dd12 dcb0 dc70 dcb1 dcf1 dd53 dd34 d4f3 d4d3 d4d1 d4f3 dd33 dd74 dd93 dd12 d450 d430 d492 d4b2 d4f2 dd93 dd94 dd75 e573 e593 dd95 dd53 dd33 dd53 ddb4 ddb5 dd75 dd54 dd73 ddb5 ddd6 e5d5 ddd5 ddb5 ddb5 ddf7 ddd6 e5d4 e5d5 ddf6 ddb6 dd95 e594 e5d4 ddf7 ddb6 dd94 ddb5 ddd6 ddb4 ddb4 dd95 d575 d555 d5b6 ddf7 de16 de37 e638 e617 e616 e617 de17 e616 e617 e637 e657 e657 e616 de16 ddf7 e5f6 e615 e636 e657 e637 de37 ddf6 e5f5 e615 e637 e637 de57 de58 de37 e657 e657 de57 de57 de57 de37 de17 e616 e636 e637 de37 e657 e658 e678 e699 e69a eed9 ef1a eefa eef9 e6f8 de97 b4f4 924b 7907 8108 9189 a1c9 b24a c28a caca d30b d32b db8d dbcd dbee dbcd e3cd e40d e3ed e3cd e3cc e40e e3ed e3ee e40d e3ed e3ed e3ed e3ed e3ee e3ed dbee dbce dbad db8d d34c caeb c2ca ba4a aa29 99e9 91a8 8128 70a7 60a7 58a7 5086 5067 5067 5066 50a7 4867 4066 4067 4887 5909 7a4d a433 cdb6 de77 eeb8 eed8 eed8 ee96 e5f4 dd11 ccb1 cd13 d5f8 de78 e698 eeb9 eeb8 eed9 eed9 eef9 f6f9 f6f9 eef9 eed9 f6d9 f6d9 f6d9 f6f9 f719 ff3a ff3a f73a f738 de98 a390 48c8 4088 48a8 48a8 48a8 50a8 50a8 50a8 5087 58a8 58a7 58a8 60c8 60e8 68e8 60e8 60c8 60c8 68e8 68e8 68c7 68c8 60c8 60c8 58a7 58a7 58a7 5887 60a7 60a8 60c8 60a7 60c8 60a8 58a8 5087 58c8 58c8 60c8 60e8 68e8 60e8 60c8 68c7 68e8 60c8 58c8 5888 5887 5888 60e9 694a 798b 926d ab0f bb6f c3d0 cc10 d40f d3ee cbef cbef cbcf c3af c3af c3af c3af cbef cc10 d44f d44f d44f d470 d46f d470 d48f d470 d470 d450 d450 d46f d46f d450 d450 d470 d450 d46f d44f d46f d46f d42f d44f d42f d44f 
99a9 99a9 99a9 99c9 99c9 a1c9 99a9 a1c9 a1c8 a1e9 a1e9 a1c9 a1c9 a209 a1e9 a9c9 a9e9 a1e9 a1ca a1a8 a1c9 99ca 99a9 a1a8 a1c9 aa09 b24a c2aa cacb d2eb d32b db4b e38c e3cc e3ec e40d e44e ec4e ec4e ec6e ec6e ec6e ec8e ec6e ec6e ec6e ec6e ec4e ec4e ec6f ec4e ec4d e42d e40d ec0d e3ed dbac db6c db0b d30b caea c28a b229 a1c9 99a9 9168 8928 8108 8128 8948 8928 9148 9189 9188 9988 99a9 99c9 a1e9 a1e9 a1e9 a1c9 a9e9 a9e9 aa2a a9e9 a9e9 aa2a aa09 b1e9 aa0a aa2a aa09 aa0a aa0a a9e9 aa09 aa0a b1e9 aa0a aa0a aa09 aa0a b209 aa2a b24a b22a b24a b22a b22a ba2a b229 ba49 c229 c24a c28a ba8a ba8a ba6a ba6a b249 b26a b22a b1ea b20a baab e48e fe72 fe51 f590 f4ed ec8e e3ab d2ca c24a b20a b22a aa0a b20a b22a aa0a b20a b20a b24a b28b ba4a ba2a ba2a aa2a b26a c2ab c2cc c28b c26a ba49 ba6b c2ab c28a c28a ba6a c2ab baeb bacc c28a c28c b26b baac c2ec cb2c d32c caec cb0c cb4d d34c cb0b cacb c28b bacc c2ec c32c c2eb ba8b b22a aa4b b2ed c36d cb8d d36c d36d cb8e cb2d d36d cb2c c2ec c30d c30d c30b c30b c2aa ba6b b24b ba4a b22a b26c bb6f cc10 dc50 dc70 dc90 dcf1 dd34 dd33 dd32 e533 dd53 e532 e532 dcd1 d450 d450 d470 d471 dc90 dcd1 d513 d554 d575 dd94 dd53 dd12 d491 d491 d491 d4f2 d553 dd54 dd13 e510 e552 dd74 dd13 dd32 dd93 dd94 dd94 dd95 dd94 dd93 ddd4 ddb5 dd95 dd93 e5f5 ddb5 ddd5 dd74 dd74 e5d5 ddf6 ddb6 ddb5 ddd5 ddf6 ddd6 dd95 dd94 e5d4 ddf6 ddb6 dd94 dd94 d554 d553 d595 ddb6 ddf7 de17 e5f7 e617 e616 e657 e617 e616 e616 de17 e637 e617 e617 e658 e637 e616 e616 de16 ddf6 ddd5 e5f5 e635 e636 de37 ddf6 ddd6 ddf6 e616 e637 e637 de57 e658 de17 e636 de37 de37 de37 e658 de37 de17 de17 de37 e658 e658 e658 e658 e677 e699 e6b9 eefa eefa eefa eef9 e6f8 d657 b473 8a0b 8148 9148 99a8 b22a c289 d2cb d30b d34c d38e dbad dbcf e3ee e40e e3ee e3cd e3ed e40d e40d e3ed e3ee e40d e3ed e3ed e3cd e3cd e3ce e3ee e3ee dbce e38c db6d d32c caec c2cb b26a aa4a a1e9 8989 78e7 6086 5886 5086 4887 4846 4866 4846 4866 4067 4087 50c8 71cb 9bf2 bd77 de37 ee77 ee97 eeb7 ee96 e614 dd31 cc70 ccd3 d5b7 de59 e678 ee98 eeb8 eed9 eeb9 eeb8 eeb8 eeb8 eed8 eed8 eeb8 eeb8 eed8 eed9 f6d9 f6d9 f6d9 f6f9 ff3a f75a f739 e6f9 bcf5 614a 4088 48a8 48a8 48a7 5088 5087 5887 5887 58c8 58a7 6088 60a8 60c8 60c8 60e8 68e8 68e8 6928 60c7 6086 60a7 60a7 60c8 58a8 58a7 58a7 60a7 60e8 60c8 6109 60e8 60a7 58a7 50a7 58c8 58a8 58a7 60e8 60c8 68c8 68e8 60c8 68c8 60a7 60c8 5887 58a8 58c8 58c8 68e9 798b 922d ab0f b390 c3af d3ef d410 d40f d410 cbcf cbcf c3af bb6f bbaf cbef cbef cc30 d430 d450 d46f d470 d450 d470 d46f d46f d46e d46f d470 d46f d48f d46f d44f d470 d470 d44f d44f d46f d44f d44f d42f d44f d44f d44f 
99a9 99a9 99a9 99c9 99c9 a1c9 99a9 a1c9 a1c8 a1e9 a1e9 a1c9 a1c9 a209 a1e9 a9c9 a9e9 a1e9 a1ca a1a8 a1c9 99ca 99a9 a1a8 a1c9 aa09 b24a c2aa cacb d2eb d32b db4b e38c e3cc e3ec e40d e44e ec4e ec4e ec6e ec6e ec6e ec8e ec6e ec6e ec6e ec6e ec4e ec4e ec6f ec4e ec4d e42d e40d ec0d e3ed dbac db6c db0b d30b caea c28a b229 a1c9 99a9 9168 8928 8108 8128 8948 8928 9148 9189 9188 9988 99a9 99c9 a1e9 a1e9 a1e9 a1c9 a9e9 a9e9 aa2a a9e9 a9e9 aa2a aa09 b1e9 aa0a aa2a aa09 aa0a aa0a a9e9 aa09 aa0a b1e9 aa0a aa0a aa09 aa0a b209 aa2a b24a b22a b24a b22a b22a ba2a b229 ba49 c229 c24a c28a ba8a ba8a ba6a ba6a b249 b26a b22a b1ea b20a baab e48e fe72 fe51 f590 f4ed ec8e e3ab d2ca c24a b20a b22a aa0a b20a b22a aa0a b20a b20a b24a b28b ba4a ba2a ba2a aa2a b26a c2ab c2cc c28b c26a ba49 ba6b c2ab c28a c28a ba6a c2ab baeb bacc c28a c28c b26b baac c2ec cb2c d32c caec cb0c cb4d d34c cb0b cacb c28b bacc c2ec c32c c2eb ba8b b22a aa4b b2ed c36d cb8d d36c d36d cb8e cb2d d36d cb2c c2ec c30d c30d c30b c30b c2aa ba6b b24b ba4a b22a b26c bb6f cc10 dc50 dc70 dc90 dcf1 dd34 dd33 dd32 e533 dd53 e532 e532 dcd1 d450 d450 d470 d471 dc90 dcd1 d513 d554 d575 dd94 dd53 dd12 d491 d491 d491 d4f2 d553 dd54 dd13 e510 e552 dd74 dd13 dd32 dd93 dd94 dd94 dd95 dd94 dd93 ddd4 ddb5 dd95 dd93 e5f5 ddb5 ddd5 dd74 dd74 e5d5 ddf6 ddb6 ddb5 ddd5 ddf6 ddd6 dd95 dd94 e5d4 ddf6 ddb6 dd94 dd94 d554 d553 d595 ddb6 ddf7 de17 e5f7 e617 e616 e657 e617 e616 e616 de17 e637 e617 e617 e658 e637 e616 e616 de16 ddf6 ddd5 e5f5 e635 e636 de37 ddf6 ddd6 ddf6 e616 e637 e637 de57 e658 de17 e636 de37 de37 de37 e658 de37 de17 de17 de37 e658 e658 e658 e658 e677 e699 e6b9 eefa eefa eefa eef9 e6f8 d657 b473 8a0b 8148 9148 99a8 b22a c289 d2cb d30b d34c d38e dbad dbcf e3ee e40e e3ee e3cd e3ed e40d e40d e3ed e3ee e40d e3ed e3ed e3cd e3cd e3ce e3ee e3ee dbce e38c db6d d32c caec c2cb b26a aa4a a1e9 8989 78e7 6086 5886 5086 4887 4846 4866 4846 4866 4067 4087 50c8 71cb 9bf2 bd77 de37 ee77 ee97 eeb7 ee96 e614 dd31 cc70 ccd3 d5b7 de59 e678 ee98 eeb8 eed9 eeb9 eeb8 eeb8 eeb8 eed8 eed8 eeb8 eeb8 eed8 eed9 f6d9 f6d9 f6d9 f6f9 ff3a f75a f739 e6f9 bcf5 614a 4088 48a8 48a8 48a7 5088 5087 5887 5887 58c8 58a7 6088 60a8 60c8 60c8 60e8 68e8 68e8 6928 60c7 6086 60a7 60a7 60c8 58a8 58a7 58a7 60a7 60e8 60c8 6109 60e8 60a7 58a7 50a7 58c8 58a8 58a7 60e8 60c8 68c8 68e8 60c8 68c8 60a7 60c8 5887 58a8 58c8 58c8 68e9 798b 922d ab0f b390 c3af d3ef d410 d40f d410 cbcf cbcf c3af bb6f bbaf cbef cbef cc30 d430 d450 d46f d470 d450 d470 d46f d46f d46e d46f d470 d46f d48f d46f d44f d470 d470 d44f d44f d46f d44f d44f d42f d44f d44f d44f 
99c9 99c9 99e9 99c9 a1e9 99c9 99c9 a209 a1e9 a1c9 a1c9 a1e9 a1c9 a1e9 a20a a9e9 a9e9 aa09 a1e9 a1a8 99c9 a1e9 a1c8 a188 a1c9 aa09 ba49 c28a caaa d30a db2a db6b e3ac e3ab e3ec e40c e42d ec2e ec4e ec6d ec6f ec8e ec6f ec8d ec6e ec6e ec6e ec6d ec4d ec4e e44e ec4e ec2d e40d e3ec e3cc e38c db6b db0b d30b caaa c249 b209 a1c9 99a8 9188 8928 8128 8148 8128 8948 9148 9148 9148 9188 99a9 99c9 a1e9 aa09 a1e9 a1c9 a1c9 a9e9 a9e9 aa09 aa09 aa0a a9e9 aa09 aa29 aa2a aa0a aa09 aa09 aa09 b209 b209 b209 aa2a aa09 aa09 b209 aa29 b22a b24a b24a b24a b22a b209 ba2a ba2a ba29 ba49 c26a c28a c26a ba6a ba6a ba6a b28c b24a b22a b20b b22a c34c edb3 fe93 fe52 fd90 f50d e40c d32b c28a ba0a b209 aa4a aa0a a9e9 aa0a aa2a ba4a b209 b22a ba6a ba29 b22a b24a b24a ba6a c2cb caec c28b ba4a ba4b ba4a c28a c26b ba8b ba8a c2eb c2ab ba4b b24b b2ac bb0d c34d caec caec cb4d cb2c d32d d34c c2ab ba8b b2ac baec c32c cb0b baab b22b aa6b aaac bb2d cb4d d32d d34c d34d d34c cb2c cb0c cb0c c30c c30c c30b c2eb c28a ba6a ba6b b26b b22b b24b bb0e cbcf d470 dcb2 dc51 dc50 dcb1 dd13 e572 dd74 dcf2 dd12 dcf2 dcd2 dcd1 dc90 d490 d471 d450 d44f d490 d493 dd13 dd93 ddb5 dd11 d4b2 d492 d4d2 d574 dd74 dd53 dd32 dd73 dd33 dcd2 dcb0 dd10 dd53 dd74 dd54 dd73 ddb5 ddd5 ddb6 dd74 dd52 ddb4 ddd6 ddb5 dd93 e5b4 ddb5 ddb6 dd55 dd53 e5d4 e617 ddd7 ddd6 e5f5 ddd5 ddd6 ddb6 dd74 dd52 dd94 d574 d575 d575 dd94 ddf6 e5f7 e616 e616 e617 e5f6 e5f6 e616 e616 e5f6 e5f6 e617 e637 e637 e637 e617 e5f6 e5f5 e5f6 e616 de17 de16 ddf7 ddd5 e5d4 de16 de16 ddf6 ddf6 ddf5 e636 de37 e637 e657 de37 de17 e617 de38 de58 e658 de58 de58 de59 de58 e678 e678 e678 de38 de58 e678 e699 e6b9 eefa eefa eef9 eef9 e6d8 d617 abf1 91ca 9128 99a9 b209 c269 caca d2eb d32b db4c db6d db6d e40e e44f e42f e3cd e3ee e3ee e40d ec0d e40e e3ed e3ed e40e e3ce e3ed e3ee dbcd e3cd dbad dbad d36d d34c caeb c2cb b26a a1e9 99a8 8127 7087 6066 5066 4867 4866 4046 4866 4067 4067 48a8 618a 8b30 bcf5 d658 e698 eeb8 ee97 ee76 e635 d552 cc50 c451 cd35 de18 e698 e698 eeb9 eeb9 eeb8 eeb8 eeb8 ee98 eeb7 ee98 ee98 eeb8 ee98 ee78 eeb8 eeb8 eeb8 eed9 f6d9 f6d9 f71a ff3a f759 ef18 cdd7 824b 48a8 48a8 48a8 4887 4888 5088 5087 58a7 60c8 58c8 60e8 60c8 60e8 6908 60c8 60c8 68e8 6909 6087 58a7 60e8 60c8 60c8 58a7 58a7 60a7 60e8 60c7 60e8 60c8 58a7 5867 5887 58c7 58e8 58c8 58c8 60a8 68c8 60c7 60c7 60e8 60e8 60c8 58c8 58a8 58a8 60e9 68e9 796a 924d a30e bb6f c3b0 cbef d40f d3ef cbef cbcf cbae c3cf c38e c38e c3ce cbf0 d450 d450 d450 d450 d450 d470 d490 d46f d44f d44f d46f d470 d470 d46f d46f d450 d44e d44f d450 d42f d450 d44f d44f d44f d44f d44f d44f d42e 
a1ea a1ea 99ea 99a8 a1c9 a1e9 a1e9 99e9 a1e8 a1c9 a1c9 a9e9 a9c8 a1c9 a20a aa09 a9ea a9e9 a1c8 a1c9 a1c9 a1c8 a188 a1c8 a1a8 b209 ba6a ba6a caaa d2ea db2b db6b e3ac e3ab e3ec e40c ec2c ec4e ec6e ec6e ec6e ec8e ec6e ec8d ec6e ec6e ec6e ec6d ec4d ec6e ec4e ec4d ec2d e40d e3ed e3cc e3ac db6c db2b d2ea caaa c249 b229 a9c9 9988 9168 8989 8948 8948 8968 8968 8948 8928 9168 99a9 9989 99a9 a1e9 aa09 a1e9 a1e9 aa0a aa0a a9e9 aa09 b24a aa09 a9ea aa09 aa09 b209 aa29 b209 b1e8 aa09 b209 b1e9 b209 b22a aa09 aa0a b1e9 b229 b229 b229 b22a b229 b22a b24a b26a b229 ba29 ba4a c26a c26a c26a ba8b baab b2ab bacc b24a b20a b20b b24a dc2d fe95 fe92 fe30 f58f ec6e e3cc d34b c28a b20a a9e9 a9ea aa0a aa2a aa0a aa2b b24a b22a b22a b22a b24a ba49 ba4a ba4a ba8a c28a c2aa baab ba6a ba09 ba2a ba8b c2ec c2cb c269 c26a b24b baac c2ec caeb cb0b cb4d cb0d cb4d cb4c cb0b cacc c2cc bacc baed c2ec c2cb baab ba6c b28c b2ed bb0d c30c cb2d d36d d34c cb4c d32c caeb c2ab c2cc c30c c32c c2cb c28a b26a b26b b28b b22a a9ca aa4c bb6f cc52 dcb1 dcb0 dcd1 dcf3 dc92 dcf2 dd32 e573 e553 dcd1 dcb1 dcb1 dcb1 dc90 dcb1 d491 d491 d451 d451 dcf2 dd94 dcf2 dc6f dcb1 d450 d491 d513 dd53 e573 e5b4 dd94 dd12 dd32 dd32 dd12 d4b2 dc91 dd11 ddb4 ddb6 dd95 dd94 e5d4 ddf6 ddb5 d534 dd52 e5b3 ddb4 dd74 dd54 dd74 ddd5 ddb6 dd55 dd54 e5b3 e5f6 ddf7 ddd5 ddd4 ddd5 dd74 d513 d4f3 dd74 ddd6 ddf7 ddf7 ddb5 e5d4 e5f6 e5f6 e5f6 e616 de16 ddf6 ddd5 e5d4 e5f5 e5f6 e5f6 e616 e637 e617 de17 ddf7 ddd6 e616 e616 de17 de16 de16 ddd6 ddd6 ddf6 de16 de17 de17 ddf7 e616 e637 e637 e657 e678 de38 de17 e658 de78 de58 e678 e678 e679 de58 e678 e678 e658 e658 e658 e658 e678 e699 e6b9 eeda e6fa eed9 eef9 deb8 cdd6 ab90 9189 9169 a9c9 ba6a caca d2eb d32c db4c db6c dbcd dc0e e42e e40e e40e e40e e3ed e40d ec0d e40d e40e e40e e40d e3ed e40e e42e dbee dbcd dbce db8d d34c d34c cb0b c2aa b24a a1e9 91a8 8127 6887 5867 5046 4866 4866 4066 4067 4087 5909 828e ac94 cdd7 e658 ee98 eeb8 eeb7 e636 dd92 ccd1 c471 bc93 cd96 de38 e698 eeb8 eed8 eeb8 eeb8 ee98 ee97 ee98 ee77 e677 e677 ee98 eeb8 ee98 ee98 ee78 ee57 ee57 ee98 ee99 f6d9 f6f8 f73a f75a ef18 d637 a34e 48c9 40a8 4888 5088 5088 58a8 5087 58a7 60c8 58a8 60a7 60c8 60c8 60c8 60a7 60e8 60c8 60e8 60c7 60c7 60e8 60a7 60a7 58a7 60c7 60a7 60c7 6087 5887 5887 5087 5067 5887 58e8 58c8 58a7 60c8 60e9 68e8 68e8 6908 60e8 60e8 60e9 58c8 58c8 5888 68e9 794a 89ec a2ce bb6f c3b0 d410 d410 d40f d40f cbef cbae cbcf c3af c38e c3ce cbef cc10 d450 d44f d450 d44f d470 d470 d46f d44e d42f d44f d44f d46f d44f d470 d46f d44f d44f d46f d44f d450 d44f d44e d44f d46f d44f d44f d42e d42f 
99ea 99ea a1ea a1c9 a1c9 a1e9 a1c9 a1e9 aa09 a1c8 a1c9 a9c9 a9c9 a9e9 a209 aa09 aa0a a1c9 a9e8 a9e9 a1c9 a188 a168 a1a8 a1c9 b229 b249 ba6a caab d2ea d34b db8b e3ad e3cc e3ec e40c e44d ec4e ec8e ec8e ec8e ec6e ec6d ec6d ec8e ec8f ec6f ec4d ec6e ec6e ec6e ec4e ec2e e40d e3ec e3cc dbad db6c d32a d32b caca c28a b249 a9c8 9968 9148 8968 8988 8968 8968 8968 8969 9168 9168 99a9 9989 99e9 a1c9 a20a a1e9 a9e9 aa09 b22a aa2a a9e9 b229 aa09 aa0a aa09 b229 b22a b209 b229 b1e9 b209 b209 b209 b209 b209 b229 b209 b209 b229 b229 b229 b209 b249 ba4a b24a ba6a ba6a ba6b ba6a c26a c26a c28a baab baab baab baac ba4a b24b b22b ba8a eccf fe94 fe72 fdaf f54e eccd e38b d2ea ca69 b1e9 a9c9 a9c9 a9e9 aa2a b24a b24b b22a aa2a b22a b24a b22a ba4a c28a c2ab ba6a ba6a c28a ba6a b209 a9e9 b26a baec c2ab ba6a b24a b28c bb0c cb2c cb0c caec c2ec cb2c d32d cb4d c2ec baab bacc bacc c30c c30c c28b b28b b26c b2ed c30d cb2c cb4e cb4d cb2c cb2d d2eb caca c2ab c2cb c32c c34d cb0b cacb ba8a b26a b2aa ba8b b24a aa2b b2ce c38f d450 dcb2 dcb2 dcd1 dcd1 dd31 dd54 dd12 dd11 dd11 dcf2 dc91 d490 d491 dc71 dc50 dc71 d471 d4d3 dd14 dd54 dd33 dcf1 d470 d472 d4d2 d514 dcf3 dd11 dd53 e533 dd53 dd93 dd54 dd33 dcf1 d4f2 d4f2 d513 dd14 e552 e5d4 e5f6 dd96 dd93 e5d5 ddd5 ddb5 dd34 dd33 dd53 dd74 dd74 dd74 dd74 ddb4 ddd5 dd96 dd54 e552 ddb4 ddb5 dd33 dd12 d513 d576 ddb6 e5f6 e616 e616 e616 ddf7 e5b5 e5d4 e5f5 e5f6 e5f6 e5d5 e5f6 ddd6 dd95 dd94 e594 e5b5 e5d5 e616 e637 e617 ddf6 ddf6 e5f6 e5f6 e616 e617 e616 de17 de17 ddf7 de16 e637 e637 de37 de18 e637 e658 e678 e658 de58 de58 e658 e678 e678 e657 e657 e658 e637 de17 e657 de38 e637 e637 de58 e658 e658 e658 e698 e6b9 eeb8 eed8 e6f8 deb7 c596 ab0d 9168 a1a8 ba4a caaa d2eb d32c db6c db8d dbad e3ee e3ee e40e e3ed e3ed e3ed e40d ec2e ec0d e3ed ec0e e3ed e3ec e40e e40d dbcd dbcd dbad db6c d34c cb0c c2ca ba6a b249 a229 9209 7907 6086 5066 4846 4066 4067 4087 50e8 69ec 9bb2 c597 de78 eeb8 eeb7 eeb7 e656 ddb3 d4d0 c40f c4b2 cd97 d617 de58 eeb9 eed9 eeb8 eeb8 eeb8 ee98 ee97 ee77 ee77 e677 e677 e678 ee98 ee97 ee77 e677 e636 e5f6 e637 e678 ee98 eed9 f6f8 f719 f75a ef18 de78 ac11 50e9 4888 48a8 50a8 5087 5888 5888 5888 5887 58a8 58a8 60c7 60e8 68e8 60a7 60c7 60e7 60e8 60e8 60c7 6087 5887 5887 58a7 60c7 60a7 60a7 6087 58a7 5046 5867 58c8 58c8 60e8 60c8 60c8 60c8 6908 68e8 60e8 60e8 58e8 60c8 58c9 58a8 58a8 60a8 712a 89cb a28e b350 c3af cc10 d430 d430 d3ef d3ce cbcf cbae cbaf c3af c3cf cbef cc30 cc2f d450 d46f d46f d44f dc4f d42f d44f d44e d42f d42f d44f d44f d44f d44f d44f d46f d44f d450 d44f d42f d44f d42f d44e d450 d42e d44e d44f dc4e 
99ea 99ea a1ea a1c9 a1c9 a1e9 a1c9 a1e9 aa09 a1c8 a1c9 a9c9 a9c9 a9e9 a209 aa09 aa0a a1c9 a9e8 a9e9 a1c9 a188 a168 a1a8 a1c9 b229 b249 ba6a caab d2ea d34b db8b e3ad e3cc e3ec e40c e44d ec4e ec8e ec8e ec8e ec6e ec6d ec6d ec8e ec8f ec6f ec4d ec6e ec6e ec6e ec4e ec2e e40d e3ec e3cc dbad db6c d32a d32b caca c28a b249 a9c8 9968 9148 8968 8988 8968 8968 8968 8969 9168 9168 99a9 9989 99e9 a1c9 a20a a1e9 a9e9 aa09 b22a aa2a a9e9 b229 aa09 aa0a aa09 b229 b22a b209 b229 b1e9 b209 b209 b209 b209 b209 b229 b209 b209 b229 b229 b229 b209 b249 ba4a b24a ba6a ba6a ba6b ba6a c26a c26a c28a baab baab baab baac ba4a b24b b22b ba8a eccf fe94 fe72 fdaf f54e eccd e38b d2ea ca69 b1e9 a9c9 a9c9 a9e9 aa2a b24a b24b b22a aa2a b22a b24a b22a ba4a c28a c2ab ba6a ba6a c28a ba6a b209 a9e9 b26a baec c2ab ba6a b24a b28c bb0c cb2c cb0c caec c2ec cb2c d32d cb4d c2ec baab bacc bacc c30c c30c c28b b28b b26c b2ed c30d cb2c cb4e cb4d cb2c cb2d d2eb caca c2ab c2cb c32c c34d cb0b cacb ba8a b26a b2aa ba8b b24a aa2b b2ce c38f d450 dcb2 dcb2 dcd1 dcd1 dd31 dd54 dd12 dd11 dd11 dcf2 dc91 d490 d491 dc71 dc50 dc71 d471 d4d3 dd14 dd54 dd33 dcf1 d470 d472 d4d2 d514 dcf3 dd11 dd53 e533 dd53 dd93 dd54 dd33 dcf1 d4f2 d4f2 d513 dd14 e552 e5d4 e5f6 dd96 dd93 e5d5 ddd5 ddb5 dd34 dd33 dd53 dd74 dd74 dd74 dd74 ddb4 ddd5 dd96 dd54 e552 ddb4 ddb5 dd33 dd12 d513 d576 ddb6 e5f6 e616 e616 e616 ddf7 e5b5 e5d4 e5f5 e5f6 e5f6 e5d5 e5f6 ddd6 dd95 dd94 e594 e5b5 e5d5 e616 e637 e617 ddf6 ddf6 e5f6 e5f6 e616 e617 e616 de17 de17 ddf7 de16 e637 e637 de37 de18 e637 e658 e678 e658 de58 de58 e658 e678 e678 e657 e657 e658 e637 de17 e657 de38 e637 e637 de58 e658 e658 e658 e698 e6b9 eeb8 eed8 e6f8 deb7 c596 ab0d 9168 a1a8 ba4a caaa d2eb d32c db6c db8d dbad e3ee e3ee e40e e3ed e3ed e3ed e40d ec2e ec0d e3ed ec0e e3ed e3ec e40e e40d dbcd dbcd dbad db6c d34c cb0c c2ca ba6a b249 a229 9209 7907 6086 5066 4846 4066 4067 4087 50e8 69ec 9bb2 c597 de78 eeb8 eeb7 eeb7 e656 ddb3 d4d0 c40f c4b2 cd97 d617 de58 eeb9 eed9 eeb8 eeb8 eeb8 ee98 ee97 ee77 ee77 e677 e677 e678 ee98 ee97 ee77 e677 e636 e5f6 e637 e678 ee98 eed9 f6f8 f719 f75a ef18 de78 ac11 50e9 4888 48a8 50a8 5087 5888 5888 5888 5887 58a8 58a8 60c7 60e8 68e8 60a7 60c7 60e7 60e8 60e8 60c7 6087 5887 5887 58a7 60c7 60a7 60a7 6087 58a7 5046 5867 58c8 58c8 60e8 60c8 60c8 60c8 6908 68e8 60e8 60e8 58e8 60c8 58c9 58a8 58a8 60a8 712a 89cb a28e b350 c3af cc10 d430 d430 d3ef d3ce cbcf cbae cbaf c3af c3cf cbef cc30 cc2f d450 d46f d46f d44f dc4f d42f d44f d44e d42f d42f d44f d44f d44f d44f d44f d46f d44f d450 d44f d42f d44f d42f d44e d450 d42e d44e d44f dc4e 
a1e9 a1e9 a1c9 a1ca a1e9 a1e9 a1c9 a1e9 a1e9 a1e9 a9e9 a9e9 a9e9 aa09 a1e9 a9e9 a9e9 a9e9 aa09 a9e9 a20a a1c9 a1a9 a1c9 a9c8 aa2a ba49 c26a caea d30c db2b db4a e3ab e3ab e3ec e40c e44c e44d ec6d ec8e ec8e ec6e ec6f ec6d ec8e ec8e ec6e ec6e ec6e ec8d ec6e ec4d ec2d e3ec e3ec e3cc db8c db8c db2a d2eb caaa c26a b249 a1e9 99a9 9168 8927 8928 8948 8948 8948 9168 9989 9188 99a9 a1a9 a1c9 a1e9 a1e9 a20a aa09 aa09 aa0a aa09 aa09 b209 a9e9 aa09 aa09 aa09 aa2a b229 b209 b209 b209 b229 b22a b209 b209 b209 b229 b229 b229 b24a b229 b229 b229 ba4a ba6a ba4a ba6a b28b ba6a c249 c24a c28a ba6a ba6a b26a ba6b b26b b20b b22b c2eb ed72 fe93 fe31 f590 f54e ec8c dc2e d32b c249 a9c9 a1a9 a9e9 a9e9 aa09 aa2a aa0a aa2a aa2a b24a b24a ba4a ba4a c24a ba8b baab ba6a b1e9 a1a9 a9ca b24a c2ab c2cb ba6b ba8b baab c2eb cacc cacb cb0c cb0d caeb cacb caeb c30c c2ec baec c30c c28b ba4b b24b b28c baed c2ec cb0c d34d d38d d3ae cb8d cb0b c28b ba8b baab c30c cb4c d32c cb0c c2ab b2ab baab ba4a b24a b24b b28d bb2e d40f dc50 dc30 dc8f dcf2 dcd2 dcf2 dd12 dd52 dd33 dcd1 dc90 dc70 d450 d450 d470 d471 d492 d4b2 d513 dd33 e512 dcd1 d42f d471 d4f3 dd53 dd54 dd53 dd54 dcf3 dcd1 dd11 dd33 dd32 dd11 dd32 d534 dd34 dd33 dd94 ddb6 dd34 e531 e5f5 ddd7 dd75 dd53 ddb3 ddd6 ddb6 d554 dd53 dd75 dd35 dd33 dd74 dd73 e593 e5f5 ddb6 d4f4 dcb1 d513 d534 d535 dd74 e5d5 e616 e616 e5f6 e5f6 e5f6 e5f6 ddf6 ddb6 e594 e5f5 ddf6 ddf6 e5f6 e5f6 ddd6 dd95 dd74 dd74 ddb4 e5f5 e617 e636 e636 e616 ddf6 ddf6 e5f6 e636 e617 e637 e637 de38 de37 de37 de38 e636 e658 e658 e657 e678 e637 de36 de16 e616 de16 de36 de17 de17 de17 de17 de37 de38 de58 de38 de37 e658 e658 e658 e678 e678 e678 e699 e698 e6d8 e6b7 de77 bcb4 a26c a1c9 b249 c2aa caea d30b d36c db8d dbcd dbcd e3ed e3ed e40d e3ed e3ed ebed e40d ec0d e3ed e3ed e3ed e40c e40d e40e dbcd dbac db8b dbae d34c caeb ba8a ba69 a9e8 99a8 8988 70a6 5886 4886 4067 4067 48c8 69ab 9350 b515 d638 e6b8 eed8 eed8 ee56 e5d4 d531 c470 c430 c4d4 d5d7 de58 e698 ee98 ee98 eeb8 eeb8 eeb8 ee97 ee97 e677 ee57 e657 e657 e657 ee56 ee78 e657 e637 e636 e616 e637 e658 e698 ee99 eeb9 f6d9 f719 f739 f739 e698 b410 50c8 4088 4888 4888 5067 5087 58a8 5888 58a8 58c8 58a7 60a8 60e7 60c7 60c8 60c8 6108 6108 58c8 58a7 6087 6087 60a7 60a7 60a7 60c7 5887 5887 5887 5887 5067 58a8 58a7 60a7 6087 60a7 6088 60c8 60e8 60e8 58e8 58e8 58a8 5888 50a8 58a7 710a 81cb a28e b32f c3d0 cc10 d431 d430 d40f d3ef cbce cbce cbaf c3af c3cf cbee cc10 cc30 d44f dc70 d470 d44f d44f dc2e dc4f d42f d44f d44f d42f d44f d44f d450 d44f d42f d44f d44f d42f d430 d42f d44e d44e d450 d44f d44f d44f d44f d46f 
a1e9 a1e9 a1e9 a1c9 a209 a1e9 a209 a9e9 a1e9 a1e9 aa0b a9ea aa2a a1e9 a1e9 a1e9 a9e9 aa0a a9e9 a209 aa4a a9e9 a9e9 a9e9 aa09 a9e9 ba69 c2aa d2ca d32b daea db6b dbab e3ac e40c e40d e42d ec4d ec6d ec6e ec6e ecae ec6f ec6d ec8e ec8f ec8e ec6e ec6e ec8e ec6e ec4d ec4d ec0c e40d e3ed e3ab dbac db6c d2eb caaa ba69 b24a a209 99a9 9189 8948 8948 8968 8969 9189 8948 9968 9988 99a9 a1c9 a1c9 a1e9 a1c9 a20a a9e9 a9e9 a9e9 a9e9 aa0a aa09 aa0a aa09 a9e9 aa2a aa29 b229 b209 b209 b1e9 b209 b209 b1e9 b22a b209 b24a b24a b229 b26a ba4a b229 ba2a ba49 ba4a ba6a ba4a ba4a ba6a c24a c26a c28b c26a ba8a b24a b20a b22a b1ca b20a d38c fe54 fe93 fe11 fd8f f4ce ecad ec8d db8c ba6a aa0a a9c9 a9e9 aa2a aa4a b20a aa0a b24a aa4b b26b ba6a ba6a b20a b24a b24a aa4a a9c9 a1c9 aa4b ba6a c26a c2ab baab bacc c2cc c2ab c2cc c2cc caeb d30b caec c28b c28b c2ec c2ec caec c2cc ba4b b28c b28d b2ed c30c caec cacc cb0c d32d cb4d cb4c caec c2ab bacc baec cb2c cb4c d36c cb0c c2ed ba8b b2ab ba6a b20a b22b b30d c3f0 d471 dc50 e42f dc50 dc51 dcd0 dd32 dcf3 dcf1 dcd1 dcb0 dcb1 d491 d470 d40f d410 d410 d491 dd13 dd54 dd33 dcb0 dc50 d451 d4b2 dd13 dd54 dd53 e553 e554 dd53 dd33 dcf2 dcf1 dd11 dcf2 dcd3 dd12 dd94 ddb5 dd74 dd72 ddd5 dd95 dcf3 dd32 dd94 d5b6 d555 dd12 ddb3 ddd5 dd96 dd74 dd94 ddb5 dd75 dd34 dd33 dd53 dd33 dd11 d4f3 d514 d554 ddb5 ddd5 ddb5 dd95 e5d4 e5f6 e5f7 e5f6 e5f6 e5f6 e616 e5f7 e5b6 e594 e5b4 e5f5 e616 e5f6 e5f6 ddf5 ddf6 dd96 dd74 e5b4 e5f5 e617 e617 e616 de16 ddf6 ddf6 e5f5 e616 e617 e615 e657 de78 e658 e658 e637 e636 e616 e616 e616 ddf5 ddd5 ddd6 ddf6 d617 de17 de37 de37 de38 de57 de37 e637 de57 de58 de37 e657 de57 de58 e658 e658 e678 e678 e698 e6b9 e6b9 e6b8 d617 bc94 ab0e b26a c2aa caca d30b db2b db8c dbad dbcd e3cd e3cc e40d e40d e3ed e40d e40d ec0d e3ec e3ed e40d e40d e3ed e3ed e3ac dbac db8b d36c d32c caca ba69 b249 a1e8 9188 8107 60a7 5087 4887 50c8 69ab 8b0f acb4 d617 e6b8 eed9 eeb7 ee76 e635 dd94 ccb1 c451 c4d4 cd76 de17 e658 ee98 ee98 ee97 ee77 ee97 ee97 ee77 ee97 ee97 e677 e657 e637 e5f5 ddd5 e616 e657 e637 e637 e636 e637 e678 ee78 ee98 ee99 eeb9 f6d9 f6f8 f739 ef38 e698 b42f 50a8 4068 4868 4888 5068 5888 58c8 58a8 58c8 60e8 60e8 6109 60c7 60e8 60c8 60a7 6086 60a7 5086 5867 5866 5887 58a7 60c7 60a8 6087 5887 5888 5887 58a8 5887 5887 60a8 60a8 60a7 60c7 60e9 60e8 60c7 58c8 58a7 50a8 5087 5088 58a9 68c8 818b 9a4d b32f c3b0 cc10 d411 d431 d40f d3ef cbef cbcf cbaf c3af cbcf cbf0 cc2f d44f d450 d470 dc4f d450 d450 d44f d46f d450 d44f d42f d44f d44f d44f d44f d44f d470 d44f d42f d44f d44f d44f d42f d42e d44e d44f d42f d44f d44f d44f d44f 
a1e9 a1e9 a209 a1e9 a209 a1c9 a9e9 aa09 a1e9 a1e9 aa2a a9e9 aa2a aa09 a9e9 aa09 a9e9 aa2a a9e9 aa09 aa09 a9e9 a9e9 a9c9 aa09 b209 ba6a c28a d2a9 d2ea db2a db6c e38b e3cc e3ec e42d ec4d ec6e ec6e ec6d ec8e ec8e ec8e ec6d ecae ec8f ec8e ec8d ec6e ec6d ec6d e48d ec4d ec2d ec0d ebec e38b e38b db6c d2eb cacb ba8a b249 aa2a a1a9 91a9 8948 8968 9168 9148 9168 9188 91a9 a188 a1a8 a1a9 a1a9 a1e9 a1e9 a209 aa0a a9e9 b209 a9ea a9e9 b1e9 b20a aa2a b1e9 b24a b209 b209 b1e9 b209 b209 b209 b209 b209 aa09 b1e9 b209 b24a ba4a b24a ba4a ba2a b249 ba69 ba4a ba4a b24a ba6a ba6a c26a c28a ba6a ba6a ba8a b26a b24a b20a b1ca ba2a dc0d fe73 fe92 fe52 f54f ecef ec6c e38a d2ea ba6a b22a b1c9 a9e9 aa2a b24a b24a b209 ba0a b24b b24a ba2a b229 b22a b22a a1a9 9989 a22b b28b c28b c26a baac c28b c26a c28b caec caec c30c cacb cacb c2ac c2cc bacc c30c c2ec c2cb c2ab baac b2ac baec c2ec c2cc c2ab caed c32d c34d cb2c c30d c32e c32e c36e cb6e cb2d cb2c cb2c cb0c c2ca bacb ba49 b22a aa4a b24b c2ec cbad dc6f dcb0 dcd1 dc91 dc50 dc90 dcb1 e4d0 dcd0 dc91 dc50 d450 dc70 d491 d491 d471 d472 d492 dcd1 e532 dcd1 d450 d410 d4b1 dd54 dd34 dd33 dd33 dd33 dd54 e553 dd33 dd12 d4f2 d4b2 dcb2 dd11 dd74 dd54 dd73 e5d5 dd94 dd33 dd52 dd93 dd74 d514 dd33 dd53 dd94 d555 dd13 e552 ddb4 dd95 dd55 dd52 ddb4 dd74 dcd2 d471 d472 d471 dd32 ddd5 ddd5 e5b4 e594 e5b4 ddb5 dd95 e5b4 e5f5 e5f6 e5f6 ddf6 e616 e616 e5f6 ddb5 dd75 dd94 e5d4 e5d5 e5f6 e5f5 e5f5 ddf5 ddd6 dd95 e594 e5f5 e616 e616 e616 e637 de16 ddf6 ddf5 ddd5 ddb5 e615 e678 e657 e616 ddd5 dd74 d595 ddd6 ddf6 ddd6 ddb5 ddf6 de37 de37 e637 e657 e657 de57 e637 de17 de16 e657 e658 e638 e637 de58 de58 de58 de58 e678 e658 e678 e699 e699 e6b9 e6b8 de78 c597 b412 bb2d caab d2ea db2b db8b dbac dbac e3cc e3ec e3ed e3ec e3ec e3ed ec0d ec0d e3ec e40d e40d e3ed e3ed e3ab e3cc dbac db6c d32b d32b c2aa b249 aa09 99c8 8968 7908 60a7 60e8 79ec 9350 b4d4 cdf8 de99 eeb8 eeb7 ee77 e636 ddb3 d531 ccd2 cd14 cd97 d618 e658 ee98 ee98 ee98 ee97 ee97 ee77 ee97 ee57 e677 e657 ee77 e656 e636 de16 ddd6 ddf7 de17 e636 e616 e636 e657 e657 ee78 ee98 eeb9 eeb9 eed9 f6f9 f6f9 f739 f738 e698 b40f 50a8 4048 4867 4888 5068 58a8 58c8 58a8 58c8 58e9 6109 6108 6108 6909 6087 60a7 58a7 5887 5887 58a7 5867 5867 5886 60a7 58a7 58a7 5887 58a8 58e8 60c8 5887 60a7 60c8 68c8 60c7 60c7 60c7 60e8 5887 5087 5067 4846 5087 58c9 60c9 792a 920c aaee c38f d3f0 d410 d430 d430 d3ef cbcf cbcf cbcf c38f c3cf cc0f cc30 d450 d44f d46f dc70 d450 d44f d450 d44f d46f d42f d42f d44f d44f d44f d44f d42f d44f d44f d44f d44f d44f d44f d430 d42f d44f d44f d42f d42f d44f d450 d44f d42e 
a1e9 a1e9 a209 a1e9 a209 a1c9 a9e9 aa09 a1e9 a1e9 aa2a a9e9 aa2a aa09 a9e9 aa09 a9e9 aa2a a9e9 aa09 aa09 a9e9 a9e9 a9c9 aa09 b209 ba6a c28a d2a9 d2ea db2a db6c e38b e3cc e3ec e42d ec4d ec6e ec6e ec6d ec8e ec8e ec8e ec6d ecae ec8f ec8e ec8d ec6e ec6d ec6d e48d ec4d ec2d ec0d ebec e38b e38b db6c d2eb cacb ba8a b249 aa2a a1a9 91a9 8948 8968 9168 9148 9168 9188 91a9 a188 a1a8 a1a9 a1a9 a1e9 a1e9 a209 aa0a a9e9 b209 a9ea a9e9 b1e9 b20a aa2a b1e9 b24a b209 b209 b1e9 b209 b209 b209 b209 b209 aa09 b1e9 b209 b24a ba4a b24a ba4a ba2a b249 ba69 ba4a ba4a b24a ba6a ba6a c26a c28a ba6a ba6a ba8a b26a b24a b20a b1ca ba2a dc0d fe73 fe92 fe52 f54f ecef ec6c e38a d2ea ba6a b22a b1c9 a9e9 aa2a b24a b24a b209 ba0a b24b b24a ba2a b229 b22a b22a a1a9 9989 a22b b28b c28b c26a baac c28b c26a c28b caec caec c30c cacb cacb c2ac c2cc bacc c30c c2ec c2cb c2ab baac b2ac baec c2ec c2cc c2ab caed c32d c34d cb2c c30d c32e c32e c36e cb6e cb2d cb2c cb2c cb0c c2ca bacb ba49 b22a aa4a b24b c2ec cbad dc6f dcb0 dcd1 dc91 dc50 dc90 dcb1 e4d0 dcd0 dc91 dc50 d450 dc70 d491 d491 d471 d472 d492 dcd1 e532 dcd1 d450 d410 d4b1 dd54 dd34 dd33 dd33 dd33 dd54 e553 dd33 dd12 d4f2 d4b2 dcb2 dd11 dd74 dd54 dd73 e5d5 dd94 dd33 dd52 dd93 dd74 d514 dd33 dd53 dd94 d555 dd13 e552 ddb4 dd95 dd55 dd52 ddb4 dd74 dcd2 d471 d472 d471 dd32 ddd5 ddd5 e5b4 e594 e5b4 ddb5 dd95 e5b4 e5f5 e5f6 e5f6 ddf6 e616 e616 e5f6 ddb5 dd75 dd94 e5d4 e5d5 e5f6 e5f5 e5f5 ddf5 ddd6 dd95 e594 e5f5 e616 e616 e616 e637 de16 ddf6 ddf5 ddd5 ddb5 e615 e678 e657 e616 ddd5 dd74 d595 ddd6 ddf6 ddd6 ddb5 ddf6 de37 de37 e637 e657 e657 de57 e637 de17 de16 e657 e658 e638 e637 de58 de58 de58 de58 e678 e658 e678 e699 e699 e6b9 e6b8 de78 c597 b412 bb2d caab d2ea db2b db8b dbac dbac e3cc e3ec e3ed e3ec e3ec e3ed ec0d ec0d e3ec e40d e40d e3ed e3ed e3ab e3cc dbac db6c d32b d32b c2aa b249 aa09 99c8 8968 7908 60a7 60e8 79ec 9350 b4d4 cdf8 de99 eeb8 eeb7 ee77 e636 ddb3 d531 ccd2 cd14 cd97 d618 e658 ee98 ee98 ee98 ee97 ee97 ee77 ee97 ee57 e677 e657 ee77 e656 e636 de16 ddd6 ddf7 de17 e636 e616 e636 e657 e657 ee78 ee98 eeb9 eeb9 eed9 f6f9 f6f9 f739 f738 e698 b40f 50a8 4048 4867 4888 5068 58a8 58c8 58a8 58c8 58e9 6109 6108 6108 6909 6087 60a7 58a7 5887 5887 58a7 5867 5867 5886 60a7 58a7 58a7 5887 58a8 58e8 60c8 5887 60a7 60c8 68c8 60c7 60c7 60c7 60e8 5887 5087 5067 4846 5087 58c9 60c9 792a 920c aaee c38f d3f0 d410 d430 d430 d3ef cbcf cbcf cbcf c38f c3cf cc0f cc30 d450 d44f d46f dc70 d450 d44f d450 d44f d46f d42f d42f d44f d44f d44f d44f d42f d44f d44f d44f d44f d44f d44f d430 d42f d44f d44f d42f d42f d44f d450 d44f d42e 
a9e9 a9e9 a1ea aa09 a1e9 aa09 a9e9 aa09 a22a aa09 a9e9 aa29 aa2a aa09 aa09 aa09 a9e9 aa29 aa09 a9e9 a9e9 a9e9 a9e9 a9c9 a9c8 aa0a ba6a c26a caab d30b d36c db8c e38b e3ac e3ed e40d e42d e46e ec6e ec8d ec8e ec8f ec8e ec6d ec8e ec8e ec6e ec6d ec6d ec4d ec6d ec8d e44e ec2d e40d e40d e3cd e3ac db4b d30b caab c26a ba49 aa0a a1a8 9989 91a9 8968 9148 9168 9188 9988 9189 99a9 a1c8 a1c9 a20a a1e9 a209 a9e9 aa0a aa09 b229 aa09 aa09 b209 aa2a aa09 b209 b20a b1e9 aa09 b24a b209 b22a b209 b209 b209 aa09 b209 b229 b229 ba4a ba49 ba29 ba2a ba29 ba49 ba6a b26b b26a ba6a ba69 c26a c26a c28a ba6a ba6a ba4a b24a b20a b1ea c28a e4f0 fe75 fe72 fe10 f5b1 f4ed e40c d32b caaa c28a ba2a b1e9 aa09 b22a b229 b209 a9e9 b229 b26a b24a b22a b229 b209 a1ca 99ca aa2a baac c2ac c2ac bacb c2ab c28b c24b c28b caeb cb0c cacb c28b caab c2cb c2ec cacb c2ab c28b ba8c baed bb2d c30c c2cb c2ab ba6b bacc cb0d cb4d d32c cb2d cb2d cb8d cbce d38e d32c cb2d cb4c cb2c c2eb ba6a b1e9 a9ea aa4b b30d cbae d3f0 d3ef dbce dc2e dcd0 dd13 dcd2 dc91 dc90 dc0e dbcd dc4f d451 d450 d430 d470 dc92 dd33 dd54 d4d2 d3ee d3ee d430 d450 d4b2 dcd1 e531 e573 dd54 dd33 dd12 e532 dd34 dcf2 dd33 d514 d4f3 d513 dd34 dd73 dd93 dd33 dd53 ddb4 dd95 dd33 dd52 dd73 dd74 dd74 d514 dd11 dd93 d596 d535 dd32 dd72 ddb5 dd34 dcd1 d4d2 d471 d4b2 d555 dd55 dd33 ddb3 ddd5 dd94 dd33 e552 ddb4 ddb5 ddb5 e5b5 e5f5 e616 e5f6 ddd5 e5d5 e5f6 ddd6 ddd6 ddb6 ddb6 e5b4 e5d5 ddd6 e5d5 e5f5 ddf6 ddf6 ddd6 ddb5 e5d4 e5f5 e616 e636 de36 de16 ddf6 ddd4 ddb5 dd72 dd93 dd74 d4f2 d513 d596 d617 de17 ddf6 ddf6 ddd6 e5f5 e636 e637 e637 e617 e637 de37 de37 de17 ddf6 e636 de57 de37 de38 e657 e636 e658 de38 de37 de38 e658 e678 e699 e69a e699 eeb8 e698 d638 cd56 cc11 d32c db0a db4a dbac e3cc e3ec e3cc e3cc e3ec e3cb e3ec ec0c e3ec e3ec e40d e3ec e3ec e3ed dbcc dbac dbcc db8c d32a caea c2aa b249 a1c8 9148 7908 7929 820c 9bb1 bd15 d618 e678 eed9 eeb7 ee56 e5f4 dd93 d552 ccf2 ccf2 d576 de17 de58 e678 ee98 eed8 ee98 ee98 ee77 ee57 ee77 ee77 e657 e657 e657 e656 e616 de16 de16 de17 de37 e637 e636 e616 e637 e657 e678 ee78 ee98 eeb9 eed9 f6d9 f6f9 f6f9 f6f8 ef17 de98 abaf 50a8 4068 4868 4888 5088 58a8 58c8 58c8 58e8 58e8 60e8 6108 6128 6109 60e8 6087 60c7 60c7 60c7 5886 6087 6086 6087 5886 5886 5867 5866 5887 58a7 58c7 60c7 60e8 68c8 60a7 60c7 60c7 60a7 60a7 5066 5067 4846 4846 4847 58a8 714a 89cb aace bb90 cbf0 d410 d430 d3ef d3ef cbcf cbaf cbd0 cbaf c3af cbef d40f d450 d470 d470 dc6f dc8f d470 d44f d44f d44f d450 d450 d44f d44e d44f d44f d44f d44f d450 d470 d44f d470 d44f d42f d42f d42f d42f d40e d3ef cc0f d42f d44f d450 d42f 
a9e9 a9e9 a22a aa09 aa09 aa09 a9e9 a9e9 aa09 aa09 aa09 aa4a b209 aa09 a9e9 b209 b209 a9e8 a9ea a9c8 a9e9 a9c9 a9c8 a9c9 a9e8 b229 ba49 c26a caeb d30b d32b db8b e38b e3cd e3ed e40d e42d e44e ec6e ec6f ec6e ec6e ec6e ec8e ec6f ec8e ec8e ec8d ec6e ec8e ec8d ec8e ec6e ec4e ec0c e3ec e3ed e3ac db6b d32b caab c269 ba49 b1e9 a1a8 9988 9168 8948 9148 9188 9968 9988 9988 99c9 a1c9 a20a a20a a1c9 a1c9 a20a aa09 b229 aa2a aa0a b1e9 b209 b249 b229 b20a b229 b1e9 b229 b24a b20a b26a b229 b229 b229 b209 b209 b229 b229 b229 ba6a ba6a ba4a ba4a ba4a ba6a ba4a ba4a ba6a c28a c28a c26a c28a ba8a ba6a ba2a b22a b1ea b1ea caea f5f3 feb4 fe10 fdf1 f5d1 ec2c dbac d30a caca c24a ba4b a9e9 a9e9 a9e9 a9e9 aa09 aa0a b229 b22a b22a b20a a9e9 a9ea aa4b b26a ba6b c28b cacb c2ab c26a c26a c2cc c2cb c28a c26a c28a c2ab c30c cb0b cacb c28b b22a b22a ba8b bacc c2cc cacb cacc c2ac c2cc c2ec cb0c d32c d34e cb0d cb2c cb2c cb0c caec caec c2cb cb2c caea c2aa b22a a9a9 a1ca aa8c bb4e d40f dc6f dc70 d450 d3cf dbee dc2e e4f0 dd51 dcd1 d430 d38e d3ae d3ce d40f d430 d472 d4d3 dd33 dd52 dcb0 d40f cbaf cc31 d491 dcd2 dcf2 dd12 dcd1 e511 dd73 dd74 dd13 dcf2 dcf2 dcd2 dd53 dd94 dd95 dd54 dd53 dcd1 dd13 dd13 dd13 dd53 dd93 dd96 dd54 dd33 dd32 dd73 d554 d514 dcf3 dd53 dd94 d576 d4f3 dcf1 d4f2 cc72 cc92 d4d3 dd12 e593 ddd5 dd95 ddb5 ddb4 dd94 dd53 dd34 e533 e552 dd94 ddd5 e5b5 e5d4 e5b4 ddd5 ddd5 e5f6 ddf6 ddf6 e5f6 ddd6 ddd6 e5d5 ddd5 ddd6 ddd6 ddd5 e5f5 de17 ddd7 dd95 e5d5 e617 e616 e637 e637 de16 ddb4 dd32 cc91 cc30 ccd2 cd35 d5b6 de17 de37 de17 de16 de17 ddf6 ddf7 ddf6 e637 e637 de17 de16 de17 de37 de17 de17 ddf6 de16 de17 de37 de37 de37 e617 de37 de17 de38 de38 e658 e699 e699 e699 e678 ee98 e6d9 e6b9 d618 d494 d36c db09 db6b e3ab e3cc e3ac e3cc e3cc e3ec e3ec e3cc e3ec e3ec e3ec e3ec e3cc e3cc dbcc dbac d36b d36b d30a c2aa ba8a a209 99ca 91ca 926d a390 c515 d638 e6b9 eed8 ee77 ee35 e5f3 ddb4 d553 d533 cd13 cd54 d5b6 de38 e678 e698 ee98 ee78 ee97 ee97 ee57 e656 e656 e676 e657 e657 e637 e636 de36 de17 ddf6 de16 e616 e616 e616 e636 e637 e657 e678 ee78 ee98 ee98 eeb9 eeb9 f6d9 f6f9 f6f9 f6f8 ef17 de57 a32d 48a8 48a8 4887 50a8 58c8 58c8 58a8 58c8 58c8 60c8 60c8 60e8 68e8 6908 60e8 6087 58a7 60c7 60c7 60a7 60a7 6087 60a7 58a7 60a7 5867 5867 58a8 60e8 58c8 60e8 6908 68c8 60e8 68e8 6908 58c7 5867 4846 4846 4047 4847 5088 710a 89cc a2ae bb6f cbcf d3ef d410 d410 d3ef cbf0 cbcf cbaf c3af cbaf cbcf d410 d430 d470 dc50 d46f dc70 dc6f d470 dc4f d44f d450 d450 dc2e d42f d44f d42f d42f d44f d42f d44f d44f d42f d42f d42f d44f d44f d44f d44f d40e cc2f cc2f cc2f d42e d42f d46f 
aa0a aa0a aa29 aa09 b209 aa09 a9e9 aa09 b209 b209 b209 aa09 b209 aa29 aa09 b209 b1e9 a9e8 a9e9 a9e8 aa09 a9e8 a9c8 a9c9 a9e9 b229 ba29 ca49 caca d30b db2a db6a e3ad e3cd e3ed e40c e44e e44e ec4d ec6e ec6d ec6e ec6e ec8e ec8e ec6f ec8e ec8d ec8e ec8e ec8e ec6e ec6f ec4e ec0c e3ec e3ac db8c d36c d30b caaa ba8a b249 a9e9 a1a8 9968 9168 8948 9968 9168 9988 9968 99c9 a1a8 a1a8 a1e9 a20a a1e9 a9e9 aa09 aa09 b209 aa2a aa09 b209 b209 b229 ba29 b20a b22a ba09 b229 ba0a b229 b24a b249 b22a b209 b1e9 b209 b209 b209 b229 ba29 ba4a ba6a ba6a ba49 ba4a ba6a ba49 ba6a ba8a c26a c28a c269 c28a c26a ba2a ba2a b20a b1ea d36c f613 fe72 fe31 f632 f54e e3cb db8b d2e9 caaa ba6a b22a aa09 a9c9 a1c9 aa09 a9e9 aa0a aa29 aa4a aa09 aa09 aa2a ba4a ba6b c24b c26b c26a ca8a c26b ba4b c2aa c2cb ca8a ba29 b24a b2ab bb4b cb0b caab c24a b24b b28c bacc cb0c caec c2ac ca8b c2cd c2ec cb0c caec caab cb0c cb6d cb2c caec c2ac baab bacd c30c c32b c30c ba8b aa2a a1ca a22b b28c c34d cc0f dc2e dc6f dc70 dc70 d490 d451 d3ef dbed dc4e dc6f d431 d3f0 d3ae d3ae cbcf d450 dd33 dd54 dc90 cc10 cbb0 d410 d4b3 dcf2 dd13 dcf2 dcd2 dcd2 dcb1 dcb2 dcd1 dd52 dd54 dd34 dd13 dd13 dd53 dd94 e5b4 dd96 dd12 d4b2 dcb2 dcf2 dd12 dd33 dd13 dd53 dd95 dd34 dcf3 dcf2 dd33 dd74 dd33 dd33 dd32 dd52 d4b2 cbf1 d472 d4f3 d533 dd33 dd13 dd12 e532 e593 ddb5 ddb5 dd94 dd54 dd74 dd55 dd34 dd33 ddb4 ddb5 dd95 dd94 ddd5 e5f5 ddf6 ddd6 e5d6 e5d6 ddb5 e5b5 ddf6 de16 ddf6 ddf6 ddf6 ddd5 e5f5 e5f6 ddf7 ddd6 e616 e637 e616 e636 de16 d553 cc30 cc11 cc91 d554 ddf7 ddf6 e5f5 e616 de16 e616 de17 ddf7 de17 de17 de37 e637 de17 ddf6 de17 de17 e637 de17 de16 de17 de16 de16 de17 ddf6 ddf6 de16 de17 de37 de17 de38 e658 de78 de79 e679 e678 e6b9 eeb8 e6b8 de37 d4d3 db8c e36a e38b e3cb e3cc e3ed e3ec e3ec e3cb e3cc e3cd e3ed e3cb e3cc e3ed e3ac db8b db6b d34b d34b caea c28a b26b a24c ab0e b412 cd56 de37 e6b9 eeb8 ee97 ee55 ddf5 d593 d573 d5b4 d553 d555 d596 de17 de58 e678 ee98 ee98 ee98 e677 ee57 e657 e657 e636 e636 e636 e636 e637 e616 de16 de16 de16 ddf6 de16 e636 e636 e616 e637 e637 e657 e678 ee98 eeb8 eeb9 eeb9 eeb9 f6b9 f6d9 f6f9 f6f7 eef7 d637 9a8b 48a8 48c8 4887 5067 5087 58a8 58c8 58c8 58c8 58a8 60a8 60a7 60c8 6949 58c9 60c8 6108 60e7 60e7 60c7 60a7 60a7 60c8 58a7 60c8 58c8 60c8 60c8 60c8 60c8 60a7 68e8 68c7 68c8 68e8 60c7 58a7 5867 4846 4826 4027 5067 60c8 81ab a28e b34f c3cf d411 d40f d430 d410 cbf0 cbd0 cbaf cbaf c3cf cbf0 d3ef d42f d450 d450 d450 dc6f d450 d44f d470 d44f d44f d42f d42f d44f d470 d42f d42f d450 d44f d42f d44f d42f d42f d42f d42f d42f d42f d42f d44f d42f d42f d42f cc30 d42e d430 d42f 
aa0a aa0a aa29 aa09 b209 aa09 a9e9 aa09 b209 b209 b209 aa09 b209 aa29 aa09 b209 b1e9 a9e8 a9e9 a9e8 aa09 a9e8 a9c8 a9c9 a9e9 b229 ba29 ca49 caca d30b db2a db6a e3ad e3cd e3ed e40c e44e e44e ec4d ec6e ec6d ec6e ec6e ec8e ec8e ec6f ec8e ec8d ec8e ec8e ec8e ec6e ec6f ec4e ec0c e3ec e3ac db8c d36c d30b caaa ba8a b249 a9e9 a1a8 9968 9168 8948 9968 9168 9988 9968 99c9 a1a8 a1a8 a1e9 a20a a1e9 a9e9 aa09 aa09 b209 aa2a aa09 b209 b209 b229 ba29 b20a b22a ba09 b229 ba0a b229 b24a b249 b22a b209 b1e9 b209 b209 b209 b229 ba29 ba4a ba6a ba6a ba49 ba4a ba6a ba49 ba6a ba8a c26a c28a c269 c28a c26a ba2a ba2a b20a b1ea d36c f613 fe72 fe31 f632 f54e e3cb db8b d2e9 caaa ba6a b22a aa09 a9c9 a1c9 aa09 a9e9 aa0a aa29 aa4a aa09 aa09 aa2a ba4a ba6b c24b c26b c26a ca8a c26b ba4b c2aa c2cb ca8a ba29 b24a b2ab bb4b cb0b caab c24a b24b b28c bacc cb0c caec c2ac ca8b c2cd c2ec cb0c caec caab cb0c cb6d cb2c caec c2ac baab bacd c30c c32b c30c ba8b aa2a a1ca a22b b28c c34d cc0f dc2e dc6f dc70 dc70 d490 d451 d3ef dbed dc4e dc6f d431 d3f0 d3ae d3ae cbcf d450 dd33 dd54 dc90 cc10 cbb0 d410 d4b3 dcf2 dd13 dcf2 dcd2 dcd2 dcb1 dcb2 dcd1 dd52 dd54 dd34 dd13 dd13 dd53 dd94 e5b4 dd96 dd12 d4b2 dcb2 dcf2 dd12 dd33 dd13 dd53 dd95 dd34 dcf3 dcf2 dd33 dd74 dd33 dd33 dd32 dd52 d4b2 cbf1 d472 d4f3 d533 dd33 dd13 dd12 e532 e593 ddb5 ddb5 dd94 dd54 dd74 dd55 dd34 dd33 ddb4 ddb5 dd95 dd94 ddd5 e5f5 ddf6 ddd6 e5d6 e5d6 ddb5 e5b5 ddf6 de16 ddf6 ddf6 ddf6 ddd5 e5f5 e5f6 ddf7 ddd6 e616 e637 e616 e636 de16 d553 cc30 cc11 cc91 d554 ddf7 ddf6 e5f5 e616 de16 e616 de17 ddf7 de17 de17 de37 e637 de17 ddf6 de17 de17 e637 de17 de16 de17 de16 de16 de17 ddf6 ddf6 de16 de17 de37 de17 de38 e658 de78 de79 e679 e678 e6b9 eeb8 e6b8 de37 d4d3 db8c e36a e38b e3cb e3cc e3ed e3ec e3ec e3cb e3cc e3cd e3ed e3cb e3cc e3ed e3ac db8b db6b d34b d34b caea c28a b26b a24c ab0e b412 cd56 de37 e6b9 eeb8 ee97 ee55 ddf5 d593 d573 d5b4 d553 d555 d596 de17 de58 e678 ee98 ee98 ee98 e677 ee57 e657 e657 e636 e636 e636 e636 e637 e616 de16 de16 de16 ddf6 de16 e636 e636 e616 e637 e637 e657 e678 ee98 eeb8 eeb9 eeb9 eeb9 f6b9 f6d9 f6f9 f6f7 eef7 d637 9a8b 48a8 48c8 4887 5067 5087 58a8 58c8 58c8 58c8 58a8 60a8 60a7 60c8 6949 58c9 60c8 6108 60e7 60e7 60c7 60a7 60a7 60c8 58a7 60c8 58c8 60c8 60c8 60c8 60c8 60a7 68e8 68c7 68c8 68e8 60c7 58a7 5867 4846 4826 4027 5067 60c8 81ab a28e b34f c3cf d411 d40f d430 d410 cbf0 cbd0 cbaf cbaf c3cf cbf0 d3ef d42f d450 d450 d450 dc6f d450 d44f d470 d44f d44f d42f d42f d44f d470 d42f d42f d450 d44f d42f d44f d42f d42f d42f d42f d42f d42f d42f d44f d42f d42f d42f cc30 d42e d430 d42f 
aa0a aa0a aa09 aa09 aa0a aa0a aa09 aa29 aa09 aa09 aa29 aa09 aa29 aa2a aa29 aa2a aa09 aa29 aa2a b1c9 a9c8 a9e9 a9e9 aa09 a9e8 b209 ba29 c269 caca d2ea db2b db6b e3ac e3cd e3ed e42d e42e e44e e46e ec6e ec8e ec8e ec6e ec6e ec8d ec8e ec6e ec4d ec6e ec8e ec8d ec8e ec4d ec4d ec0d ebed e3cb dbac d38d d30b caca ba8a b249 b1e8 a9a8 9988 9148 9148 9188 9168 9189 9168 99a9 9988 a188 99a9 a1ea a1e9 a9e9 a9c9 aa09 a9e9 aa09 a9e9 b209 aa09 b209 b209 b209 b22a b209 b209 b22a b24a b249 b229 b229 b209 b209 aa09 b208 b208 b209 b229 ba4a b28b b249 ba49 ba4a ba6a ba69 ba8a c26a ba49 c28a ba69 c28a ba8a b24a b20a b1eb ba4a dc8f fe96 fe73 fe52 fdf0 ed0e e40c d2ea ca8a c269 ba8a ba8a b229 a1e9 a9e9 a1c9 a1c9 aa0a aa09 aa29 aa2a ba6a c24a c269 c28b c28a ba49 b22a ba4a ba8b c2ab c24a b1e9 b1c9 aa2a b2cc bacb bacb ba8b b22a b20b ba8b c2ec caeb d2ec cacc cacc c2ed c30c caec d30c caec c2ec cb2c cacb c28b ba6b b28b baab baec c2eb c2cb b26b aa0b a22c aa6c bb0d cbcf d40f d3ee d40f dc0e dc70 dc70 dc6f dc70 d3cf cb8d d36d d3ce d40f d410 d3cf cbf0 d471 d491 d44e d40e cbcf cbf0 d471 dcb2 dd32 dd13 dd13 dcd2 dcd2 dcb1 dcd2 dcd2 dcd2 dcd1 dcf2 dd94 ddb5 dd75 dd13 dcf1 dd73 ddb4 dd54 dcf3 dcf2 dcd2 dcb1 dd12 d535 dd13 dd32 dd73 dd75 d514 dd33 dd32 dd33 dd33 d492 d40f d450 ccd3 d534 dd53 dd74 dd53 dd53 dd13 dd12 dd12 dd73 ddb5 ddb5 dd95 dd94 dd94 d554 dd34 dd74 dd94 dd95 ddd6 dd95 e594 e5b4 ddd5 e5f5 ddd6 ddb5 dd95 e5d5 e5f6 e637 de17 ddf6 ddf6 ddd5 e5f5 e637 ddf6 ddf6 e617 ddf5 dd32 d4f2 cc71 cc92 ccf4 d555 d595 dd94 ddb4 ddd5 ddf6 ddf6 e5f6 de17 de17 de17 de17 de37 e637 de17 de17 de17 e617 e617 e616 de37 de17 de16 ddf6 ddf6 ddf6 d5f6 ddf6 ddd6 de16 de16 de38 de18 de37 e657 e678 e679 e699 e678 ee97 e697 de17 dc92 e38b e38b e3cc e40c e40d e40c e3ec e3cc e3ec e3cd e3ab e3cc e3cc dbcc dbab db8b db6b d30b cb0b c2ec c32e bbb1 bcb3 d596 e658 eeb8 eed8 eed7 e655 e5f4 ddb3 d5b5 d594 d594 d574 d595 ddf7 de58 e678 e698 ee97 ee77 e677 e677 e677 e657 e657 e636 de16 de16 e636 e637 e636 de16 ddf6 e616 de16 e617 e617 e637 e636 e637 e658 e657 e657 e678 e698 ee98 eeb8 eeb9 eeb9 eed9 f6d9 f6d9 f6d7 eef8 cd95 7989 48a8 48e8 50a8 5087 5067 5888 58c8 58c8 5887 58a7 58a8 60a8 60e8 58e8 5908 6109 6108 60e8 60e8 60c8 60a7 5887 5887 5887 5887 58a7 58a7 60c7 60e8 60a7 60c7 68e7 68c7 60c7 60c7 60c8 5866 5046 4826 4047 5047 60a8 816b 9a6d b32f c390 cbef d430 d430 d410 d410 cbf0 cbcf cbaf c3b0 cbef cc10 d42f d44f d450 dc70 d450 d44f d48f d44f d44f d450 d42f d42e d44f d450 d44f d42f d42f d42f d42f d42f d450 d42f d42f d44f d42f d42f d42f d430 d42f d40f d42f d40f d430 d40e d42f cc2f 
aa2a aa2a aa0a aa09 a229 aa09 aa09 aa49 aa29 b22a b1e9 aa09 aa09 b209 aa09 aa09 aa09 aa29 aa09 b1e8 aa0a a9ea a9c9 a9e9 b1e9 b209 c249 c28a d2ca db0b db4c db4b e38c e3cc e3ec e42d e42e ec4d ec4e ec6e ec6e ec8e ec6d ec8e ec8e ecae ec8d ec8d ec8e ec6d ec8d ec6d ec6d ec6d ec2d ec0d e3ec e3ac db6c d32c caca c2aa ba69 b208 a1a8 9968 9148 9128 9148 9169 9168 9188 99a9 99c8 9988 a1a9 a1e9 a1e9 a9e9 aa0a aa2a b229 b22a aa09 aa09 aa2a b209 b22a b209 b22a b209 b229 b209 aa09 aa29 b249 b229 b209 b1e8 aa09 a9c8 b229 ba09 ba2a ba49 ba49 b229 ba49 ba6a ba4a b26a ba6a ba69 ba6a ba8b ba6a ba49 ba4a b22a b1c9 a9aa b269 ed0e fef5 fe93 fe30 f56f ecad e38a d30a c28a c26a c2aa c28a b22a aa0a a1c9 a1c9 aa2a b20a a9e9 b24b ba4a ba4a ba2a ba4a c28b ba49 b1e9 aa2a ba6a c28a ba4a b1e9 aa0a b24a baab c2cb c2ab ba8b baac baab c2cb cacc caac ca8b caac c2cb cacb cb0c cb2c cb0c cb0c cb4e cb2c cacb ba6b b2ac bacc baec c2cb c2ab ba8b b26a aa2b aa4b b2cd c38f d3ce dc0e dc70 dc31 d431 dc0f dc2f dc4f dc70 dc0f d3ae d38d d36e cb6f cb6d d3ee d4b2 d4d2 d44f cbae c32d c34e d40f d491 dcb1 dcf2 e4f2 e4f1 dcf2 dcd2 dcd1 dcd2 e4f2 dd12 dd13 dd13 d4f3 dcf2 dd52 dd53 d514 d4b3 dcb1 dd11 dd52 dd34 d514 dcd2 dcb2 dcf2 dd52 d555 dd14 dd12 dd93 dd95 dd75 dd12 d4d1 d470 cc11 cc52 d471 dd52 ddb4 ddb5 dd95 dd53 dd53 dd33 dd13 dd13 dd33 dd74 ddb4 ddb5 ddb4 dd95 dd54 dd54 dd74 e573 e5b4 ddd6 ddb5 dd75 dd74 e593 ddd5 ddd5 dd95 dd74 ddb5 e5f6 e617 de17 e616 de17 ddf7 de17 e616 e616 e616 ddb5 d4f2 cc0f cc10 ccb3 d554 ddb5 ddf6 d5b5 d595 ddb5 ddb5 ddd6 ddf6 ddf6 de16 de37 ddf7 ddf6 e617 de17 e616 de37 de37 e617 de17 de16 de17 de17 de17 de17 ddf6 ddf6 ddf7 d5f7 ddd6 ddd5 ddf6 de16 de17 de17 de37 e637 e658 de58 e658 e657 e676 e697 ddb6 dc0e e38b e3cc e40c e3ec e3ec e3cb e3cc e3cc e3ab e3ab dbed e3ac dbcc dbac db6c d34b d32d d3d0 cc73 d576 d5f7 e677 eed8 eeb8 ee76 ee14 e5d3 dd73 ddb4 d5b5 d574 d553 d595 d5d6 de17 e678 e698 e697 e677 ee77 e677 e657 e657 e657 e637 e616 de16 de17 e637 e636 e616 e616 de16 ddf6 de16 e616 e636 e637 e616 e637 e637 e678 e678 e678 e698 ee98 ee98 ee98 ee99 eeb9 eeb9 f6d9 f6f8 f6f7 eef8 c4f2 60e9 4088 48c8 5088 50c9 58c8 58c8 60e9 58e9 58a7 58a8 58a8 60a8 60e8 58c8 58c8 60e8 60c7 60c7 60a7 58a7 5886 6087 5866 5887 50a7 5887 5887 60c8 60c7 60a7 60c7 68c7 60c8 6108 60c7 58a7 5067 4846 4847 4867 58a8 7109 9a2d b2ce c36f cbf0 d410 d430 d410 d3ef cbef cbf0 cbcf c3af cbef cc10 d42f d450 dc70 d46f dc6f d44f d44f d46f d470 d46e d44f d42f d44f d450 dc2f d42f d44f d44f d42f d42f d42f d44f d44f d42f d42f d40f d42f d44f d42f d40f d42e d42e d42f d42f d42e d40e d42f 
aa2a aa2a aa4a aa09 aa09 aa09 aa09 aa29 aa4a b229 b1e8 aa09 aa09 aa09 aa29 aa09 b209 a9e9 aa09 aa08 aa0a a9e9 a9c8 aa09 b209 b229 c249 ca89 d2a9 db0a db4c e34a e3ac e3cb e3cc e3ed e3ec ec2d ec4e ec4d ec6e ec6e ec6e ec8e ec8e ec8e ecad ec8e ec8f ec6e ec8d ec8e ec6e ec6d ec2d e3ed e3ed e3ac db4b d32b caaa c28a ba8a b209 a1a9 9968 9168 9148 9148 9968 9968 9988 99a9 99c9 a1a8 a1c9 a1e9 a1e9 a209 aa09 b1e9 b229 aa4a aa4a b22a b209 b209 b20a b229 aa2a b22a b229 b1e9 a9e9 b249 b249 b229 b229 b1e9 b229 b1e9 b229 b209 b209 b209 b229 b229 ba4a ba69 ba29 b26a ba6a c26a ba4a ba6a ba49 b249 b229 aa0a a9ca a9ca b26a e531 feb5 fe73 fdb0 f52d e40c db0b d30a caeb cb0b c2aa ba8a b26a aa0a a20a aa2a b1e9 b20a b24a b24a b22a ba6a ba4a ba29 b1ea a9ea b209 ba49 ba09 a9c9 a9e9 b26b baab c28a c2ac c28b c2ab c2ab c2ab c28a c28b c2ac c2cc caec c2cc cacc caec caec caec caeb caab c28b c26b ba6b bacc c30c c2eb c2eb baaa ba8b b24b b24a b28c b2ed cb4d d3ce dc0f dbef dc4e dcb1 dc71 dc0f dbee d3ee d3ef d3ee d3ae d38d d3ae cbb0 cbd0 d3ef d46f d44f cb8e c38f cbaf d3d0 dc2f dc90 dcd2 dcf2 dcf2 dcd1 dcb2 dcd1 dcf3 dcf3 dd13 dd13 dd52 dd74 d4d2 d4b2 d492 dcb0 dd12 d513 d4d3 d492 dcb0 dd12 dd95 dd75 dd35 dcf3 dcf1 dd31 dd53 dd13 dcf1 dd73 dd74 d4b2 cc51 cc51 d4d2 d533 d514 dd12 e532 dd93 dd95 dd74 dd53 dd74 dd53 dd33 dd53 dd53 dd53 dd53 dd72 dd93 ddb6 dd95 dd74 dd54 dd33 dd53 dd74 ddb5 ddb5 dd95 dd95 ddb5 dd95 dd95 ddb5 ddd5 e617 e5f7 de17 e637 e617 de17 ddf6 ddd5 dd94 d4f2 cc51 cc92 ccf2 dd33 dd93 ddb4 ddb5 ddb4 ddd5 ddd6 ddf7 ddf6 ddf6 de16 ddf6 ddf6 ddf6 de16 ddf6 ddf7 ddd6 e615 de17 ddf7 ddf6 de16 de16 ddf6 de17 ddf6 de17 ddf7 ddf7 ddf7 ddf6 d5d6 ddd6 ddd6 ddd6 de17 ddf7 ddf7 de17 de37 de58 de58 e636 e697 de37 dd13 e3ac e3ac e3ec e3ec e40c e3cc e3eb e3cb e3cb e3ab dbcc db8c db6c db6c db6e d411 d4f4 ddb6 e658 ee98 ee98 ee97 ee76 e614 ddb3 dd73 d594 d5b5 dd53 d533 d555 d5d7 de17 de37 e678 e677 e678 e677 e657 e657 e657 e656 e657 e637 e616 e617 e617 e636 e616 e616 de16 de16 de17 de16 e636 e637 e636 e616 e637 e657 e657 e677 e678 ee98 ee99 ee98 eeb8 eeb9 eeb9 eed9 eed9 f6d9 f6d8 eef7 e698 b3ce 50c8 4088 48a8 4888 50a8 58c8 58c8 60e8 58e9 58c7 58a7 60a8 5887 58a7 58a8 58c8 60a7 60a7 60e8 60e8 58a7 5887 6067 5887 58a7 5887 5867 5887 60a7 60c7 60c7 68c7 68a7 60a7 58a7 5887 5087 5887 5867 5887 60a8 792a 91ec aace bb6f cbaf d3f0 d410 d430 d410 d3ef cbcf cbaf cbae cbf0 d40f d40f d430 d42f dc6f dc8f dc4f d44f d44f d46f d450 d46e d44f d44f d42f d44f d44e d42f d44f d44f d42f d42f d450 d44f d44f d44f d42f d42f d40f d42f d42f d42f d40e d42f cc2f d40f d42f d42e d42f 
aa2a aa2a aa4a aa09 aa09 aa09 aa09 aa29 aa4a b229 b1e8 aa09 aa09 aa09 aa29 aa09 b209 a9e9 aa09 aa08 aa0a a9e9 a9c8 aa09 b209 b229 c249 ca89 d2a9 db0a db4c e34a e3ac e3cb e3cc e3ed e3ec ec2d ec4e ec4d ec6e ec6e ec6e ec8e ec8e ec8e ecad ec8e ec8f ec6e ec8d ec8e ec6e ec6d ec2d e3ed e3ed e3ac db4b d32b caaa c28a ba8a b209 a1a9 9968 9168 9148 9148 9968 9968 9988 99a9 99c9 a1a8 a1c9 a1e9 a1e9 a209 aa09 b1e9 b229 aa4a aa4a b22a b209 b209 b20a b229 aa2a b22a b229 b1e9 a9e9 b249 b249 b229 b229 b1e9 b229 b1e9 b229 b209 b209 b209 b229 b229 ba4a ba69 ba29 b26a ba6a c26a ba4a ba6a ba49 b249 b229 aa0a a9ca a9ca b26a e531 feb5 fe73 fdb0 f52d e40c db0b d30a caeb cb0b c2aa ba8a b26a aa0a a20a aa2a b1e9 b20a b24a b24a b22a ba6a ba4a ba29 b1ea a9ea b209 ba49 ba09 a9c9 a9e9 b26b baab c28a c2ac c28b c2ab c2ab c2ab c28a c28b c2ac c2cc caec c2cc cacc caec caec caec caeb caab c28b c26b ba6b bacc c30c c2eb c2eb baaa ba8b b24b b24a b28c b2ed cb4d d3ce dc0f dbef dc4e dcb1 dc71 dc0f dbee d3ee d3ef d3ee d3ae d38d d3ae cbb0 cbd0 d3ef d46f d44f cb8e c38f cbaf d3d0 dc2f dc90 dcd2 dcf2 dcf2 dcd1 dcb2 dcd1 dcf3 dcf3 dd13 dd13 dd52 dd74 d4d2 d4b2 d492 dcb0 dd12 d513 d4d3 d492 dcb0 dd12 dd95 dd75 dd35 dcf3 dcf1 dd31 dd53 dd13 dcf1 dd73 dd74 d4b2 cc51 cc51 d4d2 d533 d514 dd12 e532 dd93 dd95 dd74 dd53 dd74 dd53 dd33 dd53 dd53 dd53 dd53 dd72 dd93 ddb6 dd95 dd74 dd54 dd33 dd53 dd74 ddb5 ddb5 dd95 dd95 ddb5 dd95 dd95 ddb5 ddd5 e617 e5f7 de17 e637 e617 de17 ddf6 ddd5 dd94 d4f2 cc51 cc92 ccf2 dd33 dd93 ddb4 ddb5 ddb4 ddd5 ddd6 ddf7 ddf6 ddf6 de16 ddf6 ddf6 ddf6 de16 ddf6 ddf7 ddd6 e615 de17 ddf7 ddf6 de16 de16 ddf6 de17 ddf6 de17 ddf7 ddf7 ddf7 ddf6 d5d6 ddd6 ddd6 ddd6 de17 ddf7 ddf7 de17 de37 de58 de58 e636 e697 de37 dd13 e3ac e3ac e3ec e3ec e40c e3cc e3eb e3cb e3cb e3ab dbcc db8c db6c db6c db6e d411 d4f4 ddb6 e658 ee98 ee98 ee97 ee76 e614 ddb3 dd73 d594 d5b5 dd53 d533 d555 d5d7 de17 de37 e678 e677 e678 e677 e657 e657 e657 e656 e657 e637 e616 e617 e617 e636 e616 e616 de16 de16 de17 de16 e636 e637 e636 e616 e637 e657 e657 e677 e678 ee98 ee99 ee98 eeb8 eeb9 eeb9 eed9 eed9 f6d9 f6d8 eef7 e698 b3ce 50c8 4088 48a8 4888 50a8 58c8 58c8 60e8 58e9 58c7 58a7 60a8 5887 58a7 58a8 58c8 60a7 60a7 60e8 60e8 58a7 5887 6067 5887 58a7 5887 5867 5887 60a7 60c7 60c7 68c7 68a7 60a7 58a7 5887 5087 5887 5867 5887 60a8 792a 91ec aace bb6f cbaf d3f0 d410 d430 d410 d3ef cbcf cbaf cbae cbf0 d40f d40f d430 d42f dc6f dc8f dc4f d44f d44f d46f d450 d46e d44f d44f d42f d44f d44e d42f d44f d44f d42f d42f d450 d44f d44f d44f d42f d42f d40f d42f d42f d42f d40e d42f cc2f d40f d42f d42e d42f 
aa0a aa0a aa09 aa09 aa2a b22a b22a b229 aa2a aa09 aa09 aa2a aa0a aa29 aa09 aa09 b249 b20a a9ea aa09 aa0a b209 a9e9 aa29 b229 ba49 c249 d289 d2ca db0a db4b e36b e3ac e3cc e3cd e3ec e40b e42d e46e ec8d ec6d ec6d ec8e ec8e ecad eccf ecae ec8e ecae ec8e ecad ecaf ecae ec8e ec2c e3ec e3cd dbac db6b d30a caca c2aa ba69 b1e9 a1a8 9948 9148 9188 9148 9968 9968 9989 91a9 99a8 a1c9 a209 a1c9 a1e9 a1e9 a9c9 b1e9 aa0a a9e9 a9e9 b209 b209 b24a b229 b209 b22a b24a b209 aa09 b1e9 b229 b229 aa29 b209 b1e9 aa29 b1e9 b209 b209 b209 b209 b24a b249 ba29 ba49 ba49 ba49 ba49 ba69 ba49 ba6a ba49 b24a b22a b1ea a9ca a9ea cb2b f634 fed4 fe31 f591 ec4c e40c db8c d32b d34c caca c2ab c2ab ba6a b20a b26b aa2a a9ea aa4a b22a b22a b24a b24a b9e9 b1c9 aa0a b28b b22a a9a9 a1a9 aa2a b26a c28a c269 c26a baab c2cb c2aa ba6a b20a b22a ba6b c2cb caeb caeb caec d2ec d30c cb0d cacb c28a ba2a b24b b28c bacc c2cc c2ab c26b ba8b ba8b b28c b24b baac c36e cbae d36d d38d dbef d410 dbef dc4e dc70 dc4f d38e d38d cbad d3cf d3ce d3cf d430 d491 d470 cb8d c2cc bb0c c38e d430 d471 dc71 dc71 dc30 dc4f dcb0 dcd2 dcb2 dcd2 dcf2 dd32 dd34 dd33 dcf2 dcb1 dcf1 dcd2 d4b1 d4d2 d472 d450 dc90 d4d2 d4d2 d4d4 dcd3 dd32 ddd4 ddd6 dd75 dd14 dcf2 dd11 dd32 dcb1 dc30 d471 d472 d4d3 d514 dd32 dd52 dd54 dd13 dcd2 dcf2 dd11 dd73 dd95 dd74 dd33 dd33 dd32 dd52 dd33 d4f3 dcb2 dcf2 dd72 dd94 dd95 dd54 dd14 dcd2 dcf2 dd52 dd94 ddb5 ddb6 ddb6 ddb6 ddd6 ddb6 ddb6 e5f6 e617 e617 e616 e617 e5f6 dd74 d4d1 d491 cd13 d575 d595 d595 dd95 ddb5 ddb5 d5b5 dd95 ddb4 ddf6 ddf6 ddd5 ddf5 ddf6 ddf6 ddd5 ddd6 ddd5 ddf6 ddf6 ddd6 ddb4 ddf6 e616 ddf6 ddf6 ddf6 ddf6 ddf6 de17 ddf6 ddf6 ddf7 ddd6 d5f6 d5f7 d5b6 d594 ddd6 ddf6 d5f7 d5d7 d5d6 ddf7 de38 de58 de37 e677 e677 ddb5 e3ed e3ab e3ec e3ec ebec e3cc e3ab e3cb e3ab db8b db4b db6c db8d dc10 dd14 ddb6 de38 e677 ee97 ee97 e655 e5d3 dd72 d552 ddb4 ddd5 ddb3 dd73 d555 d5d6 de38 de58 e677 e677 ee97 e677 e657 e657 e637 e637 e636 e636 e616 e616 de16 e616 e616 de16 ddf6 de16 e637 e637 e636 e637 e637 e617 e637 e636 e657 e678 e677 e677 e678 ee99 ee78 ee98 ee98 eeb9 eeb9 eed9 f6d9 f6d9 f6d7 eef7 de57 9acc 48a8 4888 50a8 5087 5087 58c8 58e9 58c8 58a7 58e8 6108 58a8 58a7 58a7 58c7 58a8 60a8 60e8 60a7 60a7 58c7 5887 5887 5887 58a7 5887 5867 5887 60a7 60c7 60a7 68c7 60a7 60a8 60a7 60a8 58a8 6087 6087 70c8 7949 91ec a28e bb4f cbaf d410 d40f d410 d40f d3ef d3cf cbcf cbcf cbae cbcf d3f0 d44f d44f dc4f d470 d46f dc50 d44f d470 dc4f d430 d450 d450 d44f d42f d44f d44f d44f d44f d42f cc2f d44f d42f d42f d42f cc2f d42f d44f d46f d44f d42f d42e d42f cc2f cbef d42e d42f d42e d40f 
aa0a aa0a aa2a aa29 a9e9 aa29 b1e9 aa09 aa09 aa29 aa29 a9e9 aa2a aa09 aa29 aa09 aa2b aa0a a9c9 a9e9 aa09 aa09 a9e8 b208 ba29 c269 ca49 ca8a daca db0a e34b e38c e3ad e3cd dbee e40d ec2c ec4c ec6e ec6d ec6d ec6d ecae ec8e ecae ec8e ecae ecae ecae ecae ecae ec8e ec8e ec6d ec4c e40c e3ed e3cc db6b d32b d2eb c2aa ba49 aa09 a1e9 9948 9148 9168 9148 9148 9148 99a8 99c9 99c9 a1e9 a209 a1c9 a1e9 a209 a9ea aa09 aa0a aa29 aa0a aa0a aa09 b229 b229 b209 b209 b1e9 b209 b22a b209 b229 b229 b20a b209 b1e9 aa29 b209 b209 b209 b229 b1e9 b24a ba49 b229 b249 ba49 ba49 ba29 ba29 b249 ba49 ba6a b26a aa09 a9c9 a9eb b22a dbcc fe74 feb3 fe31 f5b0 dc2d e3ec e3cc db6c d2ea d2eb caeb c28a b24a b22a b24a b22a b24a b22a b22b b24a b229 a9ea a9e9 b20a b20a b20a a9ca a20a aa4a b28b ba0a a9e9 ba2a ba8a c26a c24a b20a a9ca aa2b baab c2cb c2ab c28b c2ab cacb caeb cacb caab c26a ba4b b26b bacb c2ec c2cc c28b ba8b ba8c ba8b ba8b baad c30d cbae d3ef dbcd d3af d38d dbad dc2e dc2f d3ce dc0e dbee d3ae cb8e d38e cbae d3cf d430 d4d2 d450 cb6d bb0c bb4e c3d0 d430 d451 dc90 dcb1 dc92 d450 d3ef d40f dc90 dd12 dd34 dd33 dd33 dd11 dd33 d4b2 d471 d491 dcb1 dc91 dc91 d4d2 d472 d452 d451 dcb1 dd53 dd76 dd34 dd31 e593 ddb5 dd75 dcf4 dc91 dc50 d410 d410 d451 d513 dd74 dd74 dd13 dd11 dd12 dcf2 dd13 dcf4 dcb1 dcf1 e572 ddb4 dd75 dd34 dcf2 dd32 dd33 dd33 dd12 d4f3 dcf3 dcd0 dd11 dd94 dd95 d534 d4d2 dcd1 dd11 dd73 ddb5 e5d6 e5f6 e5f6 e5d5 ddb5 e573 e5b4 e5d4 ddb4 dd94 d534 d4b2 ccb1 d513 d595 ddb5 ddb4 ddd5 ddd6 ddb4 ddb4 ddb4 dd94 dd53 dd94 dd95 dd94 ddb4 ddd6 ddd5 ddb5 ddd6 ddd6 ddf6 ddd6 ddd6 d5b6 ddd5 e5d5 ddd6 ddd6 ddb5 ddb5 ddb5 ddd5 ddf6 ddf6 ddf6 de17 ddf6 ddf6 d5b6 d595 d594 d5b5 d5f6 d5d6 d5b6 d5b5 d5d6 ddf6 de17 de57 de77 ddf7 dc71 e38b e3cb e3ec e3cc e3cc e3cc e3cc e3ab db6c d3ae dc51 d514 dd96 de37 e698 e6b8 e676 e5f4 e5b3 dd72 d5b4 d594 dd94 dd93 dd32 d554 d5b6 de37 e677 e698 e677 ee77 e657 e657 e637 e637 e637 e616 e616 e616 ddf6 de16 de16 e616 e616 e616 e616 de37 e637 e637 e637 e637 e637 e616 e617 e637 e637 e637 e657 e677 ee78 ee97 ee78 ee78 ee98 ee98 eeb8 eed9 eeb9 eed8 f6d8 f6f7 eef7 d5f5 81ea 4888 4888 50c9 50c9 50e8 5949 58e9 58e9 58e8 60e8 60e8 58a7 60c8 60c7 60e8 58a7 60a8 60c8 5887 5887 58a7 5867 5067 5867 5866 5887 60a7 60a8 60c7 60c8 60c8 60c8 60c8 68e8 60a8 60c8 68c8 68c9 70e8 8129 89cb a28d bb2f c38f d3cf d410 d430 d3ef d3ef d3cf cbcf d3cf cbce cbce cbef d430 d42f d450 d46f dc4f d46f d470 d470 d450 d46f d450 d430 d430 d44f d44f d42f d42f d46e d44f d42f d44f d44f d44e d42f d42f d42f d42f d450 d42f d430 d44f d42f d42f d40f d42f cc2f d42f d3ef d40f 
aa2a aa2a aa29 aa09 aa29 aa09 b1e9 b1e9 a9e9 aa09 aa09 a9e9 aa2a a9e9 aa09 a9e9 aa2a b22a a9e9 a9e8 aa09 a9e9 a9c9 b229 b208 ba69 c249 ca89 d2ea db0a db4b db8b e3cc e3ce e3ed e40d ec2d ec6d ec4e ec6e ec6d ec8d ec8e ecae ecae ecae ecae ecae ec8d ec8f ecae ec8d ec8e ec6e ec4d ec2d e3ed e3ac e36b db2b caea c289 ba49 a9e9 a1a8 9948 9168 9168 9148 9148 9168 99a9 99ca 99c8 99c9 aa09 a1a8 a1e9 a9e9 aa0a aa09 aa4a aa09 aa09 aa09 aa09 b208 b229 aa4a aa2a b209 b209 b229 b229 b22a b1e9 b209 aa09 b209 b229 b229 b1e9 b209 b229 b209 b229 ba49 ba6a ba4a ba49 ba49 ba69 b229 b229 ba49 b229 b24a a9e9 a9a9 a9ca b24a e4af fe95 fe72 fe10 f56e e4b0 e42d e38b d34b cb0b d2ea caeb bacb b22a b209 b229 ba6a b24a b22b b26b b24a b20a b24b ba4a b26a aa0a a9ca aa0a b26a c24a b24a b22a b22a baab ba8a b24a a9ea aa2b b28b c2cb cacb caab c2cc c2cc c2cc c2cc ba6b ba6a ba6b b26b baac c2cc caec cacb cacb c2cc c2ac ba8b b26b baac c36e d411 dbef d3ae d3ae d3ef d3ef db8e dbad dbed d3ce d3ae d36d d3ad cbcf d3cf cbef cc0e d42f cbee c30c baed c36e d3f0 dc2f dc50 d470 dc51 dc70 dc90 dc92 d431 d450 d472 dcd1 dd73 dd54 d4f3 d4b2 dcd2 d4d2 d492 d4b2 d492 d491 d471 d4b1 dcf2 d513 d4d4 d472 dc90 dd31 dd95 d534 dcf2 dd51 dd52 d4f3 d411 cbaf d40f d4b2 d4f3 dd33 dd52 dd33 dd13 dcd1 dcd2 dcd2 dcd2 dcf2 d513 d4f4 dcd2 e532 e572 dd74 dd15 dcd2 dcd1 dd13 dd53 dd74 d513 d492 dc91 dd11 dd73 dd75 dd54 d533 dd13 dd53 ddb4 ddb5 dd73 e593 dd73 dd32 dc90 dcb0 dcd1 dcf1 d4f3 d4f3 d4f3 d554 dd94 dd95 ddb5 dd94 dd94 dd73 dd52 dd32 d574 d534 d534 d553 d594 d575 d5b5 ddb6 dd96 d596 ddb5 de17 ddf7 ddf6 ddf6 ddf7 dd96 dd54 dd94 ddb5 ddd6 ddb5 dd95 dd95 ddb5 ddd6 d5b6 d5f7 ddd7 ddd5 ddd6 d5b6 d553 d594 d5b5 d5d5 d596 d595 d575 d5d6 d5f7 ddf7 de37 de37 dd55 dbee db8b e3ab dbcb e3cc e3cd dbcd dc2f dcb2 d575 ddf6 e636 ee58 e657 ee35 ee13 e5f4 ddb4 dd73 ddb4 ddd4 ddb3 dd53 d575 d5b6 de17 de58 e698 ee98 ee77 e657 e656 e636 e637 e636 ddf6 de16 ddf6 ddf6 de17 de16 de16 de17 ddf6 de16 e5f6 e616 e636 e636 e636 e637 e637 e636 e616 e636 e637 e637 e637 e657 e657 ee77 ee57 e678 ee78 ee98 eeb9 eeb9 f6d9 f6d9 eed8 f6d8 f6f7 eed7 c4f1 692a 48a8 48c8 50c9 50c9 58e9 50c8 58e8 60e9 58c8 60e8 60e9 60a8 58a7 60e8 60c8 5887 58a7 60a7 5887 5887 5867 5067 5066 5886 58c7 60c8 60a7 60a8 60c8 68c8 60c8 60a7 60e8 6109 68e9 6909 7129 7929 814a 898a a22c ab0f c390 cbcf d3ef d3ef d3ef cbef cbcf cbcf cbaf cbae cbcf d40f d430 d430 d470 d470 d450 d450 d450 d46f dc6f d44f d470 d44f d44f d44f d44f d44f d42f d42f d44f d44f d42f d46f d46f d44f d44f d42f d42f d40f d42f d40f cbef d42f d42f d42f d40f d40f cc2e cc2f d40f d40f 
aa2a aa2a aa29 aa09 aa29 aa09 b1e9 b1e9 a9e9 aa09 aa09 a9e9 aa2a a9e9 aa09 a9e9 aa2a b22a a9e9 a9e8 aa09 a9e9 a9c9 b229 b208 ba69 c249 ca89 d2ea db0a db4b db8b e3cc e3ce e3ed e40d ec2d ec6d ec4e ec6e ec6d ec8d ec8e ecae ecae ecae ecae ecae ec8d ec8f ecae ec8d ec8e ec6e ec4d ec2d e3ed e3ac e36b db2b caea c289 ba49 a9e9 a1a8 9948 9168 9168 9148 9148 9168 99a9 99ca 99c8 99c9 aa09 a1a8 a1e9 a9e9 aa0a aa09 aa4a aa09 aa09 aa09 aa09 b208 b229 aa4a aa2a b209 b209 b229 b229 b22a b1e9 b209 aa09 b209 b229 b229 b1e9 b209 b229 b209 b229 ba49 ba6a ba4a ba49 ba49 ba69 b229 b229 ba49 b229 b24a a9e9 a9a9 a9ca b24a e4af fe95 fe72 fe10 f56e e4b0 e42d e38b d34b cb0b d2ea caeb bacb b22a b209 b229 ba6a b24a b22b b26b b24a b20a b24b ba4a b26a aa0a a9ca aa0a b26a c24a b24a b22a b22a baab ba8a b24a a9ea aa2b b28b c2cb cacb caab c2cc c2cc c2cc c2cc ba6b ba6a ba6b b26b baac c2cc caec cacb cacb c2cc c2ac ba8b b26b baac c36e d411 dbef d3ae d3ae d3ef d3ef db8e dbad dbed d3ce d3ae d36d d3ad cbcf d3cf cbef cc0e d42f cbee c30c baed c36e d3f0 dc2f dc50 d470 dc51 dc70 dc90 dc92 d431 d450 d472 dcd1 dd73 dd54 d4f3 d4b2 dcd2 d4d2 d492 d4b2 d492 d491 d471 d4b1 dcf2 d513 d4d4 d472 dc90 dd31 dd95 d534 dcf2 dd51 dd52 d4f3 d411 cbaf d40f d4b2 d4f3 dd33 dd52 dd33 dd13 dcd1 dcd2 dcd2 dcd2 dcf2 d513 d4f4 dcd2 e532 e572 dd74 dd15 dcd2 dcd1 dd13 dd53 dd74 d513 d492 dc91 dd11 dd73 dd75 dd54 d533 dd13 dd53 ddb4 ddb5 dd73 e593 dd73 dd32 dc90 dcb0 dcd1 dcf1 d4f3 d4f3 d4f3 d554 dd94 dd95 ddb5 dd94 dd94 dd73 dd52 dd32 d574 d534 d534 d553 d594 d575 d5b5 ddb6 dd96 d596 ddb5 de17 ddf7 ddf6 ddf6 ddf7 dd96 dd54 dd94 ddb5 ddd6 ddb5 dd95 dd95 ddb5 ddd6 d5b6 d5f7 ddd7 ddd5 ddd6 d5b6 d553 d594 d5b5 d5d5 d596 d595 d575 d5d6 d5f7 ddf7 de37 de37 dd55 dbee db8b e3ab dbcb e3cc e3cd dbcd dc2f dcb2 d575 ddf6 e636 ee58 e657 ee35 ee13 e5f4 ddb4 dd73 ddb4 ddd4 ddb3 dd53 d575 d5b6 de17 de58 e698 ee98 ee77 e657 e656 e636 e637 e636 ddf6 de16 ddf6 ddf6 de17 de16 de16 de17 ddf6 de16 e5f6 e616 e636 e636 e636 e637 e637 e636 e616 e636 e637 e637 e637 e657 e657 ee77 ee57 e678 ee78 ee98 eeb9 eeb9 f6d9 f6d9 eed8 f6d8 f6f7 eed7 c4f1 692a 48a8 48c8 50c9 50c9 58e9 50c8 58e8 60e9 58c8 60e8 60e9 60a8 58a7 60e8 60c8 5887 58a7 60a7 5887 5887 5867 5067 5066 5886 58c7 60c8 60a7 60a8 60c8 68c8 60c8 60a7 60e8 6109 68e9 6909 7129 7929 814a 898a a22c ab0f c390 cbcf d3ef d3ef d3ef cbef cbcf cbcf cbaf cbae cbcf d40f d430 d430 d470 d470 d450 d450 d450 d46f dc6f d44f d470 d44f d44f d44f d44f d44f d42f d42f d44f d44f d42f d46f d46f d44f d44f d42f d42f d40f d42f d40f cbef d42f d42f d42f d40f d40f cc2e cc2f d40f d40f 
aa29 aa29 aa2a aa09 aa2a a9e9 b1e9 b209 aa09 aa09 aa09 aa0a aa09 aa09 aa09 aa0a b229 b24a b209 aa09 aa09 a9c9 b1c8 b229 ba28 ba49 ca69 ca89 d2ea db0b db4b db8b e3ac e3ed e40e e44e e44e ec4d ec6e ec6e ec8d ecae ecae eccf ecad ecce ecae ec8e ecaf ecd0 eccf ecaf ecaf ec8e ec6e ec2c e3ed e3ac db6a d32b d2ea ca89 ba29 a9e9 a1c9 9968 9168 9168 9168 9188 99a9 91a9 99ca 9a0a a1ea a9c9 a1c9 a209 a9e9 a9e9 aa2a b229 a9e9 aa09 a9e9 aa09 aa09 aa2a aa09 b209 b22a b229 b209 aa09 b229 b1e9 b1c8 b1c9 b229 b1e8 b20a aa2a aa29 b22a b229 b229 ba2a b26a b229 ba4a b24a ba69 b249 b249 ba29 b229 aa0a a9e9 a9ca a9a9 c2aa edd3 fed5 fe72 f5f0 f54f f4cc e42c dbac db6a d32b d2aa caeb c2cb ba4a a9e9 b229 ba2a b24a b22a b20a b22a ba4b ba6a c26a ba6b b26b b26b ba4a b20a b1ea b22b b24a ba6a ba6a ba6a b24b b28b c2ab c26b c26a c28b c2ab cb0c c2cc ba8b ba4b b26b ba6b bacc c30c caec caec cb0d c2ec c2cb c2ab ba6b ba6b bacd cb8f d3ef dc0f d3f0 d3ae d3ce dc10 dc0f d3cf d36e d36d d38c d3af d36e cb6e d3cd d490 d4b1 cb8e baec bacd c32d cbcf d410 d430 dc10 dc0f dc2f dc0f dc51 dc71 dc70 dcb2 dcf3 d4d1 d430 d42f dcd0 d512 d4f3 dcd1 dc91 dcb1 d4d1 d4b2 d472 dc91 dc90 dcb1 dd53 dd74 d515 d472 d450 dcf0 dd73 dd13 dc90 d470 d430 cc11 cc31 d491 dcf2 dd12 dd53 dd13 dcf2 dcf2 d4f2 d513 dd13 dcf3 dcf2 dcf2 dd33 dd13 dcf4 dcd2 dcf1 dd53 d535 dcb3 dcd2 dd32 ddb5 dd54 d514 d4f3 d491 dcf1 dd73 ddb5 dd75 dd32 dd94 dd94 ddb5 dd13 dcb1 d4d1 d450 cc51 d4b3 d514 d513 d514 dd33 dd54 dd94 ddb4 dd94 dd73 d4d0 d533 d513 d533 d534 d554 d595 d596 d595 d595 d5b5 ddd6 ddf6 d5d6 dd96 ddb6 ddd5 ddf7 de17 ddd6 ddd6 ddb5 d596 dd54 dd74 ddb4 ddb5 ddb5 d5b6 ddb6 dd95 d5b5 ddd6 d5b6 d5b6 d5b6 d5b6 d575 d553 d574 d5b6 d5b6 cd95 d595 d5b6 d5b6 d5d6 ddf5 de36 ddf6 dcf4 dbae e36b dbab dbcd dc30 dcb2 dd96 de17 e636 e635 ee56 ee35 e5b3 ddb4 ddb3 ddd5 e5f4 e5f4 e5b4 dd54 dd75 ddd6 de17 de37 e657 ee97 ee77 e657 e637 e636 e637 e637 e616 de16 de16 de17 de16 de16 de17 e616 e616 de16 de16 e616 de16 e637 e636 e637 e637 e636 e636 e637 e616 e636 e637 e616 e616 e616 e636 e678 e658 e678 e678 ee98 eeb9 eeb9 eeb9 eed9 f6d8 f6d8 f6f7 e697 b40f 5109 48c9 50c9 50c8 50c8 58c8 58c9 58e9 60c8 6109 58e8 60e8 58c8 58c8 60e8 60e8 58a8 60c7 60a7 5887 58a7 5067 5066 58a7 60a7 58e8 60c8 5887 60a7 60e8 60c8 60a7 60c8 60e8 6108 7109 7109 7929 792a 898b 9a2c aaae bb4f cbd0 d3f0 d3ef d3ef d3ce d3cf cbaf cbaf cbaf d3cf cbef d430 d450 d44f d470 dc70 d450 d44f d450 dc50 d470 d42f d450 d450 d48f d44f d44f d42f d44f d42f d430 d42f d42f d44f d44f d44f d44f d42f d42f cc2f d42f d42f d40e d42e d42f d42e d42f cc0f d40f d42f d42f d40f 
aa0a aa2a aa49 aa2a aa09 b209 a9e9 b209 aa29 aa09 aa2a aa09 aa09 b209 b209 aa09 b229 aa29 b209 b209 b209 b1e9 b1e8 b209 ba09 c228 ca69 ca89 d2aa db0b db4b db8b e3ac e3ed e42d e44d ec4d ec4d ec6d ec8d ec8d ec8e ec8e ec8e f4cd ecae ecce ecaf ecae ecaf ecd0 ecaf ecae ec8e ec6f ec4d e3ed e3ac db8b db4b d2ea ca69 ba29 aa09 a1c9 9988 9168 8948 9188 9168 9189 99c9 99e9 a24b a24b a1c9 a1a8 a1c9 a1e9 a9e9 a9e9 b209 b209 aa2a aa29 aa2a a9e9 aa29 a9e9 b209 b209 b209 b209 b209 aa29 b1e9 b1c9 b1e9 b209 a9e9 aa2a aa4a aa0a b209 b229 b229 ba29 b22a ba29 ba2a b229 b229 b24a ba29 ba29 b209 a9ea a1c9 a1aa a9e9 d34c fe32 feb3 fe72 fdf1 f56f ec2b e4ae e48d db6b d32b cb2b cb0b c2aa ba6b ba6a b1e9 b209 b24b b209 a9ea aa2a b24a b22a b22b ba6a ba4a ba4a b20a b22a b26b ba8c ba0a b1e9 b24a ba8b ba6b c26a c24a ba4a ba8b c2cb c2cb c2cb ba6b ba2a ba6c baac c2cc caab caec cb0d cb0d caec c2cb c26a b22a b24b c30d cb6e d3cf dbce d3ce d3ce d3f0 d3ce dc0f dc2f dbce d36d d34d d32c cb6e d3ce d410 d410 d40e cbac bb0c baed c36f cbaf dc0e dc2f dc70 dc71 d430 d3f0 d3ef dc0f dc70 dcd2 dcf2 dcf1 d450 d3ef cbd0 d40f dc6f dcd1 dcb2 dc92 d491 dcd1 dcf2 dcf2 dcd3 dc92 d492 dcf1 dd52 dd53 d4f3 cc72 d40f dc8e dcb0 d40f cbf0 d430 d4f1 dd33 dd13 dcd2 dcd1 dcf1 dd11 dd32 dd14 dd13 dd12 dd13 dd13 dd33 dcf3 dcb1 dcd1 dd32 dd13 dcb3 dcb0 dd31 dd54 d514 dcd2 dd11 dd52 dd74 d555 d4f4 d4f3 dd73 ddb5 dd75 dd54 dd74 ddb5 ddb4 d513 d492 d472 d4d2 d534 dd75 dd74 dd74 dd74 dd54 dd95 dd94 dd73 dd54 d4f3 ccb2 d4f2 d553 d5b6 ddb5 ddb5 ddb5 ddd6 ddd6 d596 dd94 ddf6 de17 ddf6 ddb5 ddb6 ddb5 e5d5 e5f5 ddd5 ddb5 dd95 dd74 d554 dd74 dd74 dd95 ddb5 ddb5 ddb5 dd96 d574 d5b5 d5b5 d596 d596 d595 cd96 d554 d554 d5b5 d5d6 d5b6 d595 d575 d596 d596 d594 ddf6 de17 ddd7 dcb4 dbae dbef dcd3 dd74 de37 e698 e697 e657 e5f4 e592 dd31 d532 ddd5 ddd4 e593 e594 e595 e5b5 e617 e637 e657 e657 e657 e657 ee57 e637 e637 e637 e637 e636 e616 ddf6 de17 e617 e637 e616 e616 e617 de17 e616 de16 de17 e617 e637 e637 e637 e637 e637 e636 e616 e617 e637 e616 e616 e616 ddf6 e616 e637 e678 e678 e678 e678 ee98 eeb9 eed9 eed9 eed9 f6d8 f6f7 f717 de78 a34e 50a8 4068 48a8 50c9 58e9 58c8 58e8 60e8 60c8 6128 60e8 60c8 58a7 58c8 60e8 60e9 60e8 60c8 5887 58a7 58c7 5887 5887 58a8 58a7 60c8 60a7 6087 6087 60a8 60c8 60c8 60c8 60c8 6909 7109 710a 7949 816b 91ec aaae bb4f c3af d3d0 d3ef d3f0 d3ef cbef cbaf cbaf cbcf cbcf cbef cc0f cc30 d450 dc4f d46f d46f dc4f dc4f d44f d44f d450 d450 d450 d450 d44f d44f d44f d42f d44f d44f d42f d42f d44f d44f d430 d42f d42f d40f cc2f d42f d42f d42f d42e d42f d42f d44e d42f cc2f d430 d42f cc2f d42f 
aa09 aa09 aa29 aa2a aa2a aa09 b20a ba09 aa2a aa2a aa29 aa09 aa09 a9e9 b209 aa09 aa09 aa09 a9e9 a9e9 b208 b209 b1e9 b9e9 ba09 c249 ca69 caa9 d2ca db0a db4c e36b e3ac e3cc e40c e44d ec4d ec4d ec6d ec6e ec8d ecae ecad f48d f4ae ecae ecce ec8e ecaf f4ad ecae ecaf ecae f48e ec6d ec4d e40d e3ab e3ac db4b d2ca c28a ba69 b229 a1c8 9988 9168 8968 8948 9147 9148 9188 9988 99a8 a1c9 a1c8 a1c8 a1c8 a1c9 a9e9 a9e9 aa09 aa09 aa2a aa2a aa09 b209 b229 b209 aa09 b209 aa09 b1e9 b1e9 aa09 aa09 a9c9 b209 a9e9 aa29 aa29 b209 b209 b209 b24a b229 b229 b229 ba29 ba29 ba49 b229 b229 b229 b209 b209 a9e9 a1a9 a189 a9e9 dc2e fe74 fe94 fe52 fdcf f52e e4ae eccd e40d db6c db6b d32b caca caea c2aa c269 b24a b209 b20a aa2a b24a b24a b28a b24a b24b b22a aa0a aa0a b22b ba6a c26a c26b b22b b24a ba8b c2ab c28b ba4b b24b b26b caca cacb caaa ba6b b24b c28b c2cc cacb caed caec caec cb0c cacb caab ba6a b22b b26c c30d d3cf d38e d38d d3ae d3cf d3ae d3ef dc0f dbee d3ee d3ae d32d cb2c cb4d cb6e d3ee d470 cc70 c32c baac c2cc cb8f d3ef d3f0 dbae db8e dbce dc50 dc70 d451 d452 dc31 dc71 dcd2 d4b1 d430 d471 d451 d451 cc31 d411 dc0f dc70 dcd1 dcd3 dcf3 dd14 dd12 dd32 dd13 d4b2 d450 dc90 dd32 dd32 d513 cc30 cbae d410 d411 d491 dcf3 dd31 e551 e532 dd13 dcf2 d491 dc90 dcd1 dd32 d554 dd33 dd13 dd12 dd32 dcf2 dcb1 dcd2 dcf1 dd32 dd13 dcb3 dc90 dd11 dd73 d554 d4f3 d4d1 dd32 dd95 dd96 dd96 dd96 ddb5 ddd6 ddb5 dd94 dd74 dd11 d4d2 d4f3 d514 d533 dd12 dd33 dd53 dd73 dd73 dd95 ddb5 ddb5 d595 d596 d596 d555 d534 dd74 dd94 ddb5 ddb5 ddb5 ddd5 ddf6 ddd7 d595 dd94 ddf6 ddd6 ddb6 ddb5 dd94 dd74 dd94 ddb5 d595 d574 d534 d534 dd74 dd74 d575 dd95 dd94 d595 dd96 d555 d553 d595 d5b6 d595 d574 d595 d575 cd34 d574 d5d6 d596 d575 d574 d595 d596 d575 d5b6 ddf6 ddf6 dd95 dd34 dd95 e616 e636 ee77 ee55 ee35 e5d3 dd93 d573 d574 ddb4 dd93 dd74 dd75 ddb6 de16 e637 e657 e657 ee36 ee36 e636 e637 e656 e636 e636 e616 e616 e636 e617 de16 de16 e636 ddf5 ddf5 ddf6 e616 de16 e616 e617 e617 e637 e637 e637 e657 e637 e616 e636 e637 e637 e616 e5f6 ddf5 ddf5 ddf6 e637 e678 ee77 ee78 ee78 ee58 ee78 eeb9 eed9 f6d9 eeb8 f6d9 f6f7 ef17 d616 8a0a 4847 4067 4888 50a8 50a8 5887 58c8 58a7 5867 58a7 58a8 60c8 60c8 6129 60c8 6109 60e8 58a7 58a8 5887 5887 5067 5887 60c8 58a7 60a7 6087 6087 60a7 60c8 60c8 6109 694a 690a 712a 794a 794a 81ac 924d a2ce bb2f cbaf d3ef d3ef d3ef d3cf d3cf cbaf cbaf cbaf cbcf cbef cc2f cc2f d430 d450 d46f d470 d46f dc6f dc4f dc4f dc70 d44f d450 d44f d450 d450 d42f d44f d430 d42f d450 d44f d42f d44f d44f d42f d42e d42f d40f d42f d44f d42e d42f d42f d42e d40e d42f cc0f cc0f cc2f d44f d42f cc0f 
aa09 aa09 aa29 aa2a aa2a aa09 b20a ba09 aa2a aa2a aa29 aa09 aa09 a9e9 b209 aa09 aa09 aa09 a9e9 a9e9 b208 b209 b1e9 b9e9 ba09 c249 ca69 caa9 d2ca db0a db4c e36b e3ac e3cc e40c e44d ec4d ec4d ec6d ec6e ec8d ecae ecad f48d f4ae ecae ecce ec8e ecaf f4ad ecae ecaf ecae f48e ec6d ec4d e40d e3ab e3ac db4b d2ca c28a ba69 b229 a1c8 9988 9168 8968 8948 9147 9148 9188 9988 99a8 a1c9 a1c8 a1c8 a1c8 a1c9 a9e9 a9e9 aa09 aa09 aa2a aa2a aa09 b209 b229 b209 aa09 b209 aa09 b1e9 b1e9 aa09 aa09 a9c9 b209 a9e9 aa29 aa29 b209 b209 b209 b24a b229 b229 b229 ba29 ba29 ba49 b229 b229 b229 b209 b209 a9e9 a1a9 a189 a9e9 dc2e fe74 fe94 fe52 fdcf f52e e4ae eccd e40d db6c db6b d32b caca caea c2aa c269 b24a b209 b20a aa2a b24a b24a b28a b24a b24b b22a aa0a aa0a b22b ba6a c26a c26b b22b b24a ba8b c2ab c28b ba4b b24b b26b caca cacb caaa ba6b b24b c28b c2cc cacb caed caec caec cb0c cacb caab ba6a b22b b26c c30d d3cf d38e d38d d3ae d3cf d3ae d3ef dc0f dbee d3ee d3ae d32d cb2c cb4d cb6e d3ee d470 cc70 c32c baac c2cc cb8f d3ef d3f0 dbae db8e dbce dc50 dc70 d451 d452 dc31 dc71 dcd2 d4b1 d430 d471 d451 d451 cc31 d411 dc0f dc70 dcd1 dcd3 dcf3 dd14 dd12 dd32 dd13 d4b2 d450 dc90 dd32 dd32 d513 cc30 cbae d410 d411 d491 dcf3 dd31 e551 e532 dd13 dcf2 d491 dc90 dcd1 dd32 d554 dd33 dd13 dd12 dd32 dcf2 dcb1 dcd2 dcf1 dd32 dd13 dcb3 dc90 dd11 dd73 d554 d4f3 d4d1 dd32 dd95 dd96 dd96 dd96 ddb5 ddd6 ddb5 dd94 dd74 dd11 d4d2 d4f3 d514 d533 dd12 dd33 dd53 dd73 dd73 dd95 ddb5 ddb5 d595 d596 d596 d555 d534 dd74 dd94 ddb5 ddb5 ddb5 ddd5 ddf6 ddd7 d595 dd94 ddf6 ddd6 ddb6 ddb5 dd94 dd74 dd94 ddb5 d595 d574 d534 d534 dd74 dd74 d575 dd95 dd94 d595 dd96 d555 d553 d595 d5b6 d595 d574 d595 d575 cd34 d574 d5d6 d596 d575 d574 d595 d596 d575 d5b6 ddf6 ddf6 dd95 dd34 dd95 e616 e636 ee77 ee55 ee35 e5d3 dd93 d573 d574 ddb4 dd93 dd74 dd75 ddb6 de16 e637 e657 e657 ee36 ee36 e636 e637 e656 e636 e636 e616 e616 e636 e617 de16 de16 e636 ddf5 ddf5 ddf6 e616 de16 e616 e617 e617 e637 e637 e637 e657 e637 e616 e636 e637 e637 e616 e5f6 ddf5 ddf5 ddf6 e637 e678 ee77 ee78 ee78 ee58 ee78 eeb9 eed9 f6d9 eeb8 f6d9 f6f7 ef17 d616 8a0a 4847 4067 4888 50a8 50a8 5887 58c8 58a7 5867 58a7 58a8 60c8 60c8 6129 60c8 6109 60e8 58a7 58a8 5887 5887 5067 5887 60c8 58a7 60a7 6087 6087 60a7 60c8 60c8 6109 694a 690a 712a 794a 794a 81ac 924d a2ce bb2f cbaf d3ef d3ef d3ef d3cf d3cf cbaf cbaf cbaf cbcf cbef cc2f cc2f d430 d450 d46f d470 d46f dc6f dc4f dc4f dc70 d44f d450 d44f d450 d450 d42f d44f d430 d42f d450 d44f d42f d44f d44f d42f d42e d42f d40f d42f d44f d42e d42f d42f d42e d40e d42f cc0f cc0f cc2f d44f d42f cc0f 
b209 b209 aa09 aa09 aa0a aa09 b209 b229 b24a aa09 aa09 aa09 a9e9 a9e9 aa09 aa09 aa4b aa29 b1e8 b1e8 aa09 b1c9 b209 b229 b229 ba69 ca69 caa9 d30a d30a db4b e38b e3ab e40c e40c ec0d e44d ec8e ec6d ecae ecae ecae ecad ecae ecce ecce ecef ecae ecaf f4ce eccf ecae ec8e ec8f ec4c ec0d e3ec e3ac e38c db2b d2ca ca89 ba6a b209 a1a8 9988 9168 8967 8968 9167 9168 9168 99a8 99a9 a1a8 a1a9 a9c9 a1e9 aa09 a9e9 a9a8 a9c9 aa09 aa09 aa0a aa09 aa49 aa4a aa09 b1e9 aa0a b209 b1e9 b1e9 b1e9 b1e9 a9e9 aa09 b209 aa29 a9e9 a9c9 b209 b1e9 b1e9 b209 aa09 b229 ba29 ba49 b26a b229 ba29 ba29 b209 b1e9 a9e9 a9aa a98a ba6a e550 feb5 feb3 fe51 fdaf f50e f52d ec4c e3ed dbac db6c d34c d30b ca8a c26a b24a b26a b209 b20a b24a ba8a ba6a b26a b24a ba4a b1e9 aa0a b22a b24a ba4a c24a ba2a ba6b c28a c26a c28b c2ac c2cc c2cc c28a c28a c28c ba8b ba8b baac caaa caab caec cb2d caec cacb c28a c24a b22b b22b b2ad c36e d3cf dc0f d3cf d38e d3ae d3ef d3ef dbce d3ef d3ad d38e d38d d38d d38e d3ce d40f cb6c cb0c c30c c2cb c36e cbaf d3af d3ce d40e d3ef d3f0 d3af d3ae d42f dcb2 dd13 dcb1 d42f d410 d3ef d450 d470 dc70 d451 d431 d470 d472 d452 dc70 dcf2 dd54 dd74 dd54 dd33 dd74 d534 d452 d451 dc90 dcb0 d450 d3ef cc0f d4b2 dd13 dd13 dd33 dcf3 dcd1 dcd1 dd12 dd12 d4f3 d4d2 d492 dc90 dcd0 dd52 dd54 dd13 dcf2 dcd2 dcf1 dd32 dd13 dcd2 dcd1 d4d2 d492 dc90 dd11 dd53 dd53 d4f3 dcf3 dd32 e5b4 ddf6 ddf6 dd74 e573 dd33 dcf2 d512 d534 dd54 dd54 dd54 dd33 d533 d533 dd33 dd33 dd32 dd73 ddb4 dd95 ddb5 dd95 ddb5 dd95 d575 dd75 dd73 dd94 ddb4 ddd5 d5d6 ddb5 ddb5 d595 d575 dd94 ddd5 ddd6 ddb6 dd74 dd13 dd33 d553 dd74 d554 d554 d555 dd54 d554 d575 d575 d595 d573 d595 d595 d534 d553 d595 d594 d553 d554 cd55 cd13 d513 d554 d575 d575 cd55 d533 d595 d575 d594 d594 ddd4 ddf5 ddf5 e635 e656 ee55 e614 e5d4 dd73 dd93 ddf5 ddd4 ddd4 ddd5 ddd6 ddf6 de16 e616 e657 e657 ee56 ee36 e636 e616 e636 e636 e616 e636 e617 de16 ddf6 ddf6 e616 de16 ddf6 de16 ddd5 ddf6 e5f6 e616 e617 e617 e616 e617 e637 e637 e637 e657 e616 e616 e636 e637 e616 ddf5 ddd4 ddb5 ddf6 de16 e657 e657 e657 e658 e657 ee57 ee77 eeb8 eeb9 eed9 f6d9 f6f8 f6f7 eed8 c512 6928 4067 4888 4867 5087 50a8 5067 5887 58c7 58a8 5887 5887 5887 60c8 6128 60e8 60e8 60c8 58a7 58c8 58a7 5066 5867 5866 58a7 60c7 60a7 60e8 60a8 60a8 60e9 60e9 6909 692a 6909 712a 798b 81ac 920d a2ae b32e c36f d3cf d410 d3ef d3f0 d3cf d3cf cbcf cbaf cbcf cbef cc10 d430 d451 d450 d44f d46f dc4f d46f dc6f d46f dc50 d450 d44f dc50 d46f d450 d450 d450 d450 d42f d42f d42f d44f d450 d42f d42f d44f d44f d42f d42f d42e d42f d44f d42e d42f d42f d40f d42f cc2f cc4f d42f d44f d44f d42f 
aa2a aa0a aa0a a9e9 aa0a aa09 aa09 aa09 aa2a aa29 a9c9 a9ea aa2a a9e9 aa2a a9e9 aa4a aa29 b1e8 b209 b209 b229 b209 b209 b229 ba69 c28a c28a d2ea d30a db4b db6b e3ab e3ec e40c e44d ec6d ec6d ec8d ecae ecae ecad ecae ecae ecce ecef f4ce ecce f4ae f4cd f4ce ecad ecae ec8e ec6d ec2c e3ed e3cc e38c db2a caaa c269 ba8a b209 a1a8 99a9 9168 8948 8968 9148 9188 9968 9988 a1a8 a1c8 a9c8 a9c9 a9e9 a9c9 a9c9 a9c9 a9e8 a9c9 a9ea aa09 aa09 aa4a aa4a aa09 aa2a aa09 b209 b1e9 a9e9 aa09 aa09 aa09 a9e9 aa09 aa09 aa09 aa2a aa09 b1e8 b1e9 b1e9 b209 ba29 ba49 b249 b229 b209 b209 b208 b209 b1e9 a9c9 a9aa a9aa c2aa f5d1 fed7 fe73 fe30 fdf0 f50e ecae e4f0 e42c e38b db8c dbed d32b c28a cacb c2ca ba4a ba4a c2aa c269 ba4a ba6a b20a b20a b20a b22a b22a b20a ba4b ba4a ba4a c26a ba4a c24a ba6a c28a d2aa caaa ca8a ca8a c28b c2cd c32d c2ec cacc caab cacd caec cb2c c2eb c2ab ba4b b20a aa0b b28d c3ae d3cf d3af dbef d3ef d3cf d38d d38d d3cf d38d d36e d36d d38d d38d d3cf d42f d3ee cb6c c2ec b2ac bacd c34e d38e d3ce d3cf d3af d3ad d3ee d430 d410 d3d0 d3ef dc6f dcf2 d4b2 cbef cbae d3ce d40f d40f dc10 d450 d491 d471 dcb2 d4f2 d4b3 dc93 dcb0 dd12 dd32 dd53 dd34 dd52 d4d2 d471 d3ef d3ef cbcf d430 d471 dcb0 e552 dd94 dd12 dd12 dcf2 dc91 d491 dcd2 dd32 dcf2 dcd2 dcb3 dc71 dcd1 dcf1 dd52 dd13 dcd2 dcf1 dcf2 dd12 dcf2 dcb1 d4b2 d4d1 dcd1 d491 dcb1 dd12 dd53 dd54 dd34 dd33 dd73 dd73 dd33 dd14 dd13 d513 d533 dd53 dd53 dd54 dd73 dd53 dd53 dd73 dd94 dd53 d533 d534 d513 d554 dd95 dd95 dd95 ddb5 ddd6 ddb6 d574 d575 dd94 ddb4 ddb5 d5b5 dd95 ddb5 ddb6 dd75 dd53 dd73 dd94 dd53 dd54 d514 dcd2 dd12 d513 d533 d554 d594 d575 d575 d595 d575 d513 d552 d595 cd75 d534 d573 d574 d554 d554 cd33 ccf3 ccd2 ccd2 cd13 cd75 cd55 cd13 d574 d595 d594 ddd5 e636 e615 e615 e5f3 e5b2 e592 dd92 ddd4 ddd5 ddd5 e5d5 e5b5 ddb5 ddf5 e637 e637 e657 ee77 ee77 ee57 e636 e636 e616 e5f5 e5f5 e616 ddf6 e616 e616 de17 de16 de16 e617 e616 e5f5 ddf5 ddf6 ddf5 e5f6 de16 e637 e637 e616 e637 e636 e616 e637 e637 e636 e637 e637 e616 ddd5 dd94 ddb4 ddb5 ddf6 e617 e637 e637 e657 e658 e657 ee77 ee97 eeb9 eeb9 eeb8 f6d8 f6d7 eef7 e678 abad 50a7 4867 4867 5067 5888 5087 5887 58a7 60e8 58a8 5887 5867 58a7 60c8 60c7 60a7 58a7 5888 58a7 5887 5867 5867 60a8 5887 58a7 60c7 60a7 60e7 6908 60c8 60c8 60e9 60a8 60a8 68e9 712a 796b 920d 9a6e b2ee c36f cbaf d3f0 d40f d3ef d3ef d3cf cbaf cbaf cbaf cbcf d3ef d410 d450 d450 d450 d470 dc6f dc4f d490 d470 d46f d450 d450 d450 d44f d450 d44f d42f d430 d450 d42f d42f d430 d42f d42f d430 d44f d44f d42f d42f cc50 d44f d42f d430 d42f d42f d430 d42f d42f d42f d430 d42f d44f d42f d42f 
aa4b aa4b aa2a a9e9 aa09 aa0a a9e9 aa0a aa09 a1e9 a9c9 a9e9 aa09 a9e8 aa0a a9e9 aa09 a9e9 b208 aa09 b209 b209 b1e9 b208 ba49 ba29 ba69 ca89 d2aa cb0a d34b db6c e3ab e3ec e3ec e44d ec4c ec6e ec8f ecad eccd ecad ecae f4ae eccf ecee ecaf f4ae ecad f4ad ecce ecaf ec8e f46d ec6d ec2c e3ed e3ac e36b d32a caca ca89 ba69 a9e9 a1c9 9988 9168 9127 9147 9148 9168 9168 99a8 99c8 a1c8 a1a8 a9c9 a209 a9c9 a9e9 a9e9 b209 b1e9 a9e9 a9e9 a9e9 aa09 aa09 a9e9 aa0a b20a b1e9 b1e9 a9e9 aa29 aa29 aa09 aa09 a9e9 a9e9 b209 b20a b1e9 b229 b208 b209 b209 ba49 ba6a b249 b229 b24a b209 b208 b24a aa0a a9a9 a1aa a9ca caea f634 fed5 fe72 fe11 fd8e eced ed70 ed6e e3cb dbcd e3cc e3cb d2eb d30b d30b caaa c28a cb0b d30a caa9 ba6a b26a b24a b22a b24a ba6b b20a aa2a ba4a ba4a ba29 ba4a ba4a ba8b bacc c269 c229 ba09 ba2a c26a caca cacb cacb c28b c2ac c2cb caec caeb cacb c2cc baac b22b b22b bacd cb6e d3cf dbae d3af d3af d3ce dc0f d3ce cb6d d32d cb4d cb2d d36d d38e d3ef d471 d3cd cb2c bb0d baee c30d cbae d3f0 d3cf d38e d3ae d3cf d38f d3ae d3ef d40f d471 cbf0 cb6d cbcd d44f d450 d40f d3cf d3ce d40f dc91 d492 d4b3 dcb2 dcb1 dd12 dd12 d4f3 d472 d471 dc71 dcaf dcf2 dcd2 dc91 d410 d3cf d430 d4f2 dcd2 dc92 dc70 dcd0 dd52 dd52 dd13 dcb2 dcb1 dc91 dcb1 dcf2 dcf1 dd12 dd33 dcf3 d4b2 dc90 dcb1 dcd0 dd13 dd14 dcf3 dcf2 dcf2 dcf1 d4d2 d4f3 dcb2 d491 d492 dcb2 dcf1 dd12 dd75 dd34 dcd3 d4d2 d4f2 dd33 dd74 dd95 dd74 dd54 dd33 dd33 dd12 dd32 dd32 dd74 dd94 dd13 d4f1 d533 d534 d534 dd74 dd75 d575 ddb5 ddd6 ddd6 d5b5 d575 d575 d574 dd94 ddb5 ddb5 dd95 dd94 d574 dd34 dd13 dd12 dd13 dd53 dd53 d514 d4b2 d4d2 d513 d514 d575 d575 d595 d575 d575 d555 d513 d533 cd75 d555 d512 d553 d554 cd14 ccd2 ccb2 ccb3 c4b3 c4b3 cd12 d554 d595 ddd5 de37 e616 e615 e5f4 e5b3 dd72 d4d2 d4b0 d511 ddb3 e5f4 e616 ddd5 ddd5 ddd6 ddf6 e637 e657 ee77 ee77 ee57 ee57 e656 e636 e616 ddb5 ddb4 ddf5 e616 e616 de16 e616 e616 de16 de16 e616 e5f6 e5f5 ddf6 ddf6 ddd5 ddf6 e617 e617 e616 de16 e637 e636 e616 e636 e636 e637 e657 e636 ddb4 dd74 dd33 dd73 dd94 ddd6 e616 e637 e637 e657 e658 ee57 ee78 ee77 f699 eeb8 eeb8 f6b7 eeb6 eed7 d5b5 8a09 4887 4068 4847 5047 58a8 58a7 58a7 5887 5887 58a7 5887 5887 60a7 60a7 60c8 60c7 58a7 58c8 5887 5867 5887 5087 60c8 58a8 6087 60a7 68e7 60e7 6908 60c8 58a7 60c8 5868 60a8 6909 79ab 89cc 9a8d ab0f c390 cbaf d3ef dbef d3ef d3f0 cbaf d3af cb8f cb8e cbcf d3ef d410 d44f d450 d450 d44f d470 d450 dc4f d44f d44f d450 d46f d450 d450 d46f d450 d450 d44f d430 d450 d42f d42f d450 d44f d450 d450 d450 d44f d42f d450 d44f d430 d450 d450 d44f d42f d42f d42f d42f d42e d430 d42f d44f d42f d42e 
aa4b aa4b aa2a a9e9 aa09 aa0a a9e9 aa0a aa09 a1e9 a9c9 a9e9 aa09 a9e8 aa0a a9e9 aa09 a9e9 b208 aa09 b209 b209 b1e9 b208 ba49 ba29 ba69 ca89 d2aa cb0a d34b db6c e3ab e3ec e3ec e44d ec4c ec6e ec8f ecad eccd ecad ecae f4ae eccf ecee ecaf f4ae ecad f4ad ecce ecaf ec8e f46d ec6d ec2c e3ed e3ac e36b d32a caca ca89 ba69 a9e9 a1c9 9988 9168 9127 9147 9148 9168 9168 99a8 99c8 a1c8 a1a8 a9c9 a209 a9c9 a9e9 a9e9 b209 b1e9 a9e9 a9e9 a9e9 aa09 aa09 a9e9 aa0a b20a b1e9 b1e9 a9e9 aa29 aa29 aa09 aa09 a9e9 a9e9 b209 b20a b1e9 b229 b208 b209 b209 ba49 ba6a b249 b229 b24a b209 b208 b24a aa0a a9a9 a1aa a9ca caea f634 fed5 fe72 fe11 fd8e eced ed70 ed6e e3cb dbcd e3cc e3cb d2eb d30b d30b caaa c28a cb0b d30a caa9 ba6a b26a b24a b22a b24a ba6b b20a aa2a ba4a ba4a ba29 ba4a ba4a ba8b bacc c269 c229 ba09 ba2a c26a caca cacb cacb c28b c2ac c2cb caec caeb cacb c2cc baac b22b b22b bacd cb6e d3cf dbae d3af d3af d3ce dc0f d3ce cb6d d32d cb4d cb2d d36d d38e d3ef d471 d3cd cb2c bb0d baee c30d cbae d3f0 d3cf d38e d3ae d3cf d38f d3ae d3ef d40f d471 cbf0 cb6d cbcd d44f d450 d40f d3cf d3ce d40f dc91 d492 d4b3 dcb2 dcb1 dd12 dd12 d4f3 d472 d471 dc71 dcaf dcf2 dcd2 dc91 d410 d3cf d430 d4f2 dcd2 dc92 dc70 dcd0 dd52 dd52 dd13 dcb2 dcb1 dc91 dcb1 dcf2 dcf1 dd12 dd33 dcf3 d4b2 dc90 dcb1 dcd0 dd13 dd14 dcf3 dcf2 dcf2 dcf1 d4d2 d4f3 dcb2 d491 d492 dcb2 dcf1 dd12 dd75 dd34 dcd3 d4d2 d4f2 dd33 dd74 dd95 dd74 dd54 dd33 dd33 dd12 dd32 dd32 dd74 dd94 dd13 d4f1 d533 d534 d534 dd74 dd75 d575 ddb5 ddd6 ddd6 d5b5 d575 d575 d574 dd94 ddb5 ddb5 dd95 dd94 d574 dd34 dd13 dd12 dd13 dd53 dd53 d514 d4b2 d4d2 d513 d514 d575 d575 d595 d575 d575 d555 d513 d533 cd75 d555 d512 d553 d554 cd14 ccd2 ccb2 ccb3 c4b3 c4b3 cd12 d554 d595 ddd5 de37 e616 e615 e5f4 e5b3 dd72 d4d2 d4b0 d511 ddb3 e5f4 e616 ddd5 ddd5 ddd6 ddf6 e637 e657 ee77 ee77 ee57 ee57 e656 e636 e616 ddb5 ddb4 ddf5 e616 e616 de16 e616 e616 de16 de16 e616 e5f6 e5f5 ddf6 ddf6 ddd5 ddf6 e617 e617 e616 de16 e637 e636 e616 e636 e636 e637 e657 e636 ddb4 dd74 dd33 dd73 dd94 ddd6 e616 e637 e637 e657 e658 ee57 ee78 ee77 f699 eeb8 eeb8 f6b7 eeb6 eed7 d5b5 8a09 4887 4068 4847 5047 58a8 58a7 58a7 5887 5887 58a7 5887 5887 60a7 60a7 60c8 60c7 58a7 58c8 5887 5867 5887 5087 60c8 58a8 6087 60a7 68e7 60e7 6908 60c8 58a7 60c8 5868 60a8 6909 79ab 89cc 9a8d ab0f c390 cbaf d3ef dbef d3ef d3f0 cbaf d3af cb8f cb8e cbcf d3ef d410 d44f d450 d450 d44f d470 d450 dc4f d44f d44f d450 d46f d450 d450 d46f d450 d450 d44f d430 d450 d42f d42f d450 d44f d450 d450 d450 d44f d42f d450 d44f d430 d450 d450 d44f d42f d42f d42f d42f d42e d430 d42f d44f d42f d42e 
b22a b22a aa0a a9e9 a9e9 a9e9 aa09 aa4a aa2a aa2a b209 aa09 a9e9 a9e9 aa09 a9e9 a9e9 a9e9 a9e9 a9e9 aa09 b209 b1e9 b208 b209 b24a ba8a c289 caca cb0a d34a dbad e3ab e3cd e3ed ec0c ec4e ecae ecae ecae ecad ecce ecce ecce ecce ecce ecd0 ecae ecae ecce ecef ecae ec8e ec6d ec6e ec2d e3cc e3ac db6b db2b d2ca ca6a ba69 b229 a1c9 9968 9148 9127 9148 9148 9968 9988 99a8 a1a9 a1c9 a1c8 a1e9 a1c9 a9e9 aa09 a9e9 b209 b209 a9e9 b1e9 b1e8 aa09 b1e9 a9e8 aa0a aa09 b1e9 b209 aa09 aa2a a9e9 a9e9 aa0a aa09 a9e9 a9e9 b1e9 b209 b209 b229 b209 b209 ba29 ba29 ba49 b229 b229 b209 ba08 b24a aa0a a9c9 a18a a9ca cb0a f633 feb4 fe72 fdef f52e f56e f52d ec6d e3ab e40c e36c db8c db8c db4b d32b caec c2ca d2ca caca c28a c28a ba6a baab c2aa ba29 ba2a b24a b24b ba6a b209 b22a ba4a ba4a ba6a ba6b b1ea a1a9 aa2a ba8b c2ab caab ca6a c26a c2cc c2ec caec cacb c2ab baab b28c b24b b28c c30e cb4e d36d d38e d38d d3ce d410 d3cf d3ae d3ae d3ae cb2e c30c cb6d d3af d410 d471 d42e c2eb bacc c32d cb6d d38e d3ef d410 d3ef d3ef d3cf d3cf d3ef d3f0 d42f d451 d450 cbee c34e c34d d36d d40e d42f d3f0 d3cf d3ef dcb1 dcf3 dd14 dd34 dcf3 dcd2 dcb1 dcf1 d4f2 d4b2 d430 d3ef d3ee d40f d3f0 d411 d491 dd13 dd13 dd32 dd12 dcb2 dc70 dc8f dc90 dcb0 dd12 dcf2 dc91 dcb1 dcd2 dcd2 dcf1 dd31 dd54 dd13 dcd2 dc91 dc6f dcd1 dd33 dd13 dcf2 dcf2 dcd2 dcf2 dcf2 d4b2 d4b2 d4f3 dcf3 dcb2 dc71 dcf1 dcf2 d512 d513 d4f3 dd13 dd53 e594 dd94 dd95 dd74 dd74 d554 dd13 d513 dd53 d574 d534 d4f4 d4f3 dd12 dd33 dd74 dd74 d554 dd94 ddb5 ddd6 ddb6 d5b5 d575 d574 dd74 dd94 dd95 d595 d554 d533 dd54 d575 d555 d4f4 d4d2 d4b1 d4f2 d534 d4d4 d4d2 d533 d574 d575 d575 d575 d574 d574 d535 ccd1 d533 cd35 ccd3 d4d1 d513 ccd3 c492 c430 cc92 ccb2 cd14 d574 ddf6 e636 e656 ee55 e5d3 dd32 dd12 d533 d533 d554 d574 ddf6 ddf6 e5f6 ddf6 ddd6 de16 e637 e657 e657 e657 ee57 e657 e657 e637 e636 e615 ddd5 ddb5 ddd6 de16 de16 e616 de17 ddf6 e5f6 de16 de16 ddf6 e5d5 ddd6 ddf6 de16 ddf6 e616 e617 e637 de17 e617 e637 e637 e637 e636 e656 e657 e636 e5b4 dd33 d534 d4d2 d4f2 dd73 ddb5 ddf6 ddf5 e637 e637 e657 e657 ee37 ee58 ee78 ee98 eeb8 ee97 eeb6 e697 bc6f 6128 4889 4847 4847 5067 5887 5887 5887 58a7 5887 58a7 60e9 58e8 58a7 60c8 60e8 6109 5909 58e8 58c8 5087 58a7 58a7 5887 5887 6087 60e8 60e8 6908 60c8 60e8 5887 5887 5067 58a8 6909 798b 922c aace bb4f cbaf d3cf d410 d3ef d3ef cbcf cbcf d3af cbaf cbcf cbf0 d3f0 d42f d450 d470 d470 d450 d470 d46f d46f d46f d44f d450 d470 d44f d42f d44f dc50 dc70 d490 d44f d430 d42f d42f d42f d44f d470 d450 d44f d450 d44f d42f d44f d44f d430 d44f d44f d44f d42f d42f d42f d44f d450 d44f d46f d42f d42f 
aa0a a9ea a9e9 a9e9 a9e9 aa09 aa09 aa4a aa09 aa4a aa2a aa09 a9e9 a9e9 a229 a9e9 aa09 aa09 aa09 b209 a9e8 aa0a a9e9 a9c8 b1e9 b249 ba69 c289 caaa d30a db4b db8b e3ab e3cc e40c e42c ec4d ec6d ec8d ec8e eccd eccf ecae ecad ecce ecae ecae ecae f4ae eccf f4cf ecae ecae f48d ec4e ec2e e3cc e38b db8b db2b d30a c2aa ba8a aa09 a1c9 9988 9168 9168 9148 9168 9988 9989 9988 a189 a1e9 a1e8 a209 a9c8 a9e9 a9e9 a9e9 a9e9 aa09 b209 b209 b1e9 aa09 a9e9 a9e9 a9e9 b209 b229 b209 b209 a9e9 aa09 a9e9 aa09 aa09 b229 a9e9 b1e9 b209 b209 b229 b22a b24a ba09 b209 b229 b229 b249 b229 b208 b229 a9e9 a9c9 a9a9 a9ca d36c f654 feb5 fe30 fdcf f58f f52e ec6d e4ef e3eb db6a dbad dbcb db4b d32b d34c d32b ca89 c28a c34d cb0b caaa c28a c28a c269 b209 b209 ba4a ba4a ba09 b20a b28b ba6b ba49 b20a b20a aa0b aa2b b26b c28b c2ab c30d c26b ba8b c2cb c2cb ca8a c28b b28c b24b b24b baac c34d d3cf d36e d32c d36d d3af dbae d3ef d3cf cb8e d32d d36d cb6e c36e cbae d42f d450 cb4c baab b28b bacd cb4d d38e dbce dc0f d3ef d3ee dbce dbcf d410 d40f d430 d450 d430 cbad cb4d cb4d cb8e cb6e d36e d3ae d430 d451 d452 d451 dc70 dcf1 dd54 dd34 dcf3 dc91 dcb1 dcd1 dcb1 d410 cb8e cb4e d3cf d470 dd12 dd33 dd13 dcf2 dd12 dd12 dcf2 dcd0 d471 d430 dc2e dccf dcf2 dd12 dcd3 dcd1 dcd2 dcd1 dcf2 dd53 dd52 dd54 dcf3 d491 dc91 dcd2 dd12 dd33 dd13 dcf2 dcf3 d4b2 d4b1 dcd2 d4b1 dc90 dcd1 d4b2 dcb2 dc92 dcd0 dd12 d533 dd33 dd33 dd33 dd53 dd73 dd74 dd12 dcf1 dd32 d534 d554 dd54 dd74 dd75 d534 d4f3 dcf2 dd52 dd73 dd74 d595 ddb5 ddb5 ddb5 ddb5 d595 d595 d554 d534 dd12 dd33 dd34 d534 dd54 d554 d575 d575 d534 d4d3 d4b2 d512 d534 d514 d4b3 dcf1 d574 d555 d554 d554 d554 d534 ccb2 d4d1 cd34 ccd3 cc50 cc91 c492 c451 c492 cd13 d5b5 de16 e637 e635 e5f4 ddb4 dd52 d4b0 d4b2 d532 ddb5 ddd6 ddb5 ddf6 e5f5 ddf6 de17 de17 e637 e636 e657 e636 e637 e657 e636 e656 e636 e616 ddf6 ddd5 ddd5 ddf6 de16 ddf6 e616 e616 de16 de16 ddf6 de16 de16 ddf6 ddf6 ddf6 ddf6 de16 e616 e637 de17 e637 e637 e637 e617 e636 e636 e637 e657 e637 dd94 d4f2 d4b1 d4d2 d4b1 d4b2 dd12 dd73 ddb5 ddd5 e636 e658 e637 e636 e637 ee57 ee77 eeb8 eeb8 ee96 eed6 de16 928b 50e8 5088 4867 5067 5867 5867 5867 5887 5887 5887 5887 60a8 60c8 60a8 60c7 60e8 616a 618a 5908 5087 5087 5887 60c8 58a7 60a7 60e8 68e8 60c8 6928 60c8 60e8 5888 5067 5047 58a8 712a 89cc a2ae b34f cb8f d3ef d40f d430 d3ef d3cf cbcf cbaf d3af cbcf cc10 d430 d430 d450 d470 d46f d44f dc4f d470 d470 d44f d470 d450 d42f d470 dc70 d450 d470 d46f dc4f d46f d450 d450 d450 d42f d44f d450 d450 d44f d44f d44f d46f d44f d44f d44f d42f d42f d44f d44f d450 d42f d42f d44f d44f d44f d46f d44f d42f 
aa09 aa09 a9e9 aa09 aa2a aa2a a9e9 aa2a a9c9 aa2a aa0a aa09 a9e9 a9e9 a9e9 aa0a aa2a a9e9 aa29 a9e9 a9c9 a9e9 a9e9 aa09 aa09 b209 ba49 c289 caca d30a db6b db8b db8b e3ec e40c e42c ec4d ec6d ec8d ec8d ecae ecad ecae ecae ecce ecae ecae ecae f4ae ecae ecaf ecae ecae ec6d ec4d e44e e3ec e3ac db6b db2b d2ea c2cb c28a aa09 a1c9 9968 9148 9148 8948 9148 9968 9989 9988 a1a9 a1a9 a1c8 a209 a9e9 a1e9 a9e9 b1c9 a9e9 aa09 b209 b209 b1e9 b229 b229 aa09 a9e9 a9e8 b1e9 b229 b209 b1e9 aa09 a9e9 b1e9 aa09 b209 a9e8 b1e9 b209 b1e9 b209 b249 b229 b209 b229 b22a b229 b24a b229 b229 b229 aa09 a9c9 a18a b1e9 dc0c f6d6 feb5 fe51 fdf0 fd4d f530 ed2f ecab dbad d40e e42e db2b d30b d38c dbac d34b ca8a d2ca db6b d32a d2eb caaa ba29 ba29 b24a b1e9 b209 b24a b22a ba2a ba8b ba6b b22a b24b b28b baab ba6b ba0a ba8b c2ec cb0c c2ec c2ab ba2a b20a b22a b22b b26b b26c bb2e cb8e cb8d d38e db8e d36d d38e d3cf d3cf d38d d38d d38e cb2d cb2c d3ae d42f d430 cb6c baeb b28b b28b baec cb8e d3af db8d dbae d3ce d3cf d3ef d3ef d3ef d40f d42f d410 d3ef d3cf cb6d cb2d cb2d d36e d38f d38e d3af d3cf d44f dcb0 d4b2 d411 d42f dcb1 dd13 dd33 d4d3 dc50 d471 d42f cbd0 cb8f d3cf d471 dcf3 e512 dd31 dd32 dd13 dd12 dd12 dcd1 dc90 dcb1 d491 d431 dc30 dcaf e532 dd32 dcf2 dcd2 dcb1 dcf2 dd12 dd12 dd53 dd33 dd13 dcb2 dcb2 dc91 dcb1 dc90 dcb1 d4f2 d4f2 dcf2 d4f3 d491 d44f d470 dcb0 dcf1 dcd2 dcb1 dcf2 dd12 dd52 dd53 dd33 dcd2 d4b1 dcf2 d4b3 d4b2 dd13 d533 dd33 dd73 dd75 dd74 dd54 d554 d513 dcd1 dd32 dd74 dd95 ddb6 ddb5 dd94 dd95 ddb5 d594 dd33 d513 dcf2 d4f3 dcf3 dd33 dd33 dd34 dd34 dd54 d554 dd55 d535 d4b3 dcb1 d553 d535 d492 d4d1 d574 d554 d533 dd53 d533 ccf3 cc70 ccd2 ccb2 c411 c431 ccd3 cd34 ddb6 e616 e657 e635 e5f4 dd93 dd12 d512 d534 d534 d574 dd74 e5d5 e5d6 ddf6 ddf6 e5f6 e637 e637 e657 e657 e636 e636 e636 e636 e616 e636 e616 e5f5 ddf6 ddf6 ddd6 ddd6 ddf6 de16 de16 ddf6 ddf6 e5f6 e5f6 de16 ddf6 ddf6 e616 e5f6 e616 e616 e616 e616 e637 e617 de17 e637 e637 e617 e636 e616 e657 e657 ddb4 d532 d491 d470 d470 d4b1 d471 dcb1 dd13 dd74 ddd6 e637 e636 e5f5 e5d5 e5f5 ee36 ee77 f698 ee77 ee96 ee97 c4d1 68e7 5087 48a7 4887 5067 5087 5887 5087 58a7 5888 60a7 58c8 58c7 58a8 58a7 60a7 60e9 5909 58e8 58c8 50a7 5887 6087 60c7 58a7 6087 60c8 60a8 60c8 60e8 60e8 58c8 58a8 5088 5868 68e9 816b 9a4d b30f c38f cbf0 d430 d40f d3ef d3cf cbcf cbaf cb8f cbcf cbf0 d430 d430 d470 d470 d450 d44f d44f d46f d46f d470 dc4f dc6f d470 dc4f d42f d450 d44f dc70 d470 d450 d42f d470 d44f d44f d42f d44f d450 d42f d44f d450 d46f d44f d42f d450 d44f d44f d44f d44f d46f d450 d42f d44f d44f d42f d44e d46f d42f d40f 
aa09 aa09 a9e9 aa09 aa2a aa2a a9e9 aa2a a9c9 aa2a aa0a aa09 a9e9 a9e9 a9e9 aa0a aa2a a9e9 aa29 a9e9 a9c9 a9e9 a9e9 aa09 aa09 b209 ba49 c289 caca d30a db6b db8b db8b e3ec e40c e42c ec4d ec6d ec8d ec8d ecae ecad ecae ecae ecce ecae ecae ecae f4ae ecae ecaf ecae ecae ec6d ec4d e44e e3ec e3ac db6b db2b d2ea c2cb c28a aa09 a1c9 9968 9148 9148 8948 9148 9968 9989 9988 a1a9 a1a9 a1c8 a209 a9e9 a1e9 a9e9 b1c9 a9e9 aa09 b209 b209 b1e9 b229 b229 aa09 a9e9 a9e8 b1e9 b229 b209 b1e9 aa09 a9e9 b1e9 aa09 b209 a9e8 b1e9 b209 b1e9 b209 b249 b229 b209 b229 b22a b229 b24a b229 b229 b229 aa09 a9c9 a18a b1e9 dc0c f6d6 feb5 fe51 fdf0 fd4d f530 ed2f ecab dbad d40e e42e db2b d30b d38c dbac d34b ca8a d2ca db6b d32a d2eb caaa ba29 ba29 b24a b1e9 b209 b24a b22a ba2a ba8b ba6b b22a b24b b28b baab ba6b ba0a ba8b c2ec cb0c c2ec c2ab ba2a b20a b22a b22b b26b b26c bb2e cb8e cb8d d38e db8e d36d d38e d3cf d3cf d38d d38d d38e cb2d cb2c d3ae d42f d430 cb6c baeb b28b b28b baec cb8e d3af db8d dbae d3ce d3cf d3ef d3ef d3ef d40f d42f d410 d3ef d3cf cb6d cb2d cb2d d36e d38f d38e d3af d3cf d44f dcb0 d4b2 d411 d42f dcb1 dd13 dd33 d4d3 dc50 d471 d42f cbd0 cb8f d3cf d471 dcf3 e512 dd31 dd32 dd13 dd12 dd12 dcd1 dc90 dcb1 d491 d431 dc30 dcaf e532 dd32 dcf2 dcd2 dcb1 dcf2 dd12 dd12 dd53 dd33 dd13 dcb2 dcb2 dc91 dcb1 dc90 dcb1 d4f2 d4f2 dcf2 d4f3 d491 d44f d470 dcb0 dcf1 dcd2 dcb1 dcf2 dd12 dd52 dd53 dd33 dcd2 d4b1 dcf2 d4b3 d4b2 dd13 d533 dd33 dd73 dd75 dd74 dd54 d554 d513 dcd1 dd32 dd74 dd95 ddb6 ddb5 dd94 dd95 ddb5 d594 dd33 d513 dcf2 d4f3 dcf3 dd33 dd33 dd34 dd34 dd54 d554 dd55 d535 d4b3 dcb1 d553 d535 d492 d4d1 d574 d554 d533 dd53 d533 ccf3 cc70 ccd2 ccb2 c411 c431 ccd3 cd34 ddb6 e616 e657 e635 e5f4 dd93 dd12 d512 d534 d534 d574 dd74 e5d5 e5d6 ddf6 ddf6 e5f6 e637 e637 e657 e657 e636 e636 e636 e636 e616 e636 e616 e5f5 ddf6 ddf6 ddd6 ddd6 ddf6 de16 de16 ddf6 ddf6 e5f6 e5f6 de16 ddf6 ddf6 e616 e5f6 e616 e616 e616 e616 e637 e617 de17 e637 e637 e617 e636 e616 e657 e657 ddb4 d532 d491 d470 d470 d4b1 d471 dcb1 dd13 dd74 ddd6 e637 e636 e5f5 e5d5 e5f5 ee36 ee77 f698 ee77 ee96 ee97 c4d1 68e7 5087 48a7 4887 5067 5087 5887 5087 58a7 5888 60a7 58c8 58c7 58a8 58a7 60a7 60e9 5909 58e8 58c8 50a7 5887 6087 60c7 58a7 6087 60c8 60a8 60c8 60e8 60e8 58c8 58a8 5088 5868 68e9 816b 9a4d b30f c38f cbf0 d430 d40f d3ef d3cf cbcf cbaf cb8f cbcf cbf0 d430 d430 d470 d470 d450 d44f d44f d46f d46f d470 dc4f dc6f d470 dc4f d42f d450 d44f dc70 d470 d450 d42f d470 d44f d44f d42f d44f d450 d42f d44f d450 d46f d44f d42f d450 d44f d44f d44f d44f d46f d450 d42f d44f d44f d42f d44e d46f d42f d40f 
a9e9 a9e9 aa0a aa2a aa2a aa2a a9e9 aa09 a9e9 a9e9 aa09 aa09 a9ea aa09 a9e9 aa29 aa29 a9e9 aa4a aa09 aa09 aa09 a1e9 aa09 b229 b229 c269 c28a caca d2ea db4a db8b db8b e3eb e42e ec4c ec6d ec6d ec8d ecad ecce ecae ecae ecae ecce ecce ecce ecaf ecce ecae eccf ecaf ec8e ec8e ec4d ec0d e3ec e3ac e38b db4b d2ca c2aa ba8b aa09 a1c9 99a9 9968 9168 9168 9189 9989 99a9 a1e9 a1e9 a1c9 a1e9 a1e9 a9e9 a9c9 a9c9 aa09 a9e9 b229 b229 aa2a b209 b229 b209 b209 b209 a9e9 a9e8 b209 aa09 b209 b229 b1e9 a9e9 b209 aa09 b1e9 b209 b1e9 b1e9 b229 b22a b228 b229 b229 b249 b249 b249 b209 b229 b209 a9e9 a9c9 a18a a9c9 dbeb f694 fed5 fe51 fdae f52f f56e f50d ec2c e48e ed2f e46d d3ce d3ae db8c db6b dbcc d36c daea d2ca d2ea d2ea caaa ba2a ba69 ba6a ba29 ba4a b28b b22b b9e8 b1e9 aa0a b22a ba8b c28a c26a ba2a ba4b bacb c30c caea caaa ba4a b20a aa0a aa0b b20a ba8c c34e d3ce d3ef d38e d32c d34d d3ad d3ae d36d d3ce d36e cb2c d38d d3af d38f d3ad d3ed cbcd b2ac aa6c bacc c32e cb4d d3ae d3ce dbce d3ae d38e d38d d3ef d411 d40f d40f d40f d410 d3d0 cb6d cb4e cb4e cb8f d3cf d3cf d411 d430 d3ef d38e d3cd dc8f d471 cc11 d3cf d42f dcd1 dcd2 d430 cbaf cbd0 d431 d491 dc92 dc91 dcf2 dcd2 dcd1 dcf1 dcf2 dcf3 dcb1 dc91 dcb0 dcb1 dcb1 d491 d471 dc50 dc70 dcb1 dd12 dd32 dcf3 dcf2 dcf2 dcd1 dcf1 dd11 dd12 dcf2 dc92 d450 d431 d3ef d410 d450 d4b1 dd12 dd33 dcf2 d491 d471 d471 dc91 dcb1 dcf2 dd33 dcf2 dcb0 dcd2 dcd1 d491 d472 d4b1 d511 dd33 dd54 dd13 dd12 dd33 dd73 dd94 dd95 dd94 d575 d513 dd12 dd32 dd74 dd95 dd95 dd75 d574 dd54 d533 d533 d534 dd12 dcf3 d513 dd13 dd34 d554 d514 dd34 d554 dd95 dd74 d535 d4b3 dcd0 dd74 d4d3 d450 d4f2 d534 d533 d513 d4d2 ccb1 cc31 c451 cc71 c4b2 cd54 ddf6 e657 e656 ee14 e5d3 dd72 d552 d533 d573 dd94 ddd5 ddd5 ddb5 ddb6 ddd6 e5f6 e616 e636 e636 ee56 e636 e636 e616 e616 e616 e616 e616 e616 de15 e5f5 ddf6 ddf6 ddf6 ddf6 ddf6 ddf6 e616 de16 de16 de16 ddf6 de16 ddf6 e5f6 ddf6 e616 e617 e616 e616 e616 e616 e637 e637 e637 e636 e637 e637 e636 e636 e637 ddb4 d512 d4b1 d471 d450 d450 d451 d450 d491 dd11 dd93 e616 e5d4 dd32 dd52 dd74 dd94 e616 ee57 ee57 ee55 ee96 ddf5 9a8a 5067 5067 5087 4887 50c8 5087 58a8 58a7 58a7 60a8 58a7 60c8 60c8 58a7 5887 58a7 58c7 58a7 58a7 58a7 5888 5887 58a7 58a7 58a7 6087 58a8 5887 60a8 58a8 58c8 58e9 60e9 60c9 68e9 794a 922d aace bb4f cbcf d3f0 d40f d40f d3cf d3cf cbcf cbcf cbaf cbef cc30 d450 d450 d470 d470 d450 d46f d490 d470 d490 d470 dc70 dc70 d470 d450 d430 d44f d450 d470 d470 d450 d450 d450 d42f d42f d44e d44f d44f d42f d44f d44f d44f d42f d42f d44f d42f d42f d42f d44f d46f d44f d44f d42f d450 d42f d42f d42f d44f d42f 
aa09 aa09 aa09 a209 aa09 aa09 a1ea aa0a a9e9 aa09 aa09 aa2a a9ea a9e9 aa09 a9e9 a9e9 a9e9 b229 a9e9 a9e8 aa09 a9e9 aa09 b24a ba29 c249 ca89 caea d30b db4b e38b e3ac e3cb e40e ec4d ec6d ec4d ecad ecae ecae ecce ecce ecae ecaf eccf ecce eccf ecae ecaf ecaf ecae ecaf ec6e ec4d ec0c e3ed e3cd e36b db2b d2eb c28a b26a aa09 a189 9989 9968 9189 8968 9148 9988 99c9 99c9 a1c9 a1e9 a1e9 a9e9 aa09 aa09 a9e9 aa09 b1e9 b1e9 b209 aa4a aa4a aa2a a9e9 b20a aa09 a9e9 a9e9 b209 b1e9 b209 aa09 aa09 aa09 b1e9 aa09 aa09 b1e8 b209 b209 b209 aa29 b209 b22a b209 b209 b229 b229 b229 b209 b209 aa09 a1a9 a18a a1a9 d38b f675 feb4 fe10 fd4f f58f f4ed ec8d eced f4ac f44d ebeb e4ce e48d d34b db2b e3eb e3eb db2a d32c d34b d2ca c2ab ba6a c28a c28a c269 c26a b24a b1c9 a168 a1a9 b24b ba6a ba6a ba29 b22a b26a c2ab cacb c2cb caaa c28b b24a b22a aa09 b22b baab c34e d38e dbce d3ae d38e d36d cb4d d32c d36d cb6f d38e d38d cb4d d38d d44f cc51 c32c b28b b28c b2ac baac c32d d3cf d3ae d3ae dbce dbef d3cf d3af d3ce d3ce d40f d450 d3f0 d3ad d3ef d3ef d36f d36e d3af d3f0 d431 dc30 d491 d471 cbaf cb6e cb4e d3ad d490 d492 cc31 cbef d3ce d3ce cbaf cbd1 d450 dcd2 e513 dcf2 dcf2 dcd1 dcb2 dc91 dc71 dc71 dc91 dc91 dcd1 dcd1 dcb1 d4b1 dcb1 dc91 d490 d451 dc30 dc70 dc90 dd32 dd32 dcf3 dcb2 dc91 dc50 dc90 dc91 dc71 d491 d471 d471 d471 d471 d431 dc70 dcd0 dcd1 d4d2 d4f3 dcd2 dcd2 dcd1 dc8f d4d1 d491 d450 cc73 d492 d4d2 d513 d4d2 dcd1 dcf2 dd13 dd33 d533 dcf3 dd32 dd74 dd95 dd74 dd74 dd54 dd34 d514 d513 d532 dd54 d554 d553 d513 dcf3 dd12 dd33 d514 dcd3 d4b2 dcf2 dd34 dd75 d555 d554 d555 d555 dd53 dd33 d514 d451 d4d1 d514 cc72 d44f d513 d4f2 ccb3 cc72 c471 c472 ccb1 d574 ddf6 e656 ee56 ee34 e592 dd31 dd52 d553 d594 ddd5 ddd4 ddb4 ddd5 ddd5 ddf6 de17 e637 e636 e636 e616 e616 e616 e616 e616 e5f6 e5f5 e5d4 ddd5 ddd5 ddf5 ddd5 ddd5 ddd6 ddf6 ddf6 ddf5 e5f5 e5f6 e616 e616 e5f6 de16 ddf6 de16 ddf6 ddf6 e636 e616 e616 e617 e5f6 e617 e637 e636 e637 e657 e637 e658 e616 e616 e657 e5f5 d532 d4b1 d491 d44f cc51 cc30 cc30 d451 d4b1 dd53 ddb5 dd32 d42e d42f d4d2 dd33 dd95 e5f6 ee16 ee35 ee96 e697 bc6f 6908 4867 5088 5088 50a7 5909 58e9 58e8 58e8 58c8 60a7 5887 60c8 60c8 6108 60c8 58e8 60e8 58a8 58a7 5087 5867 5866 5887 60a7 60a7 5887 5867 5867 58a7 60c8 690a 692a 796b 714a 794a 91ec a2ce bb4f cbaf d3ef d3ef d40f d3ef d3ce d3cf cbaf cbaf d3cf cbef d430 d44f d42f d471 dc50 dc70 d450 dc70 dc70 dc70 dc50 d450 d44f dc4f d44f d450 dc4f d44f d450 d491 d470 d46f d42f d42f d44f d46f d450 d42f cc4f d46f d46f d44f d42f d44f d44f d42f d44f d46f d46f d470 d44f d44f d42f d42e d42e d430 d44f d44e d42f 
a9e9 a9e9 aa09 a1e9 a209 a9e8 aa0a aa2a a9e9 a1e9 a9c9 a9e9 a9e9 a9e8 a9e9 aa09 a9e9 aa09 a9e9 a9e9 a9c9 b1e8 b1e9 aa09 b229 ba29 c249 c2aa cacb d32b db4c e3ac e3cd e3ec e40d ec4d ec8d ecae ecae ecad ecae ecaf ecaf ec8e ecad eccf ecce ecae ec6f ec8e ecae ecaf ec8f ec6d ec4d ec0c ebec e3ac e36c db2a d30b c2aa ba4a aa09 a1a9 9968 9188 9168 9168 9148 9189 9989 99c9 a1a9 a20a a9c9 a9e9 a9e9 a9e9 a9c9 a9e9 aa09 aa09 b209 aa09 aa2a aa09 aa09 aa09 a9e9 a9e9 b209 b209 b1e9 aa09 aa09 aa09 b1e8 b209 aa09 a9e9 b1e9 b24a aa2a b209 b209 b209 b229 b229 ba29 b209 b229 b209 b9e9 b209 a9e9 a1ca a1ab a1ea d42c f6b5 feb5 fe10 fdce f50d ed30 ecee f48c ebcb e42d e42d ec0b e36b db2b db6c e3ab db4b d32c db4b db2a d2eb cb0c caaa cacb caaa ca69 ba49 b1c9 a188 a1a9 aa0a b24a ba29 b22a b20a ba6a c2eb caab c28b c28a c28b c2ab ba2a a9ea aa4b baed cb4e d38d dbae d38d d38e d38d d3ad d36e caec cb0c cb4e cb4e d32c cbcf d430 d42f c36d b28b aa4b b26c c2ec cb0d d38d dbce d3ce d3cf d3cf dbce dbf0 d3ef d3ce d3ae cbce cbce cbcf cb0d d38d d3ef d410 d3cf d410 d430 d42f d40f d3ce cbae cbaf c38f c34f d38e d40f dc8f d492 cbf0 c34e cb4d d40f d491 dc72 e490 e4d1 e512 dd12 dcf2 dcb1 dc91 dc71 dc71 dc71 dc71 dc91 dcb1 dcb2 dcb2 dcb1 dcb2 dcd1 dcb1 d491 d451 dc30 dc70 dcb0 dcf1 dcf3 d4b2 d431 dc2f d44f d491 dcb1 dcd1 dc92 dc50 dc90 d4b1 d451 d430 dc90 dcd1 dcf2 dcf1 dcd1 d40e cbef cc31 d471 d471 d4d3 d4f3 d4f2 d513 dcd1 d4f2 dcd2 d4d1 dd12 dd13 dcf3 dcd2 dd32 d574 dd74 dd75 dd74 dd74 d554 d4f3 d4f2 d513 d513 d533 d513 d513 d4f3 d4f3 d513 d4f3 d4b3 d492 d4b1 dd34 dd34 d534 dd34 d534 d513 d512 d513 cc73 cc0f d4d1 d472 cbf0 cc90 cc72 cc72 cc91 d512 d574 ddd5 e636 e614 e5d3 e591 dd72 d533 d512 dd73 ddb4 ddd5 ddd4 ddb5 ddd6 ddf6 ddf6 e657 e657 ee36 e616 e616 e5f5 e5f5 e616 e5f5 e5f5 ddd5 ddb5 dd94 ddb5 ddd5 ddb5 ddb5 ddd5 ddd6 ddf5 ddd5 ddd5 ddf6 ddf6 e5f6 e5f6 ddf6 de16 ddf6 ddf6 ddf6 ddf6 de16 e617 e616 e616 e616 e637 e637 e616 e637 e657 e657 e637 e615 e637 e636 dd33 d4d1 d44f cc2f cc0f cc31 cc51 d471 d4f2 d574 dd94 d4b0 c36d c36e cbcf d491 dd33 dd94 e5d4 e5f4 ee55 eeb7 d5f6 9229 50a7 50c9 5088 5067 5087 5909 614a 6149 58a8 58a8 60a7 60a7 58c7 60e8 6108 60a7 58a7 58a7 5887 58c8 5867 5866 60a7 60a7 60c8 60a7 5887 5887 5888 58a8 60e9 712a 796b 79ac 818c 920c a28e b32f cb8f d3ae d3ef d3ef d3f0 d3ce cbcf cbaf cbaf cbcf cbf0 cc30 d430 d450 d450 d430 dc4f dc4f d450 d450 d470 dc6f d450 d42f d42f d44f d46f dc50 dc50 d44f d430 d450 d470 d470 d44f d450 d44f d44f d42f d450 d44f d44f d44f d430 d450 d44f d44f d44f d44f d470 d450 d44f d46f d430 d42f d42e d44e d450 d450 d42e d42f 
a9e9 a9e9 aa09 a1e9 a209 a9e8 aa0a aa2a a9e9 a1e9 a9c9 a9e9 a9e9 a9e8 a9e9 aa09 a9e9 aa09 a9e9 a9e9 a9c9 b1e8 b1e9 aa09 b229 ba29 c249 c2aa cacb d32b db4c e3ac e3cd e3ec e40d ec4d ec8d ecae ecae ecad ecae ecaf ecaf ec8e ecad eccf ecce ecae ec6f ec8e ecae ecaf ec8f ec6d ec4d ec0c ebec e3ac e36c db2a d30b c2aa ba4a aa09 a1a9 9968 9188 9168 9168 9148 9189 9989 99c9 a1a9 a20a a9c9 a9e9 a9e9 a9e9 a9c9 a9e9 aa09 aa09 b209 aa09 aa2a aa09 aa09 aa09 a9e9 a9e9 b209 b209 b1e9 aa09 aa09 aa09 b1e8 b209 aa09 a9e9 b1e9 b24a aa2a b209 b209 b209 b229 b229 ba29 b209 b229 b209 b9e9 b209 a9e9 a1ca a1ab a1ea d42c f6b5 feb5 fe10 fdce f50d ed30 ecee f48c ebcb e42d e42d ec0b e36b db2b db6c e3ab db4b d32c db4b db2a d2eb cb0c caaa cacb caaa ca69 ba49 b1c9 a188 a1a9 aa0a b24a ba29 b22a b20a ba6a c2eb caab c28b c28a c28b c2ab ba2a a9ea aa4b baed cb4e d38d dbae d38d d38e d38d d3ad d36e caec cb0c cb4e cb4e d32c cbcf d430 d42f c36d b28b aa4b b26c c2ec cb0d d38d dbce d3ce d3cf d3cf dbce dbf0 d3ef d3ce d3ae cbce cbce cbcf cb0d d38d d3ef d410 d3cf d410 d430 d42f d40f d3ce cbae cbaf c38f c34f d38e d40f dc8f d492 cbf0 c34e cb4d d40f d491 dc72 e490 e4d1 e512 dd12 dcf2 dcb1 dc91 dc71 dc71 dc71 dc71 dc91 dcb1 dcb2 dcb2 dcb1 dcb2 dcd1 dcb1 d491 d451 dc30 dc70 dcb0 dcf1 dcf3 d4b2 d431 dc2f d44f d491 dcb1 dcd1 dc92 dc50 dc90 d4b1 d451 d430 dc90 dcd1 dcf2 dcf1 dcd1 d40e cbef cc31 d471 d471 d4d3 d4f3 d4f2 d513 dcd1 d4f2 dcd2 d4d1 dd12 dd13 dcf3 dcd2 dd32 d574 dd74 dd75 dd74 dd74 d554 d4f3 d4f2 d513 d513 d533 d513 d513 d4f3 d4f3 d513 d4f3 d4b3 d492 d4b1 dd34 dd34 d534 dd34 d534 d513 d512 d513 cc73 cc0f d4d1 d472 cbf0 cc90 cc72 cc72 cc91 d512 d574 ddd5 e636 e614 e5d3 e591 dd72 d533 d512 dd73 ddb4 ddd5 ddd4 ddb5 ddd6 ddf6 ddf6 e657 e657 ee36 e616 e616 e5f5 e5f5 e616 e5f5 e5f5 ddd5 ddb5 dd94 ddb5 ddd5 ddb5 ddb5 ddd5 ddd6 ddf5 ddd5 ddd5 ddf6 ddf6 e5f6 e5f6 ddf6 de16 ddf6 ddf6 ddf6 ddf6 de16 e617 e616 e616 e616 e637 e637 e616 e637 e657 e657 e637 e615 e637 e636 dd33 d4d1 d44f cc2f cc0f cc31 cc51 d471 d4f2 d574 dd94 d4b0 c36d c36e cbcf d491 dd33 dd94 e5d4 e5f4 ee55 eeb7 d5f6 9229 50a7 50c9 5088 5067 5087 5909 614a 6149 58a8 58a8 60a7 60a7 58c7 60e8 6108 60a7 58a7 58a7 5887 58c8 5867 5866 60a7 60a7 60c8 60a7 5887 5887 5888 58a8 60e9 712a 796b 79ac 818c 920c a28e b32f cb8f d3ae d3ef d3ef d3f0 d3ce cbcf cbaf cbaf cbcf cbf0 cc30 d430 d450 d450 d430 dc4f dc4f d450 d450 d470 dc6f d450 d42f d42f d44f d46f dc50 dc50 d44f d430 d450 d470 d470 d44f d450 d44f d44f d42f d450 d44f d44f d44f d430 d450 d44f d44f d44f d44f d470 d450 d44f d46f d430 d42f d42e d44e d450 d450 d42e d42f 
aa09 aa09 aa09 aa0a a9e9 a9e9 aa09 aa4a a1e9 a1e9 a20a a20a a22a a209 a9e9 a209 a209 aa09 a9e9 a1e9 a9e9 b209 b229 b1e9 b209 b20a ba49 c2aa caeb d32b db4c dbac e3ee e40d e40c e44d ec6d ec6e ec8e ecce ecad ec8f ec8e ecaf ecae ecce ecae ecae ecaf ec6e ecaf ec8f ec6d ec4d ec4d e42d e3ec e3ab e38c db2a d30b ca8a ba49 aa0a 99c9 99a9 9188 9168 9168 9168 9148 9968 99c9 a1a9 a1e9 a9ea a1ea a9e9 aa0a a9ea aa2a aa4a aa4a b209 aa2a a9e9 a9e9 aa0a b209 b209 b209 b1e9 b209 aa09 aa09 aa09 aa0a b1e8 b1e9 aa09 a9e9 b209 aa29 b229 aa09 b229 b209 b209 b22a b24a b209 b1e9 b209 b209 aa09 a1ea a1ca 998b a1e9 dc2c f6b6 fe93 fded fd2d f54f f5cf f4eb e3ed e42f ecad e42b e3ce dc2e dc2d e38b db6b dbce db6b db2b d30b db2b db6b db0b d2ca caaa c22a b209 aa0a aa0a b24a b20a a988 a168 aa0a b28a c28a c28a ba6a ba8b ba6a c26a ba29 b22b b28c c36d cbae d36d d34d d34d d36d d38e d34d d34d d36d cb4d cb0d d32d d36e d38e d410 cbee bb4d aa8c b26c baac bacd cb2d d36d d38d d36d d3ae dbee d3ce dbce dc0f d40f d3cf cbae cb8d cb6e d3af cb8f cb8e d3ae d40f d450 d451 d3ef cb4d cb8e cbd0 cbd0 cbd0 d3ef d3f1 d38f d3cf d3ce d3ce d3cf cbf1 d3d0 dbee dc6f dcb1 dcb2 dcb2 e4b2 dcb1 dcd2 dcb1 dcb1 dcb1 d472 dc71 d450 dc51 dc70 dcd1 dcd2 dcb1 dcb1 dcf2 dcb2 dcd1 d4b1 d450 d410 dc2f dc6f dcb0 dcf1 dcf4 d472 dc50 dc50 dc70 dcb1 dc91 dc90 dc91 d4d1 d4f2 d4b2 d451 dc6f d490 d430 cc10 cbf1 cc11 cc70 d492 d492 dc92 dcb2 dcd2 dd13 dd13 dd11 dcf2 dcf2 dcf3 dcb0 dcf3 dcb3 d4b2 dcf3 dd74 dd95 dd75 dd54 d534 d514 d514 d4d3 d4d2 d512 d513 d513 dcf2 d4f3 d4f3 d4d2 d4d2 d493 d492 d491 dcd2 d554 d574 dd53 d514 d4f3 ccd2 ccd3 c411 cc2e cc71 c411 c3f0 ccb2 d512 dd94 ddf6 e615 e5f4 e5b2 dd31 d4f0 d512 dd93 dd93 ddd4 ddb4 dd95 ddd6 ddd6 ddf6 e636 e657 e656 ee36 ee16 e616 e5f6 e5f6 ddf5 ddd5 e5f5 e5d5 ddd5 ddb5 ddb5 ddb5 ddb5 ddb5 ddb5 ddd6 ddd5 ddd6 ddd6 ddd6 ddf6 e616 e616 de16 ddf6 de16 e617 e616 de16 ddf6 de16 de16 e616 e616 e5f6 e617 e657 e637 e617 e637 e657 e657 e636 e636 e657 dd73 d490 d470 cc10 cbef cc50 d492 d4d1 dd12 ddb4 dd93 d42e c32b bb2d c38f cc30 d4b2 dd54 dd74 e5b4 e5f4 ee75 e677 bc2f 60c7 4867 5088 50a8 5067 5066 58a8 58c7 614a 58c8 58c7 616a 6128 60e7 60c7 60a7 5887 5887 5887 5887 58a7 5887 6087 60a7 60c7 60c7 5887 5888 58c8 58a8 60e9 692a 716b 81ab 81ac 91ec a2ae b30f c390 cbd0 d3ef d3ef d3ef d3cf d3af d3af cbaf cbcf cbef cc30 d451 d450 d450 d470 d450 d46f d44f d470 d470 d46f d450 d42f d42f d430 d450 d470 dc50 d450 d450 d470 d44f d44f d44f d44f d470 d44f d46f d42f d430 d450 d450 d42f d450 d44f d44f d450 d44f d450 d450 d44f d44f d44f d42f d44f d42f d42f d42f d44f d44f d450 
aa09 aa09 a9e9 a209 a9e9 a1c9 a209 a1e8 99e9 a1e9 a9e9 a1c9 a1c8 a1e9 a209 a1e9 a1e9 aa09 aa09 a9e8 aa09 aa09 aa09 b20a aa09 b229 c269 c2aa caeb d32b db6b e3ac e3ec e3ed e42c ec2c ec4d ec8e ec8e ecae ecae ec8f ec8e ecaf ec8e ecae ecae ecae ecaf ec8d ecae ecae ec8e ec6d ec4d ec0c e3ec e3cc e38b d32b d2ea ca89 ba49 aa2a a1c9 99a9 9148 9148 8969 9168 9148 9988 99a8 99a9 a1e8 a1ea a1c9 a1e9 aa0a a9e9 aa09 aa09 aa6a aa09 aa29 b209 aa09 b209 a9e9 aa09 b1e9 aa2a aa09 a9e9 aa09 aa09 b1e9 aa09 a9c8 aa09 aa09 aa09 aa08 b209 b209 b228 b209 b209 b209 b249 b229 b1e9 b209 a9e9 aa09 a1ea a189 998a aa29 dc8d feb5 fe31 f56e f570 f58e f50c ec4c ecef ecee ec0c e38b ecce ed2e ec4c db6b db6c dbcc db0a d32b d3ad db8b db4b d2ea ca8a c249 ba09 b22a b22a b22a b1e9 a1c9 a189 a20a b229 ba8a ba6a ba2a ba4a ba6a b209 b1a9 b20a baed cbae d3ae d3ae d38d d34c cb2e d32d d34c d34d d32c d32c cb6d cb4e d34d d3ce d40f c36e b26a b2cc b2cd b2ac c2ec cb6e d34d d34d d34d d36d d3ae dbee dc10 d3ef d3ce d3cd d3ae cbae cb6d cb2d d38d d3cf d40f d3f0 d410 cbac cc30 cbaf c36f cbcf d451 d450 d450 d410 dc0f d3ef cb6e cb2d d36d d450 dcb1 dc92 d3f0 d3f0 dc50 dc90 dc91 dc91 dc51 dc50 dc50 dc91 dcd2 dcd2 dc92 dc92 dc71 dc51 dc90 dcb1 dcd1 d4b1 dc91 dcd1 dcd1 dc91 dc70 d450 d430 d410 dbef dc6f dd33 dcf3 dcb2 d451 dc50 dc70 dc90 dcb0 dcd2 d4f2 dcd0 d470 cc31 cbae cc10 cc71 cc72 d4b2 d4b2 d470 d4b1 d4f3 d4b2 d492 d4b3 dcb1 dd12 dcf2 dcd1 dd32 dcf4 d470 dc90 d514 d493 d491 d512 dd53 dd74 dd74 dd33 d513 d513 d4f3 dc92 d4b1 d4d1 d4f2 d4d3 d4f3 d4f3 d4f3 d491 d4b2 d4f3 d493 d472 d4f3 d555 d514 d4f3 ccd3 c4b2 c471 c432 c3d0 cc31 cc92 ccf4 dd94 e5f5 ee36 e5f5 dd51 dd32 d512 d533 dd53 dd74 dd33 dd53 e5b4 ddd6 de16 de37 e657 e636 e636 ee36 e616 e616 e615 e615 e616 e5f6 ddd5 dd94 dd74 dd95 ddd5 ddd5 ddd5 ddb5 ddb5 dd95 ddb5 ddd5 ddf6 e5d6 ddd6 ddf6 ddf6 e616 de16 e616 de16 e616 e616 e616 de16 de16 e617 e637 e616 e5f6 e617 e637 e657 e657 e637 e637 e657 e636 e656 e657 e5d4 d491 cc2f cc30 cc31 cc51 d491 d4d1 dd52 dd93 dd52 cbee bb0c bb0c c38e cc10 d471 dcd3 dd33 dd73 e5d5 e655 eed7 d5f6 8a0a 5067 4867 4867 5067 5067 5087 5066 5887 58e8 58a7 60c7 61ca 6169 6108 60c7 5887 5887 5867 5067 5866 58a7 5887 60c7 68c7 60c7 60a7 5887 5888 58a8 58c9 60e9 692a 796b 81ab 91ec a26d b32f c390 d3af d3ef d40f d3ef d3cf d3cf cbcf d3ae cbcf cbcf cbf0 d430 dc30 d470 d470 d470 d470 d470 d470 d470 d470 d46f cc70 d470 d44f d430 d470 d46f d42f d42f d42f d450 d44f d46f d46f d44f d44f d470 d46f d450 d42f d430 cc30 d42f d42f d44f d44f d42f d44f d44f d470 d450 d44f d470 d44e d46f d44f cc0f cc2f d44f d42f d450 
a9e8 a9e9 aa09 aa29 a9c9 a9a8 a9e9 a1e8 a1e9 a9e9 a1c9 a9e9 a9e9 a1e9 aa09 a1e9 a1c9 a9e9 aa09 a1e9 a9e8 aa09 b1e9 a9e9 b209 b229 ba6a caab d30b d32b db6c db8c e3ab e3ec e42d e44d ec4d ec8d ec8e ec8e ec8e ecaf ecae ecae ecae ecce ecae ecae ecae ecae ecaf ec8e ec8e ec6d ec6d ec2c ebec e3cc e3ac db4b d2ea ca89 ba49 aa29 a1e9 9988 9148 9148 9169 9169 9949 9969 a188 a1c9 a1c9 a1c9 a9e9 a1e9 a22a a9e9 a9e9 a9e9 aa0a aa09 aa09 b22a b209 b209 aa09 aa09 a9e9 aa09 a9e9 a9e9 aa09 b209 a9e9 aa29 aa0a aa09 a9e9 a9e9 aa09 b209 b209 b229 b209 b209 b229 b229 aa08 aa09 aa08 a9e9 a9e9 a1a9 99a9 998a aa29 e4ef feb5 fe11 f5ef f5ae f4cc ecce ed0f f4cd ec2b e40d e40d ec8c ec0b db4b dbcc e3ec db6b d2eb db6c e3cc db4b d38d cb2b caaa ba29 b229 b24a b209 aa09 a1ea aa0a b22a b28a ba29 b22a b26b b24a ba29 b1e9 a9aa aa0b bb0d d3ae d3ae d3ae d38e d36d d36d cb6d cb4d caec d32c cb6e cb0c d34d d3ce d3cf cb2c baeb b2cb aa6b baac c2cc bb0d cb6e d3ce d3ce d38e d36e d34d d38d d3ce d3ef d3ee cbd0 cb2d cb4d d3ae d3ce cb8e cb4d d36d d3cd d450 cbaf c2cb cbcf d3f1 d3f0 d410 dc2f dc50 dc30 d430 d3af d36d cb4d cb4f d3af dc2f dcb0 dcd1 dcb2 d452 d431 d3ef d3ef dc30 dc30 d431 dbf0 dc30 dcb1 dcd1 dcf3 dd14 dc91 dc50 dc50 dc90 dcb1 dc90 dc70 dc50 dc50 d470 d471 dc71 d470 d451 d410 dc0f dc6f dcb0 dcf1 dcf2 d492 d491 dc70 dc4e dc4f d430 d3ee cc71 cc94 cc11 cc50 d490 d4b2 d491 d4d0 d4b2 d4b1 dcd1 dcd2 dcd2 d4b2 d473 dc91 dd13 dcf3 dcf1 dcd2 d492 dc50 dcd2 dcd3 d4b2 d4b2 dcb1 dd32 dd53 dd34 dd13 dcf3 d4d2 d4d3 d4b2 d492 d4b1 d4d1 d534 d4f4 d4d3 d472 d470 d4d2 d4f4 cc93 d491 d513 d4d3 d4d2 cc92 cc52 bc32 cc93 cc92 d533 ddb4 e615 e5f3 e592 e551 dcd0 d4b0 d553 dd73 dd73 dd94 ddb4 dd95 ddd6 ddf6 e617 e657 e677 ee56 ee36 e616 e636 e616 de16 ddf5 e5d5 ddd5 ddd5 d595 dd95 ddb5 ddd5 ddd5 ddd5 ddd5 ddb5 ddd5 ddb5 ddd5 ddd5 ddd6 e5d6 e5d6 ddf6 e616 e616 de16 e616 de17 ddf6 e5f6 ddf6 de16 de17 e617 e617 de17 e616 e617 e637 e657 e657 e657 e637 e637 e636 e657 e615 d4d0 cc0f cc0f cc50 cc91 d4b1 d4d2 dd33 dd93 d4d0 c38c b32d bb4e bb8e cbef d492 dcd3 dd13 dd13 dd53 e5d5 ee96 eeb8 c512 60e8 4847 4867 4867 5067 5047 5867 5887 5887 58c8 58c7 60e8 6129 58e8 60e8 58a7 58a8 5887 5067 5087 58a7 58a7 60c8 60c7 60a7 60a7 60c7 5887 5888 5888 60e9 692a 712b 794a 89cc 9a4d aaee bb6f cbef d3ef d40f dc0f d3cf d3cf d3af cbd0 cbaf cbcf cc10 d450 d450 d450 d44f d450 d46f d490 d450 d450 d470 d450 d490 d490 d46f d42f d44f d46f d430 d42f d430 d450 d44f d44f d46f d450 d44f d44f d470 d46f d450 d44f d44f d44f d44f d44e d42f d42f d42f d42f d40f d46f d450 d46f d44f d42f d44f d42f cc50 cc4f d470 d42f d430 
a9e8 a9e9 aa09 aa29 a9c9 a9a8 a9e9 a1e8 a1e9 a9e9 a1c9 a9e9 a9e9 a1e9 aa09 a1e9 a1c9 a9e9 aa09 a1e9 a9e8 aa09 b1e9 a9e9 b209 b229 ba6a caab d30b d32b db6c db8c e3ab e3ec e42d e44d ec4d ec8d ec8e ec8e ec8e ecaf ecae ecae ecae ecce ecae ecae ecae ecae ecaf ec8e ec8e ec6d ec6d ec2c ebec e3cc e3ac db4b d2ea ca89 ba49 aa29 a1e9 9988 9148 9148 9169 9169 9949 9969 a188 a1c9 a1c9 a1c9 a9e9 a1e9 a22a a9e9 a9e9 a9e9 aa0a aa09 aa09 b22a b209 b209 aa09 aa09 a9e9 aa09 a9e9 a9e9 aa09 b209 a9e9 aa29 aa0a aa09 a9e9 a9e9 aa09 b209 b209 b229 b209 b209 b229 b229 aa08 aa09 aa08 a9e9 a9e9 a1a9 99a9 998a aa29 e4ef feb5 fe11 f5ef f5ae f4cc ecce ed0f f4cd ec2b e40d e40d ec8c ec0b db4b dbcc e3ec db6b d2eb db6c e3cc db4b d38d cb2b caaa ba29 b229 b24a b209 aa09 a1ea aa0a b22a b28a ba29 b22a b26b b24a ba29 b1e9 a9aa aa0b bb0d d3ae d3ae d3ae d38e d36d d36d cb6d cb4d caec d32c cb6e cb0c d34d d3ce d3cf cb2c baeb b2cb aa6b baac c2cc bb0d cb6e d3ce d3ce d38e d36e d34d d38d d3ce d3ef d3ee cbd0 cb2d cb4d d3ae d3ce cb8e cb4d d36d d3cd d450 cbaf c2cb cbcf d3f1 d3f0 d410 dc2f dc50 dc30 d430 d3af d36d cb4d cb4f d3af dc2f dcb0 dcd1 dcb2 d452 d431 d3ef d3ef dc30 dc30 d431 dbf0 dc30 dcb1 dcd1 dcf3 dd14 dc91 dc50 dc50 dc90 dcb1 dc90 dc70 dc50 dc50 d470 d471 dc71 d470 d451 d410 dc0f dc6f dcb0 dcf1 dcf2 d492 d491 dc70 dc4e dc4f d430 d3ee cc71 cc94 cc11 cc50 d490 d4b2 d491 d4d0 d4b2 d4b1 dcd1 dcd2 dcd2 d4b2 d473 dc91 dd13 dcf3 dcf1 dcd2 d492 dc50 dcd2 dcd3 d4b2 d4b2 dcb1 dd32 dd53 dd34 dd13 dcf3 d4d2 d4d3 d4b2 d492 d4b1 d4d1 d534 d4f4 d4d3 d472 d470 d4d2 d4f4 cc93 d491 d513 d4d3 d4d2 cc92 cc52 bc32 cc93 cc92 d533 ddb4 e615 e5f3 e592 e551 dcd0 d4b0 d553 dd73 dd73 dd94 ddb4 dd95 ddd6 ddf6 e617 e657 e677 ee56 ee36 e616 e636 e616 de16 ddf5 e5d5 ddd5 ddd5 d595 dd95 ddb5 ddd5 ddd5 ddd5 ddd5 ddb5 ddd5 ddb5 ddd5 ddd5 ddd6 e5d6 e5d6 ddf6 e616 e616 de16 e616 de17 ddf6 e5f6 ddf6 de16 de17 e617 e617 de17 e616 e617 e637 e657 e657 e657 e637 e637 e636 e657 e615 d4d0 cc0f cc0f cc50 cc91 d4b1 d4d2 dd33 dd93 d4d0 c38c b32d bb4e bb8e cbef d492 dcd3 dd13 dd13 dd53 e5d5 ee96 eeb8 c512 60e8 4847 4867 4867 5067 5047 5867 5887 5887 58c8 58c7 60e8 6129 58e8 60e8 58a7 58a8 5887 5067 5087 58a7 58a7 60c8 60c7 60a7 60a7 60c7 5887 5888 5888 60e9 692a 712b 794a 89cc 9a4d aaee bb6f cbef d3ef d40f dc0f d3cf d3cf d3af cbd0 cbaf cbcf cc10 d450 d450 d450 d44f d450 d46f d490 d450 d450 d470 d450 d490 d490 d46f d42f d44f d46f d430 d42f d430 d450 d44f d44f d46f d450 d44f d44f d470 d46f d450 d44f d44f d44f d44f d44e d42f d42f d42f d42f d40f d46f d450 d46f d44f d42f d44f d42f cc50 cc4f d470 d42f d430 
a9e9 a9e9 aa4a aa6a aa09 a1e9 aa0a a1e9 a1e9 a1e9 a209 aa29 aa09 a9e9 a9e8 a1e9 a9e9 a9e8 a9e9 a9e9 a9e9 a9e9 a9e9 aa09 b209 b24a c28b c2ab caeb d30b db4b e38b e3cc ec0d ec2d ec2d e46d ec6d ec6e ec8e ecce ecaf ecae eccd ecaf ecaf ecae ecaf ecce ec8f ecaf ecae ec8e ec8e ec4e ec2d e3ec e3cc e3ac db6b d30b c28a ba49 aa2a a1c9 9988 9148 9148 9148 9168 9188 9988 a1a9 99ea a209 a9e9 a9c9 a209 aa0a a9e9 a20a aa09 aa09 aa0a a9e9 aa09 a9e9 aa09 aa29 aa09 a9c8 a9c8 a9e9 a9e9 aa09 a9e9 a9e9 aa09 aa09 aa09 aa09 b209 b209 aa09 b22a b22a b209 a9e9 b209 a9e9 aa09 aa09 aa09 a9e8 a1c9 a1a9 a189 9969 b249 edb2 fed6 fe31 fdad fccc ed0f f54e f50c ec4d e42e ecad ec2c e3aa dbad dbac e3ab e3ab db6b db8c db2b d2ca d32c dbed db0a ca6a ba4a c289 ba6b b209 aa09 b24b b24a ba6a ba49 ba6a ba6a ba4a ba2a ba2b aa2b b28c c30d d38d db8e d38d d38e d36d d34d d34d d36c cb2d c2ac cacb cb2d cb6e d3af cbcd c32b b28b aaad b30d baec baac c2cd cb4d d38e d38e d3ce d3ae d3af d38d d38d d38d d36d d3ae d3af cb4d cb4d d3ae d3ad d3ae cbd0 c36e c2eb cbae c36f bb0e cb8d d40f dc50 dc10 d3f0 d40f d410 d3cf cb6e cb8e d3f0 d411 d3d0 d3ef dc2f dc2f dc70 dcb1 d472 d431 d3f0 d3af d3ad d450 dc72 d451 dc30 dc4f dd11 dd32 dcf3 dc51 dc30 d40f dc50 dc30 dc30 d42f d430 dc70 dc90 dc90 dc91 dc91 dcb1 d471 dc30 dc2f dc6f dd11 dcf2 dc70 d38d cb6d cbcf cc11 cc32 d490 d512 d4f2 d492 d451 d451 d450 d491 d4b2 d470 dc30 dc91 dcb1 dcf3 d4b4 dc51 dcd1 dd13 dcb2 dc90 dcb2 d451 dc51 dcb1 dcf3 d4d3 dc71 dc70 dcd1 dcd1 d4d2 d4b3 d4b2 d513 d4d3 d4b3 d472 dc91 dcd2 d4f3 d4d3 ccb2 cc72 d430 d4d2 cc93 cc31 cc71 cc2f cc51 cc71 cc71 ccd3 dd74 e5b4 e614 edf4 e592 dd10 dcd1 d4b1 d4f1 d552 dd73 dd93 dd74 ddb5 ddf7 e615 e615 e636 e656 e656 e636 e615 e615 e615 ddf5 ddf5 ddd5 ddb5 ddb5 ddb5 ddb5 ddf5 ddd5 ddd5 ddd5 ddd5 ddb5 ddd5 ddb5 ddb5 ddd5 ddf6 ddf6 ddf6 e5f6 ddf6 de16 de16 e5f6 e616 e616 de16 ddf6 ddf6 e617 e617 e616 e637 e636 de37 de37 de37 e637 e657 e657 e657 e657 e676 e656 e657 dd11 cc30 cc30 cc50 d491 d4b2 dd12 dd74 dd52 d44f c36d bb4d bbaf c410 cc30 d4b2 dcd2 dcd2 dcf3 dcf3 dd53 e635 eed7 de57 a30c 5087 4847 4867 5087 5087 5887 5067 5867 58a7 58c8 58c8 58a7 60a7 58c8 58c8 58c7 5867 5887 5067 5887 58a7 58a7 60e8 60e8 60c8 58a7 58a7 5888 58a8 60c9 610a 714b 79ab 818b 9a0d aaef bb4f cbcf d410 d430 d40f d3cf d3af cbaf cbaf cbaf cbcf cbef cc0f d430 d450 d450 d450 d44f d470 d470 d470 d470 d450 d450 d450 d46f d470 d42f d44f d42f d44f d42f d450 d450 d450 d450 d450 d44f d46f d450 d470 d44f d46f d44f d42f d42f d44f d42f d430 d44f d44f d42f d430 d44f d450 d42f d42f d430 d42f d42f d450 cc4f d44f d44e d470 
aa09 aa09 aa09 aa0a aa09 a9c9 a1e9 a1e9 a1e9 a1e9 a1e9 a9e9 a9e9 a9e9 a9c8 a1c9 a1e9 a1c9 a9e9 aa09 b1e8 a9c9 a9ea aa0a a9e9 b24a c26a c2aa cb0b db4b db4b e38b e3cc ebec e42d e42d e46d ec6d ec8e ecad ecce ecae ecae ecce ecaf ec8f ecae ecae ecae ec8d ecae ecae ecad ec8e ec6d ec0d e3ec e3ac e38c db4b d32b c2aa ba4a aa2a a1e9 99ca 9169 9148 9169 9189 9189 9989 a1a9 a1a9 a1e9 a9c9 a9c9 a20a aa09 a9e9 aa0a aa09 a9e9 b1e9 a9e9 aa09 a9e9 aa09 a9e9 aa09 b1c8 a9e9 b209 aa09 a9e9 b1e8 aa09 a9e9 b1e8 aa29 b229 b24a b249 aa09 b209 b229 b209 a9e9 b229 aa09 aa09 aa09 a9e9 a1e8 a1c9 a1a9 a189 a169 c2ea f633 feb4 fdcf f52d f50f f58e f52d ec6c ecce ed2f ecac e3ad db6c e46d e44c db6c db8d dbac db2a caaa cb0c d38c db8c d2cb caaa c2ab ca69 c28b ba6a b26a ba6a b209 b22a b22a ba6a ba4a b9e9 b1c9 ba8c c32e cb6d d3ae d3ae d38e d36d d38d d36d d34c cb4d cb2d cb2d caeb c30d c30d d3cd cc0f baec aa0a b2ac c32e c30d c2cd cb2d cb8e d38e d38e d38d d36c d38e d3cf d3f0 d38e d32c cb2d d36d d38d cb6d d38e d40f cb8e cb2c cb8d c32d bb4e cb8e cbcf cbf0 d3cf d3ae d40f d40f d3cf d36d d34d cb2d d38f d430 dc50 dc70 dc91 d472 d3f0 d3ef dc0f dc50 dc51 d450 d431 d411 d3f0 d3ef dc2f dc71 d492 d431 dc4f dcb0 dc91 dc91 d431 cbf1 d412 d451 d431 d430 d470 dc51 dc71 dc50 dc90 dcb1 dcd1 dcd1 dcb2 dc2f d40e d44f d42f cb8f c34e c3b0 cc30 d4d1 d4f3 dcb3 dc70 dcb0 dcb1 dc91 d492 d491 d4d1 d4b1 d491 d431 d430 dc50 dcd2 dcf2 dcd3 dc71 dcd1 dd14 dcb3 dc91 dc71 d492 dc50 dcb0 d4d2 d4b2 d451 d450 d451 d450 d491 d4b2 d4f3 d4d3 d4d3 d4b2 d472 d451 d491 d4f2 d4d2 d472 cc11 cc0f cc92 c432 c3f1 c3cf cc30 d4b1 dd32 e5d5 e5f5 e5d3 e591 dd11 d4b1 dd11 dd52 dd32 dd52 dd94 ddb5 e5d5 e5f5 e636 e636 e635 e615 ee35 e615 e615 e615 e5f5 e5f5 e5d5 ddd5 ddd5 ddd5 ddb5 dd94 ddb5 ddd6 ddd5 ddd5 ddd5 ddd5 ddd5 ddd5 ddf6 ddd5 ddd6 ddd6 ddf5 ddf6 ddf6 e5f6 e616 e637 ddf6 e616 e617 e616 ddf6 e617 de16 e617 e637 e616 de17 e637 e637 e637 e657 e657 e658 e658 e657 e677 e657 e677 dd93 cc50 cc10 cc10 cc51 d4b1 d513 dd53 dd11 cc0e c36d bb8f cc10 d450 d492 d4d2 d4d2 d492 d471 dcd2 dd54 e5f5 eeb6 eed8 cd33 6948 4867 4887 50a8 5088 5087 5888 58a7 5887 58c7 58a8 58c7 58c7 60c8 60c7 58c8 616a 58c8 5067 5067 5887 5887 5887 60c8 60c8 60c8 58c7 58a8 5888 60c9 60c9 692a 714b 796b 920d aaae b32f c38f d3f0 d430 d40f d3ef d3cf cbcf cbae cbd0 d3cf d3af cbef d430 d430 d450 d450 d450 d46f d46f d44f dc6f d471 d450 d44f d44f d42f d450 d42f d42f d42f d42f d42f d42f d430 d450 d450 d42f d44f d46f d450 d44f d42f d44f d44f cc2f d44f d44f d42f d42f d46f d46f d44f d44f d44f d44f d42f d42f d42f d450 cc2e d44f d42f d42e d42e d450 
a1ea a1e9 a9e8 aa2a aa2a a1e9 a1c9 a1e9 a1e8 a1e9 a1e9 a9e9 a1e9 aa09 aa09 a1e9 a1e9 a1c9 a1e9 a9e9 a9c8 a9e9 aa0a aa09 b229 b24a c249 caaa d30a db0b db4b e36b e3cc e3ec ec2d ec4d ec6d ec6e ec8e ecae ec8e ec8e ec8d ecaf ecae ec6e ec8e ecae ecae ecad ec8e ec8e ec8d ecaf ec6d ec2d e3ec e3cc dbac db6c d30a c2ab b24a aa2a a1c9 99a9 9189 9128 8969 91a9 9989 9989 a1c9 99e9 a1c9 a1e9 a9c9 a9e9 aa09 aa29 b209 b209 a9e9 aa0a aa09 aa09 a9e9 b1e9 aa09 a9e9 a9e9 b209 b229 aa09 aa09 b229 b1e9 a9e9 aa09 aa09 b209 b209 b209 a9e9 aa08 aa09 b1e9 b209 b229 aa29 aa29 aa09 a9e8 a9c8 a9c9 a189 9969 a169 c30a f613 fe52 fdae f5d1 f5cf f52d f50e ed6f f58f f4ed ec4c e44e dc0e e3eb e3aa e40d e48e dbab d2eb d30b dbcb db6b db6c d3ad d32a d2aa ca6a cacb c2aa c26a b26a b209 b24b b24a b20a a9e9 a9ea b24b cb0c d32d d32c d3ad d3ae d38e cb4e d34d d34c d34d cb0c c32d cb2d cb6e d36e cb6d c32c baab b24b b26c c2cc caeb bacc c32d d3cf d3ef d3ae d3ae d36d d34c d3ce d40f d40f cb8e cb2c cb2d cb6e d3ad cbcf cbcf cb4b c34d baed c30d cb6e d3af d3ce dbee d430 d40f cbae cbaf d3cf d36e caeb cb2d cb8f d3cf dc2f dc50 dc70 dc50 dc50 dc30 dc10 d3ef d3ce d3ef dbef dc30 dc91 d492 d410 d3cf d3ee dc4f d450 d431 d3af d3ce d3ef d3f0 c3b0 c433 d473 dc72 dc52 dc92 dc92 dc92 dc70 dc90 dcb0 dcd1 dcd2 dc70 d3ef cb6e c3f0 c3d0 cc11 cc50 d451 d450 dc90 dcb0 dd32 dcb2 d450 dc2f dc50 dcb0 dcd1 dcd2 d4d1 dcd1 d492 d451 dc30 d471 dc90 dcd1 d4b3 dc70 dcd1 dcd3 d451 dc71 dcd2 d494 d431 d42f d491 d4b2 d472 d431 d430 d451 d451 d491 d4d3 d4b2 d491 d471 d431 d451 d4b2 d492 cc72 c411 c3b0 cc0f cc51 ccb2 d4d1 dd53 e594 e5f4 e5f4 e552 dcd1 dcd0 dd11 dd31 dd72 dd73 dd33 e594 e5f6 e5d5 e5d4 e615 e615 e615 e5f4 e5f4 e5f4 e5f4 e5d4 ddb4 ddb3 dd93 dd93 ddb5 ddd5 ddd5 dd95 dd94 ddb5 ddd5 ddd6 ddd5 ddd6 ddf6 ddd5 ddd5 ddd6 ddd5 ddf5 ddf6 ddf6 e616 e5f6 e617 e616 e616 e637 e637 e637 e637 e616 e617 de16 e636 e636 e637 e637 de37 e637 e637 e657 e657 e657 e657 e657 e677 e657 e5b4 d44f cc10 c410 cc30 d490 d513 d533 d46f cbae c38f cbef cc51 d4b2 dcd2 dcb1 d490 d450 cbd0 cbf0 dcb1 e5d5 ee77 eef7 de77 a34c 50c8 4888 4888 5087 50a8 50c8 58e9 5087 58c7 58c7 58a7 60a7 60e8 58a8 5888 5086 58e8 5929 58a8 58c8 5887 58a7 60c7 68e9 60c8 60a7 58a8 58c8 58a8 58c9 694b 692a 714b 818b 9a4d b30e c38f cbf0 d410 d410 d40f d3ef cbaf cbae cbaf cbcf d3ef d40f d430 d450 d430 d430 d450 d450 d46f d46f d450 d44f d450 d42f d470 d430 d430 d42f d430 d44f d42f d430 d42f d450 d42f d42f d430 d44f d46f d42f d450 d44f d42f d44f d450 d44f d44f d44f d42f d44f d44e d44f cc4f d44f d42f d44f d42f d42f d44f d44f d450 d44f d44f d450 d42f d44f 
a1ea a1e9 a9e8 aa2a aa2a a1e9 a1c9 a1e9 a1e8 a1e9 a1e9 a9e9 a1e9 aa09 aa09 a1e9 a1e9 a1c9 a1e9 a9e9 a9c8 a9e9 aa0a aa09 b229 b24a c249 caaa d30a db0b db4b e36b e3cc e3ec ec2d ec4d ec6d ec6e ec8e ecae ec8e ec8e ec8d ecaf ecae ec6e ec8e ecae ecae ecad ec8e ec8e ec8d ecaf ec6d ec2d e3ec e3cc dbac db6c d30a c2ab b24a aa2a a1c9 99a9 9189 9128 8969 91a9 9989 9989 a1c9 99e9 a1c9 a1e9 a9c9 a9e9 aa09 aa29 b209 b209 a9e9 aa0a aa09 aa09 a9e9 b1e9 aa09 a9e9 a9e9 b209 b229 aa09 aa09 b229 b1e9 a9e9 aa09 aa09 b209 b209 b209 a9e9 aa08 aa09 b1e9 b209 b229 aa29 aa29 aa09 a9e8 a9c8 a9c9 a189 9969 a169 c30a f613 fe52 fdae f5d1 f5cf f52d f50e ed6f f58f f4ed ec4c e44e dc0e e3eb e3aa e40d e48e dbab d2eb d30b dbcb db6b db6c d3ad d32a d2aa ca6a cacb c2aa c26a b26a b209 b24b b24a b20a a9e9 a9ea b24b cb0c d32d d32c d3ad d3ae d38e cb4e d34d d34c d34d cb0c c32d cb2d cb6e d36e cb6d c32c baab b24b b26c c2cc caeb bacc c32d d3cf d3ef d3ae d3ae d36d d34c d3ce d40f d40f cb8e cb2c cb2d cb6e d3ad cbcf cbcf cb4b c34d baed c30d cb6e d3af d3ce dbee d430 d40f cbae cbaf d3cf d36e caeb cb2d cb8f d3cf dc2f dc50 dc70 dc50 dc50 dc30 dc10 d3ef d3ce d3ef dbef dc30 dc91 d492 d410 d3cf d3ee dc4f d450 d431 d3af d3ce d3ef d3f0 c3b0 c433 d473 dc72 dc52 dc92 dc92 dc92 dc70 dc90 dcb0 dcd1 dcd2 dc70 d3ef cb6e c3f0 c3d0 cc11 cc50 d451 d450 dc90 dcb0 dd32 dcb2 d450 dc2f dc50 dcb0 dcd1 dcd2 d4d1 dcd1 d492 d451 dc30 d471 dc90 dcd1 d4b3 dc70 dcd1 dcd3 d451 dc71 dcd2 d494 d431 d42f d491 d4b2 d472 d431 d430 d451 d451 d491 d4d3 d4b2 d491 d471 d431 d451 d4b2 d492 cc72 c411 c3b0 cc0f cc51 ccb2 d4d1 dd53 e594 e5f4 e5f4 e552 dcd1 dcd0 dd11 dd31 dd72 dd73 dd33 e594 e5f6 e5d5 e5d4 e615 e615 e615 e5f4 e5f4 e5f4 e5f4 e5d4 ddb4 ddb3 dd93 dd93 ddb5 ddd5 ddd5 dd95 dd94 ddb5 ddd5 ddd6 ddd5 ddd6 ddf6 ddd5 ddd5 ddd6 ddd5 ddf5 ddf6 ddf6 e616 e5f6 e617 e616 e616 e637 e637 e637 e637 e616 e617 de16 e636 e636 e637 e637 de37 e637 e637 e657 e657 e657 e657 e657 e677 e657 e5b4 d44f cc10 c410 cc30 d490 d513 d533 d46f cbae c38f cbef cc51 d4b2 dcd2 dcb1 d490 d450 cbd0 cbf0 dcb1 e5d5 ee77 eef7 de77 a34c 50c8 4888 4888 5087 50a8 50c8 58e9 5087 58c7 58c7 58a7 60a7 60e8 58a8 5888 5086 58e8 5929 58a8 58c8 5887 58a7 60c7 68e9 60c8 60a7 58a8 58c8 58a8 58c9 694b 692a 714b 818b 9a4d b30e c38f cbf0 d410 d410 d40f d3ef cbaf cbae cbaf cbcf d3ef d40f d430 d450 d430 d430 d450 d450 d46f d46f d450 d44f d450 d42f d470 d430 d430 d42f d430 d44f d42f d430 d42f d450 d42f d42f d430 d44f d46f d42f d450 d44f d42f d44f d450 d44f d44f d44f d42f d44f d44e d44f cc4f d44f d42f d44f d42f d42f d44f d44f d450 d44f d44f d450 d42f d44f 
a20a a20a a9e9 aa2a aa4b aa0a a9e9 a9e9 a1a8 a1a9 a1e9 a9e9 aa09 a1e9 aa09 a9e9 a1e9 a1c9 aa09 a9e9 a9c8 aa09 b22a b1e9 ba2a ba6a ca8a d2ca daea db2b db4b e38b e3cc e3ed e42d ec2d e44d ec6e ec8e ecad ec8e ecae ecad eccd ecaf ec8e ec8e ecae eccd ecce ecaf ec8d ec8e ec8e ec4d ec4e ebed e3ac e3ac db4c daea caab ba6a aa4a a1c9 9968 9188 8928 8928 9188 9968 99a8 99c9 99c9 a1a9 a1c9 a1c9 a9e9 aa0a a9e9 a9e9 b20a aa09 aa09 aa0a a9e9 a9ea a9e9 aa2a aa09 b209 b1e9 aa09 aa09 a9e8 aa09 a9e9 a9c8 a9e9 aa09 aa08 a9e9 b209 b209 b1e8 aa09 b1c9 a9e9 aa09 b209 b229 a9e9 a9e8 a9a8 a9a8 9988 9949 a1a8 d3cb f676 fe32 fdf0 fdef f54d ed2f f570 f58e f50c ecae ec8e eccd ec4c db8c dbec ec4c ec0c db8a dc0e dbcc e34a db0b dbac dbcc d2ca caaa caca d30b ca69 c24a b24a ba49 b26a b209 a9c9 aa0a b26c cb2c cb6d cb2e cacc d2ec d34d d36d cb6e cb2d cb2c cb2c c34e cb4e cb6e cbcf cb8d c2ab b26b aa8c b2cd c2cc c28c c2cc cb2d d36d d3ce d3ae d38e d38d d3af d3af d3cf d3ae d3ae d38d cb4d d34d d3af cbcf cb6d bb2d ba6b c2ed c32e cb4e d38e d3cf d3ef d3ce d40f d451 cbf0 cb6e cb4d cb2d cb6f d3cf d430 dc10 dc10 d40f dc50 dc50 dc0f dc30 dc50 d410 d3af d3ae d3af dbef dcb0 dcd2 dc93 d431 cbd0 d3b0 d411 d452 cbf2 cb91 cbd2 c3b2 b392 bbf2 cc32 d432 d411 d472 dc72 dc70 dcd0 dcb0 dc4f d42f d3ef d3cf cc10 c412 cc11 d491 d4b2 dc71 dc90 dc71 d430 dc70 dc90 dcb1 d471 d430 d451 dc50 dc50 dc71 dcb1 dcb2 dc71 d492 dc92 dc71 d430 d450 dcf2 d492 d410 d490 d4b2 dc72 dc71 dcb2 d4b3 d472 d410 d42f d471 d492 d492 d492 d431 d431 d470 d4b2 cc91 cc71 cc31 d451 cc51 cc71 cc31 cc11 c3f1 c432 d4f2 dd74 e5d4 e5f5 e5b3 e571 dd11 dd11 d512 dcf0 dd11 dd13 dd74 ddd5 e5f6 e615 e616 e5f5 e5f4 e5f4 e5d4 e5b4 e5b3 e5b3 ddb3 dd72 dd73 dd53 d553 d533 dd74 ddb4 ddb4 ddb5 ddb4 ddb5 ddd5 ddf5 ddd5 ddd5 e5f5 ddf5 ddd5 ddd5 ddf6 ddd6 ddf6 de16 de16 e616 de16 e637 e617 e616 e637 e636 e637 e617 e617 e616 e616 e636 e617 e617 e637 e637 e657 e678 e658 e657 e657 e677 e676 e657 e5f5 d490 c3ef cc10 cc51 ccb1 d512 d4f2 cc0f c38f c3af cc31 ccb2 d4f2 d4b2 d450 cbcd c36e c36e cbd0 d451 dd53 ee36 f6d7 eef8 cd33 7148 4887 4888 4867 5067 5067 5888 58c9 50a7 58c7 60c8 60e8 58a7 60a7 58a7 6109 58c8 5087 5087 58e8 616a 60e8 60e8 6108 60e8 68e8 60c7 5888 58a9 58c8 612a 696b 694a 798b 922d aaee c3af cbf0 d410 d40f d3f0 d3ef d3ef cbcf cb8e cbaf cbaf cc10 d40f d430 d470 d450 d450 d450 d470 d470 d44f d450 d44f d450 d42f d44f d44f d430 d42f d40f d40f d42f d430 d44f d450 d44f d44f d470 d470 d46f d42f d450 d44f d42f d430 d44f d44f d450 cc4f d42f d42f d44f d44f d44f cc4f d44f d42f d42f d44f d44f d44f cc4f cc2f d44f d44f d44e d42f 
a9e9 a9e9 a209 a1e9 aa2a aa09 aa09 aa0a aa09 a9e9 a9e9 a9c9 aa0a a1e9 a9e9 a9e9 aa09 a9e9 aa09 a9e8 b1e9 b209 b209 b1e9 ba2a c26a c28a caca d2eb db2b db6b e3ac e3ac e3cc e42d e42d ec6d ec8e ecae ec8d ecae ecae eccd ecae eccf eccf ecae eccf eccd ecce ecce ecae ecae ec6d ec4d ec4e ec0d e3ac e3ad db6c d30b cacb ba8a aa6a a22a 9988 9148 9148 8948 91a8 9148 9988 99c9 a1a9 a1a9 a1c9 a1e9 a1c9 a1e9 a9e9 a9c9 a9ea aa29 aa09 a9e9 a9e9 a9e9 a9e9 a9e9 aa2a b1c9 b1c9 b1e9 aa09 b1e9 aa09 b209 aa09 aa09 aa09 aa0a a9e9 aa09 b1e8 b1e9 b209 b209 b20a b229 b209 aa09 a9c8 a9c8 a1c8 a1a8 a189 9949 a1c8 dc6c feb5 fe73 fdf0 fd8e f5b1 f611 f5ae f4cd ecaf ed72 ed0d ec8c e42e e44f ecac e44b dbce e3cc e42b e38a daca db6c e40d dbac d30a cb2c d2eb ca89 ba29 ba2a ba49 ba29 b1c9 a1a9 a9ea baec cb2c d36d db4d d36d cb0d c28b cacc d34d d36d cb4f cb0d caec cb4d cb6e cbce cb8e c2cb b26b b2ac baed c2cc c2ac c2ed cb8e d3ae d36e d34e d34d d38e d3ae d3ae dbef d3cf d34d d34c d38e cb8f cb8e cb6d c32d b28b b2ac baee c32e d34d d3af d3cf d3ee d410 cbaf d3ad d42f d3ef c30e cb2d d3af dbef d430 dc51 dc30 dc50 d410 d3ef dc0f dc2f d431 dc10 dc10 d3ef d410 d3b1 d390 d411 dc92 d493 d474 cc34 cc54 c456 c474 bc33 b3f4 b414 abd3 a3b3 a371 ab50 ab2f b30e b36f bb8f b30d c32c c36c cb4d cbcf cc52 cc52 d450 d450 d471 dc71 dc91 dcb2 dc70 dc70 d470 dc70 d470 d450 dc2f dc90 dcb1 d451 d430 d431 d430 dc90 dc70 dcb1 dcd3 dc91 d430 d410 dc70 d4b2 d493 d430 d491 dcb2 d492 dc71 dcb1 d4b2 d471 d411 d410 d470 d4d2 d4b3 d472 d411 cbce d470 cc73 cc31 cc11 c411 c3f0 cbf0 cc31 d491 d513 d573 ddb4 e5f5 e5b4 e531 dcb0 dcd2 dd11 dd73 dd93 dd33 dd54 dd94 e5f5 e615 ee36 e636 e615 e615 e5d5 ddb3 ddb3 dd94 dd73 dd53 dd73 d553 d573 d574 d574 d595 dd74 dd94 ddb5 ddd5 ddd5 ddd4 ddd5 ddf6 ddb5 ddd4 e5f6 ddf6 ddf5 e5f6 ddf6 ddf6 de17 de17 e636 de37 e637 e636 e637 e637 e637 e616 e637 e617 e616 de17 de36 e637 de37 e637 e637 e637 e677 e678 e658 e677 e657 e697 e697 e637 d4d1 c3ef c410 cc51 d4f2 d513 d490 cbce c3af cc31 d4b1 d4d0 d46f cc0e c34c bacc b2ab baed c3af d452 dd33 e5f6 ee97 f6f7 e677 a32c 5087 4847 4887 5087 5088 5087 58a8 50a8 58c8 60e8 58e8 60e8 60c8 60c7 60c8 6109 610a 58a8 58c8 58e8 6949 696a 6929 68e8 60e8 68e8 60a7 60c9 60e9 58a8 60a9 690a 796b 89ec a28e bb2e cbcf d3f0 d410 d3ef d410 d3cf d3d0 d3cf cbaf cbaf cbef d40f d430 d450 d42f d44f d450 d44f d44f d42f d44f d44f d430 d42f d450 d42f d42f d44f d44f d42f d42f d42f d44f d42f d42f d42f d42f d42f d46f d470 d44f d44f d44f d44f d430 d42f d42f d42f cc4f d44f d42f d44f d44f d44f d44f d44f d42f d42f d44f d44f d450 d44f d42f d44f d42f d42e d40f 
a9e9 a9e9 a1e9 a9e9 a209 a1e9 aa09 aa09 aa2a aa09 aa09 a9e9 a1e9 a9e9 a209 a1e9 aa09 aa09 aa09 aa09 b22a b209 b229 ba2a ba29 c22a caaa caaa d2ca db0b db4c e38c e3cd e3ed e42d e42d ec4d ec8e ec8e ec8e ecae ecae ecce ecaf ecae ecce eccf ecce ecae ecaf ecae ecae ec8e ec6d ec2d ec2e ec0d e3cc e3cd db6c d30b caeb ba6a a9e9 a1e9 9988 9147 9128 9147 9148 9148 9168 9988 9989 99c9 a1e9 a20a a1e9 a20a a1c9 a9c9 a1c9 aa09 aa09 a9e9 a9e9 a9e9 aa09 a9e9 a9e9 a9c9 a9c9 aa09 a9e9 b1e9 aa29 b209 b209 aa09 aa09 aa2a aa09 aa09 a9e8 a9c9 b1e9 aa09 aa09 a9e9 b1e9 a9e8 a9c9 a9c8 a9e8 a188 9968 9949 a1a8 dbcc fe74 fe51 fdf1 f611 fe31 fdce f50e ed50 edf2 f5b0 f46b ec4c ed2f ed0e ec4c e3cc e4ae e44c db4a d32b db6b e38b e3ab e3ad e38c e3ab daea ca8a baab ba4a ba09 b1a8 a189 a9c9 ba8a d36d db2c db8d d36d d34d cb2d c30d c2cc c2ec cb0d cb2e c32e c32c cb6e cb8e c30c b28b b28c b30e c32d c2ec c2ac c30e d3ae dbce dbad d38e cb4e cb2d d34d cb8e d3ae d38d d36d cb2d cb4e cbcf cbef c30d c2ac bb0d bb0e c2ed cb4e cb6e d36e d3cf d451 d3ef d3ef d3ef cb6e c32c caec caec d36d d3cf dbcf dc0f dc70 dc91 dc71 dc31 dc30 dc10 dbef dc30 d451 d3d2 d390 cbf2 cc33 c3f3 c3d2 c3d2 c3f2 c433 c453 c433 c494 b433 b3d1 b3f2 b3f2 ab91 a371 a351 ab70 ab6f ab90 a351 928e 8a2d 89cd 898a 99ea c3cf dcd0 dcb1 dc50 d40f dc50 dc70 dc91 dc50 dc50 dc30 d44f dc4f dc6f dc70 dc31 dc71 dc90 dc50 dc50 d451 d430 dc31 dc50 dc71 dc91 dc71 d471 d430 d3ef dc4f dcb1 d451 d431 d430 d450 d492 d492 d451 d470 d472 d432 d411 d44f d4b2 d492 cc31 c3af cbce cc51 cc52 cc31 c3f1 c3f0 cc51 d512 e5b4 e5f5 e5b3 e592 e572 dd11 d4b0 d4b0 dcf2 dd33 e594 ddd5 ddd6 dd94 e5b3 e615 e636 ee15 e616 e5f4 ddb3 ddb4 dd93 dd93 dd94 dd93 d574 d594 d594 d594 dd93 dd95 ddb5 ddd5 ddd5 ddd5 ddd5 ddd6 ddd5 ddd5 ddf5 ddd5 ddf5 ddf6 de16 ddf6 e5f6 ddf6 ddf6 e616 de37 e616 e636 e616 e617 e617 e617 e636 e616 e637 e617 e616 de17 de37 e636 e637 e637 e637 e657 e657 e657 e657 e678 e677 ee77 ee77 dd74 c410 c410 cc71 d4d2 d4b1 cc2f c3ae c410 cc70 d44e cbcd c36b b2cb a1ea a20a a26b aaad baed cbf0 dcd2 e5b5 ee77 f6f7 eef8 cd74 7169 4847 4867 4868 4867 5067 50a7 50c8 50c8 58c8 6109 6109 6109 60c8 58a8 60e9 5909 58e9 58c8 58c8 58c8 60e8 698a 6969 68e8 6108 60a8 58a8 58a8 58c8 60c9 60c9 710a 818c 9a4d b2ee c38f d3ef d40f dc0f d3ef d3cf d3cf d3cf d3af cbae cbef d40f d430 d450 d450 d450 d450 dc4f d450 d430 d44f d44f d44f d42f d44f d44f d450 d44f d42e d42f d42f d44f cc4f d44f d42e d40f d42f d44f d42f d430 d450 d42f d42f d42f d42f d42f d42f d44f d42f d44f d42e d42f d42f d42f d44f d44f cc2f d44f d44f d430 d450 d42f cc30 d42f d42f d42f d42e d42f 
a9e9 a9e9 a1e9 a9e9 a209 a1e9 aa09 aa09 aa2a aa09 aa09 a9e9 a1e9 a9e9 a209 a1e9 aa09 aa09 aa09 aa09 b22a b209 b229 ba2a ba29 c22a caaa caaa d2ca db0b db4c e38c e3cd e3ed e42d e42d ec4d ec8e ec8e ec8e ecae ecae ecce ecaf ecae ecce eccf ecce ecae ecaf ecae ecae ec8e ec6d ec2d ec2e ec0d e3cc e3cd db6c d30b caeb ba6a a9e9 a1e9 9988 9147 9128 9147 9148 9148 9168 9988 9989 99c9 a1e9 a20a a1e9 a20a a1c9 a9c9 a1c9 aa09 aa09 a9e9 a9e9 a9e9 aa09 a9e9 a9e9 a9c9 a9c9 aa09 a9e9 b1e9 aa29 b209 b209 aa09 aa09 aa2a aa09 aa09 a9e8 a9c9 b1e9 aa09 aa09 a9e9 b1e9 a9e8 a9c9 a9c8 a9e8 a188 9968 9949 a1a8 dbcc fe74 fe51 fdf1 f611 fe31 fdce f50e ed50 edf2 f5b0 f46b ec4c ed2f ed0e ec4c e3cc e4ae e44c db4a d32b db6b e38b e3ab e3ad e38c e3ab daea ca8a baab ba4a ba09 b1a8 a189 a9c9 ba8a d36d db2c db8d d36d d34d cb2d c30d c2cc c2ec cb0d cb2e c32e c32c cb6e cb8e c30c b28b b28c b30e c32d c2ec c2ac c30e d3ae dbce dbad d38e cb4e cb2d d34d cb8e d3ae d38d d36d cb2d cb4e cbcf cbef c30d c2ac bb0d bb0e c2ed cb4e cb6e d36e d3cf d451 d3ef d3ef d3ef cb6e c32c caec caec d36d d3cf dbcf dc0f dc70 dc91 dc71 dc31 dc30 dc10 dbef dc30 d451 d3d2 d390 cbf2 cc33 c3f3 c3d2 c3d2 c3f2 c433 c453 c433 c494 b433 b3d1 b3f2 b3f2 ab91 a371 a351 ab70 ab6f ab90 a351 928e 8a2d 89cd 898a 99ea c3cf dcd0 dcb1 dc50 d40f dc50 dc70 dc91 dc50 dc50 dc30 d44f dc4f dc6f dc70 dc31 dc71 dc90 dc50 dc50 d451 d430 dc31 dc50 dc71 dc91 dc71 d471 d430 d3ef dc4f dcb1 d451 d431 d430 d450 d492 d492 d451 d470 d472 d432 d411 d44f d4b2 d492 cc31 c3af cbce cc51 cc52 cc31 c3f1 c3f0 cc51 d512 e5b4 e5f5 e5b3 e592 e572 dd11 d4b0 d4b0 dcf2 dd33 e594 ddd5 ddd6 dd94 e5b3 e615 e636 ee15 e616 e5f4 ddb3 ddb4 dd93 dd93 dd94 dd93 d574 d594 d594 d594 dd93 dd95 ddb5 ddd5 ddd5 ddd5 ddd5 ddd6 ddd5 ddd5 ddf5 ddd5 ddf5 ddf6 de16 ddf6 e5f6 ddf6 ddf6 e616 de37 e616 e636 e616 e617 e617 e617 e636 e616 e637 e617 e616 de17 de37 e636 e637 e637 e637 e657 e657 e657 e657 e678 e677 ee77 ee77 dd74 c410 c410 cc71 d4d2 d4b1 cc2f c3ae c410 cc70 d44e cbcd c36b b2cb a1ea a20a a26b aaad baed cbf0 dcd2 e5b5 ee77 f6f7 eef8 cd74 7169 4847 4867 4868 4867 5067 50a7 50c8 50c8 58c8 6109 6109 6109 60c8 58a8 60e9 5909 58e9 58c8 58c8 58c8 60e8 698a 6969 68e8 6108 60a8 58a8 58a8 58c8 60c9 60c9 710a 818c 9a4d b2ee c38f d3ef d40f dc0f d3ef d3cf d3cf d3cf d3af cbae cbef d40f d430 d450 d450 d450 d450 dc4f d450 d430 d44f d44f d44f d42f d44f d44f d450 d44f d42e d42f d42f d44f cc4f d44f d42e d40f d42f d44f d42f d430 d450 d42f d42f d42f d42f d42f d42f d44f d42f d44f d42e d42f d42f d42f d44f d44f cc2f d44f d44f d430 d450 d42f cc30 d42f d42f d42f d42e d42f 
a9e9 a9e9 a9e9 aa09 aa09 a9e9 aa09 aa2a aa0a a1e9 aa09 a9e9 a20a a1e9 a9e9 a1e9 b1e9 b209 aa29 aa09 b209 ba29 b24a ba2a c229 ca49 ca8a d2aa d2eb db0b db4b e38b e3ac e3ec ec2d ec4d ec4e ec6e ecae ecae ecae ecce ecae ecae ecae ecce eccf ecae ec8e ec8d ecae ecad ec8d ec6d ec4d ec2d ec0d e3cc e3ac db4c d34c caca ba49 a9e9 a1c8 9988 9168 9148 9127 8928 9148 91a8 99a9 99a9 a1c9 a1e9 a1ea a1ea a22a aa09 a9e9 a9ea a9e9 aa2a aa29 aa09 a9e9 a9e9 a9e9 a1c9 a1e9 a9e9 aa29 aa09 aa09 aa09 aa09 a9c9 a9e8 a9e9 aa09 aa09 b209 b209 aa09 b209 b208 b1e8 b209 b1e8 a9e8 a9e9 a9e8 a1a8 a188 9968 9929 a1a8 dc4c f696 fe52 fe53 fe31 fd6e f52e f5b0 f611 fdae f48c e48f ecef f4ac ec0a e46f e48e ec6b e3ab d36c dc2f e40c e34a e36b e44f e3ec e38b daea d30b d32b c269 b1c9 a988 a9a9 ba6a cb0b cb2d caec d32c d34d d34d cb4d cb6d c30d c2cc c2cc cb0d cb8f cb6e cbad c32d aa4a aa6b bb0e c32d c2ec c2ac c30d d3cf dbce d3ae d36d d34c d34d d36d d36d d36d d38e d34c d34d cb8e cb6e c30c c2ec bacd bb0e c34e cb6e cb4f c32e cb0d cb6e d3ae d44f d451 cbb0 cb6d cb4d bb0d c30e cb6f d34e d3ae dbce dbf0 dc10 dc50 dc50 dc50 dc30 d3ef cb6f c36f bb0e aacf a26e aaae aace aaef a2ef a2ef a30f b350 b350 bb50 cbb0 cc11 cc11 d3f0 cbb0 bb0f aaef bbd1 cc11 cbcf cbae c431 b38f 9b2f 9290 818d 7108 bb2d dc91 dc90 dc90 d471 dc50 dc30 dc6f dc70 dc70 d450 d430 d430 d410 cbef cc31 cc33 d452 dc72 dc51 dc71 dc91 d451 dc51 dc71 dc71 d491 d492 d451 d3ef dbef dc2f d410 d491 d473 d3f1 d3ef d491 d4b3 d452 d430 d492 d452 cbd0 d40f d492 cc52 c3f1 c38f cbce cc31 cbf1 cc10 d4f2 dd73 e5d3 ee14 edf4 dd11 dc8f dcd1 dcd1 dcf1 dd12 dd74 ddb5 e5b4 e5f5 e5f6 e5b5 e5d4 edd3 e5f5 e5f4 e5f5 ddd4 dd94 ddb3 dd94 dd94 dd94 ddb4 ddb5 ddb4 dd94 dd94 ddb5 ddb5 ddb5 ddd5 ddd6 ddd6 ddf6 ddd6 ddf6 ddd5 ddf6 ddf5 ddf6 ddf6 e5f5 ddf6 e616 e616 e616 e616 e616 e616 e616 e637 e637 e617 e617 e616 e637 e637 e637 e617 de16 e637 e637 e636 e637 e657 e657 e678 e677 e677 e658 e677 e678 e5b4 cc2f c431 cc92 d4d2 d470 cc0f c430 cc50 c40e bb2b b249 a229 9a4a 9a2a 99ca 9a0b aa8b b30e c38f cc72 dd74 ee57 f6b7 f6f7 e677 ab8d 58a7 4867 4867 4867 4847 5067 5087 58a7 58e8 58c8 58c8 60a7 60c8 58a8 58a8 58a7 58a8 58a8 5888 5887 58a7 6109 6949 6928 60c8 60c8 60c8 6129 612a 60e9 610a 712a 792a 920c aaef bb6f cbf0 d40f dc2f d3ef cbcf d3ae d3cf cbae cbcf cbcf cc0f d430 d42f d44f d450 d470 d44f dc4f d46f d450 d44f d450 d44f d42f d450 d42f d430 d450 d42f d42f d40f d42f d42f d42f d42f d430 cc30 d450 d44f d44f d42f d42f d44f d42f d44f d42f d42f d42e d44f d44f d42e d42e d44f d44f d44f cc4f d42f cc4e cc4f d44f d40f cc2f cc2f cc50 cc2f d44f cc2f cc2f 
aa2a aa0a a9e9 aa09 aa09 aa0a a9e9 a209 a9e9 a1e9 aa09 a9e9 aa2a aa29 a9e9 a209 aa09 aa09 b209 b209 b229 ba49 b24a ba2a ba2a c249 ca69 caab d2ea db2b e34b e38b e3ab e3ec e42d ec4d ec4d ec8d ecae ecae ec8d ecae ecae ecae ecae ecce ecae ecae ec8d ec8d ecae eccd ecad ec8e ec6d ec4d e40d e3ec e38b db4b d2eb caa9 ba6a a9e9 a9c8 9989 9148 8927 8948 8948 9189 9188 9989 99a9 a1a9 a1c9 9a0a a1c9 a22a aa0a aa09 aa0a a9e9 a1e9 a9e9 a9e9 b1e8 a9e9 a9e9 a9c9 a9c9 a9e9 aa09 aa09 a9e9 a9e9 aa09 a9e9 aa09 aa09 b1c9 a9e9 b1e9 b1e9 b209 aa29 b209 b208 b22a a9e9 b1e8 a9e9 a9c8 a1a8 9989 9969 9129 a188 dc2b f6b5 feb5 fe52 fdaf f590 f613 fe10 fd4d ecae ecf0 f590 f4ec e3cd e40c ed4f ecac e3aa e3ec e4ae e4ad e3ea db8d e3cd ec4c e3aa dbad db8d db2a d2a9 ba09 b20a b20a b22a c2cb cb0d cb0c c2ec c2ed caec caec cb2d cb0c cb2d c2ed c2ec cb6d cbaf cbaf c2aa aa4a aa6c b2ec c30d c2ed c2ac cb2d d3ae dbce dbae d38e d3ae d36d d34d d38e d36e d34e d38d d38d d38e d38e c30c b28b b26c c2ec cb6f cb6e cb6d cb8e cb6f cb2e cb6e d36e d38d d40f cbaf c2ed cacc d38f d3f0 d3f0 d38f d3af dbae dbcf d40f dbf0 d3cf d3af c32e aa6c a22c 9a2d 9a4e 9a8f 9aaf a28e 9a6d 9a4d 920c 920c 920c 91eb 9a4d a26d b2ae bb2e cbef d3d0 cb4f b26d aacf c3cf d431 d38f cbb0 cc10 cc11 bbf0 a350 9290 81ad a26c c3ef d430 dc10 d430 dc70 dc71 dc71 dc71 dc90 dc91 dc90 dc70 d431 c3d0 b390 ab90 b391 c3d1 cbf1 d3f0 d410 d410 dc50 dc91 dc71 dc71 dc71 dc71 dc31 d3d0 cbb0 c390 bb8f bb90 aacf 99ca a2ac cc72 d494 d452 d451 d472 c3f2 c38f cc0f cc51 c3f1 c390 c34e cc31 d4b2 dd52 e5f5 e5f5 e591 e550 dd11 d4d1 d470 dd12 dd33 dd75 ddb5 e5d5 e5b5 e5b5 e5f5 ee15 e5f5 e5d4 e5d4 e5f5 e5f4 ddd5 ddb4 dd94 dd73 dd94 ddb5 ddb5 ddd4 ddb5 ddb5 ddb5 ddb5 ddd5 ddb5 ddd5 ddd6 ddd6 ddd6 ddf6 ddf6 e5f6 ddf6 de16 ddf5 e616 ddf6 e5f6 ddf6 de16 e616 e637 e616 e5f6 e617 e637 e637 e637 e617 e637 e636 e637 e636 e637 e616 e617 e637 e637 e637 e637 e657 e657 ee78 e678 ee77 ee77 e677 e5d5 d490 cc51 cc92 d4b1 d430 cc2f cc4f c3ce b2ea 9a49 91a8 9168 9189 91ea 9a0a 99eb a24c b30e c3d1 cc72 dd34 e637 f6b8 f6f6 eef8 cd73 7168 4846 4847 4846 4846 4846 5046 50a7 5887 58a7 58a7 5887 58c7 58c8 5887 5887 58a8 5887 58a8 5888 58a7 60c7 68e8 68e8 68c8 60c7 58a8 58e8 60e9 60ea 60c9 68ea 716b 89cc a2ad b34f cb8f d3ef dc0f dc2f d3cf d3af cbaf cbd0 cbaf cbcf d410 cbef d42f d42f d450 d46f d450 d44f d42f dc4f dc50 d44f d450 d42f d44f d46f d430 d42f d44f d42f d42e d42f d44f d42f d42f d42f d42f cc30 d42f d42f d44f d42f d42f d42f d42f d44f d430 d42f d44f d42f d42f d42f d42f d42f cc4f d44f d46f d42f cc4f cc4f d44f d42f cc0f cc2f d42e cc2e d40e cc2f cc2f 
aa09 aa09 aa09 aa0a aa09 aa09 aa0a aa2a a9e9 a9e9 aa09 aa09 aa0a aa09 aa2a aa0a a9e9 aa0a aa09 b209 b229 ba29 ba2a ba29 c229 c249 ca8a caaa d2ca db2b db6b e3ac e3cb e3ed e42d ec2d ec4d ecad ecae ecae ec8e ecae eccd ecae ecce ecce ecae ecaf ecce ecae ecad eccd ec8e f46e f48e ec4d ec0c e3ed e3ac db6c d30b caca ba49 a9e8 a1c9 99a8 9168 8927 8928 9128 9148 9168 91a9 99a9 a1c9 a1c9 a1c9 a1e9 aa0a aa09 aa0a aa09 a9e9 a9e9 aa09 aa09 a9e9 a9c9 a9e9 aa09 a9e8 b208 aa09 a9e9 aa09 a9e9 a9e9 aa09 b209 b209 b1e9 b1c9 a9e9 aa09 aa09 b1e9 b1e9 b1e8 a9e9 a9c8 a9e9 a9e9 a9e8 a9c9 a189 9948 9149 9968 d3ea f695 fe93 fdf0 f612 fe52 fe0f fd6e f550 edd3 f5af f4cc ebeb e48f e4cc ecab e40c e3cc ec6c f44b e38a db8a e48d ec4d e38a e36a e44d e40c db2b c28b ba6b c2ab c2cc c28b c2ab cb0c cb0c caab c2ec c2ed c2cc cb0d cacb cb0d cb2d cb4d cb6d cb8d bb4e a9e9 aa2b bb0d baed ba8c c2ed cb4d d3af d38d d36d d38d d38e d3af d36e d30c d34d d34d d36d cb6e cb8d cb8d c2ec baac c30d bb2e c2cc cb2d cb4e cb6e cb8e cbcf cbd0 cbae cb4d cb0d cb0b cb4d c30e cb2d d3ef d430 d430 dc11 d3cf d3d0 d3af d38e cb8f c30e a26e 920d 89cc 9a8f ab72 b371 bb4f bb90 bb4f b2ef b28d aa8d aaae a26d 9a0c 920c 920d 91ec 8a0b aaad baee aa8d 91ec a2f0 bb90 cbf1 cc31 d472 d492 dc71 d451 c3f1 b390 9af0 926e 9a6d a2ae a28e a2ae ab0f bb6e c3cf cbd1 d3d0 d3d0 dc70 dcb2 dc93 d410 cbd0 bc11 bc11 b3f2 b413 b3b1 b30f aaef bb2e d452 dc73 d3f1 cbb1 d472 d473 cc34 b3d5 a311 9af0 92af 8a2f 692b 60c9 89cb a2ce c3d1 cc32 cc10 cc53 c3d2 c34f cbcf c3f1 cbf0 cc51 dd33 e5b3 e5f5 e593 e511 dcb0 dcd1 dc90 d4b0 dd33 ddb6 e5d5 e616 e637 e616 e5f6 e616 e615 e5f5 e5d4 e5d4 e5d4 e5f5 e5d5 ddb5 ddb4 ddb5 ddb5 ddb4 ddb5 ddb4 ddd4 ddf5 ddd5 ddd5 ddd5 ddd6 ddb5 ddd5 ddf6 ddf6 ddf5 de16 de16 ddf6 e5f6 ddf6 de16 e616 e616 de16 ddf6 e616 e616 e616 e617 e617 e637 e637 e636 e637 e617 de16 e636 e637 e637 e636 e636 e617 e637 e657 e637 e658 e658 e677 ee78 ee78 ee98 e677 ddb4 d4d1 ccb2 d491 cc50 cc50 c3ed bbad b2aa 99c8 8968 89a9 9188 99a9 99a9 9a2a a24b a26c aacd c3d1 d4b3 dd75 e637 ee98 f6d7 f6f7 e656 ab4b 5066 4847 4867 4867 4846 5046 5067 5887 58a7 58c7 60c8 58a7 60c8 58c8 58a8 5867 5867 58a7 5887 60c8 60e8 60a7 68e8 68e7 60c7 58a7 58a8 58c8 58c9 58c9 68ea 68e9 816b 924d b30e bb8f cbcf d40f d3ef dc0f d3ef d3af cbcf cbaf cbcf d3ef d42f d42f d450 d450 d450 d46f d44f d44f d450 d470 d470 d44f d44f d44f d46f d44f d42f d42f d42f d42f d44f d450 d44f d44f d450 d42f d430 d44f d42f d44f d44f d44f d40f d44f cc50 d44f d40f d450 d44f cc2f d42f d42f cc50 cc2f cc4f cc2f d42f d42f cc50 d42f cc4f d42f d40f cc2f cc2f cc4f d42f cc2f cc2f 
aa09 aa09 aa09 aa0a aa09 aa09 aa0a aa2a a9e9 a9e9 aa09 aa09 aa0a aa09 aa2a aa0a a9e9 aa0a aa09 b209 b229 ba29 ba2a ba29 c229 c249 ca8a caaa d2ca db2b db6b e3ac e3cb e3ed e42d ec2d ec4d ecad ecae ecae ec8e ecae eccd ecae ecce ecce ecae ecaf ecce ecae ecad eccd ec8e f46e f48e ec4d ec0c e3ed e3ac db6c d30b caca ba49 a9e8 a1c9 99a8 9168 8927 8928 9128 9148 9168 91a9 99a9 a1c9 a1c9 a1c9 a1e9 aa0a aa09 aa0a aa09 a9e9 a9e9 aa09 aa09 a9e9 a9c9 a9e9 aa09 a9e8 b208 aa09 a9e9 aa09 a9e9 a9e9 aa09 b209 b209 b1e9 b1c9 a9e9 aa09 aa09 b1e9 b1e9 b1e8 a9e9 a9c8 a9e9 a9e9 a9e8 a9c9 a189 9948 9149 9968 d3ea f695 fe93 fdf0 f612 fe52 fe0f fd6e f550 edd3 f5af f4cc ebeb e48f e4cc ecab e40c e3cc ec6c f44b e38a db8a e48d ec4d e38a e36a e44d e40c db2b c28b ba6b c2ab c2cc c28b c2ab cb0c cb0c caab c2ec c2ed c2cc cb0d cacb cb0d cb2d cb4d cb6d cb8d bb4e a9e9 aa2b bb0d baed ba8c c2ed cb4d d3af d38d d36d d38d d38e d3af d36e d30c d34d d34d d36d cb6e cb8d cb8d c2ec baac c30d bb2e c2cc cb2d cb4e cb6e cb8e cbcf cbd0 cbae cb4d cb0d cb0b cb4d c30e cb2d d3ef d430 d430 dc11 d3cf d3d0 d3af d38e cb8f c30e a26e 920d 89cc 9a8f ab72 b371 bb4f bb90 bb4f b2ef b28d aa8d aaae a26d 9a0c 920c 920d 91ec 8a0b aaad baee aa8d 91ec a2f0 bb90 cbf1 cc31 d472 d492 dc71 d451 c3f1 b390 9af0 926e 9a6d a2ae a28e a2ae ab0f bb6e c3cf cbd1 d3d0 d3d0 dc70 dcb2 dc93 d410 cbd0 bc11 bc11 b3f2 b413 b3b1 b30f aaef bb2e d452 dc73 d3f1 cbb1 d472 d473 cc34 b3d5 a311 9af0 92af 8a2f 692b 60c9 89cb a2ce c3d1 cc32 cc10 cc53 c3d2 c34f cbcf c3f1 cbf0 cc51 dd33 e5b3 e5f5 e593 e511 dcb0 dcd1 dc90 d4b0 dd33 ddb6 e5d5 e616 e637 e616 e5f6 e616 e615 e5f5 e5d4 e5d4 e5d4 e5f5 e5d5 ddb5 ddb4 ddb5 ddb5 ddb4 ddb5 ddb4 ddd4 ddf5 ddd5 ddd5 ddd5 ddd6 ddb5 ddd5 ddf6 ddf6 ddf5 de16 de16 ddf6 e5f6 ddf6 de16 e616 e616 de16 ddf6 e616 e616 e616 e617 e617 e637 e637 e636 e637 e617 de16 e636 e637 e637 e636 e636 e617 e637 e657 e637 e658 e658 e677 ee78 ee78 ee98 e677 ddb4 d4d1 ccb2 d491 cc50 cc50 c3ed bbad b2aa 99c8 8968 89a9 9188 99a9 99a9 9a2a a24b a26c aacd c3d1 d4b3 dd75 e637 ee98 f6d7 f6f7 e656 ab4b 5066 4847 4867 4867 4846 5046 5067 5887 58a7 58c7 60c8 58a7 60c8 58c8 58a8 5867 5867 58a7 5887 60c8 60e8 60a7 68e8 68e7 60c7 58a7 58a8 58c8 58c9 58c9 68ea 68e9 816b 924d b30e bb8f cbcf d40f d3ef dc0f d3ef d3af cbcf cbaf cbcf d3ef d42f d42f d450 d450 d450 d46f d44f d44f d450 d470 d470 d44f d44f d44f d46f d44f d42f d42f d42f d42f d44f d450 d44f d44f d450 d42f d430 d44f d42f d44f d44f d44f d40f d44f cc50 d44f d40f d450 d44f cc2f d42f d42f cc50 cc2f cc4f cc2f d42f d42f cc50 d42f cc4f d42f d40f cc2f cc2f cc4f d42f cc2f cc2f 
aa0a aa0a aa2a aa09 a9e9 a9e9 aa09 aa2a a9e9 a1ea aa0a aa0a a20a a20a aa09 aa09 b229 a9ea aa0a b20a b209 ba29 ba29 c209 c22a c26a ca8a caaa d30b db4b db6b e3ac e3ab e3ec e42d ec2d ec6e ecad ecae ecae ec8e ecae ecce ecce ecae ecce ecae ecae ecce ecae ecad eccd ecae f46d ec6d ec4d e40d e42f e38c db4b db0a caca ba6a b209 a1c8 9988 9188 8927 8907 8928 9148 9967 99c9 99c9 a1a9 a1c9 a1c9 aa09 aa09 a9e9 aa09 b1e8 a9e9 aa09 a9ea aa0a aa09 aa29 aa09 aa2a b1e9 b1e9 b1e9 a9e9 b229 b209 b209 aa09 b1e9 b209 a9c9 b1e9 aa09 b229 b208 b208 b20a b1c8 b1c8 b1c8 aa09 a9e9 a9e8 a1c8 9988 9948 9929 a188 d3eb f696 fe74 f675 fe72 fdcf f52e f591 f653 fe10 f4ed ec8e e4ce ed0e ec4c e3ec e46e ecad e42a db6b dbae e40c ec2b e38b dbac e44d ebea eb69 daeb cb0d c28a ca6a caca cacc baad c28b c2eb c2cc caab cb0c c30d c2ed c2cc cb0d d36d c3af bb0d aa6a aa8b aa6b b2ac c2ec c2ed c2ed cb4e d38d d3ae d34e d34d d34d d36e d36d d36d cb2d cb2d d32d d3ad cbae baab b26b b28c c2ec cb4d cb4d c32d cb0e cb4e cb6e cb6e cbae d450 d3cf cb2d c2ec bacd c32e cbaf d3cf d3b0 d3cf d3ef d410 d410 d3f1 d3d0 cb4f bace a1ec 89cc 9a6e a2f0 bb4f cc10 cbf2 c390 cb6f cb4f c34f bb0e bace bace b2ee b2ce aa8e a2ae 9a4d 818b 818b 89ac 818b 81ac a351 bc13 cc73 dcb3 dc92 dc92 dc71 dc72 d472 cc11 bbb2 a332 9b12 92f2 8a91 8a91 92b1 92b0 92b0 9a6f 9a6d a26e b2ee c38f d492 dc93 dc31 dc31 dc52 d472 ccd3 bcb4 ab91 a331 9a6f a2ce bb91 bb91 aad0 b2cf c411 bcb5 ac15 8aaf 9af0 abf2 a3b2 8a91 694d 5089 58c9 8a2c bc11 c453 cc52 c411 bb50 c34f d431 d532 e5d4 e5d4 e571 e531 dcd0 d44f d46f dcb0 dc91 dcf3 ddb5 e5b4 e5b2 ee15 ee56 ee36 e615 e5f5 e5f4 e5d4 e5b4 ddb4 e5b4 e5d5 ddd5 ddd5 ddd5 ddd5 ddd5 ddd5 ddd5 ddd5 ddd4 ddb5 ddb5 ddb5 ddd5 ddf6 ddd6 ddd5 ddd5 ddf6 ddf6 e616 e616 e5f6 e617 de16 e616 e616 e616 e617 e616 e5f6 e637 e637 e617 e617 e637 e637 e616 e616 e616 e637 e637 e617 e616 e617 e637 e636 e636 e637 e657 e657 e658 ee77 ee77 ee97 ee77 e5b4 d4d1 d490 d4d0 d490 c3ee bb4b aa69 99a8 9148 8989 89a9 91e9 9a0a 99ea 99ea a24b b28c b2cd c36e d491 e575 ee37 ee77 f6b7 f6d7 ee97 bc4e 68e7 4826 4847 4867 4867 5087 5067 5867 58a7 58a7 60e8 60a7 5887 60c7 60c7 58a7 5887 58c7 5887 58a7 60c7 60c8 60a7 68c7 6908 6908 60e9 58c8 58c9 58e9 60e9 692a 796b 91ec a2ae bb6f cbb0 cbf0 d3ef d3ef d3ce d3ef cbcf cbaf cbae d3cf d40f d430 d450 d471 d490 d470 d44f d44f d44f d42f d450 d44f d450 d44f d44f d44f d42f d44f d42f d42f d42f d44f d42f d430 d44f d450 d450 d450 cc2f d430 d450 cc4f d44f d42f d42f d42f d42f d40e d42f d42f d42f d44f d44f d42f d42f d450 cc2f d42f cc2f cc2f d42f d450 d42f d42f cc0f cc0f cc2f cc2f d42f cc0f 
aa2a aa2a aa0a a209 a9e9 a9e9 aa09 aa2a aa09 a22a a20a a9e9 a1e9 aa09 aa09 aa09 b22a b1e9 a9c9 aa09 b1e9 ba09 ba09 ba29 c24a ca49 ca8a d2ca db0a db2b e36b e3ab e3ab e3ec ec0d ec4d ec6d ecae ecaf ecae ecae ecae ecce ecae ecce eced ecce ecae eccd f4ad ecae ecce f48e f48d ec6d ec4d ec0c e3ec e38c db6b db0a caca ba6a b209 a1c8 9968 9147 8127 8148 9168 9168 91a8 9188 9988 99a8 99c8 99c9 a1e9 a209 a9e9 a9ea aa0a aa2a a209 a9e9 a9e9 a9e9 b209 aa2a b1e9 b1e9 a9e9 b209 b209 b209 b208 b1e9 b1e9 b20a b209 b1e9 b209 b209 b209 b208 b1e8 b1e9 b1c8 b1e8 b1e8 aa09 a9c8 a9a8 a1a7 a188 9948 9929 a168 d36a f674 fed6 fe93 fdd0 f570 f5f2 fe32 fdd0 f50e ed50 f5b0 f56d ecac e46d e4cf ecad ebca db4b dbcc e4ac e3aa db2b db8d e44e ec4b e34a db4b db2b db2b d2aa c28b ba6a c2ab c30c baac c2ab c2ab ba6b c2ab caed c2ec c2ec cb4e cb4d c32c b2ac a22c aaed b2cc baac bacc c32e d38e dbae db8c d36c d38d d34c d34d cb2d cb0c cb6d cb6e cb6e cb0c c2ec c30c b2ac b28b bb0d caec cb2c cb0d cb2d c34e cb4d cb4e cb6e cb6e d3ae d38d c32e baec cb2d d38e d3cf d3ce cbd0 d3af d3af d3af d3ef d410 cbb0 baef aa4e a26e ab10 bb91 c38f cb70 cb8f d38f c34f c2ce baef baee bace b2ae aaae a24d a26d a24d a26d 9a4d 920d 81cd 796c 68ea 79ac a352 bc34 ccb4 dcb4 dc93 dc73 dc72 dc92 dc72 cbf2 b331 a312 a373 a394 9b32 9af2 9b33 9b53 9333 9b33 92d1 8a70 820e 81cb 924b a2ad aacd bb2f c391 c3b1 c390 c453 c3b1 ab2f a2f0 928f 926e 926d 8a0d 712a 79aa 824c 820d 694b 694a 924d a30e 9acf 7a0e 58aa 4828 58c8 a2ee c473 cc32 cbf1 cc11 d492 dd53 e5d5 e5b3 dcf1 d44f d42f d450 d46f dc92 d4d2 dd54 ddb6 ddb4 e573 e593 e5d4 e5f4 e5f5 e5f5 e5f5 e5f4 ddb4 ddb5 ddb5 ddb5 ddd5 e5d5 ddd5 ddd5 ddd5 ddd6 ddd5 ddd5 ddf5 d5d5 d5b4 ddb5 ddd5 ddd6 ddd5 ddf6 ddf5 ddf6 ddf6 de16 ddf6 de16 e616 e617 e616 ddf7 e616 e616 e616 e616 e5f6 e637 e636 e616 e637 e637 e657 e636 e616 e616 e616 e617 e636 e636 e616 e617 e637 e637 e637 ee57 ee57 ee98 ee97 ee56 e5f4 e571 d4d1 cc70 cc0d c3ad bb6c aa69 91a8 8968 8989 91e9 9209 91e9 99e9 a24b a1ea a20b b28c b2ed cb8f d451 dd34 e5f6 ee77 f6b7 f6d6 eed8 ccaf 7147 5067 4846 4867 4867 50a7 5908 5887 5887 58a7 58c7 58a7 5887 6087 58e7 58c7 5887 5887 5887 5867 5887 60e7 60c8 60e8 68e8 60e8 6108 58e8 58a8 58a8 60c9 60e9 716b 89ec 9a8d b30f cbb0 d3d0 d3ef d40f d3cf d3cf cbcf cbaf cbcf cbcf cbef d410 d430 d44f d470 d490 d470 d470 d46f d450 d44f d44f d44f d44f d46f d470 d42f d46f d470 d44e d44f d42f d42f d42e d430 d44f d450 d42f d44f cc4f d451 d42f d42f d42f d42f d42f cc30 d42f d44f d42f cc0f cc2f d40e d42f d40f d42f d430 cc2f cc0f cc2f cc2f cc2f cc30 cc2f d42f cc0f cc0e cc2f d44e d40e cbee 
aa09 aa09 aa0a aa09 aa09 a9e9 aa0a aa0a aa0a aa0a a22a aa2a a9e9 aa09 aa0a aa2a aa4a aa29 aa0a aa29 b209 b229 ba09 ba29 c26a ca69 d2aa daca db0b db2b e34b e38b e3cb e3ed e40d ec4c ec6c ec8d ec8e ecae eccf ecae ec8e ecae eccd eced eccf ecae ecce ecae ecaf ecae ecae ec8d ec6d ec4c ec2d ebcc e3ab e34b db0a ca8a ba6a aa09 a1a9 9988 9148 8927 8928 9148 9168 9168 9968 9988 99a8 a1c9 a1e9 a1e9 a1e9 a9c9 a9e9 a20a a9e9 a9e9 aa09 aa09 b229 b20a b229 b22a b20a a9e9 a9e8 b22a b24a b22a b1e9 a9e9 b229 b209 b209 b1e9 b1e8 b209 b209 b1e8 b209 b1e8 b208 a9e9 a9e9 a9c8 a1a8 a1a8 99a8 9968 9949 9969 cb0a f675 feb5 fdee f5f2 fe54 fe31 fd6e f550 f571 f611 fdae f4ed ecce ed2e f52d e40c dbac dc4c e40b e36a d2c9 db8c e48e ebcb e36a e3ec e4ad e3ca db0a ca8a c26a ba6b ba4a c28a c2eb c2ab ba8b ba6b ba6c c2cc c30c cb2d cb4d baec aa0a a24b b28c c2ed c2cd bacd c32d cb8e d38d d36d d38d d34d d34c d36c d32d cb4d cb4d cb8e cb6d cb6d ba8b b28c b2cd c32d c2ed cb2d c30d cb0c cb2d cb4e cb4d cb4e cb6e cb4d c36e c32d cacb c2ed cb2d d38e d3af cb6e d36d d3ae d3cf d3f0 d3d0 d38f cb8f c32e b2cf ab30 bb91 cbd0 cbf1 cb8f cb6f cb6f c30f b2ae a26e a26d a26d a24d a26d 9a4c 89eb 81ab 818a 7949 7969 798b 81cc 714b 60a9 694b 9332 ac15 bc14 cc32 dc92 dc73 d474 d473 cc14 b373 9af2 9b94 a394 ab93 b393 ab94 ab93 a373 9b33 9b33 8ad1 8290 79ef 716e 694c 718d 824f 822e 8a0e 81cd 79cc 8a4d 8a0d 81cc 8a0d 81ac 81cb 79ab 79ac 60ca 5088 58a8 610a 612b 50ca 5087 6149 71cb 612a 4888 4048 4888 71ca b370 cc32 d4b3 dd95 e5b4 e593 dd11 d44f d40e d450 d450 d430 d4d3 dd75 dd95 ddd6 e5f6 e5d5 e5d4 e5b4 e5d5 e5d5 e5f5 e5f5 e5d5 ddb4 ddb4 ddb4 ddd5 ddd5 e5f5 e5f5 ddd5 ddf6 ddd5 ddd5 ddb5 ddd5 ddd6 d5d5 ddd5 ddb5 ddb5 ddd6 ddd5 ddf5 ddf5 ddd6 ddf6 e616 e617 ddf6 ddf6 ddf6 e616 e616 e5f6 e616 e616 e5f6 e5f6 e616 e616 e636 e637 e637 e657 e637 e616 e616 e637 e617 e637 e637 e637 e617 e637 e637 ee57 e678 ee98 ee56 e5f3 dd51 d4b0 cc2f cbcd c34c b2aa 99e8 91a8 91c9 8989 8989 99a9 99e9 9a0a 99c9 99e9 a20a a1ea aa4b b30e c3d0 d4b2 dd54 e5d5 ee56 ee77 eeb6 eeb7 cd52 81a7 4866 4887 4867 5047 4866 5066 58a7 58c8 58a7 58a7 60c7 58c7 5887 58a7 60e8 5887 5866 5066 5866 5867 5887 60a7 60e7 68c7 60c8 60c7 58c7 58a8 50a8 50a8 60c9 692a 818b 9a6d ab0e c38f cbf0 d3ef d410 d3ef cbcf cbcf cbaf cbaf cbcf cbef cc10 d450 d44f d470 d470 d46f d470 d450 d46f d470 d471 d450 d450 d450 d470 d450 d42f d450 d470 d450 d430 d44f d42f d42f d42f d430 d42f d42f cc30 d42f d44f d42f d42f d42f d42f cc4f cc2f d42f d42f d42f d40f cc2f d42f cc2f cc0f cc2f cc30 d42f d42f d44e cc0f cc2f cc2f d42f cc2f d42f cc2f d42f d44f d40e d40e 
aa09 aa09 aa0a aa09 aa09 a9e9 aa0a aa0a aa0a aa0a a22a aa2a a9e9 aa09 aa0a aa2a aa4a aa29 aa0a aa29 b209 b229 ba09 ba29 c26a ca69 d2aa daca db0b db2b e34b e38b e3cb e3ed e40d ec4c ec6c ec8d ec8e ecae eccf ecae ec8e ecae eccd eced eccf ecae ecce ecae ecaf ecae ecae ec8d ec6d ec4c ec2d ebcc e3ab e34b db0a ca8a ba6a aa09 a1a9 9988 9148 8927 8928 9148 9168 9168 9968 9988 99a8 a1c9 a1e9 a1e9 a1e9 a9c9 a9e9 a20a a9e9 a9e9 aa09 aa09 b229 b20a b229 b22a b20a a9e9 a9e8 b22a b24a b22a b1e9 a9e9 b229 b209 b209 b1e9 b1e8 b209 b209 b1e8 b209 b1e8 b208 a9e9 a9e9 a9c8 a1a8 a1a8 99a8 9968 9949 9969 cb0a f675 feb5 fdee f5f2 fe54 fe31 fd6e f550 f571 f611 fdae f4ed ecce ed2e f52d e40c dbac dc4c e40b e36a d2c9 db8c e48e ebcb e36a e3ec e4ad e3ca db0a ca8a c26a ba6b ba4a c28a c2eb c2ab ba8b ba6b ba6c c2cc c30c cb2d cb4d baec aa0a a24b b28c c2ed c2cd bacd c32d cb8e d38d d36d d38d d34d d34c d36c d32d cb4d cb4d cb8e cb6d cb6d ba8b b28c b2cd c32d c2ed cb2d c30d cb0c cb2d cb4e cb4d cb4e cb6e cb4d c36e c32d cacb c2ed cb2d d38e d3af cb6e d36d d3ae d3cf d3f0 d3d0 d38f cb8f c32e b2cf ab30 bb91 cbd0 cbf1 cb8f cb6f cb6f c30f b2ae a26e a26d a26d a24d a26d 9a4c 89eb 81ab 818a 7949 7969 798b 81cc 714b 60a9 694b 9332 ac15 bc14 cc32 dc92 dc73 d474 d473 cc14 b373 9af2 9b94 a394 ab93 b393 ab94 ab93 a373 9b33 9b33 8ad1 8290 79ef 716e 694c 718d 824f 822e 8a0e 81cd 79cc 8a4d 8a0d 81cc 8a0d 81ac 81cb 79ab 79ac 60ca 5088 58a8 610a 612b 50ca 5087 6149 71cb 612a 4888 4048 4888 71ca b370 cc32 d4b3 dd95 e5b4 e593 dd11 d44f d40e d450 d450 d430 d4d3 dd75 dd95 ddd6 e5f6 e5d5 e5d4 e5b4 e5d5 e5d5 e5f5 e5f5 e5d5 ddb4 ddb4 ddb4 ddd5 ddd5 e5f5 e5f5 ddd5 ddf6 ddd5 ddd5 ddb5 ddd5 ddd6 d5d5 ddd5 ddb5 ddb5 ddd6 ddd5 ddf5 ddf5 ddd6 ddf6 e616 e617 ddf6 ddf6 ddf6 e616 e616 e5f6 e616 e616 e5f6 e5f6 e616 e616 e636 e637 e637 e657 e637 e616 e616 e637 e617 e637 e637 e637 e617 e637 e637 ee57 e678 ee98 ee56 e5f3 dd51 d4b0 cc2f cbcd c34c b2aa 99e8 91a8 91c9 8989 8989 99a9 99e9 9a0a 99c9 99e9 a20a a1ea aa4b b30e c3d0 d4b2 dd54 e5d5 ee56 ee77 eeb6 eeb7 cd52 81a7 4866 4887 4867 5047 4866 5066 58a7 58c8 58a7 58a7 60c7 58c7 5887 58a7 60e8 5887 5866 5066 5866 5867 5887 60a7 60e7 68c7 60c8 60c7 58c7 58a8 50a8 50a8 60c9 692a 818b 9a6d ab0e c38f cbf0 d3ef d410 d3ef cbcf cbcf cbaf cbaf cbcf cbef cc10 d450 d44f d470 d470 d46f d470 d450 d46f d470 d471 d450 d450 d450 d470 d450 d42f d450 d470 d450 d430 d44f d42f d42f d42f d430 d42f d42f cc30 d42f d44f d42f d42f d42f d42f cc4f cc2f d42f d42f d42f d40f cc2f d42f cc2f cc0f cc2f cc30 d42f d42f d44e cc0f cc2f cc2f d42f cc2f d42f cc2f d42f d44f d40e d40e 
aa09 aa09 aa2a aa29 aa29 aa09 aa2a aa0a a20a a1e9 a22a aa4a a20a aa0a a9e9 aa2a aa2a aa09 b24a b249 b229 ba29 ba2a ba4a c269 ca8a d2ca d2ca db0b db4b e36b e3cc e3ec e3ed e40d ec4c ec6d ec8d ecae ecae eccf ecce ecae ecae ecae eccf ecce ecae ecce ecaf eccf ecce f4ae ec8e ec4d ec4c ec2d e3cc e38b e36b db2b caaa ba6a aa2a a1e9 9989 9128 8968 9127 9107 9148 9168 9989 9988 9988 a1c9 a9e9 a1c9 a209 a1e9 a9e9 a9c9 a9c9 aa0a aa09 a9e8 b22a aa0a b229 b229 aa0a b1c9 b1c8 aa0a aa0a aa2a b1e9 b1e9 b209 b1e9 b1e9 aa0a b1e9 b209 b209 b1e9 ba08 b9e8 b1e8 aa08 a9e8 a9c8 a9c8 a9e8 a188 9968 9949 9949 cb29 f675 f674 f613 fe94 fe30 fd6d f570 f5f2 fe11 fd6d f52f f550 f5b1 f52d f48c e4ae ec8d e3aa dae8 d2eb d32a e36b e369 db0a dbee ec8c ec8b db49 ca8a b28b b22a ba4a ba4b b26b c2cb c30c bb0c c2ac c2ab c30c cb4c c32c b28b a20a a24c aa8c bacc baab c2cd c34e d36d d36d d36d d36d d32d cb4c d34d cb4d cb4e d36e cb8e cb4d c2cc baac b28c bacd c2ec cb2d c34e cb0d caec c32d cb2d cb4d cb4e cb2d c30d bb2d c32d c2ec c2ed cb4e d3af d40f d3cf d34e cb2d d36e d3ae d3cf d3d0 c32f b26d a20d aacf c3b0 cbf0 cc11 cbaf cb6f c32e baee aa8e 9a0d 91ec 9a4d 9a6e 9a4d 9a8d 8a0c 818a 8189 818b 796a 714a 7129 6909 690b 710c 716c 8b33 a415 abd3 c413 d432 d432 cc13 bbf4 abb5 a3b4 a394 a3d4 a353 9ad0 9290 8a2e 822d 8a70 8a71 7a0e 696c 616c 71ce 71ce 7a50 8af2 8af2 71ed 614b 614b 698d 614b 614b 694b 694b 694b 6109 6109 716b 60ca 5088 5088 50c8 50c8 50c9 50a8 4887 48a8 4887 4068 4869 4889 698b ab91 d554 e5f5 edf5 dd32 d42f cbef cbce d42f d491 d4d4 d534 dd93 ddd4 e5f5 e615 ee36 e5f5 e5d5 e5d4 e5f5 e5f5 e5d5 e5d5 ddb5 ddb5 ddb5 ddb5 ddd5 ddd4 e5f5 ddf5 ddd5 ddf5 ddd5 ddb5 ddb5 ddd5 ddd5 ddb5 ddb5 ddb5 ddd5 ddd5 ddf5 ddf5 ddd6 e5f5 de16 e616 de16 e616 de16 de17 e616 e5f6 e5f6 e616 e616 e5f6 e5f6 e616 e616 e637 e657 e637 e636 e616 e637 e657 e637 e637 e637 e638 e637 e637 e657 ee77 ee56 e614 e572 d4cf cc2e c3ed bb6e aacb aa29 a209 91c9 9188 9188 91c8 91c9 91c9 99c8 99c8 99ea 99c9 a20a aa6c aa8c b30e c3d0 d4d3 dd95 e5b4 ee15 ee76 ee96 eed7 d5b4 9249 4846 4867 4887 4847 5087 5067 50a7 58a7 58c8 58c8 58a7 60c8 60a7 5887 58c7 60e8 5087 5887 58a7 60a7 6086 6087 60c7 60e7 6928 60c7 60c8 5887 5088 50a8 58a9 60c9 79ab 924d aace bb6f cbd0 d3ce d3ef d3ef cbcf cbaf cbaf c3af cbaf cbcf d410 d450 d450 d470 d470 d470 d450 d44f d450 d44f d470 d470 d44f d44f d450 d44f d44f d44f d470 d450 d42f d42f d430 d44f d42f d42f d430 d430 d44f d430 d450 d44f d430 d42f d40f d430 d42f cc2f d42f d42f d450 cc2f cc4f d42f d42f cc4f cc2f cc0f cc2f d42f cc4e d42f cc0f d42f d44f cc2f cc2f cc2f d42f d40f d40f d40e 
b20a b20a aa0a aa09 aa09 aa2b b22a aa29 aa2a a22a aa2a a209 a209 aa2a a9e9 aa0a aa2a a9e9 b24a ba2a ba49 c208 c229 c22a c229 ca8a d289 d2ca db0b db6b e38a e3ab e3ec ebec ec0d ec2d ec8d ecad ecce ecce ecae ecae eccd ecae ecae ecef ecce ecaf f4ce f4ae ecce ecce ec8e ec8e ec6d ec4d e40d e3cc e3ac e34b db0b d2ca ba89 aa29 a1c9 9988 9148 8968 8908 9128 9148 9169 9989 9968 9969 a1e9 aa09 a1e9 a1e9 a209 aa0a aa09 a9e9 a9e9 aa09 a9e9 a9e9 b22a aa29 b209 aa2a b1c8 a9e9 aa2a b229 b209 b1e9 a9e9 b1e9 a9c9 b209 b1e9 b1e9 aa09 b209 b229 b9e8 b9c8 b9e8 a9e8 a9e8 aa08 b1c8 b1c8 a9a8 a188 9969 9929 c268 ed8f f6b6 feb4 fe30 fd8e f591 f631 fdf0 f52e f52f f614 f610 fd6d f4ce ecac f4ab ec2b db2a cb0a db6b db09 d269 ca8a dbac e46d ebca db09 c28b b22a b24b b24a b24b ba6a c28b ba8b c2ec c30c c2cc caeb c32d c2cb b24a a1ea a20b b2cd bacd baac c2ac cb4e d38e d38e cb4d d32c d34c cb2c cb2c d34c d34d d36d d3ae cb6d bacc b2cc b30d c32e cb0d caeb c34e bb2e c30d cb2d cb6d cb6d cb2d cb6e c32e c2ec baec bacc c2ed cb6e d36e d3ae d3ce d3ae d36e cb4e cb4e cb4e cb4e c30e aa8e a26d a2f0 b350 c36f d38f d3d0 cb8f bb2f aaae 9a2d 91ec 922e 9a2d a26d a2ae a22d 920c 89cb 91ec 9a0c 9a8e a28e 9a2e 89ae 798d 81f0 8210 8250 9375 9b74 a311 bbb2 bbd2 b392 ab72 a394 a3d4 a3b4 a373 9b11 9290 798d 716c 614c 614c 612b 694b 692c 610c 610b 71ce 8ab1 9373 9373 7a2e 610a 590a 614b 7a0f 696c 612b 60ea 58a9 58c9 58a9 58c8 58e9 5088 5067 50a8 50a8 5088 5088 50a8 4087 4047 4068 4068 58ea 7a0e 9b71 c535 e5d3 e572 dcd1 d3ef c3cf cc11 cc72 d4f4 dd96 ddd6 ddd6 e5d5 e5f5 e5f4 e5f5 e5f5 e5d5 e5d4 e5d4 e615 e5f5 ddd5 ddb4 ddd5 ddd5 ddb4 ddd5 ddf5 e5f5 e5f5 e5f5 ddd5 ddd5 ddd5 ddd5 ddb4 ddb4 ddb5 dd94 d5d5 ddf6 ddd5 ddd5 ddd5 ddf5 ddf6 e615 e5f5 de16 de16 e615 e616 de16 e616 de16 ddf6 e5f6 e616 ddf5 e5f5 e5f5 e637 e637 e657 e636 e637 e616 e637 e637 e637 ee57 e657 e657 ee57 e656 e615 e5b3 d4ae cbcd bb4b b2ea a249 a229 9209 91e9 99e9 99e9 99c9 91a8 99c8 99c8 99c8 99c9 99e9 a1c9 9a0a 99ca a22a b2ed c38f cc31 d4f3 e574 e594 edd4 ee36 f696 eed7 de35 ab0b 58a7 5129 5087 5088 5067 5087 58a7 58c8 58a7 58a7 60c8 60c8 60c8 58c8 58a7 58a7 58c8 50a7 5088 60c7 68e8 68a8 68a8 60e8 60e7 60e8 58a7 5887 5087 5087 4868 58a9 68c9 81aa 9aae b32f cbaf cbf0 d3ef cbcf cbcf cbcf cbaf cbae cb8f cbcf d3ef d430 d470 d450 d450 d470 d470 d471 d46f d450 d470 d470 d450 d450 d46f d44f d44f d44f d470 d470 d450 d44f d46f d450 d44f d42f d450 d450 d430 d42f d44f cc50 d44f d3ef d40f cc0f cc0f cc30 cc2f cc2f d450 cc4f cc2f d44f cc30 cc2f cc4f cc4f cc2f cc2f cc0f cc2f cc2f cc0f cc2f d44f cc2f cc2f cc2f d42f d42f d42f d40e 
aa0a aa0a a9e9 aa2a aa29 aa6b aa4a aa2a aa29 aa2a aa0a aa09 aa2a aa2a aa2a a9e9 aa09 aa2a b209 b209 ba49 c249 c228 c24a ca29 ca69 d28a d2ca db0a db8c e38c e3ab ebec ec0c ec2c ec4d ec6d ecad ecad ecae ecae eccd eccd ecae ecaf ecae ecae ecaf ecaf f4ae ecae ecce ecae ec8e ec6d ec4d e40c e3cc e3cd db6b d30a caca ba8a aa29 a1a8 9968 9168 8948 8107 8948 9168 9188 9988 9189 9989 a1c9 a1e9 a20a a20a a1e9 a9e9 a209 aa2a aa0a aa2a b209 a9e9 b20a b209 b1e9 aa09 b1e9 a9e9 b229 b20a b229 b1e9 a9e9 b209 b1e9 b20a b209 b209 a9e9 b209 b209 b1e9 ba08 b229 a9e9 aa09 a9e9 b1e8 a9c8 a188 a1a8 9989 9949 b209 e4ac f6d7 fe72 fdd0 fe12 fe31 fdce f54e f592 f654 fe71 fd6e f50f ed90 ecec ec0b e3aa dbeb db8a db2a d268 caaa cb8b e3aa e34a db2a caca baab b28b aa6b b26a ba8b b26b ba6a ba8b ba8a caab c32c c30c bacc aa09 a20a aa2b b26c baab c2ac c2cd cb2d d38f d34e d34c cb6d cb2e d32d cb2d cb4d cb2c d34c d36d cb6d ba8b b2ac bb2d cb2d d32d cb0c c32d cb2d c34e bb0e c32e d32d d36d cb6e cb4e cb2d c30d baac bacc cb6e d38e d38e d38e d38e d34e d36e d38e cbaf c370 ba8e a1ec 9a4d ab0f c38f c3b0 cb90 cb6f cb2f bb30 a310 9a8f 922d 9a4e aaef b330 b32f b2ce aa4e 9a0d 9a4e ab10 b351 b311 aaf1 a2d1 9290 820e 81ef 79ce 824f 8b12 92f3 8a50 922f 926f 9af1 a393 a3f4 a372 9290 820e 79ad 79cd 7a0f 718d 614b 612a 58ca 58aa 610b 7a0f 8292 9353 8b11 826f 71cc 612a 610b 60eb 614b 820f 79ce 696b 58a9 5088 50a8 5088 4867 4887 4867 5047 5088 592c 594c 4889 4088 48c9 596e 616d 71cc 9330 bcd4 cd94 dd93 d490 c3ae c3d0 cbd0 cc31 d4f4 ddb5 ddf5 e616 e616 e616 e615 e615 e5f5 e5d5 e5d5 ddd5 e5b4 e5b4 e5d4 ddf5 ddb5 ddb4 ddb5 e5d4 e5b4 e5d5 ddd5 ddd4 ddd5 ddd5 ddd5 ddd5 ddf5 ddd5 ddb5 d594 ddd5 ddd5 ddd5 ddd5 ddd5 ddf6 ddd5 ddf6 ddf6 ddf5 ddf6 de16 e5f6 e5f6 e5f6 e616 e616 de16 ddf6 e616 e5f5 ddb3 e5d5 e616 e657 e657 e636 e616 e637 e637 e638 e638 e657 e657 e656 e614 dd31 d48e c3ec b30b aa49 a229 99e9 91e8 89a9 91ca 91c9 99e9 9209 99c9 99e9 99a8 99c8 99c9 99a8 a1e9 a22a aa4b aa6c aa6c b32e c3f0 d4b3 dcf2 dd33 e594 e5d4 ee35 f696 f6d7 de15 ab6c 68c7 4867 61cb 50c8 50a7 5066 5887 5887 58a8 60c8 60a8 60c8 60a7 60e8 58e8 58c8 58a7 58a7 58e8 5087 5066 5887 60a7 68e8 68e8 60e7 58a7 5887 58a7 58c9 4867 5088 58c9 714a 920c ab0e bb8f cbcf cbf0 cbef cbcf cbcf cbcf cbaf cbaf cbaf d3ef d410 d430 d450 d490 d491 d470 d470 d471 d46f d470 d490 d44f d46f d44f d450 d44f d450 d470 d450 d470 d470 d470 d450 d430 d44f d44f d450 cc51 d450 cc30 d450 cc70 cc30 d42f d40f cc0f cc0f cc30 cc0f cc0f d40f d42f cc30 d42f d42f cc2f cc2f cc4f cc2f cc2f cc2f cc2f cc2f cc30 cc2f d40e d42f d44f cc30 d42f d44e d40e d42f 
aa0a aa0a a9e9 aa2a aa29 aa6b aa4a aa2a aa29 aa2a aa0a aa09 aa2a aa2a aa2a a9e9 aa09 aa2a b209 b209 ba49 c249 c228 c24a ca29 ca69 d28a d2ca db0a db8c e38c e3ab ebec ec0c ec2c ec4d ec6d ecad ecad ecae ecae eccd eccd ecae ecaf ecae ecae ecaf ecaf f4ae ecae ecce ecae ec8e ec6d ec4d e40c e3cc e3cd db6b d30a caca ba8a aa29 a1a8 9968 9168 8948 8107 8948 9168 9188 9988 9189 9989 a1c9 a1e9 a20a a20a a1e9 a9e9 a209 aa2a aa0a aa2a b209 a9e9 b20a b209 b1e9 aa09 b1e9 a9e9 b229 b20a b229 b1e9 a9e9 b209 b1e9 b20a b209 b209 a9e9 b209 b209 b1e9 ba08 b229 a9e9 aa09 a9e9 b1e8 a9c8 a188 a1a8 9989 9949 b209 e4ac f6d7 fe72 fdd0 fe12 fe31 fdce f54e f592 f654 fe71 fd6e f50f ed90 ecec ec0b e3aa dbeb db8a db2a d268 caaa cb8b e3aa e34a db2a caca baab b28b aa6b b26a ba8b b26b ba6a ba8b ba8a caab c32c c30c bacc aa09 a20a aa2b b26c baab c2ac c2cd cb2d d38f d34e d34c cb6d cb2e d32d cb2d cb4d cb2c d34c d36d cb6d ba8b b2ac bb2d cb2d d32d cb0c c32d cb2d c34e bb0e c32e d32d d36d cb6e cb4e cb2d c30d baac bacc cb6e d38e d38e d38e d38e d34e d36e d38e cbaf c370 ba8e a1ec 9a4d ab0f c38f c3b0 cb90 cb6f cb2f bb30 a310 9a8f 922d 9a4e aaef b330 b32f b2ce aa4e 9a0d 9a4e ab10 b351 b311 aaf1 a2d1 9290 820e 81ef 79ce 824f 8b12 92f3 8a50 922f 926f 9af1 a393 a3f4 a372 9290 820e 79ad 79cd 7a0f 718d 614b 612a 58ca 58aa 610b 7a0f 8292 9353 8b11 826f 71cc 612a 610b 60eb 614b 820f 79ce 696b 58a9 5088 50a8 5088 4867 4887 4867 5047 5088 592c 594c 4889 4088 48c9 596e 616d 71cc 9330 bcd4 cd94 dd93 d490 c3ae c3d0 cbd0 cc31 d4f4 ddb5 ddf5 e616 e616 e616 e615 e615 e5f5 e5d5 e5d5 ddd5 e5b4 e5b4 e5d4 ddf5 ddb5 ddb4 ddb5 e5d4 e5b4 e5d5 ddd5 ddd4 ddd5 ddd5 ddd5 ddd5 ddf5 ddd5 ddb5 d594 ddd5 ddd5 ddd5 ddd5 ddd5 ddf6 ddd5 ddf6 ddf6 ddf5 ddf6 de16 e5f6 e5f6 e5f6 e616 e616 de16 ddf6 e616 e5f5 ddb3 e5d5 e616 e657 e657 e636 e616 e637 e637 e638 e638 e657 e657 e656 e614 dd31 d48e c3ec b30b aa49 a229 99e9 91e8 89a9 91ca 91c9 99e9 9209 99c9 99e9 99a8 99c8 99c9 99a8 a1e9 a22a aa4b aa6c aa6c b32e c3f0 d4b3 dcf2 dd33 e594 e5d4 ee35 f696 f6d7 de15 ab6c 68c7 4867 61cb 50c8 50a7 5066 5887 5887 58a8 60c8 60a8 60c8 60a7 60e8 58e8 58c8 58a7 58a7 58e8 5087 5066 5887 60a7 68e8 68e8 60e7 58a7 5887 58a7 58c9 4867 5088 58c9 714a 920c ab0e bb8f cbcf cbf0 cbef cbcf cbcf cbcf cbaf cbaf cbaf d3ef d410 d430 d450 d490 d491 d470 d470 d471 d46f d470 d490 d44f d46f d44f d450 d44f d450 d470 d450 d470 d470 d470 d450 d430 d44f d44f d450 cc51 d450 cc30 d450 cc70 cc30 d42f d40f cc0f cc0f cc30 cc0f cc0f d40f d42f cc30 d42f d42f cc2f cc2f cc4f cc2f cc2f cc2f cc2f cc2f cc30 cc2f d40e d42f d44f cc30 d42f d44e d40e d42f 
a9e9 a9e9 aa29 aa2a aa29 aa2a b24a aa4a aa4a aa29 aa0a aa09 aa09 aa2a aa0a a9e9 b209 b22a b209 b209 b229 ba49 c229 c24a c229 ca69 d28a d2ca daeb db4b db6b e3ab e3cb ebec ec4c ec6d ec8e ecad ec8d ecae eccf eced ecae f4ae ecae ecae ecae ecce ec8e ecae ecce ecce ecad ec8e ec6d ec2d e42d e40e e3ac db6b db2a d2c9 c28a b209 a1a9 9968 8928 8928 8928 8968 9189 9188 9988 99a9 99a9 a1c9 a1c9 a1ea a209 a1ea a1c9 a9e9 aa0a aa0a aa0a b1e9 a9e9 a9e8 a9c8 a9e9 aa09 b209 b209 b20a b209 b209 b1e9 b1e9 b209 aa09 b1e9 b209 b209 b1e9 b22a b229 b209 b208 b229 b209 a9e8 a9e8 a9c8 a9e8 a9a8 a1a8 9968 9949 a1a9 d3a9 f652 fe74 fe73 fe51 fdce f56f f5d2 fe74 fe10 fd6e f5b1 f612 f58e ec6c e44d e42c db4b d28a ca89 c269 caca d2e9 caa9 caca d34b c2ec ba8b c2aa baac ba8b ba8a baac b26b b28b ba8c c2cc cb2c bb0d aa4b a1e9 aa8b b2cd b28c ba6b c2cd c34e d34e db4d d34d cb2d d32d d32d d34d cb2d cb4d cb4d cb6e c2cb b28b b26c bacb cb0c cb0d cb2d cb2d cb2d cb2d d36e c34d c32d caed c32d cb4d cb4e c2ed c30c c30e cb6e d38e d36e d38e d38d d36e d34f d36e d36e cb2e baad a22d 9a8e aacf baee cb4f cb8f d36f cb4f bb10 a2f0 928e 9a6e aacf bb2f cb4f bb2d b26c aa2c aa4e a270 b311 c3b2 c3b3 ab11 a2f1 9af1 89ee 794b 798d 79ac 79ac 824f 8230 79ad 718c 822f 92f1 9b72 9b11 8a2e 79ad 79ae 716c 71ce 7a0e 60ea 58a9 694c 690c 694c 8290 9373 82f0 71ec 6109 610a 696c 698d 698d 698d 614b 698d 71ee 694b 58ea 50c9 5088 5088 50a8 4867 4847 4867 4888 50ca 50c9 4068 4067 596d 8b53 a391 bc52 d533 e592 e510 d46f c3ae bb8f c3f1 cc52 d535 ddf7 e636 e615 e636 e636 e636 e615 e5f4 e5d5 e5d5 e5f5 ddd5 ddb5 ddb4 ddd4 ddd4 ddb5 ddb4 ddb5 ddb4 ddb5 ddb4 ddd5 ddd5 ddd5 ddd6 e5d5 e5d5 ddd4 ddb5 ddd5 ddd4 ddd5 ddd5 ddd5 ddf5 ddf6 ddf5 ddd5 ddd6 ddf6 ddf6 ddf6 ddf5 ddf5 ddf6 e616 e5f6 ddf7 ddf6 de16 de16 ddd5 ddd5 ddd5 e637 e657 e637 e636 e637 e637 ee57 ee77 ee77 e5f4 dd51 cc8e bb6b a26a 9a29 91e9 91c9 91c9 91a9 89a9 91e9 91e9 99e9 9a0a 9a2a 91c9 99e9 9a09 99e9 99e9 99e9 9a0a a24b aa8b b2ed bb2e bbaf cc51 dcd1 e574 e573 ed93 edf5 ee35 ee33 e613 ccf0 9aaa 60c6 4847 5067 5067 5088 5087 5887 58a8 58a8 60c8 60c7 60e8 60c8 5887 60a8 58c8 58e8 58e8 58e9 58e8 58a7 5887 60a7 60c7 6908 68e8 60e8 58a7 5887 5088 4888 4868 50a8 60e9 81ab 9a6d b34e cbaf d3ef d3ce cbcf cbcf cbcf cbaf cbcf cbaf cbd0 d40f d451 d471 d470 d491 d470 d470 d44f d450 d46f d471 d46f d44f d46f d44f d471 d470 d450 d46f d44f d470 d470 d44f d450 d42f d470 d450 d44f d471 d450 cc50 d450 cc30 d42f cc2f d42f cc30 cc2f cc2f cc2f cc2f cc2f cc0f cc2f cc50 d42f cc2f cc2f cc2f cc2f cc50 cc4f d430 cc2f d42f cc2f cc0e cc0f cc0e d3ef cc0f cc2f d40f d42f 
aa0a aa0a aa29 b209 aa2a aa2a aa2a b26a b24a b209 b209 aa09 aa09 aa09 a9e9 a9e9 aa09 b229 b24a b24a ba4a ba29 c229 ca29 ca49 ca69 d2a9 d2a9 daea db2a db6b e3ac e3cb ebec e44d e46d ec8e eccd ecae ecae ec8e ecae ecae ecae ecce ecae ecae f4ce f4ae ecae ecae ecce ecae ecae ec4d ec2d ec0d e3ed e3ac e34b db2b caea b28a a9e9 a1c9 9968 9188 8948 8927 9148 91a9 9988 9988 9988 99e9 a1c9 a1e9 a209 a229 a20a a9e9 a9e8 a9e9 aa09 aa29 aa09 aa09 b209 a9e8 b209 a9e9 aa09 b22a aa29 b209 b209 b209 b1e9 a9e9 aa09 b20a b209 b1e8 b209 b22a b1e9 b1e9 b1e8 b1e9 b209 a9e8 a9c8 a9e9 a9e8 a9a8 a188 9968 9949 9949 c269 edd1 fed7 fe71 fdef fdd1 f633 fe52 fdce fd6f f5d2 fe31 fdce f52e ecee ed0d ec4b d2ea ca8a caaa c26a c229 ba49 c30d cb4c d34b d38c c34e c28b c28a c2ac c28a c2ed ba8b b28c baed baeb b2cb b26b aa4a aa6b ba8b c2ac c2ac c2cc d34d d38e d36e d34d d32c d34d d32e d32d cb2c cb6e cb4c cb2d bb2d b28c b26b bacc c2cc c2ec cb0d cb2d cb2d cb4d cb4e cb6e cb4d c34e c32d c30d bacd c2cb c2ec c30d cb4d d38e d38e d36e cb4d d34d d34d d34e d38f cb6f b26d a20c a28f b34f bb4f c32f c32e c32f cb0e bace aad0 9a6e 9a4e aacf bb0f c32f baee aa6e aa6f aa70 a270 9a90 ab30 ab10 9a8f 81ed 8a2e 79ad 712b 690a 716c 79ac 798b 71ac 718d 714c 79ad 8ab0 92f2 92b1 820e 8271 8ad3 8250 71ad 79ce 716d 712c 718e 79ef 8250 8ad1 8290 71ec 694a 694c 71ce 7a0f 79ee 698c 696c 616b 61cb 69ed 7a2f 58c9 58e9 614a 50a8 5087 4867 4867 4046 4067 4047 4046 3847 4048 50ea 824e bc72 d574 ddd4 e511 d42d cb8e c38e c38f c432 ccd4 dd54 dd93 e5f5 e5f6 e5d4 ee15 e616 e5f5 e5d5 e5d5 e5d5 e5d5 e5f5 ddd5 ddd5 ddd5 ddb4 ddd5 ddd5 ddd5 ddd5 ddd4 ddb4 ddb5 ddd5 ddf5 e5f5 e5d5 ddd4 ddb5 ddb5 ddd5 ddd5 ddd5 ddd5 ddb5 ddd5 ddd5 ddb5 ddb5 ddd5 ddd6 ddf6 e5f6 ddd6 ddd5 ddd5 ddf6 ddf6 e5f6 de17 e616 e636 e636 e616 e616 e616 e657 ee57 ee57 e657 ee77 ee76 ee75 ddb2 cc6e b32a a269 9a29 91c9 9189 89c9 91c9 91a8 91c9 99c9 91c9 99c9 99a9 9a09 9a0a a209 99c9 99e9 a1e9 a20a 9a2b a22b a24b aacd bb6f c3f0 d430 dc91 e4f1 ed32 edd3 edd3 ee13 ee55 e570 bb8b 9228 7147 5886 5046 5047 5047 5087 5046 5087 58a8 60a8 60a8 60c8 58a7 60a8 60a8 60a7 60a8 60a7 58c8 58a7 58c8 60e8 58c8 60c7 60e8 60c7 6907 6908 60c8 58a7 5087 5088 4868 4868 58a8 714a 924d b30f bb90 cbef d40f d3ef cbcf cbcf cbcf cbaf cbaf cbf0 cbef d431 d450 d470 dc70 d490 dc70 d470 d490 d490 d46f d471 d450 d44f d470 d470 d470 d470 d450 d470 d44f d44f d470 d46f d44f cc4f cc50 d450 d450 d450 d42f d42f d42f cc30 d430 d44f cc50 d450 d44f cc50 d44f d42f cc30 cc2f cc0f cc2f d40f d42f d42f cc2f cc2f cc50 d44f d42f cc0f cc30 cc2f cc30 cc2f cc2f cbef cc0f d40f d40e d40f 
aa0a aa0a aa29 aa2a b24a aa2a aa09 aa29 aa4a aa09 aa29 b229 aa29 a9e9 aa09 a9c9 b1e9 aa0a b229 ba4a ba2a c249 c249 c229 ca6a ca69 d2a9 d2eb db0b db2b e34b e3ad e3ec e40c e42d ec4d ec8d eccc ecae eccd ecae ecad ecae ecae ecae ec8e ecad ecce f4ae f4ad ecae ecae ecae ec8d ec6e ec6d ec2d ebec e3ab e34b db0b caca ba6a aa09 a9a9 9968 9168 8948 8128 8968 9188 9168 99a8 99a8 a1c9 a9e9 a9c9 a1e9 a209 a20a a9e9 a9c8 a9e9 a9ea aa09 aa09 aa0a b209 b1e9 aa2a a9e9 a9e9 b209 b22a b209 b209 aa4a b1e9 a9e9 b209 b22a b22a b1e8 b20a b209 b209 a9e8 b1e9 b1e9 aa09 a9e8 aa09 a9e8 a9a7 a9c8 a1a8 a168 a148 9949 b248 edb0 feb5 fe12 fe33 fe73 fe51 fdaf f590 f612 fe30 fdae f551 f591 f52c ec4b e3ea dbab d30b d28a ca0a ba09 c2cb dc4f d3ee cb2d db4b d3ed cb8e c2ab c28a c2cb cb2d c30c ba8b b2ab b26b aa0a a20a aa6b b2cc baac c28b cb0c cb2d d32c d36d d3ae d36d cb4e d34d cb6d cb4e c30d cb6e c32d ba8b b28c baed c2ec c30c c2ec caeb cb2d cb4e cb2d cb4d cb4e cb2d cb4d c36e cb4d c32d bacc c28c caec cb2d cb4e d36d d38e d36e cb6e cb4e cb2d d34e c32e b28d a26d aaaf b350 c34e c36f cb4f cb4f cb0e c2ee aa8f a24e 9a2e aaef bb51 bb52 b2f1 aad1 a332 a331 9ab0 922e 820c 79ab 718a 692a 612a 692a 612b 60ea 60c9 60ca 60c9 690a 710b 712c 714c 81ee 8a70 8a91 822f 82d1 9396 8b12 820f 9292 9292 8a51 8a50 8af3 9375 9333 820e 716c 79ed 8ad1 8a91 71cd 614a 60e9 60ea 5889 5088 618b 7a90 82b2 610a 50a8 50a8 58c9 50a7 50c9 4888 3826 3847 3847 3867 48c9 69ac 9330 b493 ddb4 e5b2 dcaf cb2c b2cd b32e bbb0 ccd3 d595 ddd6 dd73 e552 e5b4 e5b4 e5b3 e5d4 e5d4 ddd5 ddd5 ddd5 e5f5 e5f5 e5d5 ddb4 ddb5 ddd4 ddb5 ddb5 ddd4 ddb4 ddb4 dd94 ddb5 ddd5 ddd5 ddb4 ddb4 ddd5 ddd4 ddf5 e5d5 ddd5 ddb5 ddd4 ddd5 ddb5 ddb4 ddb5 ddb5 ddd5 ddd5 ddd5 ddf5 e5f5 ddd5 ddf6 ddf6 de16 e616 e616 e636 e637 e636 e616 e5f6 e616 ee57 e637 ee57 ee56 ee56 e656 ddb3 c44e ab0b 9a09 91c9 89c9 91e9 9a0a 99a9 91e9 99ea 99c9 99c9 99c9 99a8 91a9 99c8 a209 a20a a22a a20a a24b a22b aa4c aa8c b2ee bb2e c3b0 d451 dcb1 e4f2 e553 ed93 edd4 edf3 ee13 e635 ccae 9228 6086 5066 5087 5067 5067 5067 5867 58a7 50a7 58a7 58c8 60c8 60c8 60a7 60c7 60a7 60a7 5887 5867 60a7 58a8 5887 5887 60e8 60c8 60c7 68c7 68e8 68e8 60e7 60c8 58c8 50a8 5088 5089 5088 68e9 89ec a2ce bb4f c38f d3cf d3ef d3ee cbcf cbaf cbaf c3af cbaf cc0f d430 d430 d46f d470 d490 d490 d470 d46f d46f dc6f dc70 d470 d450 d44f d450 d470 d490 d470 d430 d470 d470 d450 d450 d470 d450 d450 cc50 d450 d450 d430 d430 d450 d450 cc30 cc50 d450 cc30 d450 d450 d430 d42f d430 d42f d42f cc0f cc2f cc0f cc2f d42f d40f cc2f cc2f cc30 cc2f cc30 cc2f cc2f cc2f cc0f d44f cc50 cc2f d42f cc0f cc30 
aa0a aa0a aa29 aa2a b24a aa2a aa09 aa29 aa4a aa09 aa29 b229 aa29 a9e9 aa09 a9c9 b1e9 aa0a b229 ba4a ba2a c249 c249 c229 ca6a ca69 d2a9 d2eb db0b db2b e34b e3ad e3ec e40c e42d ec4d ec8d eccc ecae eccd ecae ecad ecae ecae ecae ec8e ecad ecce f4ae f4ad ecae ecae ecae ec8d ec6e ec6d ec2d ebec e3ab e34b db0b caca ba6a aa09 a9a9 9968 9168 8948 8128 8968 9188 9168 99a8 99a8 a1c9 a9e9 a9c9 a1e9 a209 a20a a9e9 a9c8 a9e9 a9ea aa09 aa09 aa0a b209 b1e9 aa2a a9e9 a9e9 b209 b22a b209 b209 aa4a b1e9 a9e9 b209 b22a b22a b1e8 b20a b209 b209 a9e8 b1e9 b1e9 aa09 a9e8 aa09 a9e8 a9a7 a9c8 a1a8 a168 a148 9949 b248 edb0 feb5 fe12 fe33 fe73 fe51 fdaf f590 f612 fe30 fdae f551 f591 f52c ec4b e3ea dbab d30b d28a ca0a ba09 c2cb dc4f d3ee cb2d db4b d3ed cb8e c2ab c28a c2cb cb2d c30c ba8b b2ab b26b aa0a a20a aa6b b2cc baac c28b cb0c cb2d d32c d36d d3ae d36d cb4e d34d cb6d cb4e c30d cb6e c32d ba8b b28c baed c2ec c30c c2ec caeb cb2d cb4e cb2d cb4d cb4e cb2d cb4d c36e cb4d c32d bacc c28c caec cb2d cb4e d36d d38e d36e cb6e cb4e cb2d d34e c32e b28d a26d aaaf b350 c34e c36f cb4f cb4f cb0e c2ee aa8f a24e 9a2e aaef bb51 bb52 b2f1 aad1 a332 a331 9ab0 922e 820c 79ab 718a 692a 612a 692a 612b 60ea 60c9 60ca 60c9 690a 710b 712c 714c 81ee 8a70 8a91 822f 82d1 9396 8b12 820f 9292 9292 8a51 8a50 8af3 9375 9333 820e 716c 79ed 8ad1 8a91 71cd 614a 60e9 60ea 5889 5088 618b 7a90 82b2 610a 50a8 50a8 58c9 50a7 50c9 4888 3826 3847 3847 3867 48c9 69ac 9330 b493 ddb4 e5b2 dcaf cb2c b2cd b32e bbb0 ccd3 d595 ddd6 dd73 e552 e5b4 e5b4 e5b3 e5d4 e5d4 ddd5 ddd5 ddd5 e5f5 e5f5 e5d5 ddb4 ddb5 ddd4 ddb5 ddb5 ddd4 ddb4 ddb4 dd94 ddb5 ddd5 ddd5 ddb4 ddb4 ddd5 ddd4 ddf5 e5d5 ddd5 ddb5 ddd4 ddd5 ddb5 ddb4 ddb5 ddb5 ddd5 ddd5 ddd5 ddf5 e5f5 ddd5 ddf6 ddf6 de16 e616 e616 e636 e637 e636 e616 e5f6 e616 ee57 e637 ee57 ee56 ee56 e656 ddb3 c44e ab0b 9a09 91c9 89c9 91e9 9a0a 99a9 91e9 99ea 99c9 99c9 99c9 99a8 91a9 99c8 a209 a20a a22a a20a a24b a22b aa4c aa8c b2ee bb2e c3b0 d451 dcb1 e4f2 e553 ed93 edd4 edf3 ee13 e635 ccae 9228 6086 5066 5087 5067 5067 5067 5867 58a7 50a7 58a7 58c8 60c8 60c8 60a7 60c7 60a7 60a7 5887 5867 60a7 58a8 5887 5887 60e8 60c8 60c7 68c7 68e8 68e8 60e7 60c8 58c8 50a8 5088 5089 5088 68e9 89ec a2ce bb4f c38f d3cf d3ef d3ee cbcf cbaf cbaf c3af cbaf cc0f d430 d430 d46f d470 d490 d490 d470 d46f d46f dc6f dc70 d470 d450 d44f d450 d470 d490 d470 d430 d470 d470 d450 d450 d470 d450 d450 cc50 d450 d450 d430 d430 d450 d450 cc30 cc50 d450 cc30 d450 d450 d430 d42f d430 d42f d42f cc0f cc2f cc0f cc2f d42f d40f cc2f cc2f cc30 cc2f cc30 cc2f cc2f cc2f cc0f d44f cc50 cc2f d42f cc0f cc30 
b20a b20a aa2a aa2a b22a b22a b24a b24a aa4a b229 aa09 aa2a aa09 a9e9 aa09 a9c9 a9e9 aa2a b209 ba4a ba09 ba2a c209 c249 c26a ca69 d289 d2eb db2b db2b db6b e38c e3cc e40d e42c ec6d ec8d ecad ec8e ecae ecce ecae ecad ecae ecae ecae eccd ecce f4ae ecae ecae ecae ec8d ec8e ec6e ec4d ec2c e40d e38b db4a d30b cacb ba49 b209 a1c9 9968 9148 8948 8948 8968 9188 9969 9948 9988 a1a8 a9c8 a9c9 aa09 a1c9 a9e9 a9c9 a9e9 aa09 aa09 aa2a b209 a9e9 aa09 aa09 aa0a a9e9 a9e8 aa2a b209 b209 b229 b209 b1e9 b1e8 a9e9 aa0a b229 b1e8 b1e9 b1e9 b209 b1e9 b1e9 b208 a9e8 a9c8 a9c9 a9c8 a9c8 a1e8 a1a8 9968 9948 9929 a9a8 dc4a f674 fe96 fe72 fe0f fdaf f612 f653 fe10 fd6e f5d0 f675 f5b0 ec6c e42d e40b e3cb d30a ca8b c22a c28b d36d dc4e dc4f d3af d32c db4a dc2d cb4e c26a c2cb caec caec ba8a b28b a24c a1ca aa6b bacd ba8b bacc c2ec cb2c d34d cb4e cb0c d34d d38d d36e d34d cb6d cb6e c34d baec b2ac b2cc baed c2ec cacb cb0c c30c cb2d caed cb2d cb4e c34e c34e c32d c30d c30c c2ec c2cc c2ec cb2d cb6e d36d d36e d36e d34e d34d d36e cb2e c2cd c2ad aa6d 9a0c a28e bb4f c32f c34f c34f c32e cb2e cb0f bacf aa4f 9a2f a2d0 ab52 ab11 a311 9ab1 926f 928f 924e 81cc 716a 690a 60e9 692b 68ca 60a9 60e9 6109 60e9 60ea 68ea 68ca 68ea 68ea 716c 81ef 8a92 8a71 8230 8b33 93f6 8b10 79ed 8a71 92d2 822f 79ed 8a90 9b52 92f1 79ac 79ce 92f1 9b93 9b73 71ab 58c9 58c9 696d 694d 58eb 58eb 616b 7ab0 8b33 612b 4868 4047 4867 4046 4888 4889 4068 4089 48aa 590a 82ce ac73 cd73 dd72 dccf cbcd b2cc aa4b b2ee cbf0 d534 ddf5 e5f5 e5d4 e5b4 e593 dd92 dd73 dd73 dd73 dd93 ddb4 ddb4 ddd5 ddd5 e5d5 ddd5 ddb5 ddb4 ddb5 ddb4 e5b4 ddb4 ddb4 dd94 dd94 ddb4 dd94 ddb5 dd95 ddb4 ddf6 ddb4 ddb4 ddb5 ddb4 ddb4 ddb4 ddb4 ddb4 d5d5 ddd5 ddd5 ddd5 d5d6 ddd6 ddd5 ddd6 ddf6 ddf6 de16 de16 e5f6 e5f5 e616 e617 e5f5 e5f5 e5f6 e617 e657 e656 ee56 e635 ddd3 d4d0 bb8e 9a2a 91ea 91ea 91e9 99ea 99ea a22a 99e9 99ea 99ea 99e9 99e9 99a9 91a8 91e9 99c9 a1e9 a22a aa4b aaac b30e b32e bb4f c38f cbcf d430 dc91 e4f1 e532 ed94 edd5 edf4 ee14 ee54 e676 c4b0 7967 5046 5067 5087 5067 5067 5887 58a8 5887 5887 58a7 58a8 60c8 60c8 60e8 60a7 60c8 6087 6067 6087 58a7 58c7 58c8 5867 5886 60a7 60a7 60a7 68c7 68e8 6908 60e8 60e9 58c9 50a8 50a9 58c9 6109 798c 9a4d b30e c38f cbf0 d3ef d3ef d3ef cbef cbaf c3af c3af cbf0 cc10 d451 d470 d490 d491 dc70 d470 d490 d470 d470 d46f dc90 d470 d470 d430 d450 d450 d450 d470 d470 d470 d470 d470 d450 d450 d470 d450 d470 d470 d450 d450 d44f d450 d450 cc2f cc50 d450 d430 d42f cc30 d430 cc30 cc2f d42f d430 cc2f cc4f cc2f cc2f d42f cc2e cc2f cc2f cc2f cc2f cc30 cc2f cc2f cc2f cc0f cc2f cc30 cc30 cc0f cc0f cc50 
b24a b24a aa4a b24a aa4a b229 b24a b229 aa4a b229 b209 aa09 a9e9 b1e9 aa09 aa09 aa09 a9e9 b209 ba4a ba29 ba29 c249 c249 c249 ca69 d289 d2ea db0a db2a db8c e3ab e3cc e3ec e40d ec4c ec6e ec8e ec8e ecad ecaf ecad ecad ec8e ecae ecce ecee ecce f48e ecae ecad ecae ecae ec8e ec6e ec4c ec2c e40d e3ac db6b db2b d2ea ba69 a9e9 a1c8 9988 9188 8968 8968 9168 9168 9148 9988 9988 a1a9 a1c9 a9e9 a9e8 a1c9 a1e9 a9c9 a9e9 a9e9 b209 aa09 b208 a9e9 aa09 aa09 a9e9 aa09 aa09 aa09 b209 b1e9 b24a b209 b1e9 a9e8 a9c9 a9e9 b208 b1e9 b209 aa08 b209 b1e8 b1c9 a9e9 a9c8 a9e9 a9a8 b1e8 aa09 a9e9 a1e9 99c8 9968 9969 9969 c2e9 f654 fed7 fdcf fd6e f612 fe72 fe10 f58f f5b1 fe71 fe4f f56f ecce ec8b e3eb db0a d2aa d2ea d2eb dbcd dbcc db6e db8c dc2e cb6f caab db4b d3ed cb2e caec c2ed ba8b b22a aa2a aa4b b24b b26b baac c28b cb0c d32c cb2d d32b d38e cb2d cb2d d36d d34c cb6e cb6e c30e baab b26b b2ac c2ee caed cb0e c2cb caeb cb0c cb6e cb2e cb0d c32d c34e c34e c32d c30d c2ec c2ac c2cc cb2d d38e d38e d34d d34d d36d d36e d34e cb2e caed b28d a20c 9a4e ab10 b30f c32e c30e c36f cb8f cb2e cb0f c310 b2f0 9a4f 924e 92b0 92d0 8a2e 79ed 798c 716b 718c 798d 794c 714c 718c 798c 714b 710a 68a9 60c9 60e9 612a 692a 690a 68ea 690b 714c 81ef 8ad3 8a91 822e 8b33 9bf5 8aaf 81ee 8230 820f 718c 60e9 716b 8a70 9250 81ad 716c 9333 9b72 92f0 8a0d 60ea 696e 71ce 7a0f 71cf 610b 5089 5908 8311 8b33 590a 4847 4047 4047 4047 3847 4068 48ca 616e 7a2e 9b90 c553 ddd3 e531 d42d bb2c aa8c a28c b30e cc72 dd54 e5b4 e5f4 e5f4 e5d3 e5b4 dd72 dd73 dd53 dd53 dd74 d553 dd94 ddb5 ddd5 ddd5 ddb4 ddb5 ddb5 dd94 ddb4 dd94 ddb4 ddd5 ddb4 dd73 d553 dd74 d594 ddb5 ddd5 ddb4 ddd5 dd94 dd94 ddd5 ddb4 dd74 ddb5 ddd5 ddd5 ddd5 ddd5 ddd6 ddd5 ddd6 ddf6 ddd6 ddd6 ddd6 ddd6 de16 ddf6 ddf6 ddf6 de16 ddf6 ddd6 e5f6 e616 e637 e636 dd93 ccf0 c46f bbd0 ab4e a30f a2ad 99ca 99ea a1e9 99e9 a20a a1e9 99e9 99c9 99e9 99e9 99c9 99c9 99ea 99ea a1ea aa4c b2ed b30d c34e c3af d40f dc30 dc2f dc2f e48f e4f1 e512 ed73 ed92 edb3 edd4 ee76 ee75 ccb0 89a8 5066 4867 5088 5887 58a8 58a7 5887 58a7 5887 5887 58a7 60c9 60c8 60a8 60c7 60e8 60e8 6087 5887 6087 58a7 58a7 5887 58a7 58c7 60c8 60c8 60e7 6908 6949 6928 614a 5909 58c9 58c9 50c9 5909 694a 922d aace bb4f cbcf d3ef d3ce d3ef cbef cbef c3af cbaf cbcf d430 d450 d471 d491 d4b0 d490 dc90 d490 d491 d491 d470 d470 d490 d490 d470 d42f d490 d471 d46f d470 d470 d46f d470 d490 d450 cc50 d470 d450 d44f d44f d44f d450 d44f d44f d44f d450 cc50 cc50 d430 cc30 cc30 cc50 cc50 d44f d450 cc30 cc50 d44f d42f d42f cc2f d42f d42f cc2f cc4f d44f cc30 cc2f cc30 cc2f cc30 cc0f cc30 cc30 cc2f cc0e cc0f 
b24b b24b aa4a b24a b24a b24b b209 b209 aa2a b22a b1e9 a9e9 b209 a9e9 aa09 a9e9 b209 a9e9 b1e9 b22a b209 ba29 c229 ba4a c229 ca49 caaa d2ca daea db2a db8c e38b e3cc e3cc e40d e44d e46e ec8e ecad ecad ecce ecad ecae ecae ecae ecae ecce ecae ecae ecce ecae ecae ecae ec8d ec6e ec4c ec0d e3ec e3ab e34b db0b d2ca ba69 a9e9 a1c8 99a9 8968 8968 8948 8928 9169 9189 9188 99a8 a20a a1c9 a1c9 a1e9 a9c9 a9e9 a9e9 aa09 a1e9 aa09 a9e9 a9e8 aa09 aa09 a9c8 a9e9 aa29 a9e9 b209 b22a b209 aa2a b229 b209 a9e8 a9e9 a9e9 aa09 b209 aa4a b209 b209 b1c8 b1e9 aa09 b1e9 aa2a a9e8 aa09 aa08 a9e9 a209 a228 9988 9149 9949 b269 edaf fe94 fe13 fe13 fe50 fdcf f56f f5f2 fe31 fdce f58f f5f0 f56e ec0b e38b dbac db6b db2a db2b db6d d32c d38e d36e dbac d42f cb4e d32d db6c d3ae cb2d bacd aa0a a1ca aa0a b2ac b2ac ba6c ba8c cb0c cb6e d32d cb2c cb2d cb4d cb6e cb6e cb2d cb2c cb2c c34e bacc b28b baad c30d c30d c30d c30d c2cc c2ec caec cb2d cb4d cb6e cb2d c32d bb0d c30d c2ec c2ac c2ed cb4d d3af d38f d36d d32c d34d cb2d d34d d32e cb0d c2ce aa2d 898b ab11 c390 c32f c32f c32f c32f cb2e cb2e c2ef b2af a24f 89ed 81ee 820e 71ac 692a 60ea 690b 692b 79ee 822f 81ae 79ad 79ee 798c 690a 68e9 60c9 60a8 60e9 68ea 60aa 60a9 68ea 714c 8a2f 9b34 9333 8a2e 8a90 9353 8a8f 820e 79ce 714c 60c9 58c9 60ca 68ea 798c 81ee 822e 8291 8ab0 79ed 79ad 718c 71ef 8291 7a2f 71ce 614b 5089 5068 50e7 7b32 8af2 4888 4047 4067 4047 3847 3847 4087 69ac 92cf bc51 d594 e592 dcae cbae b2ac aa8d ab0e bbd0 d4d2 dd73 e5b3 e5b3 e5d4 e5b3 e592 dd52 dd31 dd32 dd32 d533 d553 d554 d594 ddb5 ddb5 ddb4 ddb5 ddb4 dd94 dd94 ddb4 ddb3 ddb4 ddb4 dd94 dd53 d573 dd94 ddb5 ddb5 dd94 dd95 ddb5 ddb5 ddb5 ddb5 dd74 dd94 ddd5 ddd5 ddb5 ddb5 ddb5 ddd5 ddd5 ddd6 ddd6 ddd6 ddd5 ddd6 ddf6 e5f6 e5f6 de17 ddf6 de16 de16 e615 e615 e5f4 d572 c44f a2cb 8a2a 9b0e a391 a390 ab70 ab4f aa8c 9a2a a20a a209 aa2a a20a 99a9 99c9 91c9 99c9 a20a a24c a26c aa8c b2ed bb8f cbef d40f d40f dc4f e48f e4b0 e46e e4b0 e4f1 e512 e531 e552 ed92 edf3 e655 ddd3 bbed 7967 5047 5087 50a8 58a8 58a7 58c8 58a7 58a7 58a7 60a8 60c8 60c7 60e8 60c8 60c7 60c8 60a7 60c7 60a7 5887 5887 5887 5087 5087 5887 58a7 60c8 60e8 68e8 68e8 60e8 60e8 616a 594a 594a 50c9 58a9 6109 818b a28d b32e c3af cbef d3ef d3ef d3ee cbcf cbcf cb8e c38f cc10 d44f d490 d470 d491 d490 dc90 d490 d490 d490 d470 d470 d46f d470 d470 d470 d44f d48f d470 d471 d450 d470 d44f d450 d470 cc70 cc6f d46f d470 d470 d470 d450 cc50 cc71 cc50 cc50 cc50 d450 cc50 d430 cc2f cc30 cc2f d450 d42f d44f cc30 d42f cc4f d44f d42f d42f cc2f cc4f cc2f cc30 d44f cc30 d40f d42f cc50 d42f cc0f cc10 cc30 cc0f cbef cc0f 
b24b b24b aa4a b24a b24a b24b b209 b209 aa2a b22a b1e9 a9e9 b209 a9e9 aa09 a9e9 b209 a9e9 b1e9 b22a b209 ba29 c229 ba4a c229 ca49 caaa d2ca daea db2a db8c e38b e3cc e3cc e40d e44d e46e ec8e ecad ecad ecce ecad ecae ecae ecae ecae ecce ecae ecae ecce ecae ecae ecae ec8d ec6e ec4c ec0d e3ec e3ab e34b db0b d2ca ba69 a9e9 a1c8 99a9 8968 8968 8948 8928 9169 9189 9188 99a8 a20a a1c9 a1c9 a1e9 a9c9 a9e9 a9e9 aa09 a1e9 aa09 a9e9 a9e8 aa09 aa09 a9c8 a9e9 aa29 a9e9 b209 b22a b209 aa2a b229 b209 a9e8 a9e9 a9e9 aa09 b209 aa4a b209 b209 b1c8 b1e9 aa09 b1e9 aa2a a9e8 aa09 aa08 a9e9 a209 a228 9988 9149 9949 b269 edaf fe94 fe13 fe13 fe50 fdcf f56f f5f2 fe31 fdce f58f f5f0 f56e ec0b e38b dbac db6b db2a db2b db6d d32c d38e d36e dbac d42f cb4e d32d db6c d3ae cb2d bacd aa0a a1ca aa0a b2ac b2ac ba6c ba8c cb0c cb6e d32d cb2c cb2d cb4d cb6e cb6e cb2d cb2c cb2c c34e bacc b28b baad c30d c30d c30d c30d c2cc c2ec caec cb2d cb4d cb6e cb2d c32d bb0d c30d c2ec c2ac c2ed cb4d d3af d38f d36d d32c d34d cb2d d34d d32e cb0d c2ce aa2d 898b ab11 c390 c32f c32f c32f c32f cb2e cb2e c2ef b2af a24f 89ed 81ee 820e 71ac 692a 60ea 690b 692b 79ee 822f 81ae 79ad 79ee 798c 690a 68e9 60c9 60a8 60e9 68ea 60aa 60a9 68ea 714c 8a2f 9b34 9333 8a2e 8a90 9353 8a8f 820e 79ce 714c 60c9 58c9 60ca 68ea 798c 81ee 822e 8291 8ab0 79ed 79ad 718c 71ef 8291 7a2f 71ce 614b 5089 5068 50e7 7b32 8af2 4888 4047 4067 4047 3847 3847 4087 69ac 92cf bc51 d594 e592 dcae cbae b2ac aa8d ab0e bbd0 d4d2 dd73 e5b3 e5b3 e5d4 e5b3 e592 dd52 dd31 dd32 dd32 d533 d553 d554 d594 ddb5 ddb5 ddb4 ddb5 ddb4 dd94 dd94 ddb4 ddb3 ddb4 ddb4 dd94 dd53 d573 dd94 ddb5 ddb5 dd94 dd95 ddb5 ddb5 ddb5 ddb5 dd74 dd94 ddd5 ddd5 ddb5 ddb5 ddb5 ddd5 ddd5 ddd6 ddd6 ddd6 ddd5 ddd6 ddf6 e5f6 e5f6 de17 ddf6 de16 de16 e615 e615 e5f4 d572 c44f a2cb 8a2a 9b0e a391 a390 ab70 ab4f aa8c 9a2a a20a a209 aa2a a20a 99a9 99c9 91c9 99c9 a20a a24c a26c aa8c b2ed bb8f cbef d40f d40f dc4f e48f e4b0 e46e e4b0 e4f1 e512 e531 e552 ed92 edf3 e655 ddd3 bbed 7967 5047 5087 50a8 58a8 58a7 58c8 58a7 58a7 58a7 60a8 60c8 60c7 60e8 60c8 60c7 60c8 60a7 60c7 60a7 5887 5887 5887 5087 5087 5887 58a7 60c8 60e8 68e8 68e8 60e8 60e8 616a 594a 594a 50c9 58a9 6109 818b a28d b32e c3af cbef d3ef d3ef d3ee cbcf cbcf cb8e c38f cc10 d44f d490 d470 d491 d490 dc90 d490 d490 d490 d470 d470 d46f d470 d470 d470 d44f d48f d470 d471 d450 d470 d44f d450 d470 cc70 cc6f d46f d470 d470 d470 d450 cc50 cc71 cc50 cc50 cc50 d450 cc50 d430 cc2f cc30 cc2f d450 d42f d44f cc30 d42f cc4f d44f d42f d42f cc2f cc4f cc2f cc30 d44f cc30 d40f d42f cc50 d42f cc0f cc10 cc30 cc0f cbef cc0f 
b22a b22a b24b b24a b22a b26b b22a b229 aa2a aa4a b1e9 a9c9 aa29 aa0a aa2a b209 b229 b208 b1e9 b20a b209 ba09 ba29 ba2a c249 c249 caaa d2ca daea db2b db6b e3ac e3cc e3ec e40d ec4d ec6e ec6e ecaf ec8e eccf ecae ecae ecae ecce ecad ecad ec8e ecad ecae ecae ecae ec8e ec8d ec6d ec4e ec2d e3ec e3cc e36b db0a d2ca ba6a aa29 a1c8 99a9 9189 8128 8928 8948 9128 9188 99a9 9988 a1e9 a1c9 a1c9 a1ea a9e9 a9e9 aa09 a9c8 a9e9 aa29 aa09 a9e8 aa09 aa09 b1e9 b209 a9e9 aa09 b209 aa2a b229 aa09 aa29 aa09 aa09 aa09 a9e9 a9e9 a9e9 aa29 b209 a9e9 b1e9 b1e8 b1e8 b209 a9e9 aa09 b209 b208 a9e9 a1c8 a9a8 a188 9928 9129 9988 d3a9 f654 fed7 fe52 fdce f5d1 f613 fdf0 fd4e f52f f613 fdcf f4cc e48f e46c ec4b e38b d2ca caa9 cb0c c32d d38e d3ef d32c e40d dc6f d430 cb0c cb0b caec ba6b a20a a26b b2ad ba8c ba8c ba4b c2cc d32c d36d d34d d30c cb4d cb0d d30c d36d cb6d c30d c2ec bacc b28b baac bb0d c30d c30d c2ec caec cb0d c2ed cb0d cb2d cb2d cb4e cb4d c30d bacc baac c28b c2ac cb4d d3af d3af d3ae cb4e cb4d cb4d cb6d cb0c cb0d cb0e c30f aa0d 896b b2ef cb6f c370 cb4e cb4e c32e baad aa4d 9a0d 91ed 81ad 796c 690b 60ea 690a 714c 79ad 822f 8a70 8a70 820f 718c 694a 694a 6909 58c8 58a8 60a8 60a9 60a9 60aa 5869 60ca 714c 822f 9b53 a395 926f 8a90 9b53 8ad0 822f 71ac 60e9 5888 5068 58aa 588a 58a8 71ed 8ad2 8af3 71ad 610a 716c 81ee 8291 8291 7a2e 692a 58e9 50e9 4048 4868 5109 8333 71cc 4889 4088 3847 3847 3867 50c9 71cc a390 cd13 dd73 dcaf d3cd c34c b2ed b2cd bb6f ccb3 d575 e593 e572 e5b3 e5b3 e5b4 dd72 dd52 dd32 d532 d553 dd33 d533 d574 dd94 dd94 ddb4 ddb5 dd94 dd94 dd94 dd94 ddb4 ddb4 ddb3 ddb4 dd73 dd94 ddb4 dd94 dd94 dd93 dd94 dd94 dd94 ddb5 ddb5 dd95 ddb4 ddd5 ddd5 ddb5 ddb6 ddd5 ddd5 ddd5 ddd5 ddd5 ddd6 ddf6 ddf5 ddf6 ddd6 ddf6 ddd6 e5f5 e616 e637 e636 de15 ddb3 ccaf ab6d a2ec 926c 8a0d 822c 9aef ab90 abd1 ab90 b32e b2ee aa8b a20a a1e9 a9e9 a22b a1ea a20b a26c aaac bb2e bb8f c38f cbce d42f dc6f dc6f e44f e44f e48f e48f e4b0 e4b0 e4f0 e4f1 e4f1 ed52 edb3 ee15 e655 d551 9aa9 68e6 5087 5047 5067 5087 58a8 58a7 60a7 5887 60c8 5887 60a7 68e8 6908 6108 60c8 68c7 6908 6108 58a7 5887 5887 5887 58a7 5887 5887 5887 6087 60a7 68e8 6928 6949 6109 58a8 6109 594a 592a 590a 610a 79ab 924d b32f c36f d3cf d3ef d3ef d3cf cbef cbf0 cbae cbcf cbcf d40f d450 d470 d490 dc90 d490 dc70 d470 d490 d470 d470 d471 d470 d470 d470 d470 d490 d470 d450 d470 d470 d470 d46f d470 d470 d470 d46f d44f d450 d46f d470 d470 cc51 cc70 d451 d470 d470 d450 cc30 cc50 d430 cc30 cc30 cc30 d42f d450 cc2f cc2f cc2f cc2f cc2f d42f cc4f cc2f cc2f cc30 cc2f cc2f cc2f d44f cc4f cc0f cbef cc2f cc0f cc0f cc0f cc0f 
b24b b24b b24a b229 b24b ba4a b24a aa4a aa2a aa2a b22a b22a b24a b22a b22a b1e9 b229 b209 b209 aa09 b209 ba09 ba29 ba29 c249 ca69 d289 d2ca d2eb db6c db8c e3ab e3cc e3ec ec0c e42c ec6e ec6d ec8e ecae ecad ecae ec8e ecae ec8e ec8d eccd ec8d ec8e ec8e ecae ecad ecae ec6e ec4d ec4d ec0c e3ec e3cb e36b db2b d2ea c26a aa4a a1c9 91a9 9168 8968 8968 9148 9168 9188 9989 9988 99a8 a1c8 a1a8 a9e9 a1c9 a1e9 a1e9 a9c8 a9c9 aa09 a9e9 aa09 a9e9 aa09 b209 a9e9 a9a8 b209 a9e9 aa29 aa09 a9e9 b229 aa09 a9e9 aa09 aa29 aa09 a9e9 aa09 b249 b229 b1e8 b1e8 b209 b209 b209 aa09 b209 b208 a9e8 a9c8 a1c8 a1a8 9968 9148 9129 ba69 edb0 fed6 fe32 fe12 fe31 fdf0 f54f f570 f612 fdf0 f50d ed50 f5b0 f4cc e3ca dbcc cbad c28b c28a cb4c dbef dc0f d36d d30b e3cc dc4e cbaf baac ba4a aa0a a1ea b26a bacc baac bacd c2ed cb6e cb4e d30c d34d d34e d32c cb2c cb4d cb2d cb4d baac aa2b aa8c b2ce baed caec c2ee c30d c2cc caed caec caec caec cb2d c32d cb0d cb2d c2ec bacc baac c28b cb2d d34d d34e d34d d34d d34d cb6e d34d d36d cb2d cb4e cb4e bb2f aa4d 91ab b30f c34f c34f cb2e bace aa6e 9a2e 89cd 798c 716c 690a 60ca 58a9 60ea 79ae 8a71 92d0 8ab0 79ed 694a 692a 690a 60c9 58c9 58c9 60e9 5888 58a8 60e9 68ea 60a9 5869 70eb 9250 9b33 a3b4 9af1 9ad1 9b32 92f0 824f 696b 5888 5888 5868 5068 5889 5888 71ac 8b74 9353 79ed 60ea 694c 79ee 8ab0 8b31 7a2e 610a 5088 4868 4889 4048 4887 61ce 8b53 69ce 69d0 48aa 3827 4088 616b 8ace b451 d532 e551 d44f cb4c bb0d bb0d bb8f c431 d514 e5f7 e5f5 e593 e592 e5b4 e593 dd73 dd52 d553 d533 d533 dd52 dd54 dd74 dd94 dd94 dd94 dd94 ddb4 dd94 dd74 dd94 ddb4 dd94 dd94 dd73 ddb4 d574 dd93 dd73 dd93 dd73 dd74 d594 ddb4 dd94 ddb5 ddb5 ddd5 dd94 ddb4 ddb4 ddb5 d5b5 ddd5 ddd5 ddd5 ddd5 ddd6 ddd5 ddd5 e5f5 de16 de16 ddf6 ddf6 e5f5 e615 e635 d592 c46f a32b 89ea 7989 824d 92ae 92af 926d 9b0f a391 b3d1 b3f1 b370 bb2e b32e aacd aa8c b2cc bb0d bb0d c32d c3af d3ef dc2f e46f e46e e48e e4ae e48f e48e e46e e46f e46e e44e e46f ecaf e4f0 ecf1 ed32 edb3 ee55 e635 c44e 81a7 5886 4867 5067 5087 5887 5887 5887 58a7 58a7 5887 60c7 6108 60c7 60e7 60e8 60c8 60a7 60e8 68e8 68e8 60a7 58a7 58e8 58a7 5887 5066 5067 5886 6087 60c7 6908 6928 6949 696a 60e8 58e9 50c8 58c9 60a9 68e9 8a0c a2ce bb4f c3af d3ce d3ef cbcf cbce cbcf cbae cb8f cb8f d40f d450 d46f d490 d4af d4b0 d470 d490 dcb0 d490 d46f d490 d4b0 d4af d490 d490 d490 d490 d490 d470 d470 d490 d490 d491 d470 d46f d470 d470 d450 d450 d470 d450 d450 cc30 d42f d450 d450 cc70 d450 cc30 cc30 d450 cc30 cc30 cc30 d42f d44f cc50 cc2f cc2f cc30 d450 cc2f cc30 cc4f cc4f d44f d430 cc4f cc2f cc50 cc2f cc2f cc0f cc30 cc2f cc0f cc0f cc0f 
b26b b26b b24a b209 b22a b24a b22a aa2a aa4a b24a b22a b24a b24a b22a b20a a9c9 b209 b209 aa2a b1e9 b1e9 ba29 ba08 c229 c249 ca69 caaa d2ea d2ea db4b db8c e38b e3cc e3ec e40c e44d ec6e ec6d ec8e ecae ecad ec8e ec8e ecce ecaf ecae ecce ecad ecae ecae ecae ecae ec8d ec8e ec6e ec6e ec0c e3ec e3ac db8c d32b d2ca c26a aa2a a1c9 91a9 9168 8928 8948 8948 9148 9168 9189 9988 9988 a1a8 a1a8 a9e9 a1c9 a9e9 a1e9 aa09 a9e9 a9e9 a9c8 aa0a b22a a9c9 a9e9 aa09 a9e9 b209 b209 b209 a9e9 a9e9 a9e8 b209 aa29 aa09 aa0a aa09 a9e9 aa09 aa09 aa09 b1e9 b1e9 b209 b209 b209 b209 b229 b209 aa09 a9e9 a1e9 a1c8 9989 9968 9929 a1a9 dc0a fe73 fe96 fe52 fdaf fd8f f5f2 fe11 fd8d f52e f5b1 fe30 f54e ec0c e44d e4ad dc4d cbaf bacc caeb db8c dbcc dc0f caeb d2ca db6b d3ce baeb aa6a aa6b aa2b ba6b c28b c2ac cb0c d34d d38d cb6e cb2d d32c d36e cb4d cb2d cb4d cb0d c2ac b26b aa6c b2ad c2ec c30d c2ac c30d cb2e cb0d c30d cb2d cb0c c2cc c2cc cb0c c34e c2ed baac bacd c30f cb4f d38e d36e cb6f cb2d cb0d d32c d36d d34d d34e d36e d3b0 cbb0 c34f aa6e 916a b2ce cb70 cb4f baad 9a0c 89ed 79cc 716b 690a 60c9 60ca 68eb 79ae 824f 92f1 8a6f 79ab 6929 58a8 58a8 5888 5888 60c9 58e9 610a 60e9 5888 58a8 60c9 60ea 5889 5888 79cd 9af1 9b32 9af1 a310 9acf 8a2d 79ec 692a 5887 58a8 60ea 5869 5048 60ca 7a0f 9374 9372 81ed 690b 696d 79ef 822f 8270 7a0e 692a 5067 4867 4888 4889 4048 48a8 7a91 8b11 6a2f 7a92 50ca 58e9 7a4d abf0 c4d1 dd52 dcaf d3cc bb0c b2cc bb0d cbd0 d4d3 dd74 e5f6 e615 e5d4 e5b4 e5b3 e594 dd94 dd54 d553 dd73 d553 d533 d553 d553 dd74 dd74 dd74 dd74 dd53 dd73 dd53 dd94 dd73 d573 dd74 d594 dd94 dd73 dd53 dd53 dd53 dd73 dd94 dd94 dd74 dd94 ddb5 ddb5 ddb5 ddb3 ddb4 ddb4 ddb4 ddb5 ddb5 ddb6 ddd5 ddd5 ddd5 ddd6 ddd6 ddf6 ddd6 e5f6 e616 e616 de15 ddb2 cd10 b3ac 9aaa 926c 81cb 716b 79aa 8a4d 92ce 92ae 928e 9ace a350 abd2 b3f2 bbb1 c3b0 cbf0 cc11 cbce d3ee dc0e dc0d e44e e46f e46f ec4e ec8e ec8f e48f ec6e e46f e4cf e4d0 e490 e46f e470 ec8f ecd1 ed11 ed72 edf3 ee75 e5f3 bbac 7127 5046 5067 5067 5888 5087 5867 5887 60c8 58a8 58c8 60e8 60e8 6909 6928 60e8 60e8 6109 60c7 60c7 68c7 60a7 5887 58a8 60c8 58a7 58c7 58a7 5887 6087 6086 68c7 7108 68c7 60a7 60a7 5887 50a8 58e9 58c9 60a8 798b 9a6d b30e c38f cbcf d3cf d3ef cbce cbcf cbd0 cb8e cb8f cbaf d40f d470 d48f d490 dc90 d490 d470 d490 d4b0 d491 d490 d490 d490 d4b0 d490 d490 d490 d470 d470 d44f d48f d470 d470 d471 d44f d470 d470 cc6f d450 d450 d450 d450 cc70 cc50 d44f d491 d42f d44f d450 cc30 d44f cc2f cc2f cc4f cc10 d430 d44f cc30 cc10 cc30 cc30 d430 cc50 cc30 cc4f cc50 cc4f d44f cc50 cc0f cc2f cc2f cc4f cc0f cc0f cc10 cc0f cc0f cc0f 
b26b b26b b24a b209 b22a b24a b22a aa2a aa4a b24a b22a b24a b24a b22a b20a a9c9 b209 b209 aa2a b1e9 b1e9 ba29 ba08 c229 c249 ca69 caaa d2ea d2ea db4b db8c e38b e3cc e3ec e40c e44d ec6e ec6d ec8e ecae ecad ec8e ec8e ecce ecaf ecae ecce ecad ecae ecae ecae ecae ec8d ec8e ec6e ec6e ec0c e3ec e3ac db8c d32b d2ca c26a aa2a a1c9 91a9 9168 8928 8948 8948 9148 9168 9189 9988 9988 a1a8 a1a8 a9e9 a1c9 a9e9 a1e9 aa09 a9e9 a9e9 a9c8 aa0a b22a a9c9 a9e9 aa09 a9e9 b209 b209 b209 a9e9 a9e9 a9e8 b209 aa29 aa09 aa0a aa09 a9e9 aa09 aa09 aa09 b1e9 b1e9 b209 b209 b209 b209 b229 b209 aa09 a9e9 a1e9 a1c8 9989 9968 9929 a1a9 dc0a fe73 fe96 fe52 fdaf fd8f f5f2 fe11 fd8d f52e f5b1 fe30 f54e ec0c e44d e4ad dc4d cbaf bacc caeb db8c dbcc dc0f caeb d2ca db6b d3ce baeb aa6a aa6b aa2b ba6b c28b c2ac cb0c d34d d38d cb6e cb2d d32c d36e cb4d cb2d cb4d cb0d c2ac b26b aa6c b2ad c2ec c30d c2ac c30d cb2e cb0d c30d cb2d cb0c c2cc c2cc cb0c c34e c2ed baac bacd c30f cb4f d38e d36e cb6f cb2d cb0d d32c d36d d34d d34e d36e d3b0 cbb0 c34f aa6e 916a b2ce cb70 cb4f baad 9a0c 89ed 79cc 716b 690a 60c9 60ca 68eb 79ae 824f 92f1 8a6f 79ab 6929 58a8 58a8 5888 5888 60c9 58e9 610a 60e9 5888 58a8 60c9 60ea 5889 5888 79cd 9af1 9b32 9af1 a310 9acf 8a2d 79ec 692a 5887 58a8 60ea 5869 5048 60ca 7a0f 9374 9372 81ed 690b 696d 79ef 822f 8270 7a0e 692a 5067 4867 4888 4889 4048 48a8 7a91 8b11 6a2f 7a92 50ca 58e9 7a4d abf0 c4d1 dd52 dcaf d3cc bb0c b2cc bb0d cbd0 d4d3 dd74 e5f6 e615 e5d4 e5b4 e5b3 e594 dd94 dd54 d553 dd73 d553 d533 d553 d553 dd74 dd74 dd74 dd74 dd53 dd73 dd53 dd94 dd73 d573 dd74 d594 dd94 dd73 dd53 dd53 dd53 dd73 dd94 dd94 dd74 dd94 ddb5 ddb5 ddb5 ddb3 ddb4 ddb4 ddb4 ddb5 ddb5 ddb6 ddd5 ddd5 ddd5 ddd6 ddd6 ddf6 ddd6 e5f6 e616 e616 de15 ddb2 cd10 b3ac 9aaa 926c 81cb 716b 79aa 8a4d 92ce 92ae 928e 9ace a350 abd2 b3f2 bbb1 c3b0 cbf0 cc11 cbce d3ee dc0e dc0d e44e e46f e46f ec4e ec8e ec8f e48f ec6e e46f e4cf e4d0 e490 e46f e470 ec8f ecd1 ed11 ed72 edf3 ee75 e5f3 bbac 7127 5046 5067 5067 5888 5087 5867 5887 60c8 58a8 58c8 60e8 60e8 6909 6928 60e8 60e8 6109 60c7 60c7 68c7 60a7 5887 58a8 60c8 58a7 58c7 58a7 5887 6087 6086 68c7 7108 68c7 60a7 60a7 5887 50a8 58e9 58c9 60a8 798b 9a6d b30e c38f cbcf d3cf d3ef cbce cbcf cbd0 cb8e cb8f cbaf d40f d470 d48f d490 dc90 d490 d470 d490 d4b0 d491 d490 d490 d490 d4b0 d490 d490 d490 d470 d470 d44f d48f d470 d470 d471 d44f d470 d470 cc6f d450 d450 d450 d450 cc70 cc50 d44f d491 d42f d44f d450 cc30 d44f cc2f cc2f cc4f cc10 d430 d44f cc30 cc10 cc30 cc30 d430 cc50 cc30 cc4f cc50 cc4f d44f cc50 cc0f cc2f cc2f cc4f cc0f cc0f cc10 cc0f cc0f cc0f 
b26b b26b b26a b22a aa0a b26b aa2a aa2a b24a aa2a aa0a aa2a b22a b20a b229 a9e9 aa09 b209 b1e9 b229 b209 ba09 ba09 c209 ca49 ca49 ca69 d2ca d2eb db0c db6c e3ab e3cc e3ed e3ed ec4e ec6e ec6e ec8e ecae ecce ecae ecae ecae ec8e ecce eccd ecce ec8e ec8e ec8d ecae ecae ec8e ec6e ec4e ec2d e3ec e3ab db6c db2b d2ea ba6a aa49 a1c9 99a9 9168 8928 8948 8948 9148 9189 9189 9988 99a9 a1a9 a1c9 a1e9 a1e9 a9e9 a20a a9e9 a9e9 aa0a a9e9 a9e9 b209 b209 aa29 b1e9 b209 b209 b1e9 b209 aa29 aa09 aa29 aa09 a9e9 aa29 aa09 aa09 a9c8 aa09 a9c9 a9c8 a9e9 a9e9 b1e8 b209 b209 aa29 b209 b229 aa09 aa29 aa09 a1a8 9968 9968 9948 9969 c288 edf2 fed7 fdf1 f5d1 f633 fdef fd4e f52f f5f2 fe31 fd8d f52f ed50 ed90 e46d e3cc e46d d46f cb4d cac9 dbac e48f d3cd caaa caeb c2eb ba6a b22a b28a baac ba8c c26b cacd d32d d34d d32c d34d d34d d34e cb0d cb0c c32d baac ba4a aa0a aa6c ba6b c30e c2cc cb0d c2ed cacc cb2d cb2e cb0d cb2d cb2c c2ed bacd c2ac c2ec bacc b2ac aa6d aaad bb70 c36f c32d c30e c30e cb0e d32d d34e d32d d36e d38f d3b0 d3af c34f b2ae 99eb aa6d c36f baee 91ec 796b 692a 68ea 610a 60ca 60ea 716c 8a4f 92b0 820d 716a 6129 58a8 58a8 50a8 58a8 58a8 5888 60c9 610a 60c8 5887 5867 58a9 60a9 58aa 5088 610a 8250 9b73 9b33 8a0d 924d 9a4e 81ed 68e9 58a8 58a9 60ca 60ca 60aa 690b 8271 9c16 9b73 820e 716c 690b 71ad 8230 7a2f 718c 58e9 4866 4026 4889 50c9 508a 4067 48e8 8354 722e 50c8 69ad 79ce 9acf bc51 dd52 e511 d3ed cb2c bb0c b2ec bb2e c432 dd13 dd95 e5d5 e5f5 e5f4 e5d4 e593 dd73 dd52 d594 d574 d533 d532 d534 d534 d554 d554 d573 dd94 dd74 d554 d573 dd73 dd53 d553 d553 d553 d594 dd93 dd73 dd32 dd54 dd73 dd94 dd94 dd74 dd94 dd94 dd94 ddb4 dd94 ddb4 ddb4 ddb4 dd94 ddb4 ddb4 ddb5 ddd6 ddd5 ddd5 ddf6 ddf6 de17 e5f6 e615 e636 e635 d592 c4af a2ea 7188 60c7 6929 824d 8a8e 8a4d 81ec 89ec 926d 92ae 926d 924c 9ace ab91 ab91 bbd1 cc10 dc30 e470 e46f e44e ec4e e44e e46e ec6e ec8f e46e e46f e46e e46e e46f e46f ec8f e4b1 e4b1 e48f e4d2 ed11 ed52 edb3 f635 f695 e5f3 b34c 6907 4846 4867 5067 5047 5887 5867 5887 58a7 60a7 60c8 60e8 60e8 6908 60e8 6908 60c8 60c7 68c8 60a7 60a7 60e8 60a7 5887 60a7 60c8 5887 58c8 60e8 60a7 60c7 60a7 68c7 68e8 60c7 5887 5067 5087 50a8 58c8 58c8 694a 924d a2ee bb4f cbcf d3ef d3cf cbce cbcf cbf0 c3af c38f cbae cbef d44f d48f d4b0 dcb0 dc90 d490 d490 d490 d4b0 dc90 d490 d4b0 dcb0 d4b0 d490 d490 d48f d470 d470 d450 d470 d46f d470 d470 d470 d471 d471 d470 cc70 d450 d450 d470 cc70 d450 d450 d471 d44f d450 cc30 cc50 d450 d470 cc2f cc30 cc2f cc4f cc4f cc50 cc30 cc2f cc2f cc2f cc4f d430 cc2f cc4f cc4f cc2f cc30 cc2f cc2f cc4f cc50 cc2f cc0f cc0f cc0f cc0f cbef 
b26b b26b aa6b b26b b24a aa4a aa4a aa2a b22a b22a b24b b24a b24a b22a aa09 aa09 aa2a b209 b209 b249 b229 b9e8 ba29 ba29 ba49 c249 ca69 d2ca d2ea db0b e36b e3ab e3cd ebec ec2c ec6d ec6d ec6d ecae ecce ecad ecae ecaf ecad ec8d ecce ecae ecae ec8e eccf ecad ecad ecae f48d ec6e ec4d ec0c e3cb e38b db4b db2b d2ea c269 aa4a a1c8 99a8 9169 8907 8928 8968 9148 99a9 99a9 a1a9 a1a9 a1c9 a1e9 a1c9 a1e9 aa09 a209 a9c9 aa09 a9e9 a9e9 a9e9 a9e9 b209 aa09 aa09 aa09 b209 b209 b22a aa29 b209 aa2a aa09 aa09 aa29 a9e9 b209 a9e9 aa09 a9e9 aa09 b1e9 a9c9 aa09 b209 b209 b229 b209 b22a b209 b229 a9e9 a1c8 a1a8 9969 9969 9949 b208 e54f feb6 fe54 fe32 fdee f54f f571 f633 fe10 fd6d f570 f5f1 fdf0 f56e e46e dc0f e40d eccd dcb0 d36d db8b e46e dc8f d34c ba6a aa09 aa09 b22a ba8c c2ed c30d c2ec cb2d d34e d34d d32d cb2d d34c d38e cb4e c2ec baab aa2a a9ea aa2b baac c2ac cacb c2ed caec c32d c30d caec c2ed caee cb0d c30d c2ed c2ed bacc ba8c ba8b bacc b32f ab2e ab2e aacd 9a4c 920c 99eb aa2c b26b baac cb2e d34e db6f dbcf d38e c34f b28d 99cb 89eb a28d 91cc 692a 614a 616b 60eb 610a 692b 79ed 8a6f 8a2e 798b 60c8 58c9 610a 58c9 5868 5088 50a7 60e9 610a 694b 60e9 5887 5046 5867 60c9 60ca 5869 60ea 8270 9332 a3d4 8a4f 6909 798b 81cc 712a 5888 5888 5889 60aa 68eb 79ae 8b13 9bb4 9b93 8a6f 81ee 79ae 79ce 8291 8291 612b 4867 4847 4846 590b 696e 5089 4027 4887 594a 8b95 718c 5909 826e abb0 ccb1 dd10 dcce d3cd bacb b2cc bb4e c3d0 cc93 dd53 e5b2 e5d4 e5f4 e5f5 e5d5 ddb3 dd52 dd53 dd53 d574 d533 d513 d533 d555 d554 d574 dd74 dd73 dd74 dd53 d573 d553 d533 d553 d533 d553 d553 d533 d553 d532 d553 d574 dd73 dd74 d573 dd53 dd95 dd94 dd94 ddb4 ddb5 ddd4 ddd5 ddb5 dd94 dd94 ddd5 ddd5 ddd5 ddd5 ddf6 ddf6 e5f5 e5f5 e615 e634 d572 b3ec 8a27 8a09 716a 5888 5088 6929 8a8d 9b71 9b0f 92cf 8a2d 924c 9aef 9aaf 922d 928d abb1 abd1 b3d1 cc10 dc70 e470 e490 e42e ec6f e48f e46e e46e e48e e48e e48e e46e e46e e48f e46f ec8f ecd0 e4f1 ecf1 ed52 edb2 f5f3 f654 ee55 d530 a2a9 68c7 5087 5067 5087 5868 5046 5867 5886 58a7 60a7 60c7 60a7 60c7 60c7 60c7 68e8 6908 60e8 60a7 60c7 60e8 6108 60e8 60a7 5887 58a7 5887 5886 58a7 58c7 60a7 60c7 60c7 68c7 60e8 60e8 58c8 5087 50a8 590a 58a9 60a9 79ab 9a8d b32f cbaf d3f0 d3ef d3cf cbcf cbaf cbd0 cbae cbaf d3ef d42f d450 d48f dc90 dc90 dc90 d48f d4b0 d48f dc90 dc90 d490 d490 d4b0 d4b0 d490 d490 d470 d470 d48f d470 d490 d470 d470 d470 d491 d470 d470 d470 cc4f cc70 d44f d450 cc50 cc4f d44f d470 d44f d470 cc50 cc50 d450 d450 cc50 cc50 cc4f cc50 cc4f cc2f cc30 cc50 cc50 cc50 cc50 cc30 cc2f cc2f cc2f cc2f cc30 cc2f cc30 cc4f cc10 cc30 cc0f cc10 cc0f cc0f cbee 
b24a b24a b24a b26a b26a b22a b22a b22a b249 b24a b24a b209 aa4a b22a aa09 b229 b209 b209 b209 b229 b209 ba08 c209 ba29 ba49 c269 ca8a d2ea db0a db2b e36b e3ac e3ac e3ec e40d e44c ec6c ec8d ec8d eccf ecae ecae ecaf ec8e ec8e ecae ecae ecae ecae ecce ecce ec8e ecae ecad ec6d ec4d ec0d ebec e3ab db6b db2b d2ca c28a aa4a a1e9 99c9 9169 8928 8928 9188 9148 9188 99c9 99a8 a1a9 a1c9 a1e9 a1a9 a1e9 a1ea a1c9 a9e9 aa0a a9c9 a9e9 a9e9 aa09 aa09 aa09 aa29 aa09 aa09 a9e9 aa2a aa09 a9e9 aa2a a9e9 aa09 aa09 a9c9 b209 b209 aa29 aa09 a9e9 aa09 b1e8 b229 b229 aa29 b1e9 b208 b209 b209 b22a a9e9 a1c8 a9c8 a189 9989 9949 a1a9 dc2a f693 fed7 fe11 f5b0 f612 fe53 fe11 fd4d f570 fe32 fe0f f54f e44d e46e e4f0 dc91 e44c ed0f dc91 db4c db8a e46d d40f b26a a9c9 aa2a b28b baed caec cb0c cb2d d34e d38e d32d d34d cb4d d32c d34c cb4d baed aa4a a24b aa6c b2ad c2cc c2cc c2cb cacc c2ec cb0d c32e bacd baac baad c2ec c30d c30d baed c2ab baac c2cc cb4d d38e d38f cb4d c34e bb2e b2ee a28d 922d 89ac 898a 99eb aa4d c30e cb2d cb4e c30e aaad 91ec 81cc 796b 60ea 58e9 616b 71ed 69cc 718c 79cd 81ed 798b 692a 60ea 610a 612a 612a 60c9 5888 5888 60c9 716b 718c 6909 5887 5047 4847 5067 6089 60ca 60ea 79ef 92f1 9b32 92b0 714a 60c8 714a 6909 5888 58a8 60a9 5889 60ca 79ee 9333 9b93 8a6f 81ee 81ef 8ab2 8af2 8ad2 82f2 696b 4848 4047 4867 61ad 7af3 69ce 4027 3007 3867 6a0e 9bf6 8a4e 9b0f bc93 d4d1 dcaf d3ed cb2b baed b2cc bb6e cc31 d534 ddb5 dd32 e593 e5d4 e5f5 e5f5 ddb4 dd94 d533 dd53 d533 d4f3 d513 d533 dd54 d574 d533 d574 d554 dd73 dd74 dd33 d553 d553 d532 d553 d552 d553 d553 d533 d533 d532 d533 d533 d553 d594 d574 d574 d595 dd95 ddb4 dd94 ddb4 ddb4 ddb4 ddb4 ddb4 ddb5 ddd5 ddd5 ddd5 ddd5 e5f5 e5d4 ddd4 ddf3 d571 b3cc 81e8 60c6 60e7 81ca 8a6d 798c 68c9 7129 8a4c abd1 abb1 a330 92ae 926d 9aee a30f 9aaf 924d a330 b3f1 b3f2 c3f1 dc71 dc70 dc71 e44f e44f e46f ec8f e48f ec6e ecae e48f e48f e48f e4af e490 ecd1 ecf1 ed32 ed72 f5b2 f613 f655 ee34 cc6f 81a7 5066 5047 4867 5067 5067 5867 5867 5887 58a7 58c7 58c8 60c8 60a7 60e8 60e7 60a7 60c7 68e8 6108 60e8 60e8 60e8 60e8 60e8 60a7 5886 5886 5886 5887 5887 5887 58a7 60c7 68e8 68c8 58e8 6109 58c8 58c9 5889 58e9 60c9 712a 920c aacd c36e cbcf d3ef d3ce cbae cbaf cbae cbae c3af cbcf d40f d450 d470 d4b0 dc70 d490 d4b1 d4b0 d4af d4b0 d490 d490 d470 d490 d4d0 d4b0 d490 d490 d46f d46f d490 d490 d46f d470 d490 d490 d470 d490 d46f d44f cc50 d450 d450 d450 d44f d470 d450 d450 d470 d470 d44f cc50 cc50 cc30 cc30 cc50 cc50 d44f d42f cc50 cc30 cc30 cc4f cc4f cc50 cc50 cc30 cc30 cc0f cc50 cc2f cc30 cc30 cc2f cc2f cc0e cc2f cc30 cc2f cc0f cc0f 
b24a b24a b24a b26a b26a b22a b22a b22a b249 b24a b24a b209 aa4a b22a aa09 b229 b209 b209 b209 b229 b209 ba08 c209 ba29 ba49 c269 ca8a d2ea db0a db2b e36b e3ac e3ac e3ec e40d e44c ec6c ec8d ec8d eccf ecae ecae ecaf ec8e ec8e ecae ecae ecae ecae ecce ecce ec8e ecae ecad ec6d ec4d ec0d ebec e3ab db6b db2b d2ca c28a aa4a a1e9 99c9 9169 8928 8928 9188 9148 9188 99c9 99a8 a1a9 a1c9 a1e9 a1a9 a1e9 a1ea a1c9 a9e9 aa0a a9c9 a9e9 a9e9 aa09 aa09 aa09 aa29 aa09 aa09 a9e9 aa2a aa09 a9e9 aa2a a9e9 aa09 aa09 a9c9 b209 b209 aa29 aa09 a9e9 aa09 b1e8 b229 b229 aa29 b1e9 b208 b209 b209 b22a a9e9 a1c8 a9c8 a189 9989 9949 a1a9 dc2a f693 fed7 fe11 f5b0 f612 fe53 fe11 fd4d f570 fe32 fe0f f54f e44d e46e e4f0 dc91 e44c ed0f dc91 db4c db8a e46d d40f b26a a9c9 aa2a b28b baed caec cb0c cb2d d34e d38e d32d d34d cb4d d32c d34c cb4d baed aa4a a24b aa6c b2ad c2cc c2cc c2cb cacc c2ec cb0d c32e bacd baac baad c2ec c30d c30d baed c2ab baac c2cc cb4d d38e d38f cb4d c34e bb2e b2ee a28d 922d 89ac 898a 99eb aa4d c30e cb2d cb4e c30e aaad 91ec 81cc 796b 60ea 58e9 616b 71ed 69cc 718c 79cd 81ed 798b 692a 60ea 610a 612a 612a 60c9 5888 5888 60c9 716b 718c 6909 5887 5047 4847 5067 6089 60ca 60ea 79ef 92f1 9b32 92b0 714a 60c8 714a 6909 5888 58a8 60a9 5889 60ca 79ee 9333 9b93 8a6f 81ee 81ef 8ab2 8af2 8ad2 82f2 696b 4848 4047 4867 61ad 7af3 69ce 4027 3007 3867 6a0e 9bf6 8a4e 9b0f bc93 d4d1 dcaf d3ed cb2b baed b2cc bb6e cc31 d534 ddb5 dd32 e593 e5d4 e5f5 e5f5 ddb4 dd94 d533 dd53 d533 d4f3 d513 d533 dd54 d574 d533 d574 d554 dd73 dd74 dd33 d553 d553 d532 d553 d552 d553 d553 d533 d533 d532 d533 d533 d553 d594 d574 d574 d595 dd95 ddb4 dd94 ddb4 ddb4 ddb4 ddb4 ddb4 ddb5 ddd5 ddd5 ddd5 ddd5 e5f5 e5d4 ddd4 ddf3 d571 b3cc 81e8 60c6 60e7 81ca 8a6d 798c 68c9 7129 8a4c abd1 abb1 a330 92ae 926d 9aee a30f 9aaf 924d a330 b3f1 b3f2 c3f1 dc71 dc70 dc71 e44f e44f e46f ec8f e48f ec6e ecae e48f e48f e48f e4af e490 ecd1 ecf1 ed32 ed72 f5b2 f613 f655 ee34 cc6f 81a7 5066 5047 4867 5067 5067 5867 5867 5887 58a7 58c7 58c8 60c8 60a7 60e8 60e7 60a7 60c7 68e8 6108 60e8 60e8 60e8 60e8 60e8 60a7 5886 5886 5886 5887 5887 5887 58a7 60c7 68e8 68c8 58e8 6109 58c8 58c9 5889 58e9 60c9 712a 920c aacd c36e cbcf d3ef d3ce cbae cbaf cbae cbae c3af cbcf d40f d450 d470 d4b0 dc70 d490 d4b1 d4b0 d4af d4b0 d490 d490 d470 d490 d4d0 d4b0 d490 d490 d46f d46f d490 d490 d46f d470 d490 d490 d470 d490 d46f d44f cc50 d450 d450 d450 d44f d470 d450 d450 d470 d470 d44f cc50 cc50 cc30 cc30 cc50 cc50 d44f d42f cc50 cc30 cc30 cc4f cc4f cc50 cc50 cc30 cc30 cc0f cc50 cc2f cc30 cc30 cc2f cc2f cc0e cc2f cc30 cc2f cc0f cc0f 
b24a b24a b249 b24a b24a b22a b24a b24a b229 b22a b22a b229 aa2a aa09 aa0a b22a b209 b229 b209 b24a aa29 b1e8 ba09 ba08 c229 c249 ca8a d2ca daea db2a db4b e38b e3ab e3cc e40d ec4e ec4e ec6d ec8d eccd ecae ecae ec8e eccf ecaf ecaf ecad ecae ecae ecad ec8d ecae ecae ec8d ec6e ec2d ec2c e3ec e3ac e36b db2a d30b c2aa b229 a1c9 99a8 9147 8927 8948 8949 8948 9189 99c9 99a9 a1c9 a1e9 a1ea a1e9 a1e9 a1e9 a1e9 aa09 a9ca aa0a aa09 a9c9 b1e9 aa09 a9e9 a9e9 aa09 a9e9 aa09 b229 aa29 a9e9 a9e9 a9c8 a9e9 a9c9 a9c8 aa09 aa09 aa09 aa09 aa09 a9e9 b208 b229 ba29 b229 b229 ba29 b229 aa29 b229 aa08 aa09 a9c8 a1c8 a1a9 9969 a189 ba68 e4ec f694 f654 f675 fe72 fdf0 fd8f f5d2 f653 fdee f52e ecae e42e e44e ecef ed51 e4b0 e44d e4ad dc2e d32a d32a cb2b b249 a9e9 b20b ba8b cb2d caec c2cc cacc caec cb2d d34e d36d d34d cb0c cb0c c2cc ba4a aa6b bacd bb2e bb0d c2ed cacb cb0d caed caec c30d c2cd baac b2cc b2cd baed c32d c2ec c2cc baac c2ac cb4e d36e d36d d34d db4d db6e d36e cb2d c2ee bb0f b2ce 9a4d 922d 89cc 91ec 99cb aa4c b28d a26d 81ab 712a 60e9 692b 692b 692b 696c 79ac 81ee 798c 716b 716c 692b 610a 612b 610a 60ea 60c9 60a9 6109 71ac 79cd 6929 5887 5066 5067 5067 5067 6089 68c9 7a0f 8a6f 820d 8ab1 796c 6088 60c8 68e9 60c9 690a 60ea 60aa 612a 7a30 8af2 8a90 79cc 712c 81ef 92f3 9353 8b31 8290 696c 5069 4849 5088 69cd 8394 8334 50c9 3827 3827 48a9 8313 ac77 bc12 ccf3 dd11 d3ee c30b b2ed b2ac b2cc c38f cc72 dd75 e5f6 e5d5 e594 e5b4 e5d4 e5d5 e5d5 ddb4 dd94 d573 d554 d533 d533 d534 d533 dd53 dd54 d553 d574 d533 dd53 d573 d532 d573 d573 d553 d532 d532 d533 d553 d553 d532 d4f2 d4f1 d533 d553 d574 dd95 ddb4 d5b4 ddb5 dd94 dd94 ddb4 dd94 dd74 dd93 ddb4 ddd5 ddb5 ddd5 ddd5 ddd5 ddd3 ddd3 d5b3 c48e 8a28 60a6 4826 5887 7149 8a2c 9ace 92af 81cc 7109 796a a32e b431 abd2 9b2f 928d 9aad a32f a330 9a6e 9aae ab6f b3d1 c432 d451 d430 dc50 dc0f e470 ec8f ecaf e4af ecaf ecae ec8f eccf eccf ecef ecd0 f532 ed52 ed92 f5d3 f613 f654 e5b2 bbec 7967 5026 4846 5087 58c8 5067 5887 58a7 60a7 58a7 58a7 60a7 60a7 60c8 60c7 68c7 60e8 60e8 60c7 60e7 60c8 60a7 60c7 60e8 60e7 60c8 60c7 58a7 5886 5887 58a7 60c8 58a7 60c8 60c7 68c8 68c8 58a8 58c8 58c9 58c8 60e9 60c9 68e9 89cb 9a8d b34e bb8e cbd0 d3cf cbcf cbcf cb8f cbae cbaf cbaf d40f d44f d470 dcb0 dc90 d48f d490 d491 dcaf d4b0 d4b0 d490 d490 d48f d48f d4d0 d4b0 d4b0 d490 d48f d48f d490 d470 d470 d46f d48f d490 d46f d48f d46f d48f d470 d470 d470 cc70 cc70 d470 d450 d44f d470 d450 d44f cc30 cc30 cc50 cc4f cc4f d44f d470 cc4f cc6f cc4f cc4f d44f cc4f cc50 cc30 cc50 cc2f cc2f cc2f cc2f c430 cc0f cc2f cc50 cc2f cc2f cc2f cc2f cc2f cc0f 
b22a b22a b24a b24a b22a b22a b24a b24a b24a aa2a b22a b209 aa29 aa0a aa09 b209 b22a b209 b209 b209 aa09 b229 b269 ba08 ba09 c229 ca49 d28a d2ca dae9 e34b e38b e3ab e3ed ec2c ec2d ec8d ecad ecad ecae ecce ecce ec8e ecae ecae ecaf ecae ec8e ec8e ecae ecae ecae ecaf ecae ec8f ec4d ec2d e3ee e3ac e38c db6c d2eb c28a b229 a1c9 9988 9148 8108 8948 8907 9148 9168 9989 9989 99c9 a1c9 a1c9 a1c8 a1e9 a1c9 a1e9 a209 aa09 a9ea a9e9 a9c9 a9c9 a9e9 a9c9 a9e9 a9e9 aa09 aa29 b229 b249 aa09 a9e9 a9c9 a9e9 a9e9 a9e8 a9e8 aa09 a9e9 aa09 a9e9 a9c9 b209 b229 b229 ba29 ba29 ba49 ba2a b209 b208 b229 aa09 a9e8 a9e8 a1ea a1a9 99a9 998a c2a9 ed6e f6d7 fed5 fe10 f5d1 f653 fe92 fe0e f56f ed2f e4af e44d e46e ecaf f54f ed51 dc70 e42c e4ce cb6c b249 b1c8 a1a8 aa09 baac cb0c d32c c32d c30d c2cc c2ac cacb d34d cb4d cb2d c2ac ba8b b20a aa0a b2ee c30d c30d c30d c2ed c2ec cb2c cb0d c2ac c2cc bacd b2ac b28c bacd c2cc c2cc c2ac bacd c2ec cb2d cb4d d32d d36e d36d d36e d34d d34d c34f b28d aa2c a1eb 99ca a26c 9a8e 91ec 816a 796a 796a 81ac 71cc 71ad 718c 696c 694b 714c 79ad 81ef 81ef 71ad 698c 718c 692b 692a 60ea 60c9 60a9 58a8 714a 824f 8a70 696a 5087 5047 4847 5047 5067 5868 68ea 694b 8251 79aa 7a4e 8ab0 68e9 5888 60a9 60c9 60a9 60c9 60ca 60c9 718c 9312 824f 796c 712c 79ce 8a91 92f1 824f 79ee 696c 5089 4848 58cb 720f 8bb4 8bd6 69ad 4027 3828 4069 69ae 9c16 bcb5 dcf3 dcd0 cb8d b2ec aa8b b2cd bb0e c3f0 d4f3 dd95 e5f5 edf4 e5f4 e5d5 e5d4 e593 e5b4 e5b4 ddb4 dd94 d553 d554 d554 d553 d533 d533 d553 d533 d574 d553 d512 d553 d573 d553 d553 d553 d532 d512 d512 d512 d533 d532 d533 cd13 d513 cd12 d553 d553 ddb4 ddb5 dd94 dd94 ddb5 ddd5 ddd5 ddb5 ddb4 ddb4 e594 e5b4 e5d4 ddf5 ddb3 ddd3 dd51 cc6d ab2a 89e8 68e7 60a8 5867 5867 6908 89ec 9aad a2ee 9a8e 81cc 712a 89eb ab4e b412 abd2 9aef 928d 9b2f a3b1 a2ef 9aae a32f abb0 bc12 c412 cbcf d3ef dbee e490 e48f ecaf ecaf ec8f ecce ecaf ecef ed10 ed10 f4f0 f551 f5b3 f613 f633 e54f bbaa 8a28 68e6 5086 5086 5066 5067 5887 5866 5867 5887 5887 60a7 58a7 60c7 60c8 60c7 60a8 60a7 60c7 60e8 60e8 60c8 60c8 6908 60e7 6128 60c8 6087 60c7 58a8 58a7 5887 5886 60a7 5887 60c8 60c7 60c7 60c7 60a8 58c7 58a8 58c8 60c9 60c8 796b 922c a2ae b36f c38f cbcf cbcf cbcf cbcf c38f c36d c3af d3ce d42f d44f d470 dcb0 dc90 dcb0 dcb0 d4b1 d490 d48f d4b0 d4b0 dc90 d490 d490 d490 d490 dc90 dc91 d4b0 d490 d4b0 d490 d470 d46f d470 d470 d48f d490 d470 d46f d470 d450 d470 d470 d44f d42f d450 d44f d450 d450 d450 cc50 cc4f cc50 cc50 d450 d470 d44f cc50 cc4f d44f d430 d450 cc70 cc50 cc30 cc4f cc4f cc50 cc2f cc4f cc30 cc30 cc2f cc50 cc0f cc0f cc2f cc2f cc0f cc0f 
b24a b24a b26a b24a b24a b24a b26b b24a b24a b22a b22a b20a aa2a aa09 b209 aa09 b22a b1e9 b1e9 aa09 aa29 b24a b229 b209 ba08 c249 c26a d2aa d2ea d2eb db4b e3ab e3cc ebec ec2d ec6d ec6d ecad ecae ecae ecae ecae ecae ec8f ecaf ecaf ecae ec8e ecae ecae ecae eccd f4cd ec8f ec6e ec4d ec2d e3ed e3ac e36b db4c d2ea ca8a b229 a1c8 9988 9148 8107 8108 8948 9128 9189 9188 9988 99a8 a1c9 a1c9 a1c8 a1c8 a1ca a1e9 a209 a9e9 a9c9 a9e9 a9e9 b1e9 a9c8 a9e8 b209 a9e9 a9c9 a9e9 aa09 aa09 a9e9 aa09 a9e9 b209 a9e9 a9e9 a9e9 b1e9 b209 a9e9 a9e9 b1e9 b1e9 b209 b22a b229 b229 ba29 ba2a ba29 ba49 b229 b249 b208 b209 a9c8 a1a9 99a9 9969 a1ca d3ea f673 feb6 fe54 fe95 fe92 fdef f58f f612 ed91 ec8f e40d e3eb e4cf ecef ecee e550 e48f e4cd d44e b2ab a1c9 a1c9 b22a cb0d d36e d2ec d30c cb4e cb2d c2cc c2cc cb0c cb4e c2ed baac aa4b a24c b28c c30d c30d c2cc cb0c c30e bacd c2cd c2ec c2cc bacd bacd bacc bacd c2cd c2cc c2ed c28c c2ed cb4e d34e cb2d cb4e d36e d36e dbae d34e c32d bb0d a26c 898b 70a8 60a8 6908 818a 818b 710a 716b 718c 71ed 720d 71ad 71ac 716c 798c 81cd 8a6f 8230 71ad 694c 612a 694b 692b 60c9 5068 5068 5888 716b 8a90 92f1 79cc 5887 5067 5067 5067 5068 5068 5889 718c 79ee 8a70 6929 7a2e 79ac 5868 5067 5067 5888 5868 6088 60a8 60e9 798c 8a0e 79cd 716c 610a 718c 71ac 824f 8250 698c 58cb 4849 5089 722f 9477 9477 8332 4868 3808 4048 590b 9394 bd17 bc73 c38f bb4e b30d aacc b2ed c390 cc72 dd55 e5b4 e5d4 e5d4 e5f5 e5d5 e5d4 e5b4 e594 ddb4 dd95 dd94 d594 d574 d594 d554 d574 d553 d554 dd54 dd53 d534 d514 d554 d554 d553 d553 d533 d532 d532 d512 d4f2 cd13 cd33 d533 d553 d574 d513 cd13 d533 d553 d594 d594 d5b5 d5b5 ddb5 ddb5 ddd5 ddd5 ddb4 ddb4 dd94 e593 e5b4 dd93 d532 d511 cc30 aa6b 91a8 8168 8149 8169 796b 7149 68c8 7149 922b 9a8d a2ed 9aef 8a0d 81ab 89eb a36f ac13 abb2 9aef 9ace ab70 a350 a2ef 926d a30f bbf1 c433 c3f1 d3ef dbee e470 e48f ec6e ec8f ec8f ecaf ecaf ecb0 ed11 ed31 f572 f5f3 f633 e5d1 c40c 91e7 6085 5066 5067 5086 50a7 5026 5046 5866 5887 5867 6067 6067 60a7 60c7 60c7 68c8 68c7 60e7 6109 60e8 60e8 68e8 6949 6948 6108 60e7 6109 60e8 60a7 60c7 60e8 58c7 5887 5887 6087 60c7 60c7 60a7 60c7 60e8 60c7 50c8 58c8 58e8 6109 692a 81cb 9a6c ab0e bb6f c3af c3ae c38e c3ae c3ce c36e bb4e cbaf d3ef d450 dc6f d4b0 dcb0 dc90 dcb0 dc8f dc90 d470 d46f d4b0 d4af d490 d4af d490 d490 d490 d46f dc90 d470 d470 d490 d470 d490 d490 d490 d490 d490 d48f d490 d48f d490 d44f d470 d470 d450 cc50 d470 d450 d450 cc70 cc50 cc50 d450 d450 d450 d430 d430 cc50 cc6f d450 d44f d430 cc2f cc50 cc50 cc4f cc4f cc50 cc30 cc2f cc2f cc2f cc0f cc2f cc30 cc0f cc10 cc0f cc2e cc0f cc30 
b24a b24a b26a b24a b24a b24a b26b b24a b24a b22a b22a b20a aa2a aa09 b209 aa09 b22a b1e9 b1e9 aa09 aa29 b24a b229 b209 ba08 c249 c26a d2aa d2ea d2eb db4b e3ab e3cc ebec ec2d ec6d ec6d ecad ecae ecae ecae ecae ecae ec8f ecaf ecaf ecae ec8e ecae ecae ecae eccd f4cd ec8f ec6e ec4d ec2d e3ed e3ac e36b db4c d2ea ca8a b229 a1c8 9988 9148 8107 8108 8948 9128 9189 9188 9988 99a8 a1c9 a1c9 a1c8 a1c8 a1ca a1e9 a209 a9e9 a9c9 a9e9 a9e9 b1e9 a9c8 a9e8 b209 a9e9 a9c9 a9e9 aa09 aa09 a9e9 aa09 a9e9 b209 a9e9 a9e9 a9e9 b1e9 b209 a9e9 a9e9 b1e9 b1e9 b209 b22a b229 b229 ba29 ba2a ba29 ba49 b229 b249 b208 b209 a9c8 a1a9 99a9 9969 a1ca d3ea f673 feb6 fe54 fe95 fe92 fdef f58f f612 ed91 ec8f e40d e3eb e4cf ecef ecee e550 e48f e4cd d44e b2ab a1c9 a1c9 b22a cb0d d36e d2ec d30c cb4e cb2d c2cc c2cc cb0c cb4e c2ed baac aa4b a24c b28c c30d c30d c2cc cb0c c30e bacd c2cd c2ec c2cc bacd bacd bacc bacd c2cd c2cc c2ed c28c c2ed cb4e d34e cb2d cb4e d36e d36e dbae d34e c32d bb0d a26c 898b 70a8 60a8 6908 818a 818b 710a 716b 718c 71ed 720d 71ad 71ac 716c 798c 81cd 8a6f 8230 71ad 694c 612a 694b 692b 60c9 5068 5068 5888 716b 8a90 92f1 79cc 5887 5067 5067 5067 5068 5068 5889 718c 79ee 8a70 6929 7a2e 79ac 5868 5067 5067 5888 5868 6088 60a8 60e9 798c 8a0e 79cd 716c 610a 718c 71ac 824f 8250 698c 58cb 4849 5089 722f 9477 9477 8332 4868 3808 4048 590b 9394 bd17 bc73 c38f bb4e b30d aacc b2ed c390 cc72 dd55 e5b4 e5d4 e5d4 e5f5 e5d5 e5d4 e5b4 e594 ddb4 dd95 dd94 d594 d574 d594 d554 d574 d553 d554 dd54 dd53 d534 d514 d554 d554 d553 d553 d533 d532 d532 d512 d4f2 cd13 cd33 d533 d553 d574 d513 cd13 d533 d553 d594 d594 d5b5 d5b5 ddb5 ddb5 ddd5 ddd5 ddb4 ddb4 dd94 e593 e5b4 dd93 d532 d511 cc30 aa6b 91a8 8168 8149 8169 796b 7149 68c8 7149 922b 9a8d a2ed 9aef 8a0d 81ab 89eb a36f ac13 abb2 9aef 9ace ab70 a350 a2ef 926d a30f bbf1 c433 c3f1 d3ef dbee e470 e48f ec6e ec8f ec8f ecaf ecaf ecb0 ed11 ed31 f572 f5f3 f633 e5d1 c40c 91e7 6085 5066 5067 5086 50a7 5026 5046 5866 5887 5867 6067 6067 60a7 60c7 60c7 68c8 68c7 60e7 6109 60e8 60e8 68e8 6949 6948 6108 60e7 6109 60e8 60a7 60c7 60e8 58c7 5887 5887 6087 60c7 60c7 60a7 60c7 60e8 60c7 50c8 58c8 58e8 6109 692a 81cb 9a6c ab0e bb6f c3af c3ae c38e c3ae c3ce c36e bb4e cbaf d3ef d450 dc6f d4b0 dcb0 dc90 dcb0 dc8f dc90 d470 d46f d4b0 d4af d490 d4af d490 d490 d490 d46f dc90 d470 d470 d490 d470 d490 d490 d490 d490 d490 d48f d490 d48f d490 d44f d470 d470 d450 cc50 d470 d450 d450 cc70 cc50 cc50 d450 d450 d450 d430 d430 cc50 cc6f d450 d44f d430 cc2f cc50 cc50 cc4f cc4f cc50 cc30 cc2f cc2f cc2f cc0f cc2f cc30 cc0f cc10 cc0f cc2e cc0f cc30 
ba6b ba6b ba4a b26a b24a b28a b26b b22a b26a b22a b24a b24a b26a aa4a aa0a aa09 aa09 b1e9 aa09 aa09 aa2a b209 b229 b1e9 b1e9 c249 ca6a d289 d2ea d2ea db4b e36b e3ac e3ec ec2d ec6d ec6d ec8e ecae ecad ec8e ec8e ec8e ec8f ecae ecae eccf ecce ecaf ec8f ecad eccd ecce ec6f ec4d ec2d ec2d e3ec e3ac e36b db2b daea c2aa b229 a1c9 9168 8968 8948 8928 8928 8968 9189 99a9 99a8 9988 a1c9 a1e9 a1c9 a209 a209 a209 a1e9 a9c8 aa09 aa09 aa09 b1e9 a9e9 a9e9 b1e9 b1e9 a9e9 a9e9 a9c9 a9c8 a9c9 a9e9 b208 ba29 b1e9 b1c8 b1e8 b1e9 b209 aa29 b209 b1e9 b209 b209 b249 b209 ba29 b209 b249 ba49 b249 b229 b229 b209 b229 aa08 a9e8 a1a8 a189 a189 b229 dc6b f652 fed8 fe94 fe10 f611 f653 fe51 f5b0 e511 e46e dc0d e48e e4cf ecaf ed4f e590 e48f dbad c26a b1ea b24b bacb d36d d36d cb0d caed cb2d cb2d cb0c caec c2ed c2cc baab b28b b24b b28c bacd cacc caec cb0d caed c30d c2ed c30e bacd c2cc c2cd bace baad c2cd c2ed c2ee c2ad c2cd d32d d38e d34e d30d cacc c2ac ba8c ba6c b22b a24c a24c 9a4d 89cc 818c 714b 692a 68ea 710a 712a 81ac 798c 718c 698c 612b 714b 820e 820e 79cd 71ac 716b 614a 612a 612a 6109 58a9 5068 5068 58a9 610a 824f 9b52 92b0 60e9 5067 5047 5047 5088 5068 5068 60c9 79cc 8a2f 8a2e 60e8 7a0f 6909 5887 5087 5888 60a9 68e9 796b 714b 710a 716a 714b 68ea 60a9 5888 60ea 71ed 82b0 822f 58a9 5049 4849 58ea 8353 9cf7 93f5 618b 4048 4869 614c 8271 ac34 c431 b32e 9a2c 9a8e aaed bb4f cbf1 d513 ddd5 e5d6 e594 e5d4 e5f5 e5d5 e5d5 e5b4 ddb5 ddb4 ddb4 dd94 ddb4 ddb5 d574 dd73 d553 d574 d574 d553 d533 d534 d554 d574 d574 d573 d573 d533 d4f2 d512 d512 d4f2 d4d2 ccf2 d553 d554 d553 d574 d533 d553 d532 d573 d594 dd94 ddb5 ddb5 ddb4 ddb4 ddb5 ddb4 dd94 dd94 dd93 dd53 dd74 dd54 dd13 dcf2 d471 c38f aaac 99ca 8949 8969 920c 926c 8a0c 818b 7128 79aa 928d 9aad 928d 8a6d 8a0d 81ea a36f b413 a391 9ace 9aee a370 a310 928d 9a8e b36f c411 c432 d3f0 dbcf e44f e46f e46f ec6f ecaf ecd0 ecb0 ecf1 f552 f5f3 f654 f612 d4ad a2ca 7106 5046 5066 5087 5087 5888 58a7 5067 5046 5086 58a7 5887 60a7 60a7 60a7 60a7 6087 60a7 68a7 68c8 6929 6109 6908 60e8 6928 6969 60c7 60c7 60c8 58c7 58a7 58c7 58a7 5886 5866 5887 5886 60a7 68a7 60a7 60e7 60e8 58c8 58a8 58c9 6109 712a 796a 89eb a2ad b34e bb8f c38e c36e bb6e c36e bb8f bb4e c36e cbcf d42f d470 dc90 dcb0 d490 dc90 dcb1 dcb0 dcb0 d4b0 d4b0 d4b0 d48f d490 d4b0 d4b0 d4b0 d4b0 d490 d46f d450 d470 d490 d490 d490 d490 d490 d470 d470 d470 d470 d48f d490 d470 d470 d46f d46f cc70 d450 d470 d450 d450 cc2f d450 d44f d450 d470 cc30 cc50 cc4f cc70 cc50 cc4f cc4f cc4f cc50 cc30 cc50 cc4f cc30 cc30 cc30 cc30 cc2f cc0f cc30 cc30 cc0f cc0f cc10 cc0f cc2f cc0f 
b24a b24a b24a b26a b24a b26b b28b b24a b28b b26a b26a b24a b24a aa4a aa2a aa09 a9e9 aa09 aa08 b209 b209 b1e8 b1e9 b209 b209 ba29 c26a caa9 d2ea d2ea db4c e36b e3ac e40c e40d ec4e ec6d ec8d ec8e ecce ecae ecae ecaf ec8f ec8e ecae eccf ecce ecce eccf ecce ecae ecae ec8d ec4d ec2d ec0d e3ec e3ac e38c db2b d2ca ca89 b209 a1a9 99a8 9168 8968 8948 8928 9169 9188 91a9 99a8 9968 a1a9 a1c9 a1c9 a1e9 a1e9 a1e9 a9c9 a9e9 aa09 aa09 aa0a aa09 b20a aa09 aa09 b209 b1e9 a9e9 a9e9 a9e9 b1c9 b1e9 b1e9 b20a a9e9 b1e8 a9c9 b1e9 b1e9 aa09 aa09 a9e9 b209 b209 b229 b229 b249 ba29 b24a b269 b229 b229 b22a b209 b209 b208 aa29 a9e9 a1a8 a188 9969 b229 e4ab fe94 fe32 fe33 f695 fe93 fdf0 f56f ed90 e551 e4d0 e4af e4ae ed10 ed50 ed90 e4ef d3ed b2ab b26a bb4e cb0c cb2c cb2c cb0d c30d cb0c cb2d cb2e c2ec c2cc baac b26b b26b b2ad c2ac c30d caec cb2d cb2d cb4d cb0d c2ec c30d baee bace c2cd c2ed baee bacd c2ac c2ce c2ef cb4f d34e d34e caed baad b24d aa6d aa4d aa4d a26d aace aaae a26e a24d a26e 920d 89ed 89ac 81cc 81ad 796b 690b 610a 690b 714c 79cd 824e 81ed 696b 610a 610a 50a8 50c8 58c8 5088 5068 5089 58aa 692c 820e 92d0 a393 92af 58a8 5046 5047 5047 5068 5088 5888 60ea 79cc 8a70 8a2e 60e8 7a0e 60a8 5867 5887 6129 690a 68e9 68e8 68c9 690a 60c8 60a9 5889 58a9 5888 612a 82b0 8b12 718d 5069 4828 4868 616b 8bb3 9457 82b1 50a8 696c 822f 8ab1 9bb5 9b10 a2cd a2ad 9a0c 9a6e b3b2 ccd4 dd75 e5b3 edf4 e5f4 e5d4 e5b4 e5d5 e5b5 ddb5 ddd5 ddb5 ddb4 dd74 dd74 d594 d594 d554 d553 d553 d553 d553 d533 d513 d554 d574 d574 d573 d574 d573 d553 cd12 d4f1 ccb1 d4b1 ccf2 d512 d553 dd74 d553 d533 d553 d574 d533 d574 d594 d594 dd95 d594 d594 ddb5 d594 d573 dd74 dd54 dd12 e554 e595 ed95 ed74 ed54 e4d2 dc91 cb6e b22b 9989 8949 8949 91a9 928c 9aaf 89ed 81ab 81cb 8a0b 8a2c 8a4c 8a2c 89ec 8a2b ab8f abf2 a350 9aee 9b0f 9b0f 9a6d 9a4d ab10 bbb0 cc11 d3f1 dbef e42f ec6f ecb0 ecd0 ecf0 ed31 f572 f5d2 f613 f633 e550 bb4b 8167 58a7 5067 5087 5087 58c7 5887 58a7 5087 5866 5866 5887 5887 58a7 60a7 60c7 68c7 60a7 60a7 60a7 60a7 68e7 68e8 68c7 68e8 6929 68c7 68e7 60a7 60c7 5887 5887 5887 58e8 58a7 5887 5887 5887 5886 60c7 68c7 60e7 60e8 60c9 58c8 60e8 692b 714a 712a 81ab 9a6d aaed bb6e c38e bb6f bb4e bb6e bb6e bb4e bb2e c3ae cc10 d450 dcb0 dcb0 dcb0 d4b0 d490 dc8f dcb0 dc8f d490 d4b0 d4b0 d490 d46f d490 d4b0 d470 d470 d490 d470 d470 d470 d470 d470 d48f d48f d490 d490 d490 d490 d470 d46f d470 d470 d470 d450 d48f d490 d470 d471 d450 d451 d470 d470 d470 d470 d470 d450 cc70 d450 d450 cc4f cc6f cc4f d450 cc4f d450 cc50 cc6f cc4f cc2f cc50 cc4f cc2f cc30 cc4f cc2f cc0f cc2f cc0f cbf0 cc0f cc0f 
b26a b26a b26a b24a b24a b24b b24a b28a b24a aa2a b22a b229 b24a aa2a b22a aa2a b209 aa09 aa09 aa09 b1c9 a9e8 b1c8 aa09 b208 ba08 c249 ca89 d2ca d30a db4b e36b e3ac e3ec e40c e42e ec6f ec6d ec8e ec8e eccf eccf ecaf ec8f ecae eccf ecce ecae ecce ecce ecad ecad ecae ec8d ec8e ec4d ec2d e40d e3cb e38c db2b cacb ca8a b229 a1a9 9968 8948 8948 8948 8948 9168 9189 99a8 99a9 9969 a188 a1a9 a1c9 a1c9 a1c9 a1c9 a1c9 aa09 a9e9 a9e9 aa0a aa09 a9ea aa09 aa09 b209 a9e8 a9e9 a9e9 aa09 b209 b209 b1e9 b1e9 a9e9 a9e9 a9e9 a9e9 b209 b209 a9e9 aa0a b209 ba09 b24a b229 b229 ba29 ba4a b249 b229 ba49 b249 b229 b229 b229 aa09 a9e9 a9e9 a1a9 9989 9989 ba89 e4ec f654 fed7 fe92 fe32 f5f1 f570 f590 f5d0 edb2 ed10 ecef ed50 ed6f ed2f e42d cb0a b209 cb0b d44d d32c caab caab caec cb2d cb2e cb2e cb0e c30d baed b2ac b28d b2ac baed c2ed c2ec cb0c cb2d caed c30e c32e c34f c2ef baef c2ef bacf ba8e bace b2ae aa6d aa8e bb31 cb70 cb2f cb2f c2ce bace baee bb0f baee c30e c2ce bacd bacd b2ae a20b a20c a24d a22d 91ec 89cc 81ac 690b 692a 692b 798d 89ed 8a2d 822e 79cd 612a 58e9 50a8 5088 5067 4848 5068 5048 58a9 694c 714c 8a2e 92f0 9b73 822d 58a8 5067 5087 5067 5888 5888 5868 60a9 79ee 820d 81ed 6129 820e 60c9 5847 5887 60c7 6909 68e9 5888 5887 60c8 6109 60c9 5889 5089 5088 614b 82f1 8b12 694c 5069 4848 50c9 7250 8bd5 8b96 822f 820d a352 abb2 a3b4 9b73 798a 89eb aa6c 9a6d a311 c4f6 ddd6 e5b3 e593 e5d4 e5d4 e5d4 e5b4 ddb4 ddb4 ddd5 ddd5 ddb5 dd54 dd54 dd74 d574 d553 d553 d553 d553 d532 cd33 d553 d553 d553 d553 d574 d533 d574 d553 d512 ccd2 ccd2 ccd2 ccd3 cd13 d534 d554 d574 d554 d534 d574 d574 d554 d574 d595 d594 d594 d594 d574 d554 dd33 dd13 dd33 dd54 e534 ed95 ed94 edb5 ed94 ed54 ed13 e4b1 dbf0 caec b22a 99aa 91aa 814a 7908 8a0b 9aef 9acf 820c 81cb 926d 924e 820c 924e 926e 9aad abd1 abd2 a350 9b0f a330 9acf 9a8e ab0f b390 c3f0 cbf1 d3f1 e450 ecd0 ed11 ed32 f592 f5f4 fdf3 f5f2 e52e cc0c a228 68c6 5066 5087 5067 5066 5887 5887 5887 5887 5888 5866 6087 60c7 60a7 60c8 68e7 68e7 6908 68e7 60c7 60a7 60a7 68c8 68e8 60e7 6108 6908 68c7 68e8 60c7 58c7 58a7 58a8 5887 5887 60c7 60a7 5887 5887 60a7 60e7 6907 60e9 60e9 60e9 58c9 6109 716a 714b 796a 922b a2ed b32d bbae bb8e b34e b34e b32e b32d b30e bb4e cbd0 d430 d490 d4b0 dcaf d4b0 d4b0 d490 dcaf dcb0 dc8f d490 d4b0 d46f d490 d490 d46f d470 d4af d490 d470 d470 d46f d470 d470 dc90 d490 d490 d490 d490 d490 d470 d490 d470 d470 d470 d470 d44f d470 d490 cc70 d490 cc50 d450 d470 d450 d450 d470 cc50 cc50 cc70 d470 d450 d46f d470 d44f d42f d430 d450 cc50 cc50 cc4f cc50 cc2f cc0f cc2f cc50 d42f cc2f cc0f cc2f cc10 cc0f cc0f cc10 
b26a b26a b26a b24a b24a b24b b24a b28a b24a aa2a b22a b229 b24a aa2a b22a aa2a b209 aa09 aa09 aa09 b1c9 a9e8 b1c8 aa09 b208 ba08 c249 ca89 d2ca d30a db4b e36b e3ac e3ec e40c e42e ec6f ec6d ec8e ec8e eccf eccf ecaf ec8f ecae eccf ecce ecae ecce ecce ecad ecad ecae ec8d ec8e ec4d ec2d e40d e3cb e38c db2b cacb ca8a b229 a1a9 9968 8948 8948 8948 8948 9168 9189 99a8 99a9 9969 a188 a1a9 a1c9 a1c9 a1c9 a1c9 a1c9 aa09 a9e9 a9e9 aa0a aa09 a9ea aa09 aa09 b209 a9e8 a9e9 a9e9 aa09 b209 b209 b1e9 b1e9 a9e9 a9e9 a9e9 a9e9 b209 b209 a9e9 aa0a b209 ba09 b24a b229 b229 ba29 ba4a b249 b229 ba49 b249 b229 b229 b229 aa09 a9e9 a9e9 a1a9 9989 9989 ba89 e4ec f654 fed7 fe92 fe32 f5f1 f570 f590 f5d0 edb2 ed10 ecef ed50 ed6f ed2f e42d cb0a b209 cb0b d44d d32c caab caab caec cb2d cb2e cb2e cb0e c30d baed b2ac b28d b2ac baed c2ed c2ec cb0c cb2d caed c30e c32e c34f c2ef baef c2ef bacf ba8e bace b2ae aa6d aa8e bb31 cb70 cb2f cb2f c2ce bace baee bb0f baee c30e c2ce bacd bacd b2ae a20b a20c a24d a22d 91ec 89cc 81ac 690b 692a 692b 798d 89ed 8a2d 822e 79cd 612a 58e9 50a8 5088 5067 4848 5068 5048 58a9 694c 714c 8a2e 92f0 9b73 822d 58a8 5067 5087 5067 5888 5888 5868 60a9 79ee 820d 81ed 6129 820e 60c9 5847 5887 60c7 6909 68e9 5888 5887 60c8 6109 60c9 5889 5089 5088 614b 82f1 8b12 694c 5069 4848 50c9 7250 8bd5 8b96 822f 820d a352 abb2 a3b4 9b73 798a 89eb aa6c 9a6d a311 c4f6 ddd6 e5b3 e593 e5d4 e5d4 e5d4 e5b4 ddb4 ddb4 ddd5 ddd5 ddb5 dd54 dd54 dd74 d574 d553 d553 d553 d553 d532 cd33 d553 d553 d553 d553 d574 d533 d574 d553 d512 ccd2 ccd2 ccd2 ccd3 cd13 d534 d554 d574 d554 d534 d574 d574 d554 d574 d595 d594 d594 d594 d574 d554 dd33 dd13 dd33 dd54 e534 ed95 ed94 edb5 ed94 ed54 ed13 e4b1 dbf0 caec b22a 99aa 91aa 814a 7908 8a0b 9aef 9acf 820c 81cb 926d 924e 820c 924e 926e 9aad abd1 abd2 a350 9b0f a330 9acf 9a8e ab0f b390 c3f0 cbf1 d3f1 e450 ecd0 ed11 ed32 f592 f5f4 fdf3 f5f2 e52e cc0c a228 68c6 5066 5087 5067 5066 5887 5887 5887 5887 5888 5866 6087 60c7 60a7 60c8 68e7 68e7 6908 68e7 60c7 60a7 60a7 68c8 68e8 60e7 6108 6908 68c7 68e8 60c7 58c7 58a7 58a8 5887 5887 60c7 60a7 5887 5887 60a7 60e7 6907 60e9 60e9 60e9 58c9 6109 716a 714b 796a 922b a2ed b32d bbae bb8e b34e b34e b32e b32d b30e bb4e cbd0 d430 d490 d4b0 dcaf d4b0 d4b0 d490 dcaf dcb0 dc8f d490 d4b0 d46f d490 d490 d46f d470 d4af d490 d470 d470 d46f d470 d470 dc90 d490 d490 d490 d490 d490 d470 d490 d470 d470 d470 d470 d44f d470 d490 cc70 d490 cc50 d450 d470 d450 d450 d470 cc50 cc50 cc70 d470 d450 d46f d470 d44f d42f d430 d450 cc50 cc50 cc4f cc50 cc2f cc0f cc2f cc50 d42f cc2f cc0f cc2f cc10 cc0f cc0f cc10 
b26b b26b b26a b26a b26a b24a b24a b26b b22a aa09 b22a b22a aa4a b24a b22a aa29 b229 b209 aa09 aa2a b1e8 aa09 b1c8 aa09 b1e8 ba08 c229 ca69 d2a9 d30b db4b e36b e3ac e3ed ec2d ec2d ec6f ec6e ec6e ec8e ecaf ecae ecaf ecaf f4ae eccf eccf ecce ecce eccf ecce ecaf ecaf ec8d ec8d ec4e ec0c e3ed e3ac e36b db2a caeb ca8a b22a a1a9 9169 8948 8948 8128 8948 8968 9169 9948 9988 99c9 99a8 99a9 a1c9 a1e9 a1e9 a1a9 a1c9 aa0a aa0a aa09 a1e9 aa09 aa09 aa09 b1e9 a9e9 a9e8 a9e9 a9ea aa0a b209 aa09 b209 b209 aa09 a9e9 b1e9 b209 b1e9 b229 b209 b209 ba29 ba09 b229 b249 ba49 b26a ba49 ba29 ba29 b229 ba49 ba49 b249 b22a aa09 a9e9 aa09 a1e9 a1a9 9969 99aa c2e9 edd0 fef7 fe52 fe31 f612 f590 f590 f590 fdd0 f5b0 f550 f590 ed6f e48f cacb a988 b229 d3ad e3eb d34b c28b c28a caab c2ec c32d cb2d c2ed c2cc b2ac b2ac baad c2cc c2cc c2ed c30d cb2d c32f baef b2ef bb50 c3b2 bb72 bb32 baf1 bb31 b353 b312 baf1 b2b1 b2d1 aaf0 b2f1 b28f bacf c330 c330 cb2f caee c30d c2ed ba4b 99ea 89aa 89ca 898a 91cb 99cc 898b 814a 816b 796b 716c 79ad 81ad 8a2f 8a4e 8a8f 826f 718b 610a 58e9 50a9 50a8 5088 5088 5068 5048 5068 60ca 714c 9290 9b32 9332 6949 5047 4847 4867 5067 60c8 60ea 690a 690a 716c 712a 714a 692a 718c 690a 5888 6088 690a 714b 7109 68e9 60a8 60a8 60ea 68eb 5889 5069 5088 69ac 82d2 822f 714e 588a 4889 69ae 8b75 9395 8ad2 92f3 b3d2 c452 bbf3 a3d4 92b1 794b 920c aaef b3b2 b413 cd56 e5b5 e572 e593 e5b4 e5b4 ddb4 dd94 ddb5 e5d5 ddb4 ddb5 dd95 dd74 dd54 d574 d573 d573 d553 d532 d533 d554 d553 d532 d553 d553 d553 d573 d533 d533 d4f2 ccf2 ccf2 d513 cd12 cd13 d534 d554 d574 d574 d594 d574 d574 d554 d574 d594 d595 d574 d574 d554 d553 dd33 dd54 e534 e534 ed74 ed95 ed96 e594 ed95 e5b5 e594 e553 e4f2 dc50 d36d c2ac b20a a1e9 91ec 818c 792a 81a9 9aed a372 9af0 9aae 928e 928e 926e 9acf 92ae ab4f b432 abd1 a350 a32f a371 a32f a30f b3b1 bbf1 cc11 d431 e492 ed31 f573 f5b3 f5f2 f5f2 ed0e cb8a a248 7927 6087 5887 5887 58a8 5887 5067 5887 5087 58a7 5887 5867 6087 60a7 60c8 68c7 68e8 68e7 60c7 60e7 60c7 60c7 60a7 60a7 60c7 68e8 60c7 68e8 68e7 60c7 68e7 60e8 58a7 58a7 58a7 58a7 58a7 60c8 5887 5887 58a7 60c8 60c7 6907 68e9 58a7 58a8 60e9 6109 692a 796a 89eb 9a8d ab0d b36e bbae bb8e bb4e ab4e ab2e ab0d b32e bb6e cc10 cc50 d4b0 d490 d4b0 dcb1 dcb0 d4b0 d4d0 d4b0 d4b0 d490 d490 d470 d490 d470 d470 d46f d4b0 d490 d46f d490 d470 d46f d490 dc90 dc70 d490 d490 d470 d48f d470 d470 d470 d4b0 d470 d470 d470 d450 cc70 d470 d470 d470 cc50 cc50 d430 d450 d470 d450 d470 d470 d470 d470 d46f d450 d450 cc30 d44f d450 cc50 cc50 cc4f cc71 cc50 cc10 cc4f cc50 d42f cc2f cc2f cc2f cc30 cc4f cc50 cc0f 
b26b b26b b24a b24a b26a b24a b24a aa6b b22a aa2a b22a aa4a b22a b22a aa2a aa09 a9e9 a9e9 b209 aa29 a9e9 a9e8 a9c9 b1e9 b1c8 ba29 c229 c269 caaa d30b db4c e34a e38b e3cc ec2d ec4e ec6e ecae ecae ecae ecae ecae ecaf eccf ecae ecaf ecae ecae ecce ecee eced f4cf f4ae f48e ec8d ec4e ec2d e3ec e3cc e36c db0a d2ca ca8a b22a a1c9 9988 8949 8948 8148 8948 9148 9189 9968 9988 99c8 9988 99a9 a1a9 a1c9 a1e9 a1c9 a9e9 aa2a a20a aa09 a1e9 a1e9 a1e9 a9e9 a9e9 a9e9 a9c9 a9e9 a9e9 b209 b209 a9e9 a9e9 aa29 b209 b209 b22a aa2a aa09 aa09 aa09 b209 b22a ba2a b209 b229 ba49 ba49 ba49 c229 c249 ba6a c26a ba49 ba6a b26a aa49 b249 b229 a9c8 a1a8 9989 998a a9a9 dbea f632 fe96 fe13 fdd0 f5b0 f591 f5b0 f570 f570 f58f f5d0 ed71 dc0d ba4a b24a cbae dbec d36c cacb c28b c26b c28a c2ec c2ed c2cc c2cc ba8d aa6b bacc bb2e c30e caed c2ed cb0d cb2e c32f bb0f b2ce baee c32f c32e bace aa8d b2ce b330 ab11 ab31 b331 b332 aab0 a2b0 9a4f 9a2e a2b0 ab11 b331 b2f1 b28e aa4e a22d 81cc 712a 68e9 792a 89cc 89ad 794b 714a 81ad 89cd 81ac 8a0d 8a0e 8a2e 8a4f 8a50 79ac 694b 60e9 58c9 58c9 58a9 58c8 5888 5068 5068 5889 60e9 79ee 9311 92f0 92b0 6109 5047 5047 5068 6089 60c8 7a0e 822f 60a8 60c8 60c9 60e9 60c9 60c9 60c9 68eb 690b 690a 798d 81ee 89ef 81cf 81ce 79cf 820f 79af 710c 68ea 7a4f 8b33 7a0f 718e 692e 610b 7a0f 9374 8b13 8230 92f1 bbb0 b330 abb3 9b73 9270 89ee a330 c494 ccf5 c494 d556 dd94 e593 e593 e593 dd94 dd74 dd73 dd94 ddb5 ddb4 d594 d574 d573 d574 d574 d553 d553 d533 d534 d553 d574 d533 d533 d533 d553 d553 d532 d512 d512 d4f2 d4f3 d512 d533 d4f2 d4f2 d533 d554 d575 d553 d595 d574 d574 d555 d554 d574 d554 d534 dd54 dd75 e554 ed54 ed53 ed75 ed55 ed94 edd5 edd5 edd5 edd6 e5b5 e595 e553 e532 dcb1 dbcf d30c c24a a9e9 99c9 91eb 91ed 814a 8169 9b0d abd1 a331 9a8d 926c 8a4d 81ec 820c 820b ab6f b412 abb1 a370 abb1 ab71 a32f b390 c3d1 cc12 dc72 e4f2 ed72 ed91 ed70 e4ae c38b aa28 78e6 60a7 5887 5867 58a7 5888 5887 58a7 58a8 5887 5887 5887 5867 5866 6067 60c8 60c7 6908 60e7 6108 6929 68e8 60c7 60c7 60c7 60c8 6108 60c7 60c7 60e7 68e8 68c7 60c7 60c7 5887 5887 5867 5867 6087 60a8 5887 6087 60c7 60c7 68e7 60e7 60c8 58a8 58e8 612a 692a 692a 798a 924c a2ed b34e bb8e bb8e bb6e b34e ab4e ab0d ab2e bb6f c3af cc2f d471 d4b1 d4b1 d4d1 dcd0 dcd0 d4b0 d4d1 d4b1 d490 d490 d46f d470 d490 d490 d490 d490 d490 d490 d490 d470 d490 d490 d490 d490 d490 d490 d450 d470 d470 d470 d470 d490 d490 d48f d44f cc70 cc70 cc70 d46f d450 d470 cc70 d470 d450 d470 d470 d470 d470 d450 d450 d470 cc30 cc4f cc70 cc50 cc4f cc30 cc4f cc6f cc4f cc30 cc50 cc30 cc2f cc2f cc30 cc2f cc0f cc0f cc2f cc0f cbef cc0f 
b24a b24a b24a b24a b26a b26b b24a b24a aa2a aa4a b22a b20a b229 b22a aa29 aa29 aa09 aa0a aa2a a9e9 a9e9 a9e9 a9e9 a9c9 a9c9 b208 ba09 c249 caca d30b db2b db6b e38c e3cc e42d ec4e ec6d ec8d ec8e ecce ecae ecae ecae ecaf eccf ecae ecae ecae f4ae ecce f4ce f4ce f4ce f4ae f48d ec4d ec0c e3ed e3cc e36b db4b d30b c28a b209 a1c8 9988 9148 8928 8908 8907 9128 9168 9168 9988 9988 a1a9 99c9 99a8 a1e9 a209 a1e9 a9e9 aa09 a20a a209 aa09 a209 aa0a aa09 aa09 a9e9 a9e9 aa09 b1e9 b1e9 b1e9 a9e9 a9e9 a9e9 a9e9 b1e9 aa0a a9ea a9e9 aa0a aa29 b229 b24a ba2a b22a b22a ba29 ba29 ba8a ba4a ba6a ba6a ba6a ba49 ba49 b26a b249 b249 b209 a9e8 a1e9 a1a9 a1a9 996a ba29 e4cd f6b6 f696 f634 f5f1 f5f1 f5af f590 f571 f5af f611 edb1 dc0d ba8a cb0a dc6e db2b d2eb c2cb c28b ba8b ba8b c28a bacc b28c b24b b22b b26c baac c32d c30e c2ed cb0d cb2d c34f cb0e baee ba8d bacd baad b26c b22c b24c b28e baae c2ce c30f c350 c330 c310 bb30 bb0f ab31 a2cf 9aaf 928e 926f 920e 818c 796c 794a 712a 716b 798c 816c 794b 794b 89cd 91ed 898c 798c 8a0d 926f 8a4e 8a50 79ac 692a 694b 60ea 610a 60e9 612a 60e9 50a8 5068 5089 60c9 692b 79ee 8a4f 81ec 8a8f 694b 5068 5088 60a9 68ea 6929 826f 79cc 5887 5887 58c8 58c8 60c8 58c8 58c8 60e9 60e9 692a 714b 71ab 71ac 81ed 79cd 71ac 71ac 79cd 714c 716c 822f 8ad1 71ac 718d 71ae 694c 694b 8af2 8ad2 79d0 81ef 922e 9b74 a3b4 9b13 9290 a3b3 c515 d555 ccb3 ccb4 d595 dd93 dd73 e573 dd52 dd53 dd33 dd73 dd74 dd94 dd94 d574 d574 d553 d553 d533 d4f2 d512 d533 d512 d533 d513 d533 d533 d512 d511 d513 d533 d4f2 d533 d513 d512 d533 d513 d4f3 d4d2 d513 d554 d554 d534 d574 d554 d554 d534 d554 d574 dd75 e575 ed95 ed94 ed74 ed95 ed74 ed94 ed95 edb5 edb5 edb5 edf5 edf6 edf5 edd5 e594 ed73 e533 e450 db8e d30d c22a a9c9 99c9 91ea 89ab 794b 7128 8a4a 9b4f 9b10 89ab 81cb 79aa 79ac 7129 81ea ab91 abb1 ab90 ab91 ab91 ab71 ab70 bbb1 cbf1 dc51 e491 e4af e42d d3ab baca 91a8 70c7 5887 5887 5887 5867 5846 5887 58a7 58a8 5887 58a8 60c8 58c7 58a7 5887 6087 60a7 60a7 68e7 68e8 60e7 6909 68c7 68e8 68e8 60e8 6908 6908 6908 68e8 6908 6908 60e7 60c7 60c7 5887 5866 5066 5867 6087 60a7 58a7 60a7 68c7 60c7 60e8 60c8 5888 5888 58c8 692a 694a 796a 89cb 9a8c ab0d b34e bb6e b36e b34e ab2e ab2d ab2e b32f c38e cbef d450 d490 d4b1 d4d0 d4d0 dcb0 d4b0 d4b0 d4d0 d490 d4b1 d48f d48f d490 d470 d491 d490 d4b0 d490 d490 d490 d490 d490 d48f d490 d490 d490 d470 d46f d470 d46f d450 d470 d48f d490 d490 d470 d470 d490 d470 d470 cc50 d470 cc70 cc70 d44f d470 d470 d470 d470 cc50 cc50 d44f cc50 d44f d44f d44f d450 cc30 cc4f cc6f cc50 cc2f cc50 cc50 cc2f cc2f cc4f cc4f cc2f cc2f cc0f cc0f cc0f cc10 
b24a b24a b24a b24a b26a b26b b24a b24a aa2a aa4a b22a b20a b229 b22a aa29 aa29 aa09 aa0a aa2a a9e9 a9e9 a9e9 a9e9 a9c9 a9c9 b208 ba09 c249 caca d30b db2b db6b e38c e3cc e42d ec4e ec6d ec8d ec8e ecce ecae ecae ecae ecaf eccf ecae ecae ecae f4ae ecce f4ce f4ce f4ce f4ae f48d ec4d ec0c e3ed e3cc e36b db4b d30b c28a b209 a1c8 9988 9148 8928 8908 8907 9128 9168 9168 9988 9988 a1a9 99c9 99a8 a1e9 a209 a1e9 a9e9 aa09 a20a a209 aa09 a209 aa0a aa09 aa09 a9e9 a9e9 aa09 b1e9 b1e9 b1e9 a9e9 a9e9 a9e9 a9e9 b1e9 aa0a a9ea a9e9 aa0a aa29 b229 b24a ba2a b22a b22a ba29 ba29 ba8a ba4a ba6a ba6a ba6a ba49 ba49 b26a b249 b249 b209 a9e8 a1e9 a1a9 a1a9 996a ba29 e4cd f6b6 f696 f634 f5f1 f5f1 f5af f590 f571 f5af f611 edb1 dc0d ba8a cb0a dc6e db2b d2eb c2cb c28b ba8b ba8b c28a bacc b28c b24b b22b b26c baac c32d c30e c2ed cb0d cb2d c34f cb0e baee ba8d bacd baad b26c b22c b24c b28e baae c2ce c30f c350 c330 c310 bb30 bb0f ab31 a2cf 9aaf 928e 926f 920e 818c 796c 794a 712a 716b 798c 816c 794b 794b 89cd 91ed 898c 798c 8a0d 926f 8a4e 8a50 79ac 692a 694b 60ea 610a 60e9 612a 60e9 50a8 5068 5089 60c9 692b 79ee 8a4f 81ec 8a8f 694b 5068 5088 60a9 68ea 6929 826f 79cc 5887 5887 58c8 58c8 60c8 58c8 58c8 60e9 60e9 692a 714b 71ab 71ac 81ed 79cd 71ac 71ac 79cd 714c 716c 822f 8ad1 71ac 718d 71ae 694c 694b 8af2 8ad2 79d0 81ef 922e 9b74 a3b4 9b13 9290 a3b3 c515 d555 ccb3 ccb4 d595 dd93 dd73 e573 dd52 dd53 dd33 dd73 dd74 dd94 dd94 d574 d574 d553 d553 d533 d4f2 d512 d533 d512 d533 d513 d533 d533 d512 d511 d513 d533 d4f2 d533 d513 d512 d533 d513 d4f3 d4d2 d513 d554 d554 d534 d574 d554 d554 d534 d554 d574 dd75 e575 ed95 ed94 ed74 ed95 ed74 ed94 ed95 edb5 edb5 edb5 edf5 edf6 edf5 edd5 e594 ed73 e533 e450 db8e d30d c22a a9c9 99c9 91ea 89ab 794b 7128 8a4a 9b4f 9b10 89ab 81cb 79aa 79ac 7129 81ea ab91 abb1 ab90 ab91 ab91 ab71 ab70 bbb1 cbf1 dc51 e491 e4af e42d d3ab baca 91a8 70c7 5887 5887 5887 5867 5846 5887 58a7 58a8 5887 58a8 60c8 58c7 58a7 5887 6087 60a7 60a7 68e7 68e8 60e7 6909 68c7 68e8 68e8 60e8 6908 6908 6908 68e8 6908 6908 60e7 60c7 60c7 5887 5866 5066 5867 6087 60a7 58a7 60a7 68c7 60c7 60e8 60c8 5888 5888 58c8 692a 694a 796a 89cb 9a8c ab0d b34e bb6e b36e b34e ab2e ab2d ab2e b32f c38e cbef d450 d490 d4b1 d4d0 d4d0 dcb0 d4b0 d4b0 d4d0 d490 d4b1 d48f d48f d490 d470 d491 d490 d4b0 d490 d490 d490 d490 d490 d48f d490 d490 d490 d470 d46f d470 d46f d450 d470 d48f d490 d490 d470 d470 d490 d470 d470 cc50 d470 cc70 cc70 d44f d470 d470 d470 d470 cc50 cc50 d44f cc50 d44f d44f d44f d450 cc30 cc4f cc6f cc50 cc2f cc50 cc50 cc2f cc2f cc4f cc4f cc2f cc2f cc0f cc0f cc0f cc10 
b26a b26a b24a b26b b26a b26b b26a b24a aa2a b22a b22a b229 b229 b229 b229 b22a b22a b209 aa09 aa09 aa09 a9e9 a9c8 a9c8 a9c9 b1c8 ba29 c26a cacb d30b db2a db8c e3ac e40d e42d ec2d ec4d ec6e ec8e eccf ecce ecce ecae ecae eccf ecae ecce ecef f4ce ecaf eccf f4ae eccd f48d f48d ec4d ec0c e3ed e3cd e38b db4b d30a c28a b229 a1e9 9968 8968 88e7 8907 8928 8928 9168 9188 91a8 9988 a1a8 a1c8 a1c9 a1c9 a1c9 a1c9 a1e9 a9e9 a9e9 a9e9 a9e9 a9e9 a9e9 aa09 a9e9 a9c9 a9e9 a9e9 a9e9 a9e8 b209 aa09 aa09 aa09 aa09 b1e9 a9e9 b1e9 a9e9 aa09 b1e9 b209 b22a ba29 ba29 ba6a ba29 ba2a c24a ba49 ba6a ba8b ba6a ba4a ba69 ba49 b249 ba49 b209 b229 a9e9 a1c9 a1a9 a16a a1c9 d3cb f674 fef6 f6d7 f655 f5f1 f5b0 f5d1 f5d0 f5b0 f5f1 ed91 e42c d3ae db8b db8b caeb c2cb c2cb c2cc baac baab baac baab b26b aa0a aa4b b2ad b2cd c2cc c2ed cb2d c32e c30e c2ed bacd b26c b24c b26b b26c aa4b b26c c2ee cb4f d32e d30e d2cd caee caee ca8d c2ce d32e cb8f c32f b2ee a2ad 9a8d 89cd 714b 690a 690a 716b 798c 712b 710a 690a 794b 89ac 89ac 712a 796b 8a0e 8a4e 8a0d 820e 716b 696b 698b 610a 60e9 60c9 60e9 58c8 50c9 5089 5888 610a 694b 718c 81ad 79ab 824f 798c 58c8 610a 692b 694a 696b 71ac 58e7 5887 58a8 58a7 58a7 60a7 60a8 58a7 58a7 58c7 6109 58a8 5887 60a8 6108 6109 60e9 5087 58a8 5888 58a8 698c 822f 610a 696c 698c 692b 696b 8291 8251 698d 7a0f 8b13 a3f4 a3d4 9b11 9b11 bc94 d4f3 c473 bc53 ccd4 dd53 dd52 dd32 dd32 dd11 d512 d533 d574 d553 dd94 d594 d554 d553 d533 d513 d4f2 d4d2 d4f1 d4d1 d4d2 d513 d534 d532 d4f2 d4f2 d4d1 ccf2 d512 d512 d533 d512 d4f3 d513 d512 d513 d513 d513 d513 d533 cd34 cd14 d534 d534 dd54 e574 e5b5 edb5 ed94 ed95 ed95 ed94 ed95 ed94 edb5 edb5 edb5 ed95 edb5 f5b6 f5f5 edd6 edb5 edb4 ed94 ed74 e4f2 e430 db6d d28b ba0a a9a8 91a8 89aa 81ab 692a 58a8 6967 9b4f 9b11 89ec 81cb 81ec 79cc 692a 8a6c abb0 b3d2 ab91 ab91 b3b2 ab70 b3b1 c411 d431 d470 cbaf c30c baaa aa8b 91ca 68c8 5847 5847 5847 5867 5867 58a7 58c8 5888 5067 58a8 58a7 5887 58a7 60a7 68a7 60a6 60a7 60c8 68e7 68e7 68e7 6908 6908 60c7 68e7 6908 6908 6108 68e8 68e8 6908 6108 60c7 5887 5886 5847 5887 58c7 58c7 60a7 60e7 60c7 68e8 60a7 60a7 60c8 58a8 58c9 60e9 6909 716a 81ab 922c a2ed b36e bb4e bb8f b36e ab2e b30e b32d ab4f b34e c38e cc0f d470 d4b0 d4b0 d4d0 d4b0 d490 d4b0 d4b0 d4b0 d4b0 d4b1 d4b0 d4b0 d490 d490 d4b1 d490 d490 d490 d470 d48f d490 d490 d48f d48f d490 d470 d46f d48f d470 d46f d470 d470 d490 d490 d490 d470 d490 d470 d470 d470 d450 d470 d48f d490 d490 d470 d470 cc90 cc70 cc50 cc50 cc2f cc70 d44f d44f d44f d450 d450 d450 cc4f cc4f cc4f cc4f cc4f cc2f cc0f cc2f cc2f cc2f cc0f cbef cc0f cc50 cc30 
b24a b24a b26a b26a b26b b24a b22a b22a b22a b24a b24a b229 b209 b229 b209 b229 b20a a9e9 a9e9 aa09 aa09 a1c9 a1c8 a9e9 a9c8 b1e8 b229 c269 caaa d30b db2b db6b e3cc e3ed e40c e42c ec4d ec6e ec6e ecae ecae ecce eccd ecce ecae ecaf ecaf eccf ecce eccf eccf ecaf ecae f4ad ec8d ec6e ec2d ebec e3ac e38c db2b d2ea caaa ba4a a9c9 9988 9148 8907 8127 8948 8928 9168 9188 9188 9188 9988 99c9 a1c9 a1a9 a1a9 a1e9 aa09 a9e9 a9c9 a9e9 a9e9 a9e9 a9c9 a9e9 a9e9 a9e9 aa09 a9e9 a9e9 a9c8 b1c8 a9e9 aa09 a9e9 aa2a b209 a9e9 aa09 b209 b209 b209 b20a b20a ba09 ba29 ba4a ba49 ba29 c24a c24a ba4a ba8b ba6a ba8b ba4a ba4a ba29 b24a b209 b209 b209 a1e9 a1c9 a18a a1ca cb6a f613 fe93 fed3 fed5 fe54 f5f1 f611 f5d0 f5f0 fdd1 f570 e4ad e50f dbac caeb c2cc c2ab c2ec c2ec c30d c2cc ba8c b22a aa0a aa2b b28c b2ad baed c30e caed cb2e c30e c2ed baed b28d b28d b26c b24b ba8d bb0d c32e d34e d32e d30d d32e c2ee c2ce ba8d a1cb 99ca bacd d36e cb2f cb2f bace aa6d 91cc 796a 694a 694a 71ac 716c 690b 60ea 60e9 68ea 712b 714b 690a 712b 81ce 8a0e 822d 81ed 798b 716b 694b 60ea 60ea 58a8 50a8 50a9 50c9 58a9 610a 694b 696c 694b 712b 714b 820f 8a2f 718c 79ce 79cd 716b 60c8 5887 50a7 58a8 60c8 5887 60a7 5887 5887 5887 58a7 58a8 58a8 58c8 58c8 58a7 58a7 58a7 58a8 5087 5047 5047 5068 590a 71ad 692b 714b 79cd 822e 71cc 7a2f 79ef 590b 69ce 8b12 92f1 9b11 9311 9b93 abd2 bbf1 b411 bc53 ccd2 dd53 dd53 dd13 dd13 d4d1 d513 d554 d554 d533 d553 d553 d533 d512 ccf2 ccf3 ccf2 ccd2 ccb2 ccb2 cd13 d554 d533 d4f2 ccf2 cd13 d4f3 d513 d4f2 d533 d533 d4f2 d513 d4f2 d4f3 cd12 d533 cd32 ccf2 ccf2 ccf3 cd34 d554 e595 ed95 edb5 edd6 edb4 ed74 ed95 ed95 ed95 ed75 ed75 edb5 edb5 edb5 edb5 ed95 edb5 edb5 edb5 edb5 f594 edb4 ed93 ed32 e491 e3ce db0c c24a b1e9 a1c9 9169 8128 818a 712a 5888 6927 92cd 9b10 8a0c 8a2c 89cc 794b 6929 9b0e abb2 ab91 ab70 b3b1 b3f2 b3b1 c412 cc11 cbef c36e baec baaa aa6a 99c9 78c7 5867 5047 5847 5867 58a7 58a7 50a7 5067 5887 5887 5887 5887 60a8 68c7 68a8 60e7 68e7 60c7 6908 68e8 68e8 6908 68e8 60e8 68e8 60c7 68e8 68e8 6108 60e7 60e7 58c7 58a7 5887 58a7 5846 5066 5887 60a7 60c7 68e7 68e7 68c7 60e8 60c8 58a8 58a8 6109 714a 692a 798a 8a2c a2cd b36f bb8e bb8e bb6e b34d ab0d aaed aaed b34e bb6e c3af cc30 d450 dcb0 d4b0 d4b0 dcb0 d490 d4b0 d4d1 d4af d4b0 d4b0 d4b0 d48f d490 d490 d4af ccd1 d490 d470 d48f d490 d490 d470 d490 d490 d490 d490 d4b0 d490 d470 d470 d470 d490 d490 d490 d490 d470 d490 d490 d470 d470 d470 d490 d46f d490 d490 d490 d46f d470 d450 d450 d44f d450 d450 d42f d470 cc30 d450 cc50 cc4f d430 cc4f d44f cc2f cc4f cc2f cc2f cc4f cc4f cc0f cc0f cc0f cc10 cc2f cc0f 
b22a b24a b26a b26a b24a b24a b24a b22a b24a b22a b229 b229 b22a aa29 aa09 aa29 b22a b22a aa09 aa29 aa09 a9c9 a9a8 a1c9 a1a8 a9e9 b229 ba69 caaa d2ea db0a db6b dbad e3cc e3cc e40d e46e ec8e ec8e ec8e ec8e ecce eccd ecae ecae ecaf ecaf ecaf ecce ecee f4ce ecae ecaf f4ae f46d ec6d ec2e ebed e3ac db6b db2b d30a caaa ba49 a9e9 9988 9128 8107 8107 8948 9168 9189 9148 9189 99a9 9989 99ea a1e9 a1c9 a1c9 a1e9 a9e9 aa09 b209 aa09 b229 aa09 aa09 aa0a aa2a aa09 a9e9 aa2a a9e9 a9e9 a9c9 a9c9 a9e9 a9e9 aa09 aa09 a9e9 b209 aa09 b229 b209 b209 b209 ba2a b229 b229 b22a ba29 ba4a c28a c26a ba8a ba6a ba8b ba4a ba8b ba49 ba69 ba49 b229 b209 a1e9 a189 a189 a1ca cb2b f614 fe95 fe73 fe92 feb4 f654 fdf0 f5d2 fdd0 fdf1 f590 ed0f ecad d38d c2eb c2cb c2ed caec cacb caec c30e baad aa2b aa0b b24b baad baac c2cc bb2d c2cd c2cc c2cd b28d b26c ba8d c30e baad c2ac cb2d d36e d36d d30c d2ec d2ec cb0d cb0e c2ed b28e 9a0c 91ca aace c2ed c2ed baad b28d a26d 91cb 7909 794a 712b 692a 694b 692a 60e9 60ea 610a 58c9 60a9 60ca 692a 81ee 8a4f 796c 79ad 796b 712b 714b 714b 716d 60ea 58c9 610a 58ea 58e9 612a 716c 79ad 692b 5889 60ea 8230 9291 8a71 822e 820e 716c 50a8 5887 58a8 58a7 58a7 58a7 58a7 58c7 58a7 58a8 58c7 58a8 58a8 58e8 58e9 58c8 58a7 5087 50c8 50c8 5088 5088 5088 610a 79ce 79ac 8a0d 9ad0 9a8e 81cc 79ce 79f0 610b 69cf 8af3 9334 9352 9b93 ac33 ac32 bc72 cc91 d4d2 d4f3 dd12 dd53 d513 d4f3 d513 d534 d554 d574 d553 d573 d532 d4f2 ccd3 ccf2 d512 ccd2 ccb2 ccb3 d4f2 d533 d513 ccf3 cd13 d533 d513 d533 d553 d533 d533 d512 d4f2 d513 cd13 cd33 cd33 cd13 ccd2 cc92 ccf3 d534 e574 ed74 ed94 edb5 edd5 edd5 edd6 ed94 edb5 ed95 edb5 edb5 ed94 edb5 edd5 edb5 edb6 edb5 edb5 edb5 edd5 f5f5 f5d5 edb4 ed93 ed32 ecb0 e3ef db2c ca8a b9e9 b1e9 a9e9 8989 7948 7129 68ea 5068 58c7 7a0b 8a4d 8a0b 89eb 818b 6909 79aa a330 ab91 ab51 b370 bbb1 bc12 c432 c452 c410 c3af c30c baab aa4a 9168 70c7 60a8 5888 5067 5066 5887 5867 5067 5067 58a7 5887 5887 60a7 60e8 6907 6908 68e8 68e8 60c7 68c7 68c7 68e8 6908 6928 6929 60e8 6908 68e8 6929 6108 60e7 60c7 58a7 60c8 5887 58a8 5846 5066 5886 60a7 58a7 60a7 68e7 60a7 60c7 58c8 58a8 58c9 6109 692a 714a 81cb 9a6d ab2e bb6e bbaf bb6e b34e b36e b30d aaed ab0e b36e c3ae c3ef cc2f d471 d490 d4b0 d4b0 d4b0 d490 d4b0 d4b0 d4d0 d490 d490 d4b0 d4af d4b0 d490 d4b0 d4d0 d470 d490 d4b0 d490 d490 d490 d490 d490 d490 d4b1 d490 d48f d48f d490 d471 d491 d470 d48f d490 d470 d470 d470 d450 d470 d470 d471 d470 d470 d470 d470 d470 d46f d44f d450 cc6f d470 d44f cc4f d44f cc2f d44f d450 cc4f cc50 d44f d44f d44f cc2f cc2f cc2f d44f cc4f cc0f cc2f cc50 cc30 cc2f cbef 
b22a b24a b26a b26a b24a b24a b24a b22a b24a b22a b229 b229 b22a aa29 aa09 aa29 b22a b22a aa09 aa29 aa09 a9c9 a9a8 a1c9 a1a8 a9e9 b229 ba69 caaa d2ea db0a db6b dbad e3cc e3cc e40d e46e ec8e ec8e ec8e ec8e ecce eccd ecae ecae ecaf ecaf ecaf ecce ecee f4ce ecae ecaf f4ae f46d ec6d ec2e ebed e3ac db6b db2b d30a caaa ba49 a9e9 9988 9128 8107 8107 8948 9168 9189 9148 9189 99a9 9989 99ea a1e9 a1c9 a1c9 a1e9 a9e9 aa09 b209 aa09 b229 aa09 aa09 aa0a aa2a aa09 a9e9 aa2a a9e9 a9e9 a9c9 a9c9 a9e9 a9e9 aa09 aa09 a9e9 b209 aa09 b229 b209 b209 b209 ba2a b229 b229 b22a ba29 ba4a c28a c26a ba8a ba6a ba8b ba4a ba8b ba49 ba69 ba49 b229 b209 a1e9 a189 a189 a1ca cb2b f614 fe95 fe73 fe92 feb4 f654 fdf0 f5d2 fdd0 fdf1 f590 ed0f ecad d38d c2eb c2cb c2ed caec cacb caec c30e baad aa2b aa0b b24b baad baac c2cc bb2d c2cd c2cc c2cd b28d b26c ba8d c30e baad c2ac cb2d d36e d36d d30c d2ec d2ec cb0d cb0e c2ed b28e 9a0c 91ca aace c2ed c2ed baad b28d a26d 91cb 7909 794a 712b 692a 694b 692a 60e9 60ea 610a 58c9 60a9 60ca 692a 81ee 8a4f 796c 79ad 796b 712b 714b 714b 716d 60ea 58c9 610a 58ea 58e9 612a 716c 79ad 692b 5889 60ea 8230 9291 8a71 822e 820e 716c 50a8 5887 58a8 58a7 58a7 58a7 58a7 58c7 58a7 58a8 58c7 58a8 58a8 58e8 58e9 58c8 58a7 5087 50c8 50c8 5088 5088 5088 610a 79ce 79ac 8a0d 9ad0 9a8e 81cc 79ce 79f0 610b 69cf 8af3 9334 9352 9b93 ac33 ac32 bc72 cc91 d4d2 d4f3 dd12 dd53 d513 d4f3 d513 d534 d554 d574 d553 d573 d532 d4f2 ccd3 ccf2 d512 ccd2 ccb2 ccb3 d4f2 d533 d513 ccf3 cd13 d533 d513 d533 d553 d533 d533 d512 d4f2 d513 cd13 cd33 cd33 cd13 ccd2 cc92 ccf3 d534 e574 ed74 ed94 edb5 edd5 edd5 edd6 ed94 edb5 ed95 edb5 edb5 ed94 edb5 edd5 edb5 edb6 edb5 edb5 edb5 edd5 f5f5 f5d5 edb4 ed93 ed32 ecb0 e3ef db2c ca8a b9e9 b1e9 a9e9 8989 7948 7129 68ea 5068 58c7 7a0b 8a4d 8a0b 89eb 818b 6909 79aa a330 ab91 ab51 b370 bbb1 bc12 c432 c452 c410 c3af c30c baab aa4a 9168 70c7 60a8 5888 5067 5066 5887 5867 5067 5067 58a7 5887 5887 60a7 60e8 6907 6908 68e8 68e8 60c7 68c7 68c7 68e8 6908 6928 6929 60e8 6908 68e8 6929 6108 60e7 60c7 58a7 60c8 5887 58a8 5846 5066 5886 60a7 58a7 60a7 68e7 60a7 60c7 58c8 58a8 58c9 6109 692a 714a 81cb 9a6d ab2e bb6e bbaf bb6e b34e b36e b30d aaed ab0e b36e c3ae c3ef cc2f d471 d490 d4b0 d4b0 d4b0 d490 d4b0 d4b0 d4d0 d490 d490 d4b0 d4af d4b0 d490 d4b0 d4d0 d470 d490 d4b0 d490 d490 d490 d490 d490 d490 d4b1 d490 d48f d48f d490 d471 d491 d470 d48f d490 d470 d470 d470 d450 d470 d470 d471 d470 d470 d470 d470 d470 d46f d44f d450 cc6f d470 d44f cc4f d44f cc2f d44f d450 cc4f cc50 d44f d44f d44f cc2f cc2f cc2f d44f cc4f cc0f cc2f cc50 cc30 cc2f cbef 
b24b b24b b24a b24a b24a b24a b229 b24a b24b aa2a b229 b24a aa2a b229 b209 aa09 a9e9 b209 aa09 aa09 aa09 a9c8 a9a8 a1a8 a1a8 aa0a b229 ba69 c2cb d2ca db4b db6b e38b e3cc e3ed e42d ec4d ec8e ec8e ec8e ecaf ecae ec8e ec8f ecaf ec8f ecae eccf ecef ecce ecae eccf ecce f4ce f48d ec6e ec0d e3ed e3cc e36c db2b d30b caa9 ba29 a1c9 9948 8968 8928 8128 8948 9168 9189 9148 9168 9988 9989 a1c9 a1e9 a1c9 a1c9 a1a9 a9c9 aa09 aa09 aa09 b1e9 a9e9 aa09 aa2a a9e9 aa0a aa09 aa0a aa09 a9e9 aa2a aa09 b1e9 b1e9 aa09 aa09 a9e9 a9ea b209 b209 b229 b209 b22a b24a b249 b209 b22a ba4a ba8a c28a c28a ba6a ba6a ba4a ba4a b26a ba49 ba69 ba49 ba29 aa09 a1e9 a1c9 a189 a989 cb2b f634 fed6 fe95 fe52 fe92 fe95 f631 fe12 f5d1 f5cf f58f ec8c db4a cacb c26a c2aa c2cc c2cd c2cc c2ec c2cc baac ba8c b2ad baad c2cd caec c2cb baed baac ba6b b2ad b28c b26c bacd cb0e cb0d d36e d38e db2d d32c d32c cb0d caed c2ed c2ed baad b26d 99eb 920b aaee b2ac aa6c a1eb 99ca 91aa 894a 814a 81ac 798d 716c 610a 6109 60e9 58c9 58c9 5088 5088 60c9 6109 718c 79ac 716c 798d 714b 712b 714c 716c 81cd 798d 694b 692a 60ea 5868 60e9 716c 79ae 60eb 5048 58ea 8a91 8a4f 9312 92f2 8a2e 79ad 58a8 5067 5867 5887 58a8 60e9 58a7 58a7 5887 58c7 58c8 58c8 58a7 58c8 5909 58a8 5087 5087 50a7 5088 5088 5088 5088 694b 8a2e 9a8f ab30 a28d 91eb 89ab 89ed 8211 71ae 82f3 a4b7 ac95 a3b1 b454 cd34 d512 d4f2 dcd1 dd12 dd53 dd13 dd12 d534 d534 d554 d595 dd94 d594 dd53 d554 cd13 d4f2 ccf3 d4b1 d4b1 ccb2 ccd2 ccf2 d513 d513 d533 d533 d513 d533 d533 d533 d532 d4f2 d4d2 cc90 cd13 d533 cd12 cd12 ccf3 ccb2 ccb3 d4f3 dd54 e575 ed95 ed94 ed94 ed95 edd5 edf5 edd5 ed94 edb5 edb5 edd5 edb5 edb5 edd5 edd5 edb5 ed95 edb5 edb5 edd5 edd4 edd4 f5d4 f5d5 ed73 ed11 ecd1 e40f db8d d2ec c209 b1c8 b1e9 9989 8169 7129 68e8 58a8 4848 58c8 820b 926d 8a4d 798b 796c 796a 928d abb2 ab71 ab91 b390 bc12 c3f1 cc31 cc10 cbd0 cb2c bacb a22a 7907 6087 6087 58a7 5067 5087 5867 5846 5066 5887 5887 5887 6087 6087 60c7 6908 6908 68e8 68c8 68e7 60c7 68c7 68e8 6908 68e8 68e7 6949 6928 6929 6928 68e8 60c7 60a7 60a7 60c8 58a7 58a7 5066 5886 5887 5866 5887 6087 68e7 60a7 60c7 58a8 58c8 60e9 60c9 712a 796a 922c a2cd ab0e bb6e bb8e bb6e b34d b32e b32d b30d b32d bb8f c3cf cc30 d44f cc50 d48f d4b0 d490 d4b0 d4d0 dcb0 dc90 d490 d4b0 d490 d48f d4b0 d4b1 d4b0 d490 d46f d470 d470 d48f d470 d490 d490 d490 d48f d470 d470 d490 d48f d4af d48f d470 d48f d470 d470 d490 d470 d490 d490 d44f d450 d470 d470 d470 cc71 d470 d470 d471 d450 d44f d471 d48f d46f d44f cc50 cc6f d44f d44f d470 d46f d44f cc70 d44f d44f cc50 cc4f d450 cc30 cc0f cc2f cc2f cc2f cc2f cc0f cc0f 
b26b b26b b24a b22a b24b b24a b22a b24a b22a aa2a b24a aa4a b249 b229 a9e9 a9e9 b209 b208 a9e9 aa09 a9e8 a9a8 a1a8 a1c8 a1c9 aa09 b249 ba8a c2cb d2ea db2b db6b db8b e3cc e40e e40d e44c ec8d ecaf ecae ecce ecce ecae ecae ecce ecaf eccf ecce ecce ecaf ecaf ecee eccf f4ce f4ae ec4d ec0d e40d e3cc e36c db4c d30b c2aa ba49 a9c9 9968 8948 8928 8928 8948 9148 9169 9168 99c9 99a9 a1c9 a1e9 a1e9 99c9 a1a9 a20a a9e9 a9e9 a9e9 a9e9 aa0a a9e9 a9e9 aa2a a9e9 aa09 aa2a b209 aa09 aa0a aa09 a9e9 b209 b209 a9e9 a9c9 a9e9 a9e9 b1e9 a9e9 b209 b1e9 b209 ba29 b24a b229 ba49 ba4a ba6b c26a c26a ba6a ba6a ba8a ba6a ba6a ba69 ba29 ba29 b229 aa29 aa09 a9ca a98a a989 cb0a f614 feb4 feb4 fe74 fe51 fe94 fe74 fe52 fe30 f5af ed2e db2a c249 ba49 ba2a ba8b c2cc c30d c2ec bacc b28c b2ac baac c2ed c2ec cacb c2ec baec b2ac aa4b aa0b b24b ba8c c2ed c30d d34e d34e d32d d32c d30c d30d d32c cb4d cb2d bb0e baad b24b aa0c 99aa 8989 a20a a20a 91ca 8929 8109 70c8 794a 81ee 820e 79ad 694b 60c9 58c9 58c8 50a8 50a8 50a8 5088 58a8 60c9 60e9 716b 79ee 798c 714a 71ac 696b 718c 81ed 820f 79ac 692b 58e9 5067 5909 718b 71ad 68ea 5048 58a9 79ee 820f 9332 9b73 92f0 822f 6109 5067 5887 58a7 58a8 5887 58a8 58c8 58a8 58a8 58a8 5087 5087 58a8 58c8 50a7 50a7 4846 4867 5068 4867 58c9 692a 81ec 9acf b371 b2cd 99a9 814a 89ab 920d 92b2 8a92 9374 bd37 c452 b390 ccb3 dd93 dd52 dd33 dcf2 dd33 dd53 dd53 dd54 d554 dd74 dd95 ddb5 dd94 d574 d553 d553 cd13 d4f2 ccb1 cc91 cc71 ccd2 ccd2 ccd2 d4f2 d4d2 d513 d533 d533 d554 d533 d512 d512 ccd2 cc51 cc50 ccd1 cd12 ccd2 ccb2 ccd2 dcf2 e533 ed74 ed94 edb5 edb5 edd5 ed94 edb5 edf6 edf6 edf5 edb5 edb5 edb5 edb5 ed95 edb5 edb5 edb6 edb6 edb5 f5d5 f5d5 edb5 edb5 edb5 edb4 f5b3 ed74 ed12 ecb1 ec6f e3ef d32c ca6a b9c9 a9a8 9968 8969 7928 68e8 60a8 5888 5067 6107 8a8c 926d 81cb 796b 81cc 79aa a350 ab91 ab91 b370 bb90 bbd1 cc11 d3ef cbcf cb6d baeb 99c9 70e8 60a7 5887 58a7 5067 5887 5887 5867 5887 58a8 58a7 60a7 6087 60a7 6087 60a7 6908 6908 68c7 60e8 6928 68e8 68c7 68e7 60e8 68c7 6908 6928 68e8 68e8 60e7 60a7 58a7 60e7 6909 58a7 58a7 5866 5887 5866 5886 60a7 60c7 68e8 60c8 58a7 5888 58a8 58a8 68ea 798b 820c 9aad ab4e b36f bbae c3af bb6e b36e b32d ab0d ab4e b34e bbcf c410 cc4f d470 d46f d48f d490 d470 d490 d4b0 d490 d490 d490 d48f d490 d48f d490 d490 d4b0 d48f d48f d48f d48f d46f d450 d48f d46f d470 d48f d46f d490 d46f d48f d48f d46f d470 d4b0 d490 d48f d46f d48f d470 d46f d46f d470 d470 d470 d490 cc91 d470 cc70 d450 cc50 d470 d470 d470 d450 d450 d46f d490 d44f d450 d450 d44f d450 cc50 d450 d44f d450 cc50 d44f cc4f cc30 cc0f cc0f cbef cbef cc0f cc10 
b24a b24a b22a b24a b22a aa2a b24a b24a b24a b24a b26a b26a b22a aa2a aa09 aa0a aa2a a9e8 aa09 a9e9 a9e8 a1c8 a1c8 a1c9 a1c9 a9c9 b229 c26a caaa caea d30a db6c e38b e3cc e40d e42e e44e ec6e ec8e ec8e ec8e ecaf ecce ecce eccf eccf ecf0 ecee f4cf f4ae ecaf ecce ecae f4ce f48d ec0d ec0d e40d e3cd e38c db4b d2ea caa9 ba4a a1c9 9968 9168 8928 8928 8928 8949 9149 91a9 99c9 99a9 a1ea a1ea a1e9 a1c9 a1e9 a22a aa0a aa09 aa2a aa0a b209 b20a aa0a b22a b22a aa0a b22a b209 aa2a aa09 b22a a9e9 aa09 b1e9 b209 b209 a9e9 b209 a9e9 b1e9 b209 b20a ba0a b209 b22a ba49 ba4a ba6a ba4a c26a c26b c28a c28a c28b ba8a ba6a ba6a ba49 ba29 b229 b24a b1e9 a9c9 a98a a9a9 d30b f5f3 feb4 fe93 feb4 fe53 fe71 fe93 fe94 fe11 f52e e3ea ca8a b209 b1e9 ba4a baab c2ec c2ed c2cc baac b2cd baed baac c2cc c2ec c2cc baed b28c b24c aa2b b24c b24c c2cd d34d d32e db2d d36e cb4e caec cb0c cb2e cacc caab cacc c2ed c2ed aa8d 99eb 8969 70e7 80e7 8148 7108 6087 6068 60c8 798c 8a4f 79cc 692a 60e9 5887 58a8 58e8 50a8 5087 50c8 50a8 58a9 58c9 58e9 716c 8a30 79ad 694a 692a 696b 71cc 79ec 820e 820e 694a 5088 50a8 60ea 718b 79ce 690a 5048 5069 58c9 71ce 9313 9b73 9b73 9312 79ee 58c8 5067 5067 5887 5887 58a7 60e8 60a7 58a7 5867 5887 5087 5088 5067 5047 4866 4847 4847 4848 5888 716a 9a6e a2cf 9acf a2ef a20c 896a 898b a24d ab51 ac36 a3b4 9b73 c517 bc32 b3d2 d534 dd52 dd32 dd53 dd32 dd52 d552 d573 dd74 dd54 dd74 dd94 dd94 d553 d553 d553 d4f2 d4d1 ccb1 cc91 cc91 cc91 cc91 ccb2 ccb2 ccb1 ccb2 d4f2 d533 d575 d554 d513 ccf2 ccd3 cc70 c430 c472 cc71 ccb2 d4d2 dcf3 e513 e553 ed74 ed74 ed94 edb5 edb4 edd5 edb4 edd5 edf6 ee16 edf5 edd5 edd6 edd5 edb5 edb5 ed94 ed95 edd5 edb5 edd5 f615 edf5 edd5 edb5 f5f5 f595 ed94 f594 ed53 ecf2 ec70 e40f db0b ca8a ba09 b1a8 a168 8949 7908 60a7 6087 60a8 5888 58a8 6949 81eb 81cb 818b 798b 796a 926c b3d1 b3b1 ab50 b370 bc12 c411 d3ef d410 c34e b22a 8948 68a8 68c8 58a8 5888 58a7 58a8 58a8 58a7 58a7 58c8 58a7 5887 6087 6087 60c7 60c7 68a7 68e8 6908 6908 6929 68c8 68e8 6908 6949 6928 6929 6908 68e8 6928 6908 60c7 6087 5887 58a7 5887 60a8 60a7 5867 58a7 60a7 68e7 68e7 60c7 60c8 5087 5887 58c8 60a9 68e9 81eb 926d aaed b36e bbaf c3ae bb8e b34e b36e b34d b32d b34e bbaf c3ef c430 cc50 d44f cc70 d48f d470 d490 d490 d490 d4af d4b0 dcb0 d4b0 d490 d48f d490 d490 d490 d490 d4b0 d4af d4af d470 d470 cc90 d46f d470 d46f d470 d490 d4b0 d4b0 d470 d470 d490 d4b0 d490 d46f d490 d48f d490 d470 d48f d490 d470 d44f d470 d470 d46f d450 d470 d470 d470 d450 d42f d450 d450 cc4f d44f d450 d470 d450 d42f d44f d44f d470 d46f d44f cc50 cc30 d42f cc4f d42e cc0f cc2f cc0f cc0f cbf0 
b24a b24a b22a b24a b22a aa2a b24a b24a b24a b24a b26a b26a b22a aa2a aa09 aa0a aa2a a9e8 aa09 a9e9 a9e8 a1c8 a1c8 a1c9 a1c9 a9c9 b229 c26a caaa caea d30a db6c e38b e3cc e40d e42e e44e ec6e ec8e ec8e ec8e ecaf ecce ecce eccf eccf ecf0 ecee f4cf f4ae ecaf ecce ecae f4ce f48d ec0d ec0d e40d e3cd e38c db4b d2ea caa9 ba4a a1c9 9968 9168 8928 8928 8928 8949 9149 91a9 99c9 99a9 a1ea a1ea a1e9 a1c9 a1e9 a22a aa0a aa09 aa2a aa0a b209 b20a aa0a b22a b22a aa0a b22a b209 aa2a aa09 b22a a9e9 aa09 b1e9 b209 b209 a9e9 b209 a9e9 b1e9 b209 b20a ba0a b209 b22a ba49 ba4a ba6a ba4a c26a c26b c28a c28a c28b ba8a ba6a ba6a ba49 ba29 b229 b24a b1e9 a9c9 a98a a9a9 d30b f5f3 feb4 fe93 feb4 fe53 fe71 fe93 fe94 fe11 f52e e3ea ca8a b209 b1e9 ba4a baab c2ec c2ed c2cc baac b2cd baed baac c2cc c2ec c2cc baed b28c b24c aa2b b24c b24c c2cd d34d d32e db2d d36e cb4e caec cb0c cb2e cacc caab cacc c2ed c2ed aa8d 99eb 8969 70e7 80e7 8148 7108 6087 6068 60c8 798c 8a4f 79cc 692a 60e9 5887 58a8 58e8 50a8 5087 50c8 50a8 58a9 58c9 58e9 716c 8a30 79ad 694a 692a 696b 71cc 79ec 820e 820e 694a 5088 50a8 60ea 718b 79ce 690a 5048 5069 58c9 71ce 9313 9b73 9b73 9312 79ee 58c8 5067 5067 5887 5887 58a7 60e8 60a7 58a7 5867 5887 5087 5088 5067 5047 4866 4847 4847 4848 5888 716a 9a6e a2cf 9acf a2ef a20c 896a 898b a24d ab51 ac36 a3b4 9b73 c517 bc32 b3d2 d534 dd52 dd32 dd53 dd32 dd52 d552 d573 dd74 dd54 dd74 dd94 dd94 d553 d553 d553 d4f2 d4d1 ccb1 cc91 cc91 cc91 cc91 ccb2 ccb2 ccb1 ccb2 d4f2 d533 d575 d554 d513 ccf2 ccd3 cc70 c430 c472 cc71 ccb2 d4d2 dcf3 e513 e553 ed74 ed74 ed94 edb5 edb4 edd5 edb4 edd5 edf6 ee16 edf5 edd5 edd6 edd5 edb5 edb5 ed94 ed95 edd5 edb5 edd5 f615 edf5 edd5 edb5 f5f5 f595 ed94 f594 ed53 ecf2 ec70 e40f db0b ca8a ba09 b1a8 a168 8949 7908 60a7 6087 60a8 5888 58a8 6949 81eb 81cb 818b 798b 796a 926c b3d1 b3b1 ab50 b370 bc12 c411 d3ef d410 c34e b22a 8948 68a8 68c8 58a8 5888 58a7 58a8 58a8 58a7 58a7 58c8 58a7 5887 6087 6087 60c7 60c7 68a7 68e8 6908 6908 6929 68c8 68e8 6908 6949 6928 6929 6908 68e8 6928 6908 60c7 6087 5887 58a7 5887 60a8 60a7 5867 58a7 60a7 68e7 68e7 60c7 60c8 5087 5887 58c8 60a9 68e9 81eb 926d aaed b36e bbaf c3ae bb8e b34e b36e b34d b32d b34e bbaf c3ef c430 cc50 d44f cc70 d48f d470 d490 d490 d490 d4af d4b0 dcb0 d4b0 d490 d48f d490 d490 d490 d490 d4b0 d4af d4af d470 d470 cc90 d46f d470 d46f d470 d490 d4b0 d4b0 d470 d470 d490 d4b0 d490 d46f d490 d48f d490 d470 d48f d490 d470 d44f d470 d470 d46f d450 d470 d470 d470 d450 d42f d450 d450 cc4f d44f d450 d470 d450 d42f d44f d44f d470 d46f d44f cc50 cc30 d42f cc4f d42e cc0f cc2f cc0f cc0f cbf0 
aa4b aa4b b26b b24a b22a b22a b24a b24b b24a b24b b24a b24a b24a aa4a aa4b aa09 aa09 aa09 aa09 aa09 a9e9 a1a8 a1c8 a1c9 a1a9 a9c8 aa09 ba49 c2ab d2eb d32b db6d e38b e3cc e3ed ec2d e44e ec6e ec8f ecae ec8f ecae ecae ecce ecce ecae ecce ecaf ecae ecce ecae ecce f4ae f4ae ec8e ec2d ec0d ebec e3cc e38c db4b d2ca c26a b24a a9c9 9968 9148 8948 8948 8948 8928 9148 9188 99a9 9969 a1ea a1e9 a1ea a1e9 a1e9 a20a a9e9 aa09 aa09 a9e9 b1e9 aa09 a9e9 b1e9 aa2a aa0a b1e9 b1e9 aa09 a9e9 b22a a9e9 b209 b209 b1e9 b209 b209 b1e9 b209 b209 b209 b22a ba4a b24a b209 b229 ba4a ba6a c26a c28a c28a c28b c28a ba8b ba8b ba8a ba6a ba8a ba49 ba49 b26a b1e9 a9c9 a989 a9a9 caea edb1 feb6 fe94 fe93 fe74 fe31 fe71 feb3 f632 ecac d2c9 ba09 aa09 b1e9 c229 c28a c2cb c2cb ba8b ba6b baab baac c2cc c2ec c2cc baee b2cc b26b b22b b26c baad c2cd cb0d d30c d34d cb2e d30d d32d cb2d d30c d30c c2ac baad c2ad c2ac c30d aace 91aa 6887 5867 5867 60a7 68e9 60c9 5087 6109 79cd 79cc 7129 60e8 58a8 5888 5088 58a8 58c8 50a8 58e8 50c8 58a9 5088 58c9 694a 820e 822e 79cd 692b 690a 692b 79cd 79ed 822f 698b 50a8 4869 58c9 694a 79ef 798c 5068 5049 5089 612b 7a30 8ab1 9353 a3d5 9b53 81ee 692b 610a 60c9 58a8 5888 5087 50a7 5087 5087 5087 5087 5067 4846 4846 4847 4867 4868 58a8 81eb ab2f bbd1 b32e 9a8d 928e 99ec 99ab a28e bbf2 cd15 c515 abb2 9b52 b4b6 bc75 c494 d574 dd54 dd32 dd32 dd33 dd54 dd53 dd73 dd94 ddb5 ddb5 ddb5 ddb5 d574 d553 d532 d4d2 cc91 ccb1 cc71 cc50 cc91 cc92 ccb1 ccd2 ccf3 ccf3 d513 d554 d574 d554 d513 ccd2 c492 c451 cc71 d492 d4b2 e4b1 e512 ed32 ed13 ed53 ed53 ed53 ed94 edb5 edb5 edb5 ed94 edb4 edd5 f5f6 edd5 f5b5 edd5 edd5 edd5 edd5 edb5 edb5 edb5 edd5 f5d5 f5d5 f5f6 edf6 f5f5 f5f6 f5d5 edd5 edd4 ed94 ed32 ecb1 e40f db2c ca8a ba09 b188 a188 99a9 7928 68a7 5887 58a7 5888 5068 5887 7949 81eb 81cb 798b 712a 81eb abb0 bc13 b391 b3b1 c474 c412 cc31 d430 bb6f 99ca 70e8 60a7 68e8 6108 58c8 58c8 58a8 5887 58a7 58a7 58a7 5887 60a7 6087 60a7 68e8 68e7 68c8 68c7 68e8 6908 68e8 68e8 68e9 6909 7149 7169 6928 6909 6949 6908 60c8 60c7 58a7 58a7 58a7 5886 58a7 5887 5887 60c7 60a7 60c7 60a7 6087 5887 5087 58a8 58e9 68e9 7129 89ec 9a8d b32e bb8e c3ae c3ae bbae b38e ab2e b32e b34d bb8e c3cf cc0f cc2f cc4f cc10 cc0f cc0f d42f d46f d470 d490 d4b0 d4b0 d490 dcb0 d490 d490 d4af d4b0 d4d0 d4b0 d4b0 d490 d490 d490 d48f d490 d46f d470 d46f d470 d46f d490 d450 d46f d490 d470 d490 d490 d46f d46f d490 d490 d48f d470 d470 d470 d470 d470 d450 d470 d450 d470 d470 d451 d450 d450 d44f d450 cc50 cc50 d450 d44f d44f cc50 d470 d470 d44f d44f d42f cc2f cc4f d42f d42e d44e d42f cc2f cc0f cc10 cbef 
aa4b aa4b b24a b24a b24a aa4b aa4a b26b aa29 aa6c b22a aa2a aa4b aa0a aa2a aa09 a9e9 a9e9 a9e9 aa09 aa09 a1e8 a1e9 a1c8 a1a9 a9c9 b229 ba6a c2ab d2eb db2b db6c e38c e3cd e3ec ec2d ec4d ec6f ec8f ecaf ec8e ecae ecae eccf ecce eccf ecce ecaf ecaf ecaf ec8e ecaf ecae ec8f ec6e ec4d ec2e e40d e3cc e36b db4b d2ea c2aa b26a aa09 99a8 9169 8949 8907 8948 9148 9148 9168 9189 9989 99a9 a1ca a22b a1e9 a1ea a1ea a9e9 aa0a aa09 aa09 b22a b22a a9e9 a9e9 aa2a b22a b209 b20a aa09 aa0a a9ea a9e9 b209 a9e9 a9e9 b209 b20a b209 a9e9 b22a b209 b229 b24b ba29 ba2a b229 ba6a ba4a ba4a c24a c28a ba6a c24a c26a ba6b c26a c269 c26a ba4a ba49 b24a b209 b1ea a9aa a9aa c269 ed2e fed7 feb5 fe72 feb3 fe73 fe51 fe72 f58f db6a ba69 b209 b209 ba09 ba29 ba4a ba8b ba8a ba8b ba6b ba8b ba8b ba8c c2cd c28b ba6b b26b b26b ba8c c2cc caec caed cacc cacc caed cacc c28b cb0d cb4e d30c ca8b ba6c c2cd baee baed baee aacd 920c 6129 58a7 5068 5067 6088 60e9 60e8 718b 820e 714a 68e9 60c8 58a7 58a8 58a8 5867 5888 50a8 58a7 58c8 58e9 58a8 5888 58c9 696b 81ee 81cd 79ad 690b 690a 716b 79ac 820d 79ad 610b 50a9 5088 6129 8270 79cd 5047 4827 5069 58ca 58c9 71ad 8af1 a3d5 a395 9291 8a51 820f 8a2f 822f 71ad 692b 5067 4846 4847 5087 4847 4846 4847 4847 4068 4067 60e8 8a4d b3af d470 cbcf aaad 91ec 89cc 9a4c b30f cc33 d513 dd32 d492 abb2 9b32 9bb4 ac14 cd15 dd94 dd93 d532 d512 dd53 dd74 dd94 dd94 ddb5 ddd6 ddd4 ddb4 dd94 d553 d512 ccd2 d4b2 cc91 ccb2 cc91 cc70 d471 cc92 ccb2 ccd2 d4f3 d513 d554 d574 d553 d533 d4f2 d491 cc90 d471 dc90 e4b1 ecb1 ecb1 ecf2 ed33 ed33 ed33 ed53 ed74 ed94 edd4 ed94 ed94 ed94 edb4 edb5 f5f5 edf6 edd5 edd5 edd5 edd5 f5d5 edd5 f5f6 edd5 f5f6 f5f5 f5f6 f616 f5f6 f5f6 f616 f5f5 f5f5 edd5 f5b4 ed52 ecd1 ec50 dbae d2eb c22a b1c9 a1a9 99a9 8149 68a7 5067 5067 5888 5088 5067 68c7 81eb 81cb 796a 6909 796a ab2f bc13 bc12 bbb1 cc53 cc72 d492 d431 b32f 89aa 68c7 6088 60a7 5887 5888 50a8 58a7 5867 5887 58a7 58a7 60a7 60a8 60a7 60a7 68a7 68c7 68c7 68e7 68e7 6908 68e8 68e7 6908 6928 6908 6928 6908 6908 6908 68e8 6087 58c7 58a7 5886 58a7 58a7 5866 5887 5886 60a6 60c8 60c7 60a7 58a7 58c7 58c8 58c9 60e9 6929 81ab 926d ab0d b36e c3cf c3ae c38e bb8e b36e b34d b34e bbae bbcf c3ef cc2f cc2e cc2f cc0f c3ef c40f cc0e cc2f cc30 cc4f d470 d4af d48f d48f d490 d4af d4b0 d4b0 d4b0 d4b0 d4b0 d490 d4b0 d490 d490 d490 d470 d46f d48f d490 d470 d46f d470 d470 d470 d450 d470 d490 d490 d490 d490 d490 d490 d490 d471 d470 d470 d470 d470 d450 d46f d470 d44f d450 cc50 d450 d450 d46f d450 d450 d46f cc6f cc4f cc4f d44f d46f cc4f cc50 cc2f cc2f cc50 d42f d44f cc2e cc2f cc0f d42f cc0f cbef 
aa2a aa4a b26a b24b b26a b28b b24a aa6b aa4a aa2a aa09 aa2a aa2a aa0a aa0a aa29 b229 aa2a aa2a aa09 a9e9 a209 a1e9 a1c8 a9c8 b209 b22a ba6a cacb caeb d32b db4b db8c e3ed e40d e40d e44f ec8f ec6e ecaf ecce ecce ecae ec8e ecae ecaf eccf eccf ecaf ecaf ecaf eccf eccf f4ae ec6e ec4e ec0d e40d e3cd e38c db6c d2ea c2aa b229 a209 9988 9148 8948 8907 9128 9168 9168 9988 9188 9988 a1c8 a1ea a1ea a1c9 a1c9 aa09 a9e9 a9e9 a9e9 aa0a aa09 b20a b209 b209 aa2a b209 b22a b24a b22a aa2a a9e9 b1e9 aa0a a9e9 a9e9 a9e9 b1e9 b22a b22a b24a b229 b20a b22a ba09 b229 b26a ba6a ba4a ba4a ba6a ba4a ba8a c28a c28a c28a c26a c269 ba4a ba6a c249 ba49 ba29 b1e9 a9ea a9ca b20a dc2b f674 fed6 fe94 fe92 feb3 fe72 fe11 ec4c c269 b249 b22a b229 ba49 b229 b22a b22a b26a ba8b ba8b baab baab b2cc bacd b28c b24b b24c baac c2ec caec d30c cb2d c30e c2ec c2ed b24b a9c9 c2cc c30d c2ac ba6c b26c ba8c c2cd c2cd c2cd b2ee 9a8d 79cb 58a8 5067 5047 5868 68c9 798b 824e 820d 60a8 5887 5887 5888 5867 58a8 5888 58a8 58a7 5887 5887 58a8 58a8 5088 50c9 6109 694a 79ac 79ce 798d 692b 68ea 694a 79ac 79ac 716c 610a 50a8 614a 8290 81ce 5067 5067 58ca 60eb 5089 58ca 7a2d 9bf5 9b94 8a2e 714b 716b 79ed 824e 79ed 718c 58c8 5067 4846 4887 4866 4847 4026 4047 4887 692a 928d bc10 d470 d3ef c2cd aa2b 9a0c a26e bbb1 d4f5 dd54 dc90 dc70 d471 bbf2 9b52 9333 a3d4 c4d5 dd95 dd94 d513 dd13 dcf1 dd53 ddb4 ddd5 ddb4 ddb5 ddb4 dd74 d534 d4f2 d4d2 d4d2 cc91 cc92 cc92 cc71 cc71 cc71 cc71 ccb2 ccf3 d513 d574 d594 d553 d532 d4b1 d430 d40f dc50 e451 e471 ec91 e4b1 ecb1 e4f2 ed34 ed33 ed34 ed54 ed74 ed94 edb5 edb4 ed94 edb4 edb4 edd5 f5d6 f5d6 edf5 edf6 edd5 edf5 edd5 edf6 f5f6 f5f6 f5f5 f5f6 f616 f616 f637 f616 f616 f616 f616 f5f6 f5f4 ed73 ed12 ecb1 e410 db2c ca49 ba09 a9c8 a1a9 9148 70c7 5867 5047 5888 58a8 58a8 60a8 7969 81aa 81ab 792b 712a 9a8d bc12 bc33 bbf2 cc52 ccb3 d4b1 cc30 b2ee 8969 6087 5888 5887 58a7 58a8 58a8 5887 5887 5887 5887 60a8 5887 60a7 60c7 60c7 60a7 60a7 60c7 60e8 60e7 60c7 6908 6908 6929 6908 6908 6928 6949 7149 68e8 60c7 58a7 5887 60a8 5887 60a7 60a7 5887 58a6 6086 60a7 68e7 60c8 5887 58a7 58c8 58e9 60e9 6909 798a 8a0b a2ce b34e bbaf c3ce c3ad bb6e bb6e b34d b34d b38e c3ef c40f cc0f cc2f cc2f cc0f cc2e cc0f c40e cc0f cc2f cc2f cc2f cc4f cc4f d44f d470 d44f d490 d490 d4b0 d4b0 d4b0 d4b0 d490 d4b0 d490 d4b0 d48f d48f d48f d48f d490 d470 d470 d46f d46f d470 d470 d470 d490 d48f d490 d46f d490 d4b0 d48f d470 d470 d450 d490 d46f d44f d46f d470 d450 cc70 cc70 d450 d430 d44f d44f d470 cc70 d44f cc50 d44f cc70 cc6f d46f d450 cc2f cc2f cc4f cc2f cc4f cc0e cc2f cc2f d42f cbef cc0e 
aa2a aa4a b26a b24b b26a b28b b24a aa6b aa4a aa2a aa09 aa2a aa2a aa0a aa0a aa29 b229 aa2a aa2a aa09 a9e9 a209 a1e9 a1c8 a9c8 b209 b22a ba6a cacb caeb d32b db4b db8c e3ed e40d e40d e44f ec8f ec6e ecaf ecce ecce ecae ec8e ecae ecaf eccf eccf ecaf ecaf ecaf eccf eccf f4ae ec6e ec4e ec0d e40d e3cd e38c db6c d2ea c2aa b229 a209 9988 9148 8948 8907 9128 9168 9168 9988 9188 9988 a1c8 a1ea a1ea a1c9 a1c9 aa09 a9e9 a9e9 a9e9 aa0a aa09 b20a b209 b209 aa2a b209 b22a b24a b22a aa2a a9e9 b1e9 aa0a a9e9 a9e9 a9e9 b1e9 b22a b22a b24a b229 b20a b22a ba09 b229 b26a ba6a ba4a ba4a ba6a ba4a ba8a c28a c28a c28a c26a c269 ba4a ba6a c249 ba49 ba29 b1e9 a9ea a9ca b20a dc2b f674 fed6 fe94 fe92 feb3 fe72 fe11 ec4c c269 b249 b22a b229 ba49 b229 b22a b22a b26a ba8b ba8b baab baab b2cc bacd b28c b24b b24c baac c2ec caec d30c cb2d c30e c2ec c2ed b24b a9c9 c2cc c30d c2ac ba6c b26c ba8c c2cd c2cd c2cd b2ee 9a8d 79cb 58a8 5067 5047 5868 68c9 798b 824e 820d 60a8 5887 5887 5888 5867 58a8 5888 58a8 58a7 5887 5887 58a8 58a8 5088 50c9 6109 694a 79ac 79ce 798d 692b 68ea 694a 79ac 79ac 716c 610a 50a8 614a 8290 81ce 5067 5067 58ca 60eb 5089 58ca 7a2d 9bf5 9b94 8a2e 714b 716b 79ed 824e 79ed 718c 58c8 5067 4846 4887 4866 4847 4026 4047 4887 692a 928d bc10 d470 d3ef c2cd aa2b 9a0c a26e bbb1 d4f5 dd54 dc90 dc70 d471 bbf2 9b52 9333 a3d4 c4d5 dd95 dd94 d513 dd13 dcf1 dd53 ddb4 ddd5 ddb4 ddb5 ddb4 dd74 d534 d4f2 d4d2 d4d2 cc91 cc92 cc92 cc71 cc71 cc71 cc71 ccb2 ccf3 d513 d574 d594 d553 d532 d4b1 d430 d40f dc50 e451 e471 ec91 e4b1 ecb1 e4f2 ed34 ed33 ed34 ed54 ed74 ed94 edb5 edb4 ed94 edb4 edb4 edd5 f5d6 f5d6 edf5 edf6 edd5 edf5 edd5 edf6 f5f6 f5f6 f5f5 f5f6 f616 f616 f637 f616 f616 f616 f616 f5f6 f5f4 ed73 ed12 ecb1 e410 db2c ca49 ba09 a9c8 a1a9 9148 70c7 5867 5047 5888 58a8 58a8 60a8 7969 81aa 81ab 792b 712a 9a8d bc12 bc33 bbf2 cc52 ccb3 d4b1 cc30 b2ee 8969 6087 5888 5887 58a7 58a8 58a8 5887 5887 5887 5887 60a8 5887 60a7 60c7 60c7 60a7 60a7 60c7 60e8 60e7 60c7 6908 6908 6929 6908 6908 6928 6949 7149 68e8 60c7 58a7 5887 60a8 5887 60a7 60a7 5887 58a6 6086 60a7 68e7 60c8 5887 58a7 58c8 58e9 60e9 6909 798a 8a0b a2ce b34e bbaf c3ce c3ad bb6e bb6e b34d b34d b38e c3ef c40f cc0f cc2f cc2f cc0f cc2e cc0f c40e cc0f cc2f cc2f cc2f cc4f cc4f d44f d470 d44f d490 d490 d4b0 d4b0 d4b0 d4b0 d490 d4b0 d490 d4b0 d48f d48f d48f d48f d490 d470 d470 d46f d46f d470 d470 d470 d490 d48f d490 d46f d490 d4b0 d48f d470 d470 d450 d490 d46f d44f d46f d470 d450 cc70 cc70 d450 d430 d44f d44f d470 cc70 d44f cc50 d44f cc70 cc6f d46f d450 cc2f cc2f cc4f cc2f cc4f cc0e cc2f cc2f d42f cbef cc0e 
aa2a aa2a aa4b aa2a b22a b24b b20a aa2a aa4a aa4a aa29 aa09 aa2a aa2a b22a b209 b209 aa2a aa2a aa2a aa09 aa09 a9c8 a1a8 a1c8 aa09 b229 ba6a caaa d2eb d32b db6b dbac e3cd e40e e42e e44f ec6e ec6d ecaf eccf ecae ecaf ecae ecae ecae ecce ecce ecae ecce eccf ecce f4af ec8e ec6e ec4e ec0c e40d e42e e3ad e32b d2eb c2ac b24a a24a 9988 9168 8948 8907 90e7 9168 9168 9968 9188 9989 99c9 a1c9 a1ea a1c9 a9c9 a9c9 aa0a aa09 a9e9 aa0a a9e9 b209 b1e9 b1e8 b209 b209 b1e9 b229 b209 b20a b209 b1e9 aa0a b20a aa0a aa0a b20a aa0a b20a ba29 b229 b22a ba09 ba29 b229 ba4a ba4a b229 ba2a c26a c24a ba8a c2ab caaa c2ab c26a c26a ba6a c26a c26a c249 ba49 b20a b20a b1c9 a9ca caca ed6f feb6 feb5 fe72 feb2 feb3 f5f1 db8b ba29 ba29 ba6a ba6a ba6a ba4a ba6a aa4b aa4a ba8b baca b28c b26b b28b baac ba8b baac c32e cb2e caec caab caec d2ec cb0d cb0d cb2c ba8c 99ca aa4c baad b26c b26c b26c b26c aa2c 99aa 99a9 91ca 81ea 7129 5888 5888 5888 60a8 798b 8a2e 8a4f 79ab 60a8 5887 5067 5087 5047 5887 58a8 60e9 60a8 58a7 58a8 60e9 58c8 58a8 58e8 58a9 58c9 6929 79cd 79cd 716b 694b 694b 694b 696b 694b 694b 610a 696b 7a4f 79ee 5888 50a8 690b 690b 50ea 60ea 720e 9c14 9bd5 81ed 5067 5867 5887 58a7 58a7 50a7 5067 5066 4887 4046 4046 4027 4027 4847 6949 a34f c491 dc2f d38e c28b b24c b28c bb0f c412 d555 dd94 dcd1 dc50 dc91 d491 cc72 a392 9354 9bb4 ac55 cd35 d555 d535 d4f3 d490 dd32 ddb5 ddb5 dd74 dd73 dd52 dd75 d534 d4d2 d4b2 d4b2 cc92 ccb3 c492 ccb2 cc91 cc92 cc92 ccf3 cd33 d553 d594 d573 d4d0 d470 d42f dbf0 e430 e471 e4b1 e4b1 ec91 e4f3 e513 e512 ed53 ed33 ed74 ed94 ed94 edb5 edb5 edd5 edb5 edb5 edb5 edf5 ee16 edf5 edf5 edf6 edd5 edd5 edd5 f5f6 f5f6 f616 f616 f616 f637 f657 f657 f637 f636 f637 f636 f616 f5d5 f593 ed52 ecf1 e450 db8d caab c209 b1c9 a9c9 9968 80e7 6867 5067 5067 5088 58a8 58a8 68c8 7949 798b 814b 710a 89ec b390 c433 c433 c472 d4f4 d4b2 c411 aaed 8969 6087 5887 60a7 60a7 60a7 5887 5867 60a8 68e8 60a7 58a7 6087 60c8 60c8 60c8 60e8 6908 6908 60c8 68e8 60c7 6908 68e8 68e8 6908 7128 7149 6949 6908 60a7 60c7 58a7 5887 5887 5866 5886 5886 5887 5887 6087 68c7 68e8 58a7 5867 5888 58a8 58c9 60e9 712a 81aa 9a8c ab2e bb8e c3ce c3ce bb8e bb8e bb6e b32d bb4d bbcf c3f0 cc50 cc50 d42f cc2f cc2f cc0e c40f cc0e cc0f cc0e cc2f c40f c40f cc0f cc50 d44f cc30 cc50 d44f d46f d470 d490 d48f cc70 d46f d46f d46f d470 d46f d48f d46f dc6f d46f d470 d470 d470 d46f d46f d46f d48f d46f d490 d490 d48f d4b0 d490 d470 d471 d450 d450 d470 d450 d46f d470 d450 cc50 cc51 d44f d430 d450 d44f cc50 cc50 d44f d44f d44f cc50 d44f d46f cc50 cc2f cc4f cc2f d44f d42f d42f d40f cc0f cc0f cbef cc0e 
aa2a aa2a aa2a aa4a b22a aa2a aa4a b22a aa4b aa29 b22a b22a aa2a b229 b22a aa2a aa09 aa09 aa2a aa2a aa09 aa0a a9c9 a1c9 a1c9 a1ea b22a ba6a c2aa cb0b d32b db6b e3ac e3cc e40d e42d e44e ec6e ec6e ec8e ecaf ecae ec8f ecae ecae ecb0 ecaf eccf ecce ecce ecaf ecce ecce f4ae ec8e ec6e ec4d e3ec e3ed e38c e34b db0c caab ba6a aa09 99a9 9169 8928 8908 8948 9168 9169 9968 9968 99a8 a1a9 99e9 a20a a1e9 a1e9 a1c9 a9e9 aa0a aa09 aa2a aa09 b209 a9e9 a9e9 aa2a b20a b209 b20a b22a b209 aa09 aa09 b229 b229 aa0a b20a aa0a b22a b1ea b209 ba29 b229 b209 b209 b1e9 b20a ba29 ba8b bb6f c2eb ba4a ba6a c28a c28a c28a c26a ba8a c26a c26a c26a c26a ba69 ba29 b1e9 b1c9 a9aa c229 e48c fe95 fed6 fe93 feb3 fe93 ed50 d30a ba6b b26b ba6a ba69 c28a c28b c28b ba8b b26b ba6a c28a ba8b b24a aa2b aa0b ba6c caec d38e d34d caec c2ac c28b caab cacc c2cc c2cc aa2b 898a 818a 91ca 91cb 91ec 918a 898a 8129 7909 7949 7969 7969 718a 68e9 60c9 5888 60a9 79cc 8a6e 8a2e 7109 5888 5087 5067 5087 5067 5888 60c9 68e9 60a8 58a7 6109 6909 60c8 58a8 58a8 58c9 58a8 60a8 692a 718c 718c 718c 692a 610a 694b 610a 612b 716d 718c 7a0e 718d 5888 50a8 698d 610b 50ca 58a9 71ed 9bb3 9bf4 8a2f 5087 5067 5067 5046 5087 4867 4846 4846 4846 4026 4026 4027 4867 718a a32e d4d0 dcae d32c ba4b b22b b2ad c370 d492 dd75 e593 dcf1 dc90 dc70 dc70 dc72 d471 b3d2 9b94 9b94 ac76 b4d6 bcd4 c4d4 ccb4 d492 dd13 ddb5 dd95 d553 d4f2 d513 d575 d4f3 d4d3 d4f3 d4d3 d4d2 ccf2 ccb1 ccb2 cc92 ccb3 ccb2 cd13 d533 d553 d512 d42f d3ae d3ef dc30 e450 e450 e490 e4d1 e4d1 e4d1 ed11 ed53 ed13 e533 ed54 ed94 edb4 ed94 edb4 edf6 edd6 edd4 edb5 edd5 edf5 edf5 edf5 edf6 edf5 edd5 edd5 edd5 f5f5 f5f5 f5f6 f616 f616 f636 f636 f637 f636 f636 f656 f656 f636 f615 f5d5 f594 ed32 ec6f e3ce d2ec ca4a b1e9 a9c8 a188 8908 7086 5866 4847 5067 5087 5887 60a8 7108 796a 798a 794b 6929 9aad bc12 c453 cc52 dcf3 dcf3 cc51 b32f 896a 60a7 58a8 60a8 60a7 60c8 58a8 60a7 6087 7108 7108 68c7 68e8 6929 68e7 60c8 60e8 68e8 68e8 68c7 68e8 60e8 68e8 6908 6929 6949 6908 6928 6928 68e7 60a7 60a7 60a7 58a7 58a7 58a7 5887 58a7 60a7 60c7 60c7 68e7 60e7 58c8 5087 5088 5088 60c9 60c9 798a 8a4c a2ed b36e c3cf cbef c3ce c36e bb6e b30d b32e bbad c3ef cc30 cc50 d490 cc4f cc4f cc0f cc0f cc50 c42f cc0f cc0f cc30 c410 c40f c3ef cc10 cc30 c430 cc30 cc0f cc2f cc2f d44f d44f cc50 cc70 d48f d46f d450 d46f cc4f d44f d490 d46f d46f d490 d470 d470 d470 d46f d48f d46f d4b0 d490 d490 d490 d490 d491 d470 d450 cc70 d470 cc70 d470 d470 d470 d490 cc71 d44f d430 d450 d470 d430 d450 cc4f d450 d44f d44f d44f d42f cc2f d42f d44f d42f d42f d42f d40f cc0f cc0f cc0f cc10 cbef 
b1e9 b1e9 aa2a aa6b b24a aa2a aa4a aa2a aa6b b229 b24a b24b b22a b229 aa29 aa09 aa09 aa09 aa09 aa09 aa09 a9e9 a9c9 a1c8 a1c9 a1c9 aa09 ba6a c2aa cb0b db2c db8c e3ac e3cc e40d e42e ec4e ec6e ec8e ec8e ec8e ecae ecaf eccf ecae ecae ecaf eccf eccf eccf ecae ecaf ecce f4ce ecce ec6d ec2e e3ed e3ad e36b db4c d32c caab ba6b aa0a 99c9 9189 8948 8948 8968 9188 9148 9148 9988 9988 a189 99e9 a1c9 a1c9 a1e9 aa09 aa09 aa09 b22a b24a aa0a aa4a aa2a aa0a aa2a aa6b b24b b20a b22a b22a b20a b209 b209 b22a b209 aa09 aa2a aa2a b20a aa29 b209 b209 b20a b20a b20a b22a bb0d d492 dc8e caca c22a c24a c28a c28b c28a c26a c26a c28a c26a c249 ba6a ba49 ba29 b22a b20a a9ca b22a d36a f5b0 fef7 fed6 fed4 fe73 ecce caa9 c26a ba8b ba4a c26a c2aa c2eb c2cc ba8b baab ba8b ba4a b22a b20a aa0a b2ac c32e d32c d32c cb0c caec cb0c cb0d c2ac aa0a 99a9 920b 89ab 794a 714a 68e8 716a 81ec 89cb 818a 7909 7909 8109 91ca 91eb 898a 7109 60a9 5888 60e9 820e 8a90 81cc 60c8 5087 5087 5087 5088 5068 58c8 694a 714a 6109 60e8 692a 68e9 5888 5087 5888 58a8 5887 60c9 60e9 60e8 6109 716c 6909 612a 610a 58ea 58c9 716b 81ee 822f 79ee 60e9 612a 7a50 610b 5069 5089 60ea 7a6d 9c15 9312 60c9 5087 5087 5067 5067 5066 4846 4846 4026 4027 4046 5087 79ab abaf d46f dc2e cb2c b24b aa0b ba8d cb90 d4d4 dd53 dd52 dcd1 dc90 dc70 dc90 dc71 dc91 d471 b3f2 a393 a3f4 bcd5 c514 bcf5 b494 bc74 ccf5 dd74 ddb5 d595 d574 d533 d553 d533 d4d2 d4d2 d4d2 d4d2 d4d2 d4d2 ccd2 ccd2 ccd2 d4d3 d4f3 d513 d512 d490 d3ee d38e dbf0 e40f e430 e470 e470 e490 e4b1 e4d1 e4d1 ed12 ed52 ed54 ed33 ed33 ed94 ed94 ed94 ed93 edb4 edd5 edb4 ed94 edf5 edf6 edd6 f5d5 f5d5 edd5 edf5 edf5 edd6 f5f6 f616 f5f6 f637 f616 f616 f616 f637 f657 f616 f615 f636 f657 f615 f5f5 f5b4 ed52 ecd1 e42f db2d caab c209 b1e9 a1a8 9127 78a7 60a7 5087 5087 5067 5047 5867 60a7 7129 798a 818c 68e9 818a b3b1 bc53 cc52 d493 dcd2 cc92 b390 91eb 60c8 58e9 6929 6928 68e8 58a8 58c7 58a8 60e8 68c7 60a7 60c7 6909 60e8 60e8 60e8 60e8 68e8 60c8 68e8 68e8 68e8 6909 7149 6928 6949 6969 6908 60c8 60e8 60c8 5887 5887 5887 58a7 58a7 60c7 60c8 68e7 68e7 6908 60e8 60e7 5087 5088 5888 58a8 68e9 81ab 9aad ab2d bbae c3ef c3ce c38d bb6e b34d b32d bb4e c3cf cc0f d44f d470 d490 d46f d450 cc2f cc2f cc50 cc0f c410 cc10 cc10 cc10 cc0f cc0f cc0f cbef c410 c42f cc0f cc0f cc2f cc0f cc2f cc2f cc30 cc4f d44f cc30 d470 cc8f cc6f d48f d46f d470 cc70 d46f d46f d470 d470 d490 d470 d470 d48f d470 cc70 d46f d470 d490 d490 cc70 cc6f cc70 d450 d470 d44f d470 d470 d450 d450 d42f d450 d44f d42f d42f d44f d42e d44f d44f d44f d450 d42f d42f d42f d42f d430 d410 cc0f cc2f cc0f cbef cc0e 
b1e9 b1e9 aa2a aa6b b24a aa2a aa4a aa2a aa6b b229 b24a b24b b22a b229 aa29 aa09 aa09 aa09 aa09 aa09 aa09 a9e9 a9c9 a1c8 a1c9 a1c9 aa09 ba6a c2aa cb0b db2c db8c e3ac e3cc e40d e42e ec4e ec6e ec8e ec8e ec8e ecae ecaf eccf ecae ecae ecaf eccf eccf eccf ecae ecaf ecce f4ce ecce ec6d ec2e e3ed e3ad e36b db4c d32c caab ba6b aa0a 99c9 9189 8948 8948 8968 9188 9148 9148 9988 9988 a189 99e9 a1c9 a1c9 a1e9 aa09 aa09 aa09 b22a b24a aa0a aa4a aa2a aa0a aa2a aa6b b24b b20a b22a b22a b20a b209 b209 b22a b209 aa09 aa2a aa2a b20a aa29 b209 b209 b20a b20a b20a b22a bb0d d492 dc8e caca c22a c24a c28a c28b c28a c26a c26a c28a c26a c249 ba6a ba49 ba29 b22a b20a a9ca b22a d36a f5b0 fef7 fed6 fed4 fe73 ecce caa9 c26a ba8b ba4a c26a c2aa c2eb c2cc ba8b baab ba8b ba4a b22a b20a aa0a b2ac c32e d32c d32c cb0c caec cb0c cb0d c2ac aa0a 99a9 920b 89ab 794a 714a 68e8 716a 81ec 89cb 818a 7909 7909 8109 91ca 91eb 898a 7109 60a9 5888 60e9 820e 8a90 81cc 60c8 5087 5087 5087 5088 5068 58c8 694a 714a 6109 60e8 692a 68e9 5888 5087 5888 58a8 5887 60c9 60e9 60e8 6109 716c 6909 612a 610a 58ea 58c9 716b 81ee 822f 79ee 60e9 612a 7a50 610b 5069 5089 60ea 7a6d 9c15 9312 60c9 5087 5087 5067 5067 5066 4846 4846 4026 4027 4046 5087 79ab abaf d46f dc2e cb2c b24b aa0b ba8d cb90 d4d4 dd53 dd52 dcd1 dc90 dc70 dc90 dc71 dc91 d471 b3f2 a393 a3f4 bcd5 c514 bcf5 b494 bc74 ccf5 dd74 ddb5 d595 d574 d533 d553 d533 d4d2 d4d2 d4d2 d4d2 d4d2 d4d2 ccd2 ccd2 ccd2 d4d3 d4f3 d513 d512 d490 d3ee d38e dbf0 e40f e430 e470 e470 e490 e4b1 e4d1 e4d1 ed12 ed52 ed54 ed33 ed33 ed94 ed94 ed94 ed93 edb4 edd5 edb4 ed94 edf5 edf6 edd6 f5d5 f5d5 edd5 edf5 edf5 edd6 f5f6 f616 f5f6 f637 f616 f616 f616 f637 f657 f616 f615 f636 f657 f615 f5f5 f5b4 ed52 ecd1 e42f db2d caab c209 b1e9 a1a8 9127 78a7 60a7 5087 5087 5067 5047 5867 60a7 7129 798a 818c 68e9 818a b3b1 bc53 cc52 d493 dcd2 cc92 b390 91eb 60c8 58e9 6929 6928 68e8 58a8 58c7 58a8 60e8 68c7 60a7 60c7 6909 60e8 60e8 60e8 60e8 68e8 60c8 68e8 68e8 68e8 6909 7149 6928 6949 6969 6908 60c8 60e8 60c8 5887 5887 5887 58a7 58a7 60c7 60c8 68e7 68e7 6908 60e8 60e7 5087 5088 5888 58a8 68e9 81ab 9aad ab2d bbae c3ef c3ce c38d bb6e b34d b32d bb4e c3cf cc0f d44f d470 d490 d46f d450 cc2f cc2f cc50 cc0f c410 cc10 cc10 cc10 cc0f cc0f cc0f cbef c410 c42f cc0f cc0f cc2f cc0f cc2f cc2f cc30 cc4f d44f cc30 d470 cc8f cc6f d48f d46f d470 cc70 d46f d46f d470 d470 d490 d470 d470 d48f d470 cc70 d46f d470 d490 d490 cc70 cc6f cc70 d450 d470 d44f d470 d470 d450 d450 d42f d450 d44f d42f d42f d44f d42e d44f d44f d44f d450 d42f d42f d42f d42f d430 d410 cc0f cc2f cc0f cbef cc0e 
b20a b22a b24a b24a b22a b24a b229 b22a b24a b22a b22a aa2a b229 aa09 b229 aa09 aa4a aa09 aa09 aa09 a9e9 a9e9 a9e9 a1e9 a1c9 aa09 b229 ba49 ca8a d2eb db2b db6c e38c e3cc e40e e44e e44e e46e ecae ecae ecae eccf ecce ecae eccf ecae ecaf ecef ecce ecce ecce ecaf ecaf ecae f4ad ec6d ec2d e40d e3ed e38c db4b d2eb c2ab ba6a aa09 99a9 9189 8948 8928 8968 9127 9168 9168 9988 a168 a1a8 a1c9 a1a8 a1c9 a1e9 a9e9 aa0a aa09 aa2a b24a aa0a b209 b24a b22a b22a b22a b24a b20a b24a b26a aa0a b209 b209 b1ea aa0a aa2a b209 b209 b1e9 aa09 a9e9 b1e9 b1ea b22a b28b c38e dcce e4ad dae9 c229 c24a c26a ba6a c2ab c28a ca8a c269 c269 c269 c26a c26a ba69 c269 ba4a b22a b22b b20b ba8b e44b feb4 ff17 fed4 fe53 e44d ca69 c249 c28a ba6b ba8a c2aa c2cb caab c2cb baac b26b a9ea a9ea b26c baac cb0c d34d cb2e cacc caec c2cd d30d cb6f c32f aa6d 9a2c a2ae a26d 9a2c 91ec 796a 7969 89ca 91aa 7929 60a7 6086 60a7 7128 70e8 68a8 5868 5068 5888 6909 8a90 92b1 798b 58a8 50a8 5088 5088 5088 58a9 612a 716b 692a 60c8 60e9 68e9 60c8 58a8 58c8 58a8 60c8 60e9 692a 58a9 5088 58a8 6109 692a 692b 60ea 58c9 58a9 60ea 79ad 8a70 92b2 820f 822e 92d2 692b 58ca 5089 5889 6969 93b2 9bb4 716b 4867 4867 5087 4846 4846 4847 4867 4047 4867 5087 820b b3d0 d4af dc0e c32d b2ac b26c b2cd cbf1 dd14 dd53 dcd1 dcd2 dcd1 d4b1 d4b1 d490 dc91 dcb2 ccb3 bc12 a3b3 a3f4 c4d4 d554 cd33 c4d3 c4b4 cd15 d575 ddb4 d5d6 ddd6 dd94 dd54 d513 d4b2 ccd3 d4d3 d4d2 d4d2 d4f3 ccf3 ccf2 d4f2 d4f2 d513 cc91 d40f d3ce dbaf dbef e451 e450 e470 e491 e470 e4b1 e4b2 e4d2 e4d2 ed33 ed73 ed74 ed53 ed33 ed73 ed94 ed94 edb4 edb5 edd5 edb4 edb5 edd5 edf5 edd5 f5d5 edf5 edf6 edd6 edd5 ee15 f615 f636 f636 f636 f636 f636 f616 f637 f637 f636 f637 f657 f657 f616 f5f5 f594 f573 ed12 ec50 e38e d2cb ca49 b9c8 a168 9928 78a7 68c8 58c8 50a8 5067 5067 5867 5867 60a7 6908 798b 790b 68c8 a30e bc13 c432 cc72 d4d3 d4b2 bb8f a26d 7149 58e8 60c8 60e8 60e8 58a8 5067 58a7 60a8 60a8 60c7 60a7 68c7 60e8 6108 68e8 6908 68e9 68e8 6909 6929 6908 6909 7149 6949 6928 6928 68e7 60c8 60c8 58a7 58a7 5887 5886 5887 58a7 60a7 60a7 60e8 68c7 68e8 60e8 58a7 5087 5088 5088 50a8 6949 8a0c a2ee b34e c3ae c3cf c3ae c36d bb6d b36e bb6e bb8e c3ef cc50 d490 d490 d490 d44f cc4f cc4f cc2f cc0f cc0f cc2f cc2f c40f cc0f cc0f cbef cc0f c410 c3ef cbef cc0f cc2f c3f0 c3ef c3ef cc0f cc10 c40f cc2f cc0f cc2f cc4f cc4f d44f d46f d46f d42f d450 d44f d470 d470 d470 cc50 d44f d46f d470 d48f cc90 d470 d470 d490 cc90 d470 d470 d450 cc70 d44f d42f cc6f d470 d470 d44f cc30 cc30 cc50 d44f d44f d42f d42f cc2f cc4f cc50 cc0f d42f d450 d430 d430 cc2f cc4f cc30 cc10 cc10 cbef 
b24a b24a b24a b24a b22a aa4a aa4a b26a aa2a aa2a aa2a b22a aa2a aa29 aa2a aa2a aa2a aa09 a22a a209 a9e9 a9e9 a9c9 a1c9 a1c9 a9e9 b209 ba6a caaa caeb d32b db6c e38c e3ac e40d e42d e44e ec6e ec8e ecae ecae ecaf ecae ecae ecce eccf eccf ecaf ecae ecce ecce eccf ecae ecaf ecae ec8d ec4d e40c e3cc db8c db2b d30b baab b26a aa2a 99ca 9189 8928 8148 8948 9128 9188 9968 99a8 a188 a1c9 a1e9 a9c9 a20a aa09 aa0a aa2b aa0a aa2a b22a b20a b22a b24a aa4b aa4a b24a b24a ba09 b22a b24a aa2a b229 b229 a9e9 aa09 aa0a b209 b20a b20a a9ea aa0a b1e9 b20a ba4a cb4c dc4d db8a caa9 ba6a c26a c26a c28b c2ab c26a ba6a c28a c28a c26a ca69 c2ab c28a c28a c28b ba6a ba4a ba6b b22a b26b cb0b ed4d fef6 fef6 f674 e4d0 caaa c229 c28a c28a c28a c28a c2ab c28a c2aa baac ba8c b22a b26b c2ed c2cc caec caaa caec cb0d caed cacc d30e db4f d34e cb0e c2cc ba8c b26c b26c aa6c 9a2c 91eb 89cb 7929 60a8 58a8 58a7 58a8 60c8 5867 5088 4867 5888 60c9 6908 8a6e 8a91 714a 5067 5067 5067 5888 58a8 694a 798c 714b 60c8 58a8 60e9 690a 58a8 5888 58a8 58e9 60c9 690a 60e9 58a9 5068 5888 60e9 694b 690a 60c9 60ea 60ca 588a 692b 822e 92b2 92b0 9b32 9b53 79ce 692c 5889 60aa 58c8 7aae 9bd4 7a2e 5088 4826 4846 4046 4047 4047 4047 4867 6109 8a6c bc0f dcaf dbce cb0d bacc baac c30e cc31 dd74 dd53 dcd0 dcb1 dd33 dd33 dcf2 d4d2 d491 d491 dcd3 ccb3 bc12 a3d4 abf4 ccd4 d532 d4f2 d4f2 d533 d534 dd75 dd95 ddd5 ddd5 d595 d553 d4f3 d4b2 d4d2 d4f3 ccd2 d4f2 d512 ccd2 d4d1 d4d3 d491 d44f d3cf dbae dbae e3cf e40f e450 e470 e491 e491 e471 e4b1 e4b2 e4f2 ed13 ed53 ed93 ed74 ed74 ed74 ed53 ed94 edb5 edb5 edd5 edf6 edd5 edd5 edb5 edb4 edf5 f615 edf6 edf5 edf6 edd5 f5f6 f5f5 f636 f637 f637 f637 f657 f636 f637 f637 f657 f657 f657 f636 f616 f5f5 f5b4 f594 f532 ec70 e3ce daec ca6a b9c8 a168 9948 80e7 70a7 60a7 5067 4846 4827 5047 5867 60a8 60c8 798b 818c 60c9 922c bc34 c453 cc72 dcd2 d492 bb8f a2ad 796a 58e9 60c8 58a7 6108 6149 50c8 5887 58c7 60c8 60c7 60c7 68c8 68e8 60e8 68e8 68e8 6908 6908 6108 6908 6908 6909 7149 7169 6928 6908 68e7 60c7 60a7 60a7 5887 5887 5886 58a7 58c7 60a7 60e7 68e7 68e7 60e7 60e8 5887 5087 5088 5888 60e8 79ab 924c ab0e bb8e c3ae c3ce c3af bb8e bb4d bb4d c3ae c3ef cc2f d450 d48f d4b0 d490 cc6f cc70 cc4f cc4f cc4e cc2f cc30 cc2f cc30 c42f cc2f cc0f cc2f c430 cc0f cc30 cc2f cc0f cbef c3ef cc0f cc0f c40f cc2f cc30 cc0f c40f cc30 cc0f cc2f cc2f cc2f cc2e cc2f cc2f d44f d44f cc4f d470 d46f d46f d470 d48f d490 d46f cc70 d470 d470 d470 d490 d471 d470 d46f d450 cc70 d450 d450 cc70 cc50 cc2f cc4f d44f d44f cc30 d44f d42e d42f d42f cc2f cc4f cc0f d42f d42f cc0f cc0f cc10 d410 cbee cbee 
b24a b24a b24a b26a b24a b24a aa2a aa4a aa4a aa2a aa29 b1e9 aa0a aa2a aa4a aa09 aa0a aa09 aa2a aa2a aa09 a1e8 a1c9 a1c8 a1a8 a9e8 b249 ba6a caa9 caeb d32b db6b e38c e3cd e40d e42e e44e ec8e ecae ecae ecae eccf eccf ecce ecaf eccf ecae ecaf ecae ecce ecee ecaf ecce eccf ec6e ec4d ec2e e40d e3cc db8b db2b d30b c2cb b26b aa2a 99ca 91aa 8949 8128 8929 9989 91a9 99a9 99a9 99a9 a1c9 a1c9 a1ca a20a aa2a aa2a b22a b20a b22a b22a b22a b22a b22a b24a b26a b22a b229 b209 aa2a b229 b20a b209 b209 b1e9 aa09 aa09 b1e9 a9ea aa0a b22a b229 b229 ba2a c269 d32b caeb c24a ba6a ba6a c26a c28b c26a c28b c28a c28a c28b c28a c28a c28a c28a c28a c28a c28a ba8a ba6a ba6b ba4a b22b b26c db6a f612 ff16 fed6 edb3 d34b c269 c28a c2aa c28a c26a ba4a ba29 ba6a c28a c28b c2ab cb0c cb0c c2ec c2cc c26b c28a cb0c cb2e cb2e caee d30d d30c caed ba6b aa2b b22b aa2c a1eb 918a 896a 8129 68e9 60e9 60c8 60c8 6909 60c8 5067 4867 5067 5888 6089 60a7 820c 8a90 6929 5067 5067 5087 5888 60c9 716a 718a 60e9 58c8 60e9 694a 6909 5868 5087 58a8 60e9 6109 60e9 58c9 58a8 50a8 58a8 692a 694b 60c9 58a8 60c9 610a 692b 718d 718c 8230 8a4f 822e 92d0 8a50 79d0 716e 712d 60ca 828f a496 9b73 7a0f 58a8 4826 4026 4026 3827 4868 6929 9acc c3ef dc4d d38c c2ed c28c baad c32f d472 dd75 e573 dcb0 dcd0 e533 dd52 dd54 dcf3 d513 dcd2 d4f3 dcf3 d514 bc74 a3d3 ac13 c4b4 d4b1 d4b1 d4d1 d533 dd74 ddb5 ddd6 ddd6 ddf6 ddb5 d533 d4d2 ccb1 d4f2 d4f2 ccd2 ccb1 ccb1 ccb2 ccb1 cc71 d3ef db8d dbce e3ef e40f e410 e42f e470 e470 e490 e490 e491 e491 e4b1 ed13 ed33 ed53 ed74 ed95 ed74 ed94 ed94 ed95 ed95 ed95 edb5 edd4 f5d5 edf5 edf6 edb5 f5d5 f5f6 f5f6 edf5 edf5 f5f5 f5f5 f5f5 f636 f636 f637 f617 f636 f636 f637 f636 f657 f636 f637 f636 f616 f616 f5f5 f5b5 f553 ecb1 e3ef db2d ca6a b9e9 a188 9988 8928 78a7 6067 5046 4846 4846 5027 5067 5867 60a7 7169 89cd 710b 796a bc12 ccb4 cc93 d492 ccb3 b36e a24b 818a 60e9 68e9 58c8 60c8 614a 616a 60e8 60e8 68e8 68c8 60a7 68c8 68e8 68e8 6908 68e8 6908 6909 6909 6908 6929 6909 7129 7148 7128 6908 6908 60c7 58a7 58c7 58a7 5887 58a7 58a7 60a6 60c7 60c7 60c7 68c7 60c7 58c8 5087 5088 58c8 60e9 716a 8a0c a2cd b34e c38e c3ee c3ce c3af c38e bb4d bb4d c3cf cc0f cc50 d490 d4cf d4b0 d4b0 d490 d470 d46f cc4f cc4f cc2f cc4f cc2f cc2f cc2f cc0f c42f cc30 cc2f cc0f c430 c42f cc0f c40f c3ef cc10 c3ef c3ef cc0f cc30 cc0f c40f c40f c42f c40f c40f c430 c40f c3ef cc0f cc0f cc30 cc50 cc4f cc4f cc4f d44f d470 d470 d470 d470 cc70 d470 d470 cc70 d450 d46f d450 cc50 cc50 d44f d44f cc50 cc4f cc4f d44f d44f d42f cc2f d44f cc4f cc2f cc2f cc2f d42f d40f cc0e cc0f cbee cbef d40f d3ee cbee d3ce 
b24a b24a b24a b26a b24a b24a aa2a aa4a aa4a aa2a aa29 b1e9 aa0a aa2a aa4a aa09 aa0a aa09 aa2a aa2a aa09 a1e8 a1c9 a1c8 a1a8 a9e8 b249 ba6a caa9 caeb d32b db6b e38c e3cd e40d e42e e44e ec8e ecae ecae ecae eccf eccf ecce ecaf eccf ecae ecaf ecae ecce ecee ecaf ecce eccf ec6e ec4d ec2e e40d e3cc db8b db2b d30b c2cb b26b aa2a 99ca 91aa 8949 8128 8929 9989 91a9 99a9 99a9 99a9 a1c9 a1c9 a1ca a20a aa2a aa2a b22a b20a b22a b22a b22a b22a b22a b24a b26a b22a b229 b209 aa2a b229 b20a b209 b209 b1e9 aa09 aa09 b1e9 a9ea aa0a b22a b229 b229 ba2a c269 d32b caeb c24a ba6a ba6a c26a c28b c26a c28b c28a c28a c28b c28a c28a c28a c28a c28a c28a c28a ba8a ba6a ba6b ba4a b22b b26c db6a f612 ff16 fed6 edb3 d34b c269 c28a c2aa c28a c26a ba4a ba29 ba6a c28a c28b c2ab cb0c cb0c c2ec c2cc c26b c28a cb0c cb2e cb2e caee d30d d30c caed ba6b aa2b b22b aa2c a1eb 918a 896a 8129 68e9 60e9 60c8 60c8 6909 60c8 5067 4867 5067 5888 6089 60a7 820c 8a90 6929 5067 5067 5087 5888 60c9 716a 718a 60e9 58c8 60e9 694a 6909 5868 5087 58a8 60e9 6109 60e9 58c9 58a8 50a8 58a8 692a 694b 60c9 58a8 60c9 610a 692b 718d 718c 8230 8a4f 822e 92d0 8a50 79d0 716e 712d 60ca 828f a496 9b73 7a0f 58a8 4826 4026 4026 3827 4868 6929 9acc c3ef dc4d d38c c2ed c28c baad c32f d472 dd75 e573 dcb0 dcd0 e533 dd52 dd54 dcf3 d513 dcd2 d4f3 dcf3 d514 bc74 a3d3 ac13 c4b4 d4b1 d4b1 d4d1 d533 dd74 ddb5 ddd6 ddd6 ddf6 ddb5 d533 d4d2 ccb1 d4f2 d4f2 ccd2 ccb1 ccb1 ccb2 ccb1 cc71 d3ef db8d dbce e3ef e40f e410 e42f e470 e470 e490 e490 e491 e491 e4b1 ed13 ed33 ed53 ed74 ed95 ed74 ed94 ed94 ed95 ed95 ed95 edb5 edd4 f5d5 edf5 edf6 edb5 f5d5 f5f6 f5f6 edf5 edf5 f5f5 f5f5 f5f5 f636 f636 f637 f617 f636 f636 f637 f636 f657 f636 f637 f636 f616 f616 f5f5 f5b5 f553 ecb1 e3ef db2d ca6a b9e9 a188 9988 8928 78a7 6067 5046 4846 4846 5027 5067 5867 60a7 7169 89cd 710b 796a bc12 ccb4 cc93 d492 ccb3 b36e a24b 818a 60e9 68e9 58c8 60c8 614a 616a 60e8 60e8 68e8 68c8 60a7 68c8 68e8 68e8 6908 68e8 6908 6909 6909 6908 6929 6909 7129 7148 7128 6908 6908 60c7 58a7 58c7 58a7 5887 58a7 58a7 60a6 60c7 60c7 60c7 68c7 60c7 58c8 5087 5088 58c8 60e9 716a 8a0c a2cd b34e c38e c3ee c3ce c3af c38e bb4d bb4d c3cf cc0f cc50 d490 d4cf d4b0 d4b0 d490 d470 d46f cc4f cc4f cc2f cc4f cc2f cc2f cc2f cc0f c42f cc30 cc2f cc0f c430 c42f cc0f c40f c3ef cc10 c3ef c3ef cc0f cc30 cc0f c40f c40f c42f c40f c40f c430 c40f c3ef cc0f cc0f cc30 cc50 cc4f cc4f cc4f d44f d470 d470 d470 d470 cc70 d470 d470 cc70 d450 d46f d450 cc50 cc50 d44f d44f cc50 cc4f cc4f d44f d44f d42f cc2f d44f cc4f cc2f cc2f cc2f d42f d40f cc0e cc0f cbee cbef d40f d3ee cbee d3ce 
b22a b22a b24a b22a b24a b24a b24a aa2a aa2a aa29 b209 b1c9 b1e9 aa09 b209 aa0a aa09 aa09 aa0a a1e9 a1e9 a1a9 a1c9 a1c9 a22a aa29 b229 ba29 c289 d2ca d30b db4b db8b e3cc e3ed e42d e44e ec6e ec8f ecae ec8e ecae ecce eccf ecce eccf eccf ecee ecaf ecce ecee eccf ecef ecce ecaf ec4d ec2e e40d e3cc e38b db6b cb2b c2ab b28a aa0a 99ca 89aa 8969 8969 9189 99aa 99aa 91a9 9989 9989 a1c9 a20a a9ea aa0a aa0a aa2a b22a b20a b20a b209 b20a b22a b20a b22a b229 b20a b209 b209 b22a b22a aa09 b209 b20a b22a b1e9 b209 b209 b209 b22a b22a b209 b22a ba4a c249 c28b c28b c26a c28a c26a c28a baab c28a c28a ca8a caab c28a c28a c2ab c2ab c28a c28b c28a c28a c28a c28a ba6a ba6a b22a b22b c28a ecac feb4 ff16 f613 dbcc ca8a c2ca c2aa c28a c28a ba8a b22a ba2a ba8a caec d2eb d2cb caeb cacb cb0c c32e c2ad caab d32d cb4e c30e caed caab ba6b aa2b aa0a aa2b a1eb 8929 6888 60a8 60a8 58a8 58c8 692a 718b 692a 5887 5067 4867 5088 5068 5048 58a8 79cc 8ad0 718a 5088 58c8 58e9 60e9 6109 60e9 58a8 5887 58e8 6109 694a 60a8 5888 58c8 60c9 60a8 6909 692a 58c8 58c8 58e8 6109 716b 690a 60c9 5068 5048 58a9 718b 8a51 81ed 79cd 8210 690b 71ac 822f 8250 7a10 81cf 798e 9312 acf7 a414 8a6e 58a7 4026 4027 4047 4867 6929 9acc c44f d42e d34c c2cb bacd baad bb2e d493 dd94 e552 e4b0 e490 e4d1 dd54 dd33 dd72 dd54 dd34 dd13 dcf3 dd34 d534 bc73 ac14 ac33 bc54 ccb2 d470 d491 d4f2 d554 ddd5 e616 de16 ddf5 d574 d4f3 ccb2 d4b2 d4d2 d4d1 d4b1 cc71 cc92 cc92 d40f dbce dbcf dbcf e3ef e410 e430 e430 e42f e450 e4b1 e4b1 e491 e470 e4b1 e4d1 ecf3 ed12 ed33 ed53 ed74 ed74 ed94 ed94 edb5 ed94 ed95 edb5 ed94 edb4 edd5 f5f5 edd5 edf5 f615 f616 ee15 f615 f5f5 f5f5 f5f6 f616 f616 f636 f637 f616 f636 f637 f637 f636 f656 f656 f657 f657 f636 f615 f5b4 f573 ecf2 e42f db6d d2aa b9e9 a9a8 a1a8 9148 80c7 68a7 5087 4867 4847 5067 5067 5067 58a8 6908 81cc 816c 6909 ab70 d4f5 ccb3 d4b2 ccb3 b32e a22b 91eb 7129 68e8 60e8 60e8 5887 58c8 60a8 60e8 68e8 6908 60c7 60e8 60c8 68c8 6949 6928 68e8 6929 7109 6908 7109 7129 7129 7148 6948 6908 60e8 60a7 5887 5887 58a7 60a8 58c7 58a7 60a7 60c7 60c7 60e7 60e8 58c7 5887 5087 5087 58a8 68e9 81cb 9aad ab6f bbaf c3ce c3ce c3ce bb8e bb6d bb4d c38e c3cf cc10 cc4f d48f d48f d490 d490 d4b0 d470 d490 d490 d46f d470 cc4f cc4f cc4f cc2f cc2f c40f cc2f cc2f cc0f c40f c40f cc10 cbef c3ee c3f0 c40f c40f c3ef c40f c40f c42f cc2e c40f c40f c3ef c3ef c3ef c3ef c3ee c40f c40f c40f c3ef cc0f cc0f cc2f cc50 cc70 cc50 d46f cc70 cc50 cc50 cc6f cc70 cc50 cc50 cc50 cc30 cc2f cc4f cc50 cc4f cc4f cc2f cc30 cc4f cc4f cc2f cc0f cc2f cc30 cc2f cc30 cc0f cc0f cc0f d3ee d3ee d40e d3ef d3ce d3ee 
b24a b24a b24a b24a b24a b24a b24a b24a aa29 aa0a a9e9 a9e9 b20a b1e9 b229 aa2a a9e9 aa09 a209 a1c9 a1e9 a9c9 a9c9 a1c9 a209 a9e9 b209 ba49 c28a caeb d2ea db4b db8c e3ac e3ec e42d e44e ec6f ec6f ec8f ecaf ecaf eccf eccf ecee eccf ecee ecce ecce eccf ecce eccf ecd0 ecae ecae ec6e ec2e e40d e3cd e38c db6b d30b c2ab b26b a20a 99a9 91a9 8969 9189 9189 91a9 99ca 99c9 99c9 99ea a1e9 a209 a9ea a1ea a1c9 aa0a aa0a aa09 aa0a aa2a aa2a aa2a b22a b22a aa0a aa29 b209 ba09 b229 b24a a9e9 b229 b20a b22a b209 b209 b22a b20a b22a b24a ba2a b209 ba4a c24a c28a c2cc c2ab c26a c28a c26a ba6a ba6a c2ab caaa caab ca8a c2ab caab ca8a c28a c2ab ca8a ca8a c2ab c28a c289 c28a c24a ba2a ba4b db4a ed8e fef5 f655 e44e d2ea ca8a caca c2aa c289 c28a ba2a ba2a cacb cb4d cb0c ca8a cacb caec cb0c d34d cb4f cacd cacb cb0d c32e c2ac b20a a9ea a20a aa2a 99ca 8129 68c9 60e9 60e9 58a9 60ca 696a 79cd 81ee 58c8 5067 5067 4886 4867 5088 5068 5888 694a 8a70 822e 610a 694a 716b 716c 60e9 5087 58a8 58c8 610a 694b 60a9 58a8 58a8 58a8 60e9 6109 60c9 60c9 58a8 58c8 6109 716c 718a 6109 60e9 5068 5048 5869 6129 8a92 820f 6929 8210 716c 694b 71ad 694b 58e9 58aa 58c9 71ca 9c53 a3d4 79ee 5067 3826 4027 4847 716a ab0d cc0f dc4f cb4d c2ab b26c baac bb4f ccb3 dd52 e511 e4b0 dcb1 e4b1 e4d1 dd73 dd74 dd94 dd94 dd53 dd34 d4f3 dd54 d514 bc12 ac56 abf2 b412 ccb3 cc71 d491 d513 dd74 ddf6 de16 ddf6 d594 d513 d4d2 cc92 d491 cc92 cc70 ccb2 ccb2 d491 d3ef dbaf dbcf e3ef e40f e3ef e450 e450 e471 e470 e490 e4b1 e4b1 e4b1 ec91 e4b1 ecf1 ed12 ed33 ed33 ed53 ed73 ed94 ed94 edb4 edb4 edb5 edb5 edd5 edb4 edd5 edd5 f5d5 edf5 f5f5 f5f6 f5f6 edf6 ee16 f5f5 f5f5 f616 f616 f616 f616 f637 f636 f637 f657 f656 f657 f657 f656 f657 f657 f636 f636 f5f4 f594 ed32 e450 e38e d2cb c24a b9e9 a9a8 9948 88e7 70a7 5887 4887 4867 4867 5087 5088 5088 60a7 716a 89ec 68e9 9a2c ccb4 ccb3 d4d2 ccb3 bb4f a22b a28d 81aa 58a8 58a7 58c8 5887 5087 60a8 60c8 68e8 6908 68e8 6108 60c8 60e8 6108 6909 6908 6928 68e8 68c8 6908 7129 7128 7148 6928 60e8 6108 60c7 58a7 5887 5887 60c7 60c7 60c7 60a7 60e7 6107 60e7 6108 60e8 58a7 5088 58a8 60c8 798a 926c ab2f bbaf cbcf cbef c3ae c3ae bb8e bb6d c36d bbaf cbee cc2f d490 d4b0 d490 d490 d48f d490 d490 d490 d490 ccaf ccb0 cc8f d48f cc6f cc6f cc50 cc30 cc4f c44f c42f cc2f c40f cc2f cc2f c42f c40f c40f cc2f c42f c42f c42f c40f c42f c40f c3ef c40f c3ef c3ef c40f c3ef c40f c3ef c40f bbef c3ef c3cf cbef cc0f cc4f cc30 cc2f cc30 cc2f c430 cc50 cc51 cc50 cc50 cc50 cc50 cc10 cc2f d44f cc30 cc2f cc0f cc30 cc4f cc4e cc2f cc2f cc2f cc2f cc2f cc30 cc50 cc0f d40f d40f cc0e d40e d40f d3ef cbef 
b22a b22a b229 b24a b22a b22a b24a b22a aa2a aa0a aa09 aa09 aa2a aa09 aa09 a9e9 a9e9 a9e9 a1e9 a1e9 a1e9 a9c9 a9c9 a1a8 a188 a1a9 aa09 ba49 c28b caeb d30b db4c db8b e3cd e40d e42d ec4f ec8f ecaf ecaf eccf eccf ecae ecae ecef eccf ecef ed0e ecee eccf eccf ecae ecce ecae ec8d ec8e e42d e40d e3cc db8d db4c d2eb c2aa b26b aa2a a1a9 9189 8949 8969 9169 9169 9189 99ca 9a0a 99ea a1e9 a20a a20a a1ea a1c9 aa0a a9e9 aa09 aa09 aa2a aa0a aa0a b209 aa0a aa4a b20a b22a b209 b249 b24a b22a b20a b209 b22a b209 aa2a b20a b22a b22a b22a b229 b209 ba2a ba2a c28a cb4c c32d c26a c26a ba8b ba6a c26a c2ab c2cb caab ca8a c2ab caaa caaa cacb ca8a c2ab caca c2ac c28b c269 c26a c28a c26a c26b c2ab dbaa f610 f694 e4cf d30a caaa caeb c28a c249 ba2a ba0a cacc d32c d32b d34d cb0d cacc cb0d cb0d d32d cb4e cb2f c2cd c2cc c30d ba8c aa0b 99a9 9189 8108 68a7 5888 60ea 58a9 58a8 716c 8250 824e 8250 714a 5067 5067 5067 4887 5088 5068 5868 5069 60c9 79cc 8ad1 81ee 70e9 60e8 60c9 58a8 50c8 5909 698b 79ed 718b 58c9 5888 5867 60a9 60e9 692a 6088 5888 5888 58c8 694b 79ad 6109 60c9 60e9 5088 5868 5869 60e8 7a4f 820f 58a8 610a 79ac 798d 714b 5889 4868 4847 4827 5087 726c 9c35 92f3 610b 4007 4847 798a ab0e d40e dc0e cb2c bacb baec bacc c34f d493 dd32 dc8f dc90 dc90 e4f0 dcf2 dcd1 dd11 e593 ddd5 dd94 dd74 dd74 d574 d574 ccf3 b3d1 ac55 a390 abd1 ccd4 d4d3 d4f3 d554 dd95 ddf6 ddf6 dd94 d533 ccf2 d4b1 cc71 cc50 cc51 cc92 d4b1 d42f dc0f e3ef dbf0 e40f e451 e430 e40f e451 e471 e491 ec91 e4b1 e4b1 e4b1 ecb1 ecb1 e4d2 ecb1 ecf1 ed52 ed33 ed32 ed53 ed94 ed95 ed74 ed94 ed74 edb5 edd5 edb4 edd5 edd5 edd5 edd5 f615 ee16 f615 edf6 edf5 f616 f5f5 f615 f616 f616 ee36 f616 f636 f637 f636 f637 f657 f657 f657 f657 f657 f657 fe36 f615 f5b4 ed33 ec90 e3ce db2c ca8a ba0a a9a8 a168 9128 78c7 6087 50a8 50a8 5087 5088 5087 5888 58a8 6908 81ac 78e9 818a c432 d4d3 d4d2 d4f3 c3f0 9a2a 9aad 8169 5887 5087 58a8 60c8 60c8 60e7 60c8 68e8 68c8 68c8 6908 6908 6128 6108 60e8 60e8 6908 6908 60e8 6908 6908 7128 7149 6908 60e8 6908 60e8 58c8 58a7 58a7 58a7 58a7 60c7 60e8 68e8 6107 60e7 60a7 58a7 58a7 58a8 58a8 68c8 81aa a2cd b34e c3cf cbee cbce c3ae bb8e b36e bb4d bb8e c3cf cc2f cc50 d4af d4d0 d4b0 d4b0 d4af cc90 d490 d48f d490 d490 d490 d490 cc90 cc90 cc6f cc6f cc50 cc50 cc50 cc70 cc70 cc30 cc4f cc4f cc30 cc30 cc2f c450 cc30 cc2f cc2f c42f c430 c40f c3ef c40f c40f c3ef bc0f bbef c3ef c3ef c3ee bbef bbef bbee c3ef c40f c40f bbf0 c3ef c3ef c40f cc2f cc2f cc30 cc30 cc30 cc50 cc2f cc0f cc4f cc2f cc30 cc2f cc0f cc2f cc0e cc2f cc2f cc2f cc0e cc2f cc2f d42f cc50 d42f d40f d40f d40e cc0f d40f d3ee cbef 
b22a b22a b229 b24a b22a b22a b24a b22a aa2a aa0a aa09 aa09 aa2a aa09 aa09 a9e9 a9e9 a9e9 a1e9 a1e9 a1e9 a9c9 a9c9 a1a8 a188 a1a9 aa09 ba49 c28b caeb d30b db4c db8b e3cd e40d e42d ec4f ec8f ecaf ecaf eccf eccf ecae ecae ecef eccf ecef ed0e ecee eccf eccf ecae ecce ecae ec8d ec8e e42d e40d e3cc db8d db4c d2eb c2aa b26b aa2a a1a9 9189 8949 8969 9169 9169 9189 99ca 9a0a 99ea a1e9 a20a a20a a1ea a1c9 aa0a a9e9 aa09 aa09 aa2a aa0a aa0a b209 aa0a aa4a b20a b22a b209 b249 b24a b22a b20a b209 b22a b209 aa2a b20a b22a b22a b22a b229 b209 ba2a ba2a c28a cb4c c32d c26a c26a ba8b ba6a c26a c2ab c2cb caab ca8a c2ab caaa caaa cacb ca8a c2ab caca c2ac c28b c269 c26a c28a c26a c26b c2ab dbaa f610 f694 e4cf d30a caaa caeb c28a c249 ba2a ba0a cacc d32c d32b d34d cb0d cacc cb0d cb0d d32d cb4e cb2f c2cd c2cc c30d ba8c aa0b 99a9 9189 8108 68a7 5888 60ea 58a9 58a8 716c 8250 824e 8250 714a 5067 5067 5067 4887 5088 5068 5868 5069 60c9 79cc 8ad1 81ee 70e9 60e8 60c9 58a8 50c8 5909 698b 79ed 718b 58c9 5888 5867 60a9 60e9 692a 6088 5888 5888 58c8 694b 79ad 6109 60c9 60e9 5088 5868 5869 60e8 7a4f 820f 58a8 610a 79ac 798d 714b 5889 4868 4847 4827 5087 726c 9c35 92f3 610b 4007 4847 798a ab0e d40e dc0e cb2c bacb baec bacc c34f d493 dd32 dc8f dc90 dc90 e4f0 dcf2 dcd1 dd11 e593 ddd5 dd94 dd74 dd74 d574 d574 ccf3 b3d1 ac55 a390 abd1 ccd4 d4d3 d4f3 d554 dd95 ddf6 ddf6 dd94 d533 ccf2 d4b1 cc71 cc50 cc51 cc92 d4b1 d42f dc0f e3ef dbf0 e40f e451 e430 e40f e451 e471 e491 ec91 e4b1 e4b1 e4b1 ecb1 ecb1 e4d2 ecb1 ecf1 ed52 ed33 ed32 ed53 ed94 ed95 ed74 ed94 ed74 edb5 edd5 edb4 edd5 edd5 edd5 edd5 f615 ee16 f615 edf6 edf5 f616 f5f5 f615 f616 f616 ee36 f616 f636 f637 f636 f637 f657 f657 f657 f657 f657 f657 fe36 f615 f5b4 ed33 ec90 e3ce db2c ca8a ba0a a9a8 a168 9128 78c7 6087 50a8 50a8 5087 5088 5087 5888 58a8 6908 81ac 78e9 818a c432 d4d3 d4d2 d4f3 c3f0 9a2a 9aad 8169 5887 5087 58a8 60c8 60c8 60e7 60c8 68e8 68c8 68c8 6908 6908 6128 6108 60e8 60e8 6908 6908 60e8 6908 6908 7128 7149 6908 60e8 6908 60e8 58c8 58a7 58a7 58a7 58a7 60c7 60e8 68e8 6107 60e7 60a7 58a7 58a7 58a8 58a8 68c8 81aa a2cd b34e c3cf cbee cbce c3ae bb8e b36e bb4d bb8e c3cf cc2f cc50 d4af d4d0 d4b0 d4b0 d4af cc90 d490 d48f d490 d490 d490 d490 cc90 cc90 cc6f cc6f cc50 cc50 cc50 cc70 cc70 cc30 cc4f cc4f cc30 cc30 cc2f c450 cc30 cc2f cc2f c42f c430 c40f c3ef c40f c40f c3ef bc0f bbef c3ef c3ef c3ee bbef bbef bbee c3ef c40f c40f bbf0 c3ef c3ef c40f cc2f cc2f cc30 cc30 cc30 cc50 cc2f cc0f cc4f cc2f cc30 cc2f cc0f cc2f cc0e cc2f cc2f cc2f cc0e cc2f cc2f d42f cc50 d42f d40f d40f d40e cc0f d40f d3ee cbef 
aa2a aa2a aa4b aa4a b22a b22a b24a aa09 aa2a aa4a aa2a b22a b22a a9e9 aa2b aa09 a9e9 a9e9 a9e9 a1c9 a1c9 a9e9 a9a8 a1a8 a189 a1a9 aa09 ba69 c2cb caeb db0b db4b e38c e3ed e40d e42d ec4e ec6e ecaf ec8f ecae ecee ecce eccf ecce eccf eccf ecef ecce ecce eccf eccf ecce ec8d ec8e ec6d ec2d e40d e3ac e38d db6c cb2c c28a b24a aa0a a1a9 8949 8949 8969 9169 9149 9189 99c9 9a0a 99c9 a1c9 a1e9 a20a a1ea a9ea aa0a aa0a aa0a aa09 aa0a b22a b209 aa0a b22a b22a b209 b22a b209 b24a b24a b22a b22a b22a b24a b20a b20a b24a b209 b22a b22a b22a b24a ba2a ba29 ba4a caaa caeb c26a c26a c2ab c2ab c28a c28a caab ca8b cacb caab caaa caab cacb caab c2ab c2cb c2ab caaa c2aa c28a c26a ca8b ca8b c28b d2ea ec6c f56f e40c d2c9 caea c2cb c26a ba09 ba4a caeb d34d d30c d2eb db0c d32d cb2e caee caee cb0e cb0e cb4f c370 c30f b28c aa0a a1ea 8129 68a8 5867 58a8 610b 60eb 5868 5067 696b 7a0e 826f 8270 60c9 5868 5047 5067 58c8 58c9 5867 5068 5868 5888 60e8 79ec 8a6e 796b 60a8 5067 50a9 58a8 6109 79ed 79cc 690a 60c8 5888 60c9 60c8 58a8 60c9 5868 5888 5088 60e9 79ce 798c 58c8 690a 716b 58a8 5889 60ca 58a8 58e9 694b 50a9 58c8 718c 79cd 690a 5067 4847 4827 4827 4848 5928 8371 9bb4 81f0 5889 798a ab4e d44f dbee cb0c ba6b baac c2cc cbaf d4f4 dcd2 dc4f dc4f dc70 dc91 dcd0 dd11 dd12 dd32 dd74 ddb4 dd94 dd54 dd95 d594 d595 cd13 b432 ac33 9b2e a391 ccf4 d512 d554 ddb5 ddd6 ddb5 d574 d4f2 d4d3 cc91 cc50 cc30 cc51 cc71 d491 dc0f e3af e3ef e3ef e410 e430 e431 e430 e451 e472 e491 e4b2 ec92 e4b1 e4b1 ecb1 ecd1 ecd1 ecf2 ecd2 ecd1 ecf2 ed12 ed32 ed53 ed74 ed94 ed94 ed94 ed94 ed94 edb4 edb5 edd5 edf5 edb5 edd4 f615 f615 f616 f5f5 f5f5 f616 f5f5 f5f5 f616 f616 f636 f637 f637 f637 f637 f636 f658 f657 f657 f657 f657 f657 f636 f636 f5f5 ed74 ecd1 e3ef db6d d2ab c1e9 b1c9 a9a8 9948 8108 68c8 5888 50a8 50a8 5068 5067 5067 5888 60c7 81ab 89ad 7149 b34e d4b3 d4d2 dcf3 cc51 a24a 9a6d 7108 60a7 58a7 60c8 60a8 5887 58c8 60e8 60e8 68c8 6108 68e8 6929 6948 6949 6929 6108 68e8 60e8 6108 6908 6928 6908 68c7 68c8 60c8 60c7 60e8 58a7 58c7 58a7 5887 5887 60c8 60e7 60c7 60c7 60c7 58a7 5087 5088 5067 60a8 7129 8a0c aaee bb6e c3ce cbee c3ce cbae c38e bb6e bb6d c3ce c40f cc70 d490 d4af d4b0 d4b0 d4b0 cc90 d490 d490 d48f d490 d490 d46f d46f d46f d470 cc70 cc8f cc70 cc90 cc90 d490 cc70 cc50 cc4f cc30 cc4f cc50 cc2f cc2f cc2f cc2f cc4f cc2f cc2f cc4f cc0f cc0f cc0f c3ef bbef bc0f bbef bbef bc0f bc0e bc2f c40e c3ef c40f c40f bbef bbcf c3f0 c40f c3ef c3ef c3ef cbef cbcf cc0f cbef cc0f cc0f cbef cc2f cc2f cc50 cc0f cc0f cc2f cc0f cbef cc0f cc2f cc2f d42f cc2f d40e cc2e d40f d40e d40f d3ee d3ee d3ee 
b20a b20a aa2a aa4a aa49 b22a aa0a aa09 aa09 aa4a aa2a aa0a aa09 aa09 aa0a a9e9 aa09 aa29 aa09 a1e9 a1c8 a1e9 a9c8 a188 a1a9 a9c9 b229 ba6a c2a9 caeb db4b db4b e38c e3cd e3cd ec0e ec2e ec6e ec8f ecaf ecae ecce ecce ecef ecee ecce ecaf eccf ecee ecce ecaf ecae ecce ec8e ec8e ec4e e44d e40e e3ed e3ad db6c d30b c28a b24a a9ea 9989 8969 8968 8949 8949 9148 99a9 99aa 99ea a1ca a1c9 a20a a20a a1ea a1e9 aa2a aa2a aa0a aa2a b209 b22a b20a b20a b22a b22a b22a b22a b24a b24a b24a b1e9 b20a b22a b22a b22a b22a b229 b20a b20a ba2a b22a b26a ba4a ba2a c24a c28b c28b c28a ba8b ba8b c28a c26a ca8a ca8a caaa caaa caaa ca89 caaa c28a c2aa c2aa c2aa c2cb ca8a c28a caaa c2aa cacb cb0c d2eb cae9 d32a dbec d36b c26a c28a caca c28b c26a cacb d32b d32c d34e d34e d30d d32e cb71 c331 bb10 bb10 b2f0 b30f b2ef aaad 9a0b 918a 8129 68a8 58a7 6109 71ad 692b 60a9 5047 5048 5087 616a 82b1 718b 60c9 5868 5067 58e9 698c 60e8 5888 58a9 5868 5047 5067 58c7 718a 820e 712b 5889 5887 692a 81ed 81ed 716a 60e8 5887 5867 5888 60c8 58a9 60e9 5088 5068 5067 6129 822f 712a 5887 694b 81ee 60c9 58a8 60c9 5067 5067 58c9 690c 60e9 71ac 8270 694b 4847 4026 4847 4827 4027 5088 69ab 9332 8a91 9270 ab0e d44e dc2d cb4d ba8b ba6b bacc c390 d4d2 dcf1 dc6e dc4f dc50 dc2f dc70 dc90 dcb0 dd32 dd52 dd94 dd94 dd74 dd54 dd95 dd94 d574 cd34 c4b3 b452 a32f a351 c4b4 d513 dd73 ddd6 ddb5 d553 d4f3 d4b1 cc91 cc51 cc30 cc10 d430 dbee dbef e3ef e3f0 e3f0 e3f0 e430 e450 e430 e451 e451 e491 e491 ecb2 e491 e491 e491 e4b1 ecd1 ecd2 ecd2 ecd2 ecf2 ecf2 ed13 ed12 ed73 ed74 ed94 ed94 ed94 edb4 edb5 edb5 edb5 f5d4 f5f6 edd5 edd5 edd5 edd5 f5d5 edf5 edf5 edf5 f5f5 edf5 f616 f616 f616 f636 f637 f637 f637 f636 f657 f657 f657 f657 f657 f657 f656 f656 f616 edb4 ecf2 e450 db8e d2ec c24a b1c9 a9e9 99a9 8969 7108 58a8 50a8 50a8 5088 5087 5067 5068 60a7 718a 8a2e 796a 9a8c c473 d4d3 dcf2 d472 aa8b 91cb 7129 60e8 7149 68e8 6087 5867 58e8 60e8 60e8 6908 6908 68e8 6908 6908 6928 6908 6929 6929 6908 6929 6928 6949 6928 60e8 60e8 58a7 58c8 60c7 60c7 60c8 60c7 60c7 60c7 60e8 60e8 60e7 60c7 5887 5887 5087 58a8 60e9 716a 8a2c a2ce ab2e bb8e c3ee c3ce c38d cb8d c36e bb4e bb8f c3ce cc0f cc90 d490 d490 d4af d490 d470 d490 d490 d490 d490 d490 d490 d490 d490 d46f cc70 cc70 cc6f ccaf d4b0 d4b0 d4b0 d470 d46f cc90 cc70 cc90 d470 cc6f cc4f cc70 cc50 cc4f cc2f cc2f cc4f cc4f cc4f c42f c40f bbf0 c3ef c3ef bbef c3ef bbef bc0f bc0f c40f c40f bc0f bbcf c3cf c410 bbef bbd0 c3cf c3ef c3f0 c3cf bbcf c3ce cbee cbee cbee cc0f cc0f cc0f cc2f cc30 cc2f cc0f c40f cc2f cc2f cc2f cc2f cc4f cc2f d42f d40f cc0f d3ef d40e d40e d3ee 
b209 b209 b22a b24a aa09 aa2a aa29 aa2a aa2a aa29 aa2a aa09 aa09 aa2a aa09 a9c8 b209 aa29 aa2a aa0a a209 a1c9 a1c8 a9a8 a1c9 a9e9 b209 ba4a c28a caeb d32b db6b db8c dbad e3ad e40e ec6f ec6e ecaf ecaf eccf ecaf ecaf eccf ecce ecce eccf eccf ecee ecee ecef ecce ecce eccf ec8e ec4e e42d e40d e3ee e3ad db6c d30a c28a b249 a9e9 99a9 9189 8989 8989 9169 9169 9989 9989 9989 99c9 a1ea a1ea a9ea a20a a1ea a20a aa2a aa0a aa2a b229 b22a aa0a aa2a b24a aa2a b22a aa2a aa4a b24a b24a b20a b209 b24a b20a b20a aa2a b20a b20a b20a b24a ba4a ba4a ba2a ba4a c26a ba4a ba8b c28b c2ab c2aa ba8a ba6a ba6a ba4a ba6a ba49 ba6a ba49 c26a ba4a b229 ba49 ba49 b209 b1e9 b209 c28a cb0b d38c dbcb cb09 b208 aa08 b248 cb29 c2aa ba29 ba49 c26a caec d2eb d2cb d2ec d34d d38f d350 cb50 bb10 b2f1 ab32 ab51 ab11 a2ef 9a4d 920b 89ab 796a 68a8 5868 50a7 71ac 81ee 68c9 5068 4847 4848 5066 69ac 8b13 696b 60a9 5868 58c9 71ef 698b 50a7 50a8 60e9 5867 5047 5047 5067 58a8 692b 712b 714b 79ac 8270 8a4f 796b 60e8 60c8 5067 5847 5887 60c8 60ea 58c8 5088 5868 5887 698c 8250 60c9 5047 60e8 79ac 60e9 60ea 60c9 5048 5088 58ca 60eb 60a8 7a0d 9b94 820f 5067 4025 4846 4026 4027 4827 5087 718c 8aae b3f2 cc10 d3cd cb2c baac b24b baed c411 d534 dd12 dc4f dc2e dc6f dc4f dc2f d470 d470 dc90 dcf2 dd32 dd94 dd94 d574 dd74 dd94 dd74 dd94 dd74 cd34 c4d4 b3d1 abb1 c4d4 d534 d594 dd94 dd12 d4d2 ccb3 ccb1 cc71 cc50 d430 dc10 dbef dc0f dc31 e451 e431 e410 e410 e451 e430 e451 e450 e470 e491 ecb2 ecb1 ecd2 e4b1 ecb1 ecb1 ecd1 ecb1 ecd2 ecf3 ecf2 ecf2 ed13 ed13 ed53 ed54 ed73 ed93 ed94 edb5 edb5 edb5 edb5 f5b4 f5d5 edd5 edd5 edd4 edb4 edb4 edd5 edf5 edf5 f5f5 edf5 f5f5 f616 f5f5 f615 f636 f616 f616 f636 f636 f636 f636 f657 f677 f636 f636 f636 f615 edb4 f533 ec90 e3ce d34c ca8a ba09 a9c9 a1a8 9169 78e8 60c8 5087 5067 5067 5067 5067 5087 60a8 6949 8a0d 898b 924c c451 d4d3 dcf2 d4b3 b30e 91eb 816a 60c7 6909 68e8 5887 5867 5887 60c8 6129 6908 60e8 60e8 6908 6908 68e8 6908 6949 6949 6949 6929 6949 6969 6928 60e8 60c7 58a7 5887 58a7 60a7 58a7 60e7 60e8 60e7 60c7 68e8 60e8 60c7 5887 5087 5088 58c9 692a 79cb 9ace ab2e b36f bbae c3ce c3cd c36d c36e bb6e c36e c3ae cbce cc2f d470 d490 d48f d4af d4af d490 d46f d46f d470 d470 d46f cc70 cc6f cc6f d46f cc6f cc90 cc8f d4b0 cc90 d490 d48f d490 d48f d470 d490 d4b0 d490 d490 d490 d470 cc6f d44f cc2f cc50 cc4f cc4f cc4f c42f c410 c40f c40f c3f0 c3f0 c3ef bbef bc0e bc0f c42f c40f c3ef c3cf bbef bbf0 bbef bbcf bbf0 c3ef c3cf c3ef bbce c3cf c3cf c3ef c3ce c3ce c3cf c3ee cc0f cc10 cc0f cbef c430 cc2f cc2f cc30 cc0e cc2f cc0f cc0f cc0e cbee cbef cc0f cc0f d3ef 
b209 b209 b22a b24a aa09 aa2a aa29 aa2a aa2a aa29 aa2a aa09 aa09 aa2a aa09 a9c8 b209 aa29 aa2a aa0a a209 a1c9 a1c8 a9a8 a1c9 a9e9 b209 ba4a c28a caeb d32b db6b db8c dbad e3ad e40e ec6f ec6e ecaf ecaf eccf ecaf ecaf eccf ecce ecce eccf eccf ecee ecee ecef ecce ecce eccf ec8e ec4e e42d e40d e3ee e3ad db6c d30a c28a b249 a9e9 99a9 9189 8989 8989 9169 9169 9989 9989 9989 99c9 a1ea a1ea a9ea a20a a1ea a20a aa2a aa0a aa2a b229 b22a aa0a aa2a b24a aa2a b22a aa2a aa4a b24a b24a b20a b209 b24a b20a b20a aa2a b20a b20a b20a b24a ba4a ba4a ba2a ba4a c26a ba4a ba8b c28b c2ab c2aa ba8a ba6a ba6a ba4a ba6a ba49 ba6a ba49 c26a ba4a b229 ba49 ba49 b209 b1e9 b209 c28a cb0b d38c dbcb cb09 b208 aa08 b248 cb29 c2aa ba29 ba49 c26a caec d2eb d2cb d2ec d34d d38f d350 cb50 bb10 b2f1 ab32 ab51 ab11 a2ef 9a4d 920b 89ab 796a 68a8 5868 50a7 71ac 81ee 68c9 5068 4847 4848 5066 69ac 8b13 696b 60a9 5868 58c9 71ef 698b 50a7 50a8 60e9 5867 5047 5047 5067 58a8 692b 712b 714b 79ac 8270 8a4f 796b 60e8 60c8 5067 5847 5887 60c8 60ea 58c8 5088 5868 5887 698c 8250 60c9 5047 60e8 79ac 60e9 60ea 60c9 5048 5088 58ca 60eb 60a8 7a0d 9b94 820f 5067 4025 4846 4026 4027 4827 5087 718c 8aae b3f2 cc10 d3cd cb2c baac b24b baed c411 d534 dd12 dc4f dc2e dc6f dc4f dc2f d470 d470 dc90 dcf2 dd32 dd94 dd94 d574 dd74 dd94 dd74 dd94 dd74 cd34 c4d4 b3d1 abb1 c4d4 d534 d594 dd94 dd12 d4d2 ccb3 ccb1 cc71 cc50 d430 dc10 dbef dc0f dc31 e451 e431 e410 e410 e451 e430 e451 e450 e470 e491 ecb2 ecb1 ecd2 e4b1 ecb1 ecb1 ecd1 ecb1 ecd2 ecf3 ecf2 ecf2 ed13 ed13 ed53 ed54 ed73 ed93 ed94 edb5 edb5 edb5 edb5 f5b4 f5d5 edd5 edd5 edd4 edb4 edb4 edd5 edf5 edf5 f5f5 edf5 f5f5 f616 f5f5 f615 f636 f616 f616 f636 f636 f636 f636 f657 f677 f636 f636 f636 f615 edb4 f533 ec90 e3ce d34c ca8a ba09 a9c9 a1a8 9169 78e8 60c8 5087 5067 5067 5067 5067 5087 60a8 6949 8a0d 898b 924c c451 d4d3 dcf2 d4b3 b30e 91eb 816a 60c7 6909 68e8 5887 5867 5887 60c8 6129 6908 60e8 60e8 6908 6908 68e8 6908 6949 6949 6949 6929 6949 6969 6928 60e8 60c7 58a7 5887 58a7 60a7 58a7 60e7 60e8 60e7 60c7 68e8 60e8 60c7 5887 5087 5088 58c9 692a 79cb 9ace ab2e b36f bbae c3ce c3cd c36d c36e bb6e c36e c3ae cbce cc2f d470 d490 d48f d4af d4af d490 d46f d46f d470 d470 d46f cc70 cc6f cc6f d46f cc6f cc90 cc8f d4b0 cc90 d490 d48f d490 d48f d470 d490 d4b0 d490 d490 d490 d470 cc6f d44f cc2f cc50 cc4f cc4f cc4f c42f c410 c40f c40f c3f0 c3f0 c3ef bbef bc0e bc0f c42f c40f c3ef c3cf bbef bbf0 bbef bbcf bbf0 c3ef c3cf c3ef bbce c3cf c3cf c3ef c3ce c3ce c3cf c3ee cc0f cc10 cc0f cbef c430 cc2f cc2f cc30 cc0e cc2f cc0f cc0f cc0e cbee cbef cc0f cc0f d3ef 
b229 b229 b22a b24a b209 aa09 b24a b24b b229 aa09 aa09 aa2a aa29 aa29 a9e9 a9e9 b1e9 a9e9 a22a aa2a aa09 a9c9 a1a9 a1a8 a1a8 a1e9 aa0a b249 c2ab cacb d32a db6c db8d dbcd e3ed e40d ec6e ec8f ecaf ecaf ecaf eccf eccf eccf ecce ecef ecee eccf ecee ecee ecef ecce ecce f4ae ec8e ec6d ec2d e40c e3ac e36b db4b d30b c2aa b24a aa0a a1a9 9169 8949 8969 9148 9168 9989 91a9 91a9 9988 a1a9 a1ea a1ea a20a a20a aa4a aa0a aa0a aa0a b22a b22a aa0a aa2a b24a b24a b22a b24a b24a b22a b22a b24a ba29 b22a b20a b20a b20a b22a ba2a b22a b24a b24a ba2a ba2a ba4a ba6a c26a c26a c28a caaa caaa ca8a c2aa c28b c26a c28a c28a ba8b c28a c28a ba6a ba6a ba6b b26a b26a ba8a ba8a c2ab d34c db6a caa8 a9e8 99a9 91a8 9a0a baca c2ca ba6b b1e9 c269 d32d d30b d2ab cacd caee cb10 bb12 b332 ab12 aaf1 ab10 ab30 b310 aace a26c 9a4c 91ca 8129 5888 5068 612a 7a4f 7a0e 5888 4867 4868 4848 4867 69ee 9333 79cd 60ea 58a9 694b 71cd 58a8 4846 58a9 60e9 60e9 58a8 5888 5888 5089 60a9 714b 8270 8ab0 826e 79ab 68e8 60e9 5887 5047 5046 58a7 6109 60c9 5868 5848 5867 60e8 7a0e 824f 5088 4847 5888 714b 71ac 79ae 68ea 60eb 692b 58a9 5067 610a 8b13 8b51 71ab 58a8 4847 4026 4026 4046 4047 50a8 798a 9ace ab4f bb4e b26c aa2b b24a baed c432 d533 dd31 dc8f dc2f dc4f dc50 dc50 d44f d450 d471 d471 d4b2 d4f2 dd74 dd94 dd95 dd95 d554 d574 dd74 d574 d554 cd14 bc52 c472 cd34 d574 d554 d4f3 d491 d4b2 d4b3 d491 cc50 d40f dbef e3ef e430 e451 e471 e451 e450 e431 e431 e430 e451 e471 e451 e471 e471 e4b1 ecd2 ecb2 ecb1 ecb2 ecd2 ecd2 ecd1 ecf1 ecf2 ed12 ecd2 ecf2 ed12 ed13 ed74 ed74 ed74 ed94 ed94 edb5 edd4 edb5 ed94 edb4 ed94 edb4 edb4 edb4 edb4 edd5 edd5 edd5 f5d5 f5f5 edf5 edf6 edf5 f615 f616 f616 f636 f637 f636 f637 f637 f657 f657 f637 f617 f615 f5f5 f5f5 f5b4 ecf1 e40f db4c ca8a b9e9 b1c8 a9e9 9968 8108 60c8 5887 5067 4867 5087 4887 5087 5888 68c7 89cc 814a 91ca bbb0 d4d3 dcf3 d4d3 bbaf 9a4b 91aa 58a8 58a8 68e8 60a7 60c8 60e8 60e8 6908 68c7 60e8 60e8 68c8 60e9 6909 6908 6929 6949 7169 7128 6928 6908 6928 60e8 58c8 58c7 5887 58a7 60c8 60a7 60a7 60c7 60c7 60c7 60c7 60e7 58a7 5888 5087 58a9 58a9 692a 8a0b a2ee b34f bb6f c3af bbcf c38e bb6e bb6e bb6e c36d cbce cc0f d44f d48f d490 d48f d490 d490 d490 d46f d470 d46f d470 d470 d46f cc70 cc90 d470 cc6f d46f cc90 cc90 cc8f d4b0 d490 d490 d4b0 d490 d490 d4b0 d490 d4b0 d4b0 d46f cc6f cc6f cc4f cc2f cc30 cc4f cc4f cc30 c410 c40f bc50 c40f c40f bc0f c40f c42e bc0f c430 c40f c40f c3cf bbef bbef bc0f bbef bbf0 c3ef c3cf bbcf c3cf bbaf bbaf c3cf bbcf bbce bbef bbee c3ce c3cf c3cf c3ef cc30 cc2f cc4f cc2f cc0f c40f cc0f cc0f d40f cc0f cc0f cc0f cbef d40f 
b22a b22a b229 b26a b24a aa09 b22a b229 aa0a aa0a aa0a a9e9 aa29 aa29 a9e9 a9e9 aa09 a9e9 aa09 aa2a aa29 a1c9 a1a8 a1a8 a1a8 a1e9 aa0a b229 c2ab d2eb d32b db6c dbad dbee e42d e44e e46f ec8e ecaf ec8f ec8f ecaf ecb0 ecef ecef ecee eccf eccf ecf0 eccf ecef eccf ecaf ecad ec8e ec8d ec2d e40d e3ac e38b db2b d2eb c289 ba2a aa09 a1a9 9189 9169 8928 9148 9168 9169 99a9 99c9 9989 a1a9 a1e9 a1ea a1e9 aa0a aa2a aa0a aa2a aa2a aa2a aa2a b20a a9e9 b20a aa4a b20a b22a b22a b22a b22a b22a b209 b20a b22a b22a b20a b22a ba2a b22a b24a b24a b24a ba4a ba6a ba49 c269 c24a c289 caaa ca8a ca89 caaa caaa caab caaa ca8a c2aa caaa cacb ca8a ca8a caaa caaa caab ca8a d2ca cb0b cbef c2cc 9968 918a a22b b2cb c3cd c42f cc0f cbf0 ba4a c24a d2cc caac cace c311 baf1 aaf1 ab52 b372 ab30 b2ce b2ac baab cb0c c2cc b28c aa2b 9169 70c9 5889 58ea 7a2e 8ad2 79ac 5088 4847 4048 4848 5088 720e 9354 822e 694c 692b 58c9 58a9 5067 5089 610a 5888 60e9 694b 692b 68eb 68ca 79ad 8ad2 8ab0 718a 714a 714b 60e8 60c8 5046 5047 5087 5887 60e9 68ea 5888 5048 5867 6929 8290 718b 5068 5068 5088 692b 822f 8250 692b 610a 60ea 5068 58c8 7a90 82af 6909 5066 50a7 5088 4868 4047 4867 50a8 79cb a32e b3b0 aacc 9a2b 91eb 9a2c baed d472 dd74 dcf1 dc6e dc50 dc70 dc70 dc90 dc90 d44f d44f d450 d471 d4b1 d512 dd94 dd95 ddb5 d595 d574 d553 dd95 d574 d555 d533 ccf3 cd13 d575 d554 d4f2 ccf3 ccd2 d4b1 d491 d42f dbef dbf0 e430 e451 e471 e451 e451 e471 e451 e451 e450 e451 e450 e471 e471 ec71 e491 e4b1 ecf2 ecf2 e4d1 ecd2 ecd2 ecb2 ecd2 ecf1 ecd2 ecf1 ecb2 ecb1 ecd2 ed13 ed53 ed53 ed53 ed73 ed94 ed94 edb4 edd5 edb5 edb5 edb4 edb4 ed94 f5b4 ed94 edd5 edd5 edd6 f5d5 f5f5 edf5 edf5 f5f6 f5f6 f5f6 f616 f636 f636 f636 f637 f657 f637 f637 fe56 fe36 f636 f616 f615 f5b3 ecf1 e430 db4d d28b ba09 b1c9 a9a9 9968 7908 60a7 5867 5067 5087 5087 5087 5087 58a8 68e7 81ac 796b 818a aaee d4d3 dcf3 dcf3 bbf1 a24c 91cb 60c9 58e8 7129 60c8 60c8 6909 6929 716a 6908 6908 6929 6929 6909 6909 68e8 6928 6949 6949 6949 6929 6908 6908 60e8 58e8 58c7 58a7 60e8 60e8 60a8 60a7 60a7 60c7 60e8 60c7 58a7 58c7 5087 5088 58a9 60e9 798b 926d ab0e b38f c3af c3ae c38e bb8d bb4e bb2d bb6d bbae cbee cc0f d46f d48f d48f d46f d48f dc8f d490 d46f d490 d490 d491 d470 cc6f cc90 cc90 d48f d46f d46f d48f d470 d48f d4af d490 d4b0 d4b0 d4b0 d4b0 d4b0 d490 d4b1 d4d1 d4b1 cc90 cc70 d470 d470 cc4f d46f cc4f cc4f cc2f c42f c42f c40f c40f bc0f c40f c40f c40f c40f c40f bbef c3ef c3ee c3ef bbef bbcf bbcf bbcf bbef bbcf c3ef bbcf bbcf bbcf c3f0 c3cf bbce bbcf c3cf bbcf c3ef c3ef c3ef cbef cc0f cbef c410 cc0f cc0f cbee d3ee cbef d40f cc0f cc0f cc30 
aa0a aa0a aa2a b24a aa29 b209 aa09 aa09 aa2b aa09 aa09 a9e9 aa09 aa08 a9e8 a9e9 a9c9 a9e9 a9e9 a9e8 a9e9 a1c9 a1c9 99a9 99c9 a1c9 b209 ba29 c28b d2eb db2c db6c dbae dbee e40e e42e e44f e46f ec8f ecaf eccf ec8f ecaf eccf eccf ecee ecee eccf ecef ecce ecce ecd0 eccf ecce ecae ec6e ec2c e40d e3cd db8c db4b d30a ca8a ba69 aa0a 99a9 9189 8968 8928 8948 9169 9169 9169 99a9 99a9 a1e9 a1ca a1ea a1ea aa0a aa2a aa0a aa0a aa2a aa0a aa0a b20a aa0a aa0a aa4b aa2a b22a b22a b22a b22a b22a b22a b229 b22a b22a b229 b22a ba0a b209 b22a b24a b24a ba6a c26a c249 ba6a c24a c269 c28a c28a ca6a ca6a caaa caaa ca8a caab ca8a caaa cacb caab ca8a caaa ca89 ca8a ca6a d26a d34b dcad cc70 b30c b2ec cb0b db4c ebab ec8d edb0 e5b2 d38d ca4b c28b ba6d b2d0 b312 ab32 b351 bb50 bb2e baed ba8c ba6b cacb cb0c ba8b a20a 8949 6088 5889 58ca 614b 7a2e 8b13 718b 5067 4847 4048 4848 5088 69cd 9394 826f 7a10 692b 5067 5046 5067 58ea 5888 5048 58a8 692a 716c 798d 820f 92b1 8a8f 79cc 71cc 718b 714a 60c8 5888 5087 5087 5888 58a7 6109 690a 58c9 5068 5087 698b 8ad0 60c8 5067 5068 5068 610a 824f 8af2 692b 5888 5048 5887 71ed 8311 58e8 5067 4887 58ca 58ca 4889 4827 5066 79aa b36f cc0f cb2c aa0a 99a9 99ea b32f cc92 dd73 e530 dc4f dc70 dc90 dcd1 dcb1 dcd1 dcd1 d490 d450 d451 d470 d4b1 d512 dd94 ddb5 ddb5 d595 d594 d554 d5b5 dd95 d554 d513 d534 d533 d553 d534 d533 d512 cc4f cbad d36d d38e dbcf dc10 dc0f e430 e430 e451 e451 e451 e451 e471 e451 e471 e4b2 e471 e471 e4b2 e4b2 e4b2 ecd2 ecf2 ecd3 ecd2 ecd2 ecf2 ecf2 ecf1 ecf2 ecd2 ecd1 ecf2 ecf3 ed12 ed32 ed32 ed32 ed53 ed73 ed73 ed94 edb4 edb4 edb5 ed95 ed94 edb5 edb4 f594 edd5 edd5 edd5 edd4 edd5 edf5 ee15 f616 f5f5 f5f5 f616 f636 f615 f636 f636 f657 f656 f657 f616 f616 f636 f616 f5f5 f5b4 ecf1 ec4f dbae d2cc c229 b1e9 a169 9128 78c8 6887 5867 5047 5047 5067 50a8 50a8 58a8 60e8 718b 794b 7929 a2ef d4b3 dd14 dd13 c3f1 a2ad 89aa 7109 6929 7969 60e9 60e9 6909 71aa 718a 6949 6109 60e8 6909 6908 6908 6928 6949 6908 6929 6929 6929 6928 60c8 60a7 58a7 58c7 58e8 6108 60c8 6108 60c8 60c7 6108 6108 60e7 58a7 58a8 5088 58a8 60e9 716a 8a0c 9aae ab2e bb8e c3ae c3ae c38e c36d b34e b32d bb6e c3ef cbef d42f d490 d48f d46f d470 d490 d490 d490 d48f d4b0 d490 d470 d490 d470 cc6f d470 cc6f d46f cc70 d48f d48f d48f d490 d4b0 d4b0 d490 d490 d4b0 d4d0 d4b0 d4b1 d4b1 d4b0 d490 d490 d46f cc70 cc70 cc4f cc4f cc4f cc4f cc4f cc2f c40f c40f c40f c42f c40f bbef bbef c42e c40f c3ef bc0f bbef bbef bbf0 bbef bbcf bbef bbef bbcf bbcf bbcf c3cf c3ef c3af bbaf bbcf bbcf c3ef bbaf bbcf bbcf bbcf c3d0 c3cf c3cf cbce cbce cbce cbee cbef d40f cc0f cc2f cc0e 
aa0a aa0a aa2a b24a aa29 b209 aa09 aa09 aa2b aa09 aa09 a9e9 aa09 aa08 a9e8 a9e9 a9c9 a9e9 a9e9 a9e8 a9e9 a1c9 a1c9 99a9 99c9 a1c9 b209 ba29 c28b d2eb db2c db6c dbae dbee e40e e42e e44f e46f ec8f ecaf eccf ec8f ecaf eccf eccf ecee ecee eccf ecef ecce ecce ecd0 eccf ecce ecae ec6e ec2c e40d e3cd db8c db4b d30a ca8a ba69 aa0a 99a9 9189 8968 8928 8948 9169 9169 9169 99a9 99a9 a1e9 a1ca a1ea a1ea aa0a aa2a aa0a aa0a aa2a aa0a aa0a b20a aa0a aa0a aa4b aa2a b22a b22a b22a b22a b22a b22a b229 b22a b22a b229 b22a ba0a b209 b22a b24a b24a ba6a c26a c249 ba6a c24a c269 c28a c28a ca6a ca6a caaa caaa ca8a caab ca8a caaa cacb caab ca8a caaa ca89 ca8a ca6a d26a d34b dcad cc70 b30c b2ec cb0b db4c ebab ec8d edb0 e5b2 d38d ca4b c28b ba6d b2d0 b312 ab32 b351 bb50 bb2e baed ba8c ba6b cacb cb0c ba8b a20a 8949 6088 5889 58ca 614b 7a2e 8b13 718b 5067 4847 4048 4848 5088 69cd 9394 826f 7a10 692b 5067 5046 5067 58ea 5888 5048 58a8 692a 716c 798d 820f 92b1 8a8f 79cc 71cc 718b 714a 60c8 5888 5087 5087 5888 58a7 6109 690a 58c9 5068 5087 698b 8ad0 60c8 5067 5068 5068 610a 824f 8af2 692b 5888 5048 5887 71ed 8311 58e8 5067 4887 58ca 58ca 4889 4827 5066 79aa b36f cc0f cb2c aa0a 99a9 99ea b32f cc92 dd73 e530 dc4f dc70 dc90 dcd1 dcb1 dcd1 dcd1 d490 d450 d451 d470 d4b1 d512 dd94 ddb5 ddb5 d595 d594 d554 d5b5 dd95 d554 d513 d534 d533 d553 d534 d533 d512 cc4f cbad d36d d38e dbcf dc10 dc0f e430 e430 e451 e451 e451 e451 e471 e451 e471 e4b2 e471 e471 e4b2 e4b2 e4b2 ecd2 ecf2 ecd3 ecd2 ecd2 ecf2 ecf2 ecf1 ecf2 ecd2 ecd1 ecf2 ecf3 ed12 ed32 ed32 ed32 ed53 ed73 ed73 ed94 edb4 edb4 edb5 ed95 ed94 edb5 edb4 f594 edd5 edd5 edd5 edd4 edd5 edf5 ee15 f616 f5f5 f5f5 f616 f636 f615 f636 f636 f657 f656 f657 f616 f616 f636 f616 f5f5 f5b4 ecf1 ec4f dbae d2cc c229 b1e9 a169 9128 78c8 6887 5867 5047 5047 5067 50a8 50a8 58a8 60e8 718b 794b 7929 a2ef d4b3 dd14 dd13 c3f1 a2ad 89aa 7109 6929 7969 60e9 60e9 6909 71aa 718a 6949 6109 60e8 6909 6908 6908 6928 6949 6908 6929 6929 6929 6928 60c8 60a7 58a7 58c7 58e8 6108 60c8 6108 60c8 60c7 6108 6108 60e7 58a7 58a8 5088 58a8 60e9 716a 8a0c 9aae ab2e bb8e c3ae c3ae c38e c36d b34e b32d bb6e c3ef cbef d42f d490 d48f d46f d470 d490 d490 d490 d48f d4b0 d490 d470 d490 d470 cc6f d470 cc6f d46f cc70 d48f d48f d48f d490 d4b0 d4b0 d490 d490 d4b0 d4d0 d4b0 d4b1 d4b1 d4b0 d490 d490 d46f cc70 cc70 cc4f cc4f cc4f cc4f cc4f cc2f c40f c40f c40f c42f c40f bbef bbef c42e c40f c3ef bc0f bbef bbef bbf0 bbef bbcf bbef bbef bbcf bbcf bbcf c3cf c3ef c3af bbaf bbcf bbcf c3ef bbaf bbcf bbcf bbcf c3d0 c3cf c3cf cbce cbce cbce cbee cbef d40f cc0f cc2f cc0e 
a9e9 a9e9 b229 b24a b229 aa09 aa09 aa2a aa2a a1e9 a9e9 aa29 b229 aa09 aa09 b209 b1e9 a9e8 aa0a a9e9 a9e9 a9c9 a9c9 a1c9 99ca a1c9 aa2a b22a c26b d2ea d34c db8d db8d e3cd e3ed e40d e46e ec6f ec8f ecae ecae ecae ecaf ecce eccf eccf ecef eccf ecef eccf ecee eccf f4ef ecae ecae ec6e ec2d e40d e3cc e3ac db4b d30b c2aa ba49 a1e9 9989 918a 8948 8928 8969 9168 9969 9189 99a9 99a9 a1c9 a1c9 a1ea a1ea aa0a aa2a aa0a a9ea aa2a aa0a b22a aa2a aa2a b22a b26b aa2b b22a b22a b20a b20a aa0a aa09 b229 b209 b24a b209 b209 b1e9 ba09 b229 b24a ba29 ba4a c26a c269 c28a c26a c26a c26a c2aa c2aa c26a c26a ca8a caaa ca8a caaa caaa caaa caaa c2cb ca8a caaa caec cb0e cacc d2ea e44d e4ed cb49 b208 c288 caa9 d2a9 e36a ec4b ecab dbac cacd c2ad b2d0 aaf1 a311 ab31 bb4f c32e caed c2ac ba8b c2ac d34c cb0d aa2c 8129 5888 5088 60ca 718e 698b 82b0 8ad1 60a8 4826 4868 4848 4869 58a8 69cc 9394 8ab0 7a0e 5888 5026 5046 50a8 58c9 5067 5869 60a9 692a 79cd 822e 824e 81ec 714a 716b 694a 6109 60c8 5887 5067 5087 5087 5888 58a7 60e9 60c9 60c9 5888 58c7 7a0c 822d 58a8 4847 5047 5047 610a 82b0 8291 690b 5047 5046 6109 8291 718b 58a8 58ca 612b 58ea 50a9 4888 5067 79aa ab6e d471 cb8d b1ea a1aa a20a bb2e d514 ddb5 e511 dc8f dc90 dcd1 dcd1 dd11 dd12 dcf2 d4b1 d491 d430 d430 d450 d4b1 d534 dd74 ddb5 ddb5 d595 d594 ddb6 d5b5 dd75 d555 d575 d553 d574 d573 ccd1 c3cc b2ca b249 ba2b cacd caec d34e d36e db8e dbcf dbcf e3f0 e430 e451 e451 e471 e470 e491 e492 e470 e4b2 e4d3 e4d2 ecd2 ecd2 ecd2 ecf2 ecf2 ecf2 ecf2 ecd1 ecd1 ecd1 ecd1 ecd1 ecf2 ed12 ed12 ed12 ed12 ed32 ed53 ed73 ed73 ed94 edb4 edb4 edb4 edb5 ed94 ed94 ed95 ed73 edb4 edb4 edb4 edb4 f5d4 f5d4 f5f5 f5f5 f5f5 f5d5 f615 f616 f5f6 f636 f636 f656 f657 f657 f616 f616 f616 f615 f5f5 f5b4 ed31 e490 dbaf caeb ba09 a188 90e7 80c8 70c7 6067 5887 5867 5067 5067 5087 5087 5047 60a7 712a 814b 68c8 9aae cc93 dd33 dd14 cc10 ab0e 898a 7949 7969 7949 60e8 60c8 6929 7169 6949 6949 6929 60e8 6109 6909 68e8 6948 7149 6908 7169 6928 68e8 68e8 60c7 60c7 60a7 58a7 58c8 60e8 58a7 60c8 60c8 60c7 6908 60e8 60a8 50a7 5087 50a8 58c9 692a 79cb 926d a30e b34e c38f c38e c38e bb8e bb6e bb4e bb6e bb8e c3ef cc2f d44f d48f d48f d490 d470 d4af d46f d470 d490 d46f d48f d46f d46f d490 d46f cc4f cc70 d44f cc90 cc6f cc8f d46f cc70 d4af d490 d490 d490 d490 d4b0 d4b0 d4b1 d4b0 d490 d490 d490 d48f d46f cc70 cc4f cc70 cc4f cc6f cc6f cc6f cc4f cc4f c44f c42f c42f c410 bc0f c42f c42f bbef bbef bbf0 c3ef bbef bbef bbef bbef c3ef bbef bbcf c3af c3cf bbef bbcf c3ef c3cf bbcf bbcf bbaf bbcf bbcf bbcf bbcf c3cf c3ce bbcf c3ae c3ae c3ce cbce cbcf cbce cbce cbef 
b22a b22a aa2a aa0a aa4b aa09 b209 aa4a aa0a a9e9 aa09 aa2a aa09 aa09 aa09 b209 b209 a9e9 aa09 aa09 a9e9 a9c9 a9e8 a1c9 a1a8 a1c9 aa2a b24a c26a caea d32c d36d db4c e3ad e40e e42d e46f e46e e4af e4af ecaf ecce ecaf eccf ecd0 ecce eccf ecef ecce eccf eccf ecce eccf ecae ec8d ec8e ec4e e40e e3cc e3ac db4b daea c28a ba29 a9e9 99a9 9169 8949 8128 8989 9189 9989 99aa 99a9 99a9 a1a9 a1c9 a1ea a20a a20a aa0a aa0a aa29 aa2a b22a b24a b24b b22a b20a aa2a aa0a aa0a b22a b22a b22a b209 aa2a aa09 b20a aa2a b229 b209 b22a b24a b229 ba2a ba2a ba6a ba6a c26a c26a c28a c26a ca89 c2aa c2ab ca8a ca8a c2ab caab ca8a caaa ca8a ca8b ca6b c28b cb0d d452 dd12 dd71 d46e d3cc dc2c bac8 78c6 6087 70c6 80e6 80e7 8927 9967 a1c8 ba8b c2ee bb31 ab12 ab11 b330 bb2f cb0d caec c2ab ba6a ba6a cacb caca b26b 99ab 68a8 58a9 58ca 71af 79ee 71cc 8312 71ed 5047 4847 4868 4869 50a9 612b 7a4f 9393 8ab1 6109 5047 4847 5046 58c9 60e9 58c8 60e9 714b 796b 714a 6929 6908 60c7 6109 694a 6087 5866 5887 5847 5047 5087 5868 5888 58a8 58c8 58c8 60e9 58a8 58c7 71cd 692a 5067 5047 5048 50a8 71ee 828f 8291 610b 5027 5067 71ad 8290 692b 692b 696c 58ea 4867 4047 5087 79aa ab4e d46f d3ed b28b a1ca a20b bb2d d514 e5d4 e551 dc8f dc8f dc90 dcd1 dd32 dd32 dd52 d4f1 d491 d42f d410 d3ef d430 d491 d514 dd75 ddb5 ddb6 ddb6 ddb5 ddd6 ddb5 dd95 ddb4 d5b4 d593 d550 bc0c a268 9147 9127 9968 aa0b b26c ba6b baac c2ac c30e d32d d36e d38f d38e d3ae dbcf dbcf e410 e450 e471 e492 e4b2 e4b2 e4b2 ecd2 ecf2 ecd2 ecf2 ed13 ecf2 ecd2 ecd2 ecb1 ecb1 ecd1 ecd1 ecd1 ecf1 ecd1 ed11 ed12 ed12 ed33 ed54 ed73 edb4 edb4 edd4 edb5 edb4 edb4 ed93 ed74 f554 ed74 edb4 edb4 edb4 f5b5 edd4 f5d4 edf4 f5d5 f5d5 f5d5 f5f5 f5f5 f636 f615 f616 f636 f636 f615 f615 f5f5 f5f4 f5b2 ed52 ecf0 e42f db8e caaa b1c8 9107 80c8 70a7 6887 60a7 58a7 5866 5067 5067 5066 5087 5067 6067 714a 89cd 60a8 8a0b c473 dd34 dd32 cc51 bb6f 91eb 7929 7128 7108 68e9 60e9 6929 6909 6109 6949 696a 6149 6929 6929 6929 696a 716a 71ab 71cb 6949 6928 68e7 68c8 60a7 60a7 5887 60e8 60e8 58c8 60a7 60c7 68e7 6908 60e8 58a8 50a7 50c8 50a8 60c9 714b 81ec 9ace b34e bb8f bbaf c3ae bb8e c36d bb4d b34e bb6d c3ae cc0f d450 d46f d46f d490 d470 d44f d46f d44f d46f d46f d470 d470 d48f d44f d470 d470 d46f cc6f cc6f cc90 cc8f cc4f d46f cc6f d48f d490 d490 d48f cc90 d490 d490 d490 d4b0 d491 d48f d490 d470 cc70 cc30 cc4f cc50 cc4f cc6f cc6f cc4f cc30 cc4f cc50 cc50 cc2f c42f c430 c42f c42f c430 bc0f bc0f bc10 c40e bc10 c40f c40f c3ef c3ef c40f c40f bbef c3ef bbef bbef bbcf bbaf bbcf bbcf b3cf bbef bbd0 c3ef bbcf bbce b3d0 bbcf c3ae c38e c3ae c3af c3ae c3ae c3cf 
b209 b209 aa2a b209 b20a aa09 b22a b209 aa09 aa09 aa09 a9e9 b209 b209 aa0a aa09 b209 aa09 aa09 aa09 aa0a a9c8 a9e8 a1c9 a1c9 a9c9 aa09 b249 c28a caeb d32b db4c db8d dbcd e3ed e44d e46e ec6e ec8e e48f eccf eccf eccf ecef ecef eccf ecef eccf ecef eccf f4ef ecee ecce ecae ec8e ec8e e44d e40d e3cd e38d db4c d30a c2aa b24a aa09 99aa 91a9 8969 8929 8969 9169 9189 99aa 99a9 99a9 a1e9 a1ea a1a9 a1e9 a1ea aa0a aa2a aa2a b22a aa4a b22a b22a aa2a aa2a aa2a aa2a a9ea aa2a aa0a b20a b22a aa2a aa0a a9ea aa0a b20a b22a b20a b22a ba4a ba09 ba2a ba2a c229 c28a c26a c28a c26a ca8a ca8b c28a caaa caaa ca8b c28a caaa caaa caab ca8b ca8b caeb e48e eeb7 f652 ecaa d3a9 d389 ba89 78c7 4847 4047 4826 4846 4847 4848 5026 7909 ab0e b371 b3b4 b415 bc13 c36f caec caec c28b ba4a b24a baab ba6a a189 8908 70c8 60a9 612b 71ad 8251 696b 7a6f 8290 58e8 4847 4868 4868 5069 58ea 79ef 9352 9393 8a91 5067 4826 5046 5087 612a 60a8 58a8 60c8 6909 60e8 60a8 58c8 5887 58a8 58e8 6109 58a8 5067 58a8 5087 5087 58c8 60e9 58a9 5888 60c8 60e8 60c9 60a8 58a7 714b 690a 5088 5068 5068 60e9 7a30 79ed 8a71 690b 5868 60e9 7a2f 71cc 58c8 5087 4867 4847 4027 4866 79eb b36e d40e cbcd b26a a1c9 aa2b bb0e d4b2 e5d5 e530 dc8f dcd0 dcb0 dcd1 dd11 e592 dd93 dd74 dcf2 cc70 cc30 cc10 cc10 d430 d4b2 d535 dd95 ddb5 ddd6 ddd6 ddd6 ddd6 ddb5 ddb5 ddb4 d553 c42e aaa8 9147 8927 9148 99a9 a1c9 a1ea aa0a aa2b aa0a aa0a b26b b26b b26c b24b ba6c c2cd caed cb0d d34e db8e dbcf e450 e471 e492 e4d2 ecd2 ecf2 ecf2 ed12 ed13 ecf2 ecf2 ecf2 ecd2 ecd1 ecd1 ecb1 ecd2 ecd1 ecb1 ecf0 ed12 ed32 ed12 ed53 ed53 ed93 ed94 ed93 ed94 ed94 edb4 ed73 ed73 ed73 ed94 edb4 ed94 f593 f5b4 edb4 edb4 edd4 f5d5 f5d5 f5d5 f5d4 f5f5 f616 f615 f5f6 f616 f616 f615 f5f5 f5d5 ed52 ed11 e490 dc0e d38d cacb ba29 9948 80e7 70e8 70c7 6887 6087 5846 5846 5047 5047 4847 5067 5868 6087 7149 89ed 60c9 796a bc53 dd75 dd33 cc71 bb8f a26c 7949 60c8 60c8 68e8 7129 7169 694a 6129 60c7 60e8 6929 6909 68e8 6929 694a 7189 7169 7169 6949 6908 60a7 60c7 60a7 60c8 58a7 60a7 60a7 58c8 60c7 60c7 60c8 60c8 60c8 58a8 58a8 58c9 58a8 60e9 798a 924c a2ee bb6e c3ae c3af c38e bb6e bb6e bb2d bb4e bb8e c3cf cc0f d46f d48f d470 d470 d46f d46f cc70 d44f d46f cc4f cc70 d44f d46f d450 d450 cc6f d48f d46e d46f cc4f d44f cc4f d44f cc4f cc6f cc70 cc6f d450 d46f d48f d48f d470 d48f d4b0 d48f d48f d490 d490 d46f cc4f cc4f cc2f cc2f cc50 cc2f cc4f cc4f cc4e cc50 cc70 cc4f cc50 c431 c42f c44f c42f c42f bc0f c42f c410 c3ef c410 c430 c410 c410 c430 c3f0 bbf0 bbef bbcf bbcf bbcf bbef bbcf bbef bbcf bbcf c3cf bbcf bbcf bbcf bbaf bbef bbae bbae bb8f bb8e c38d bb8e 
b209 b209 aa2a b209 b20a aa09 b22a b209 aa09 aa09 aa09 a9e9 b209 b209 aa0a aa09 b209 aa09 aa09 aa09 aa0a a9c8 a9e8 a1c9 a1c9 a9c9 aa09 b249 c28a caeb d32b db4c db8d dbcd e3ed e44d e46e ec6e ec8e e48f eccf eccf eccf ecef ecef eccf ecef eccf ecef eccf f4ef ecee ecce ecae ec8e ec8e e44d e40d e3cd e38d db4c d30a c2aa b24a aa09 99aa 91a9 8969 8929 8969 9169 9189 99aa 99a9 99a9 a1e9 a1ea a1a9 a1e9 a1ea aa0a aa2a aa2a b22a aa4a b22a b22a aa2a aa2a aa2a aa2a a9ea aa2a aa0a b20a b22a aa2a aa0a a9ea aa0a b20a b22a b20a b22a ba4a ba09 ba2a ba2a c229 c28a c26a c28a c26a ca8a ca8b c28a caaa caaa ca8b c28a caaa caaa caab ca8b ca8b caeb e48e eeb7 f652 ecaa d3a9 d389 ba89 78c7 4847 4047 4826 4846 4847 4848 5026 7909 ab0e b371 b3b4 b415 bc13 c36f caec caec c28b ba4a b24a baab ba6a a189 8908 70c8 60a9 612b 71ad 8251 696b 7a6f 8290 58e8 4847 4868 4868 5069 58ea 79ef 9352 9393 8a91 5067 4826 5046 5087 612a 60a8 58a8 60c8 6909 60e8 60a8 58c8 5887 58a8 58e8 6109 58a8 5067 58a8 5087 5087 58c8 60e9 58a9 5888 60c8 60e8 60c9 60a8 58a7 714b 690a 5088 5068 5068 60e9 7a30 79ed 8a71 690b 5868 60e9 7a2f 71cc 58c8 5087 4867 4847 4027 4866 79eb b36e d40e cbcd b26a a1c9 aa2b bb0e d4b2 e5d5 e530 dc8f dcd0 dcb0 dcd1 dd11 e592 dd93 dd74 dcf2 cc70 cc30 cc10 cc10 d430 d4b2 d535 dd95 ddb5 ddd6 ddd6 ddd6 ddd6 ddb5 ddb5 ddb4 d553 c42e aaa8 9147 8927 9148 99a9 a1c9 a1ea aa0a aa2b aa0a aa0a b26b b26b b26c b24b ba6c c2cd caed cb0d d34e db8e dbcf e450 e471 e492 e4d2 ecd2 ecf2 ecf2 ed12 ed13 ecf2 ecf2 ecf2 ecd2 ecd1 ecd1 ecb1 ecd2 ecd1 ecb1 ecf0 ed12 ed32 ed12 ed53 ed53 ed93 ed94 ed93 ed94 ed94 edb4 ed73 ed73 ed73 ed94 edb4 ed94 f593 f5b4 edb4 edb4 edd4 f5d5 f5d5 f5d5 f5d4 f5f5 f616 f615 f5f6 f616 f616 f615 f5f5 f5d5 ed52 ed11 e490 dc0e d38d cacb ba29 9948 80e7 70e8 70c7 6887 6087 5846 5846 5047 5047 4847 5067 5868 6087 7149 89ed 60c9 796a bc53 dd75 dd33 cc71 bb8f a26c 7949 60c8 60c8 68e8 7129 7169 694a 6129 60c7 60e8 6929 6909 68e8 6929 694a 7189 7169 7169 6949 6908 60a7 60c7 60a7 60c8 58a7 60a7 60a7 58c8 60c7 60c7 60c8 60c8 60c8 58a8 58a8 58c9 58a8 60e9 798a 924c a2ee bb6e c3ae c3af c38e bb6e bb6e bb2d bb4e bb8e c3cf cc0f d46f d48f d470 d470 d46f d46f cc70 d44f d46f cc4f cc70 d44f d46f d450 d450 cc6f d48f d46e d46f cc4f d44f cc4f d44f cc4f cc6f cc70 cc6f d450 d46f d48f d48f d470 d48f d4b0 d48f d48f d490 d490 d46f cc4f cc4f cc2f cc2f cc50 cc2f cc4f cc4f cc4e cc50 cc70 cc4f cc50 c431 c42f c44f c42f c42f bc0f c42f c410 c3ef c410 c430 c410 c410 c430 c3f0 bbf0 bbef bbcf bbcf bbcf bbef bbcf bbef bbcf bbcf c3cf bbcf bbcf bbcf bbaf bbef bbae bbae bb8f bb8e c38d bb8e 
a9ea aa0a aa2a b209 aa0a aa09 aa0a aa09 aa09 aa2a aa2a aa0a b22a b1e9 b209 b209 aa2a b209 aa0a a9e9 a9e9 a9c9 a1e8 a1c9 a1e9 a1e9 aa09 b229 c2aa caeb d30b db4b db8d dbcd e3ed ec2e e44e ec6e ec8f ec8f eccf eccf ecd0 ecf0 eccf ecef ecef f4cf eccf ecef ecef ecce ecad ecae ecae ec6d e42d e40d e3ec dbac db6b d2ea caaa b249 a9e9 99a9 9189 8949 8969 8969 9169 91aa 91a9 91ca 9989 a189 99ca a1e9 a20a a1ea aa0a aa0a a9e9 aa0a aa2a b20a b22a b24a b22a aa4b b24a b22a b22a b22a b20a b22a b24a b20a aa2a b20a b22a b24a b209 b209 b24a b229 b24a ba4a ba4a ba6a c26a c28a c28a c2ab caaa ca8a c28a c28b caab c2ca c2aa caaa caab ca8b ca8c d30b f52f fed7 ed70 c2aa a1c8 8107 70c7 7087 5867 4866 4867 5068 5047 5068 60c9 8a0c bbb2 c3f3 d4d5 e637 e676 dd34 d2eb c28a ba2a a9a9 a1a9 aa6b a1c9 8909 6888 5889 60ca 692a 7a0f 79ab 720e 8b54 79ac 5068 4868 50a9 5089 5089 694c 824f 9b92 9bd5 8ab0 5066 4826 5046 5867 60e9 5887 5067 5888 58a8 58a8 60ea 60e9 58c9 60c9 6129 696b 60e9 58a8 5087 58a7 58a8 60e9 6109 58c8 5888 5867 58c9 614b 692b 716c 81ee 79ad 60c9 68ca 60e9 60ea 79cf 692a 8270 718d 5067 58c8 7a0e 6109 4846 4867 4848 4026 4867 7169 ab6e d470 cb8b b26b a1ca a20a bb2e d4d2 e592 e510 dcaf dcb0 e4d0 dcf1 dd32 dd53 e593 e5d4 dd93 d4d1 cc0f cc2f cc10 cc51 cc71 d534 dd75 dd95 dd95 ddd6 ddf6 ddd5 ddd5 ddf5 ddd4 ccaf bb4c b229 a1ea aa2b b28c b2ac b2ac ba8c b28b b24b aa0a a9e9 aa2a a20b a1c9 9989 9167 91a9 99a9 a1ea aa2b ba4b ba8c c2ed d34e dbcf dc10 dc50 e491 ecd2 ecf2 ed33 ed13 ecf3 ecd1 ecd0 ecf2 ecd2 ecd2 ecd2 ecd2 ecb1 ec91 ec90 ecf1 ed12 ed12 ed32 ed53 ed93 ed94 ed93 ed94 ed94 ed94 ed53 ed53 ed53 ed73 ed73 ed73 ed94 edb4 edb4 edd4 edd5 f5f5 f5d4 f5d5 f5f5 f615 f615 f616 f615 f5f5 f5f5 edb4 ed72 ed32 e4b0 dc2e d3ce cb2c c2ab b209 a1e9 8928 78e7 70c8 68c7 6087 6087 5866 5866 5046 5067 5067 5067 5047 60a8 7149 89ec 68ca 68e8 b36f dd74 dd55 cc72 c3af b30e 91eb 60e9 60c9 6087 68e8 7129 798a 7169 6108 60e8 6929 68e8 68e8 6929 6928 7189 6948 6948 68e7 60e7 60c8 58a7 5887 58a7 60c8 60c8 60a7 60c8 60e8 60c8 60e8 60c8 60c8 58a8 5088 5087 58c9 692a 81cc 9a6d ab0e b36f c38e c3ae bbaf bb8e bb6e b32e bb4e c3af cc0f cc2f d48f d48f d490 d46f d46f d46f d46f d46f d46f cc4f d470 d44f d44f d470 d44e d46f d44f cc6f d44f cc6f cc4f cc4f cc6f cc6f cc4f cc50 cc4f d46f d46f d490 d470 cc90 cc8f d46f d46f d490 d48f d490 d48f cc4f cc2f cc2f cc2f cc2f cc2f cc6f cc4f cc4f cc4f cc4f cc4f cc4f c44f c44f cc4e cc4f cc30 c42f c430 c42f c430 c451 c430 c40f c410 c410 bc11 c410 bbef bbef b3ef bbcf bbd0 bbcf bbcf bbcf bbcf bbae bbcf bbaf bbaf bbaf bbaf bbcf b3af b38f b38f bb8d b38f 
aa0a aa0a aa2a aa09 aa2a aa2a aa0a aa0a aa2a aa0a aa2a aa2a b24b b209 b1e9 b1e9 aa09 b209 aa09 aa0a a9e9 a9e9 a1e9 99ca a1a9 a1c9 a9e9 ba29 c28a cacc d30b db6c dbac dbed e40d e40d e42e ec6e ec6e ecaf ecaf ecae ecaf f4d0 ecef ecef ecee ecef ecce f4ef ecf0 ecef f4ef eccf f48e ec6e ec4d e40d e40d e3cc db6b d30b c28a ba49 a1c9 9988 9169 8949 8969 8969 9189 9189 91a9 91aa 9989 a1a9 a20a a22b a9ea a1ea aa0a aa0a aa0a aa2a b22a aa2a b20a b22a aa0a aa0a b22a b20a aa4a b26a b24a b22a b22a b229 b229 b22a b229 b209 b209 b20a b229 ba4a b24a b22a ba4a ba6a ba8a c2ab c28b c28a ca6a caaa ca8a c2ab c2ab cacb cacc cacb caab cacc cacc d34c f4cf f612 dcee bb6e a20a 68c7 68c8 70a7 68a7 5887 5067 5867 6068 70a9 89ab ab0f b3b2 cc54 ed11 fd6f f54e e4ef d2eb ba6a a1a9 8928 8108 89aa 898a 7909 68c9 60ca 610a 696d 7a2f 71cb 8b94 8af1 58a8 4868 5089 4868 5089 614c 79ef 8250 932f 9c36 8ad0 5087 4826 5046 5087 58a8 5067 5067 60c9 610a 612a 71ed 698b 5909 58e9 58e8 696b 718b 6909 58c8 50a7 5887 68e9 60c8 58a7 58a7 5067 50a8 58a9 5888 692a 820f 8a91 79ae 68eb 58a8 614b 7a0f 58c8 71ee 79ce 5067 58c8 71ce 58a9 4047 4067 4868 4887 7969 ab0c d42e d40e b26b 99ca a22b bb2e d4d4 e552 dcd0 dc8f dcd0 dcf1 dd32 dd32 dd52 ddb4 e5d4 e5d4 dd52 d490 cc10 cc30 cc10 d472 d4b3 dd54 dd95 dd74 d5b6 ddd6 ddf6 ddd5 ddd5 d533 cc0d c2eb c28b c2cc cb2d d36e d3af d38e d38f d38f d36e c30e c2ed bacc b28c b26b aa2b 99ea 8989 8107 80e7 8107 8148 8928 8948 99a9 aa0a ba4b c2ac cb4d dbf0 e451 e471 ecd1 ecf2 ecd2 ecd2 ecd1 ecf1 ecf3 ecf2 ecf1 ecb2 ecb1 e4b1 ecb1 ecd1 ecd1 ecf2 ed33 ed53 ed73 ed94 ed94 ed94 edb4 ed94 ed53 ed33 ed53 ed74 ed74 ed73 ed73 f593 ed94 edb4 f5d4 f5f4 f5d4 f5d4 f5d4 f5f4 f615 f5f4 f5d3 ed93 ed32 e4b0 dc4f d3ce c34d c2eb baac b24b aa2a a1c8 9169 8108 78c7 70a7 70c7 6886 6066 5846 5846 5846 5067 5087 5087 5088 58a8 6928 796b 68ca 60c8 a30e d4f2 dd75 d4d3 c3ef bb4e 920b 60c8 68e9 5888 60c8 6908 7149 7969 6908 6929 6949 6929 6108 6929 6929 6928 6908 6108 60c8 5908 6109 58c8 58c8 58a7 60c8 60e8 60c8 60a7 60e7 6908 6108 60c8 60c7 58c8 5888 58a7 58a8 716a 8a0c a2ad b34f c38e c38e c38e bb8f bb6e bb4e b32e bb6e cbcf cc2f d44f d470 d4b0 dc8f d48f d46e d44f d44f d44f d46f d450 d44f d44f d44f d44f d44f cc4f cc4f d44f d44f d46f cc6f cc2f cc4f d44f cc50 cc6f cc4f d46f cc70 cc70 cc70 cc70 cc70 cc70 cc6f d470 d490 cc90 cc4f cc4f cc2f c40f cc50 c42f cc4f cc50 cc2f cc4f cc4f cc4f cc2f cc4f cc4f c42e cc4f cc4f cc50 c430 c450 c450 c450 c430 c430 c430 c430 c3f0 c430 c410 c40f bbef bbef bbef bbcf bbef bbcf bbcf c3ee bbcf b3f0 bbaf bbcf bbaf bbaf b3af b38f b36f b38f b36e b38e 
b229 b229 b22a b24b b22a b22a b22a aa0a b229 b22a aa09 a9e9 aa2a aa09 aa29 aa2a aa0a b209 b208 a9ea aa09 a1e9 a1e9 a1ca a189 a1c9 a9c9 b24a c28a caeb d32b db8c db8c dbcd e40e e42e ec4e ec8e ec8f ecaf eccf ecce f4ae f4cf ecf0 ecd0 ecce ecef ecef ecef eccf eccf eccf ecae ec8e ec8f ec4d e40e e3cc e3ac db6b d30b c2ab b26a a9e9 99a9 9169 8949 8948 9148 9189 918a 99a9 99ca 9989 a1c9 a1c9 aa0a a9c9 a9ca a9e9 a9c9 aa0a aa2a aa8b b22a b209 b24a aa2a aa0a b1e9 aa0a aa2a aa2a aa0a b22a b20a b22a ba09 b209 b20a b1e9 b209 b22a b229 b229 ba2a ba2a ba6a ba4a ba8a ba8a c28a c28a c24a c28b ca8a ca8a c28b c2cc c2ec c2cb caeb cb4c d32c db4c e3cc e44d dc2d dc4f c32c 99c9 8149 70c8 68c8 5887 5047 4867 5068 60a8 91aa b30f bbb1 d491 e3ed caaa c249 c289 ba8b aa2a 8928 78e8 7929 91eb 89ca 7929 68ea 60ea 610b 79ef 7a0d 8290 8ab0 610a 5088 5089 50aa 4888 610b 7a2f 8210 81ce 71cb 9414 9312 50a8 4826 4847 5067 5047 4867 50a8 694b 696b 694b 696a 6129 594a 616b 5088 58e9 71ab 71ab 60c9 5087 58c8 6909 5887 5067 5046 5067 5067 4846 5047 5087 6929 824f 8a51 712c 58c7 722f 7a50 50a7 614a 79ef 60ca 58e9 694b 5068 4848 4047 4888 7169 a32e cc30 d3ee bacc aa0a a24b bb90 d4f4 ddb4 dcd0 dc4e dcb0 dcf1 dd12 dd53 dd73 dd94 e5f5 e5f4 dd73 d4d1 cc2f cbef cc30 cc71 d4d3 d513 d595 dd95 dd95 ddf6 ddf5 ddf5 d593 d48f c32c ca8c caec d34d d36e db8e e3ce e3ef e3cf e3cf e3cf e3ef dc0f dbcf dbaf d36f cb2d c2cc ba8c aa0a 9988 9149 8927 8127 8107 80e7 7907 8107 8928 9169 a1ea b26b c2cc d38e dc30 e470 e4b1 ecd2 ecb1 e4b0 e4d2 ecb1 ec91 ec91 ecb1 e4b1 ecd2 ecd1 ecb1 ecf2 ed52 ed53 ed52 f573 f594 ed94 ed94 ed94 ed74 ed53 ed33 ed74 ed74 ed94 ed74 ed74 ed73 ed73 f5b3 f5d4 f594 f593 ed93 ed52 ed31 e4ef e48f d3ee cb4c bb0b aa6a a1e9 91e9 8989 9189 99c9 99a9 9188 9188 9168 8928 9128 9148 80e7 7086 6066 5866 5887 5087 5087 5088 58a8 58a8 6108 692a 68c9 60a8 9b0e d4d4 dd55 dc92 cbf0 c38f a26d 6909 6109 58c8 60e8 60e9 6908 796a 6929 7169 7189 7128 6928 7169 7149 7129 6908 6108 60c8 58a7 58c7 6108 60c8 58c7 58a7 58a7 58a7 6087 68e7 6908 60e8 60e8 60c8 58c8 58c9 58a8 60e9 818a 9a4c ab2f bbaf c3ae c38e c36e bb6f b32d b34e b34e bbae cbef cc50 d490 d46f dc6f dc6f dc8f d46f d44f d46f d44f d46f d44f cc2f d44f cc4f d44f d450 d44e d470 cc4f d46f d46e d44f cc2f cc2e cc2f cc50 cc2f cc30 cc4f cc4f cc50 cc4f cc70 cc4f cc71 cc6f d46f cc8f cc8f cc50 cc30 cc2f cc2f cc4f cc4f cc2f cc4f cc2f cc4f cc4f cc4f cc50 cc2f cc0f c44f cc2f c450 cc50 cc50 cc30 cc50 cc70 cc50 cc50 cc50 c450 c40f c431 c450 c3f0 c3d0 bbcf c3ef bbf0 bbcf bbcf bbcf bbef bbef b3f0 b3af bbaf bbcf bbb0 b38f b38e b38e b38f b38e b36d 
b229 b229 b22a b24b b22a b22a b22a aa0a b229 b22a aa09 a9e9 aa2a aa09 aa29 aa2a aa0a b209 b208 a9ea aa09 a1e9 a1e9 a1ca a189 a1c9 a9c9 b24a c28a caeb d32b db8c db8c dbcd e40e e42e ec4e ec8e ec8f ecaf eccf ecce f4ae f4cf ecf0 ecd0 ecce ecef ecef ecef eccf eccf eccf ecae ec8e ec8f ec4d e40e e3cc e3ac db6b d30b c2ab b26a a9e9 99a9 9169 8949 8948 9148 9189 918a 99a9 99ca 9989 a1c9 a1c9 aa0a a9c9 a9ca a9e9 a9c9 aa0a aa2a aa8b b22a b209 b24a aa2a aa0a b1e9 aa0a aa2a aa2a aa0a b22a b20a b22a ba09 b209 b20a b1e9 b209 b22a b229 b229 ba2a ba2a ba6a ba4a ba8a ba8a c28a c28a c24a c28b ca8a ca8a c28b c2cc c2ec c2cb caeb cb4c d32c db4c e3cc e44d dc2d dc4f c32c 99c9 8149 70c8 68c8 5887 5047 4867 5068 60a8 91aa b30f bbb1 d491 e3ed caaa c249 c289 ba8b aa2a 8928 78e8 7929 91eb 89ca 7929 68ea 60ea 610b 79ef 7a0d 8290 8ab0 610a 5088 5089 50aa 4888 610b 7a2f 8210 81ce 71cb 9414 9312 50a8 4826 4847 5067 5047 4867 50a8 694b 696b 694b 696a 6129 594a 616b 5088 58e9 71ab 71ab 60c9 5087 58c8 6909 5887 5067 5046 5067 5067 4846 5047 5087 6929 824f 8a51 712c 58c7 722f 7a50 50a7 614a 79ef 60ca 58e9 694b 5068 4848 4047 4888 7169 a32e cc30 d3ee bacc aa0a a24b bb90 d4f4 ddb4 dcd0 dc4e dcb0 dcf1 dd12 dd53 dd73 dd94 e5f5 e5f4 dd73 d4d1 cc2f cbef cc30 cc71 d4d3 d513 d595 dd95 dd95 ddf6 ddf5 ddf5 d593 d48f c32c ca8c caec d34d d36e db8e e3ce e3ef e3cf e3cf e3cf e3ef dc0f dbcf dbaf d36f cb2d c2cc ba8c aa0a 9988 9149 8927 8127 8107 80e7 7907 8107 8928 9169 a1ea b26b c2cc d38e dc30 e470 e4b1 ecd2 ecb1 e4b0 e4d2 ecb1 ec91 ec91 ecb1 e4b1 ecd2 ecd1 ecb1 ecf2 ed52 ed53 ed52 f573 f594 ed94 ed94 ed94 ed74 ed53 ed33 ed74 ed74 ed94 ed74 ed74 ed73 ed73 f5b3 f5d4 f594 f593 ed93 ed52 ed31 e4ef e48f d3ee cb4c bb0b aa6a a1e9 91e9 8989 9189 99c9 99a9 9188 9188 9168 8928 9128 9148 80e7 7086 6066 5866 5887 5087 5087 5088 58a8 58a8 6108 692a 68c9 60a8 9b0e d4d4 dd55 dc92 cbf0 c38f a26d 6909 6109 58c8 60e8 60e9 6908 796a 6929 7169 7189 7128 6928 7169 7149 7129 6908 6108 60c8 58a7 58c7 6108 60c8 58c7 58a7 58a7 58a7 6087 68e7 6908 60e8 60e8 60c8 58c8 58c9 58a8 60e9 818a 9a4c ab2f bbaf c3ae c38e c36e bb6f b32d b34e b34e bbae cbef cc50 d490 d46f dc6f dc6f dc8f d46f d44f d46f d44f d46f d44f cc2f d44f cc4f d44f d450 d44e d470 cc4f d46f d46e d44f cc2f cc2e cc2f cc50 cc2f cc30 cc4f cc4f cc50 cc4f cc70 cc4f cc71 cc6f d46f cc8f cc8f cc50 cc30 cc2f cc2f cc4f cc4f cc2f cc4f cc2f cc4f cc4f cc4f cc50 cc2f cc0f c44f cc2f c450 cc50 cc50 cc30 cc50 cc70 cc50 cc50 cc50 c450 c40f c431 c450 c3f0 c3d0 bbcf c3ef bbf0 bbcf bbcf bbcf bbef bbef b3f0 b3af bbaf bbcf bbb0 b38f b38e b38e b38f b38e b36d 
b22a b22a aa2a aa4b b229 b20a b22a aa09 b249 b24a aa2a aa29 aa29 aa09 aa0a aa2a b22a b209 b209 aa09 a9e9 a1e9 a9e9 a1e9 a1a9 a1c9 a9e9 b20a c26a caca d30b db4b db8c e3cd e3cd e3ed ec4e ec6f ecaf ecce ecae ecce ecae ecae eccf eccf eccf f4cf ecd0 ecef f4ef ecf0 ecce eccf ec8f ec6e ec2d e40d e3cc e38c e36c d32b caea ba2a a1e9 9989 9169 8968 918a 91aa 9189 9169 91a9 99ca 99a9 99e9 a1a8 a1e9 a9e9 a9ea a9e9 aa0a aa0a aa2a b26b b24a b20a b22a b229 b22a b20a b209 aa09 a9e9 a9e9 b20a a9e9 aa2a b20a b209 b24a b209 b209 b209 b229 b24a ba4a ba49 ba49 ba4a ba6a c26a c26a ba8b ba8a c28a c2ab ca8a ca8b ca8a caec cb4c d38d db8d db6c db2c db2b d34c dbac e46e cbcc 9187 7908 68c7 6086 5866 4847 4867 4868 5088 81ab ab30 b350 d34c cb4d b20a 9989 99a9 a20a 9a2b 8149 7908 8189 920b 89ab 70ea 60aa 692b 7a0f 822f 79cd 7a2e 690a 5888 5089 5069 5088 612b 7a10 8250 8a51 712c 58e8 8b92 9b94 612a 4826 4847 5067 50a8 50c8 616b 722d 718b 694b 68ea 58c8 594a 724e 614a 6129 79ed 7a0e 692a 5067 58e9 6109 5087 5067 5067 5087 5067 4846 5047 5047 5088 6109 7a0d 8250 826f 8b14 71ee 5047 58a7 7a0f 79ce 58c8 5088 4847 4827 4868 60e8 9aac cc2f dcb1 cb6c b26a aa2b bb8f d534 e5d4 e510 dc8f dcaf dcd0 dd12 e512 e574 e5b4 e5f5 ddf6 ddb4 d4f1 cc90 cc10 cbf0 cc71 d4b2 d513 d575 d5b5 ddd6 ddf6 de16 ddf5 ccf1 c38c c2ab ca8b caab d30d db4d db8d dbaf e3ce dbee dbcf db6e d30c dbce e430 e430 e430 e410 dbcf db4d d30d cacc c2cc ba6b a9ea 99ca 99a9 9168 8927 8907 80e7 80e7 80e7 8907 9969 a20a c2ed d36d dbee e450 e490 e490 e490 e471 ec51 ec70 ec91 ec91 ecb1 ecd1 ecf1 ecf1 ed32 ed32 ed53 ed94 ed73 ed74 ed53 ed74 ed53 ed33 ed33 ed74 ed93 edb4 f594 ed94 ed73 ed53 f593 ed73 ed32 ecf0 e4cf dc4e d38c baca b249 a1e8 99e9 99c9 8968 91a9 8989 898a 918a a22b aa4b aa8c b26c aa2a b22a b229 b1e9 9968 78e7 6887 6087 68a7 5887 5087 5067 5067 5887 60c7 714a 690a 58c8 a30e d514 dd34 d492 c3f0 bb6f a2ed 7969 6929 6109 60c9 60c8 6108 79cb 7149 6929 7189 7149 7128 7149 7149 7128 6927 60e7 60e8 58a7 5887 60e8 58c7 58a7 60c8 60c8 58a7 60a8 60c8 60e8 6929 6108 60e8 60c8 58c8 60c9 690a 81cb 9aad ab4f bbaf c3cf bb8e bb6e b34e b34e bb4e bb8e cbce cc0e d450 d48f d46f d46f dc6f d46f d46f d46f d44f d44f d450 d46f d42f d44f d44f cc50 d44f cc4e cc50 d44f d44e cc4e cc30 cc4f d44e d44f cc4f cc2f cc50 cc6f cc4f cc4f cc6f cc70 cc50 cc70 cc4f cc6f cc6f cc6f cc4f cc4f cc4e cc4f cc50 cc4f cc2e cc2f cc2f cc2f cc4f cc70 cc2f c44f cc4f cc6f cc4f c450 cc50 cc50 cc4f cc50 cc50 cc50 cc50 cc50 c450 c42f c451 c430 c410 c430 bc0f c42f c410 bbf0 bbf0 bbef bbcf bbef bbcf bbcf bbcf bbaf bb8f b3af b38f b3af b38f b38e b36e 
b209 b209 aa0a aa0a aa29 b22a aa0a aa09 aa2a aa4b b26b b24a aa2a aa29 aa09 aa29 b229 b1e9 b1e9 aa09 aa09 a20a a1c9 a1a9 a1a9 a1c9 a9e9 b229 c28a caab d2ea db2b dbad e3cd e3ce e3cc e42e ec6e ec8e ecaf eccf ecee ecae ecae ecd0 ecef eccf ecce eccf ecef f4ef ecef ecef ecce ecae ec8f ec4d e40d e3ed e38c db4b d32b caca ba29 a1e9 9989 9169 9168 9189 91ca 9189 9189 99a9 99a9 99aa a1e9 a1e9 a22a aa09 a9ea aa0a a9ea aa4b b22a aa2a b24a b22a b209 b229 b22a b20a b209 b209 b209 aa0a aa09 a9a8 a9e9 b20a b209 b1e9 b1e9 b22a b24a b229 b229 b22a ba29 ba49 b26a ba4a ba49 ba29 c26a c26a c28a c28b c26b cacc cb2d d38e dbef e40e e3cd db8d db4c db6c db4b db8b dc2f bb6e 8148 68a7 60a7 7148 716a 696a 50a8 4048 4887 79ab a371 b350 c2ec cb8f b22b 9969 9169 8948 9a6d 9a4b 8169 7929 8149 70e9 60ea 692b 718c 8271 824f 7a30 612a 5889 58a9 50aa 58aa 610a 8270 8af2 8230 716d 5048 50a7 7acf 9bd5 8270 58a8 4847 5068 50a9 5087 58e9 718b 690a 6929 60e9 50a8 5088 58c9 58c9 610a 7a0e 824e 822e 692a 60e9 58a7 5046 5046 5067 5887 5066 5067 5067 5868 5888 58a8 69cc 69cb 7a6d 9394 820f 5068 5086 698b 79ad 5087 4826 4026 4026 58c8 926b c3ef dc8f d3cd caeb ba8c bb6f d4f3 e5b4 e531 dc6f dc90 dcf0 dd11 dd32 dd73 dd94 e5f5 ddf5 ddf5 d594 d4d1 cc0f cc30 cc30 d4d2 d4f3 dd75 ddb6 ddd5 de16 de16 d592 cc0d baaa c24a c2ab cb0d d2ec d2ec d30c db4d db8e db8d db6d d38e d32e c28c c28c d36d e451 e450 e42f e40f db6d d2ec d30d d36d cacb b1c9 b22b a9c9 a9e9 a1a8 9988 9168 9148 8968 8928 9148 9189 a9ea c28b d30d dbae e450 e471 e470 e450 e470 ec71 ec91 ec70 ec91 ec91 ecd1 ecb1 ed12 ed12 ed33 ed74 ed73 ed74 ed74 ed93 ed74 ed34 ed33 ed74 ed53 ed93 ed53 ed73 ed32 ed32 ed53 ed11 e470 d3ce cb4c ba89 a1e9 9988 99a9 91aa 9a2c a1ea 99ca a28c a26c aaad aa4b c30d cb6e cb0d caab c249 c269 ba29 a9e8 9988 7907 70c7 68c7 68a7 5867 5067 5067 5088 5067 60a7 712a 712a 60a8 9a8c d4b2 dd34 d493 c3f0 b36f aacd 89cb 68e8 60c8 60a8 60c8 60e8 6989 79aa 6108 6908 7108 6909 6929 7149 7149 6928 68e8 6108 58e8 5887 58a7 60e8 58c7 60c7 60e8 60a7 68e8 60e8 68e8 6109 6108 6109 60e8 60c9 60c9 712a 8a2c a2ce b36f c3ae c3ae bbae b36e b34e b32e bb6d c3ae cc0f d42e d470 d46f d46f d490 d46f d44f d450 d46f d44f d46f d44f d44f d44f d450 d44f d44f d44f cc4f d44f d44f cc4f cc2f d42f d42f d42f d44f cc4f cc2e cc50 d42e cc2f cc2f cc6f d44f cc50 d450 cc4f cc4f d46f cc4f cc4f cc4f cc4e d44e cc2f cc2e cc4e cc4f c42f cc2e cc2f cc4f cc4f cc2f cc4f cc4f cc6e cc70 cc4f cc30 c450 cc4f cc50 cc50 cc50 cc30 c430 c430 cc30 c430 c430 c430 c42f c42f c40f bc10 bc10 b3f0 bbef bbef b3f0 bbcf bbd0 bbcf bb8e b38f b38f b38f b38f ab6f b36f 
aa09 aa09 aa2b aa0a aa2a aa2b b22a aa2a aa4a aa6b b24a b24a aa2a aa4a aa2a b209 b209 b209 a9e9 aa09 aa09 a1c9 a188 a188 99a8 a1a8 a9e9 b249 c28a cacb d2ca db4c dbac e3cc e3ce e40d e42e ec6e ec8f ecaf eccf eccf ecae f4af ecaf ecce ecef ecce f4ef f4cf ecee ecef f4ef f4f0 f4af ec8e e44d e40d e40e e3ac db4b d30b cacb ba8a aa2a a1a9 9169 9149 8949 8969 9189 9989 99a9 99ca a1c9 a1ea a22a a20a a1ea aa0a aa2a b22a b28c b24a aa2a aa09 aa0a b20a b22a b209 aa0a b209 b209 b20a b209 aa0a a9c9 b1e9 b20a b209 b1e9 b209 b209 b22a b1e9 b209 b209 ba09 ba29 ba49 ba29 ba09 ba49 ba6a ba4a ba6a c24a c28b d36e dbce dc0e e40f e40f dbee dbcd db8d db8d db6d db8b e4cf ccf2 aaed 920b 7949 9a4b b3d0 ab4f 81cb 60e9 60c8 81cc ab71 bb4f d30b dbce cb4d b26c 9969 70e7 89ca 91ca 7108 60a7 60a9 60a9 60ca 694c 79cd 82b1 8ad2 8a91 692b 60ea 60eb 610b 692c 79ee 8b53 8a90 694c 5068 4828 5088 69ab 9372 9b53 694a 5088 5088 5068 5087 6109 71ac 716b 60c8 5067 5067 5067 5089 5088 58e9 79ed 8a6f 8a8f 79cc 60a7 5067 5066 5046 5066 5866 5886 5887 60a7 5866 5067 5067 5888 58a8 6108 720a 826f 79ce 58e8 5087 5066 4847 4026 4026 5887 8a4c bbae d44f cb2b ba8a ba8b c3b0 d514 e5b5 dd11 dc8f dcb0 dcd1 dcd1 dd32 dd74 ddb4 ddd5 e5f5 ddf6 dd94 dd12 d491 d451 d471 d472 d533 d574 ddb5 de16 e636 ddf4 cc8f bb0a b208 ba4a c26a ca8a caab d2ab caaa cacb d32c cb0c d2cb d2eb cb2d cacb b1ea 88e7 b229 d38d dbef e3ee dbaf d2ec c22a caed d30d ba29 a9a9 ba4a ba4b ba8c ba4a b20a a9c9 aa2a a1ea a189 a9ca a1ca b1eb ba4a ca8b d34d e3ef e40f e410 e410 e42f ec50 ec70 e430 ec50 e470 ecb1 ecd1 ed33 ed53 ed33 ed53 ed93 ed94 ed94 ed94 f594 ed74 ed53 ed54 ed53 ed74 ed33 ecf2 ecd1 ecf1 e4f1 dc4f cb6e c28c b24b a1ea a1cb a20b aa4b b28c baed b2ad b22b b26b bacb ba8b baab cb0c cb0c ca8a ba29 a9c7 a9a8 a1c9 99a8 8948 78e7 70e7 7929 68e7 5887 58a8 50a7 50a8 5067 60c7 714a 712a 5888 920b cc51 dd35 d4b3 cbf0 bb4d aaad 91eb 7149 60a7 60a7 60a7 60c8 6928 796a 60c8 60e8 7129 6909 6928 7169 7148 6929 60c7 58c7 5908 58a7 58a7 6108 60c8 60a7 60e8 60c7 60a7 60e7 60e7 6108 60a7 60c8 6108 690a 712a 818b 9a8e ab0f bb6e c3af c3ae bb8e bb6e bb4d b34d c38e c3ce cc0f d44f d44f d46f d46f d46f d44f d46f d450 d44f d44f d44f d42e d46f d42f d430 d42e d42e d44f d44f d46e d44e d42e cc50 d44f cc2e cc2f d42f cc2f d44f cc2f cc2e cc4f cc4f d46f d44f d44e d44f d46f d46f d44f d44e cc6f cc4f cc4f cc2e cc4f cc4f cc2e cc4e c40f cc2f cc4f cc4f cc4f cc2f cc4f cc4f cc4f c450 cc4f cc4f cc70 cc50 cc50 cc50 cc50 cc30 cc51 c450 cc71 cc50 c430 c430 c410 c40f c430 c430 c450 bc30 bc10 c40f bbf0 b3d0 b3cf b3af b38e b38f abaf abaf b38e b36e b36f 
aa09 aa09 aa2b aa0a aa2a aa2b b22a aa2a aa4a aa6b b24a b24a aa2a aa4a aa2a b209 b209 b209 a9e9 aa09 aa09 a1c9 a188 a188 99a8 a1a8 a9e9 b249 c28a cacb d2ca db4c dbac e3cc e3ce e40d e42e ec6e ec8f ecaf eccf eccf ecae f4af ecaf ecce ecef ecce f4ef f4cf ecee ecef f4ef f4f0 f4af ec8e e44d e40d e40e e3ac db4b d30b cacb ba8a aa2a a1a9 9169 9149 8949 8969 9189 9989 99a9 99ca a1c9 a1ea a22a a20a a1ea aa0a aa2a b22a b28c b24a aa2a aa09 aa0a b20a b22a b209 aa0a b209 b209 b20a b209 aa0a a9c9 b1e9 b20a b209 b1e9 b209 b209 b22a b1e9 b209 b209 ba09 ba29 ba49 ba29 ba09 ba49 ba6a ba4a ba6a c24a c28b d36e dbce dc0e e40f e40f dbee dbcd db8d db8d db6d db8b e4cf ccf2 aaed 920b 7949 9a4b b3d0 ab4f 81cb 60e9 60c8 81cc ab71 bb4f d30b dbce cb4d b26c 9969 70e7 89ca 91ca 7108 60a7 60a9 60a9 60ca 694c 79cd 82b1 8ad2 8a91 692b 60ea 60eb 610b 692c 79ee 8b53 8a90 694c 5068 4828 5088 69ab 9372 9b53 694a 5088 5088 5068 5087 6109 71ac 716b 60c8 5067 5067 5067 5089 5088 58e9 79ed 8a6f 8a8f 79cc 60a7 5067 5066 5046 5066 5866 5886 5887 60a7 5866 5067 5067 5888 58a8 6108 720a 826f 79ce 58e8 5087 5066 4847 4026 4026 5887 8a4c bbae d44f cb2b ba8a ba8b c3b0 d514 e5b5 dd11 dc8f dcb0 dcd1 dcd1 dd32 dd74 ddb4 ddd5 e5f5 ddf6 dd94 dd12 d491 d451 d471 d472 d533 d574 ddb5 de16 e636 ddf4 cc8f bb0a b208 ba4a c26a ca8a caab d2ab caaa cacb d32c cb0c d2cb d2eb cb2d cacb b1ea 88e7 b229 d38d dbef e3ee dbaf d2ec c22a caed d30d ba29 a9a9 ba4a ba4b ba8c ba4a b20a a9c9 aa2a a1ea a189 a9ca a1ca b1eb ba4a ca8b d34d e3ef e40f e410 e410 e42f ec50 ec70 e430 ec50 e470 ecb1 ecd1 ed33 ed53 ed33 ed53 ed93 ed94 ed94 ed94 f594 ed74 ed53 ed54 ed53 ed74 ed33 ecf2 ecd1 ecf1 e4f1 dc4f cb6e c28c b24b a1ea a1cb a20b aa4b b28c baed b2ad b22b b26b bacb ba8b baab cb0c cb0c ca8a ba29 a9c7 a9a8 a1c9 99a8 8948 78e7 70e7 7929 68e7 5887 58a8 50a7 50a8 5067 60c7 714a 712a 5888 920b cc51 dd35 d4b3 cbf0 bb4d aaad 91eb 7149 60a7 60a7 60a7 60c8 6928 796a 60c8 60e8 7129 6909 6928 7169 7148 6929 60c7 58c7 5908 58a7 58a7 6108 60c8 60a7 60e8 60c7 60a7 60e7 60e7 6108 60a7 60c8 6108 690a 712a 818b 9a8e ab0f bb6e c3af c3ae bb8e bb6e bb4d b34d c38e c3ce cc0f d44f d44f d46f d46f d46f d44f d46f d450 d44f d44f d44f d42e d46f d42f d430 d42e d42e d44f d44f d46e d44e d42e cc50 d44f cc2e cc2f d42f cc2f d44f cc2f cc2e cc4f cc4f d46f d44f d44e d44f d46f d46f d44f d44e cc6f cc4f cc4f cc2e cc4f cc4f cc2e cc4e c40f cc2f cc4f cc4f cc4f cc2f cc4f cc4f cc4f c450 cc4f cc4f cc70 cc50 cc50 cc50 cc50 cc30 cc51 c450 cc71 cc50 c430 c430 c410 c40f c430 c430 c450 bc30 bc10 c40f bbf0 b3d0 b3cf b3af b38e b38f abaf abaf b38e b36e b36f 
aa09 aa09 aa2a b22a b229 aa2a b22a aa4a b24a b24a aa0a aa4b aa29 aa4a aa29 b209 b209 aa29 aa09 a9e8 a9e9 a1a9 a1a8 a1c9 a188 a1c8 a9e9 b229 c28a caeb d30b db6c dbac e3cc e40d e40e ec2e ec6e eccf ecae eccf eccf eccf f4d0 ecce eccf eccf eccf eccf f4ce eccf f4ef f4ef f4cf ecae ec8e ec4e e42e e40d e3cc db8c d34c cacb ba6a a9e9 a1a9 9169 8949 8949 8948 9189 99a9 9989 9988 99a9 a1c9 a1c9 a1e9 a20a aa0a aa0a b22a b20a b22a b22a b209 aa0a b22a b22a b22a b209 b209 b229 b229 b209 b20a b1e9 b209 b24a b229 b209 b209 b209 b209 b22a b209 b229 ba09 ba49 ba49 ba29 b24a b24a b24a ba4a ba8b c26b caeb dbad dbcd dbee dc2e dc2f dbef dbcd dbce dbcd db8d e38c f4cf edb2 dd0f ccb0 b38e c36f dcd1 dc30 c32f aaad a2ce ab31 ab0f b26c caaa d32b d32c b26b 8108 6108 6949 6908 5087 50a8 58ca 692c 716d 798d 822e 8b33 8af2 716c 714c 714d 716d 716d 71ac 826f 8b11 8250 50a8 4027 4827 5027 60e9 7a4d 8af1 79ed 50a8 50a8 58a8 5088 58e8 7a0d 81ed 60c9 5087 5087 4867 4847 5068 58a8 71ac 8a8f 8ab0 822e 60c8 5067 5087 5066 5847 5846 5867 58c7 60a7 5887 5867 5066 5087 5887 5047 5067 58e7 698b 71ad 5068 4026 4826 4827 5087 8a0a bbef d44f c30c aa2b aa4b c38e d534 e5b4 e531 dc8f dcb0 dcb0 e4f1 dd52 dd93 e5b4 e5d5 e5f6 e615 ddd5 dd73 d4f2 d4b1 d4b2 d492 d513 dd74 dd94 de15 de56 d572 bb6b a208 a9e9 b1c8 ba29 c249 c249 ba29 b209 b208 b209 ba29 b229 ba49 ba69 b26a a1c8 88e7 6866 8927 ba8a d3ad d34b c2cc a988 9127 aa2a b26b 9968 a9eb ba6b c2cc caed c22a b1ea c26b c28b ba4b ba2a ba4a ba2b ba0a c22a caab d2ec db4e dbae dbf0 e3f0 e3ef e40f e450 e450 ec2f e430 ec71 ec91 ecf2 ed33 ed73 f594 f594 f5b4 edb4 ed95 ed94 ed73 ed53 ed74 ed74 ed74 ed73 ed12 ecb1 e470 dc10 d36e c2ec bacc baed bb0d bacd ba8a b28b bacb baab aa09 9168 99a8 9988 9168 a209 b208 a1a8 a9c8 9968 8947 8968 9168 9148 8908 78e7 7927 8189 68e8 5888 5888 5087 5087 5088 60e8 714a 794b 58a8 922b c451 dd55 d4f3 cbcf bb2d a2ac 924b 89eb 60a7 5887 58a8 60c8 6108 79eb 6908 6928 6969 6928 6949 6948 6908 6908 60a7 58c8 58a7 5887 6087 60c8 60e7 60c7 60e8 60e7 60e7 6108 60c8 58c7 5887 60a8 60e8 6909 796a 920c a2ee b34f c38f c3ae bbae bb6e bb2d bb2d b32d c38e cbce d44f d44f d46f d46f d44f d42f d44f d44f d42f d42f d44f d42f d42e d44f d44f d42f d42f d42e d44f d42e d44f d44e d44f cc2f cc4f d42e d42f d42e cc4f cc2f d42f cc4e cc6f cc4f cc4f d44e cc6f d46f d46f d46f d44f d44e cc2f cc4e cc4f cc4f cc4f cc4f cc4f cc2e cc2f cc2f cc2f cc2f cc2f cc2f c450 cc2e c410 c42f cc50 cc4f cc4f cc4f cc6f cc4f cc50 cc50 cc50 cc71 cc50 c430 c430 c40f c40f c40f c410 c42f c450 c430 c430 c410 bbf0 bbf0 b3ef bbcf bbaf b3af b3af b3d0 b3af b38f ab6f 
b1ea b20a aa2a aa09 aa2a aa0a b22a aa6c b22a b24a aa29 aa2b aa09 aa2a aa29 aa09 aa2a aa09 a9e9 a9c8 a1e9 a1c9 a188 99a9 a168 a1a8 a9e9 b209 c28a caea d2eb db6c db8c e3cd e3ed e42d e44e ec6d ecae eccf ecee ecee eccf ecef f4ce ecce f4cf eccf f4ee ecee ecce eccf eccf ecae ec8e ec6e ec4e e42f e40d e3cc db8d db4c cacb ba4a aa2a a188 9968 8969 8929 8949 9168 99a9 9989 9988 9989 a1a9 a1c9 a22a a1ea a1ea aa09 aa09 aa0a aa0a b22a b209 b22a b22a b209 b209 b209 a9e9 aa09 b229 b209 aa09 b1e9 b209 ba29 b1e8 b1c9 b1c9 b209 b209 b229 b209 b209 b209 b22a b20a b22a b26b b28d b28d b2ed c36f cb6e d36d db8d dbad dbcd dc2e dc2e dc0f dc0e dbee dbed dbcd e3ac ec4d f52f f50d ed0d e4ae dc8f e4d1 e4b1 dc0f d34d bacc 9a0a 89aa 8969 9168 9988 8928 70c8 58a7 592a 59ab 5909 5088 58ea 694d 79ae 81ee 8a70 9332 9333 714b 5868 714c 79ae 79cf 79af 696b 828f 9311 820e 5068 4027 4027 4847 58c9 71ec 720c 8290 60e9 5088 5888 5089 6129 79ed 820e 60c8 5088 5088 5067 5047 5068 58c9 612a 7a0d 826e 8ad0 79cd 58c8 4866 5087 5887 5887 5887 5887 5887 60a7 6066 5887 5887 5867 5887 5087 4846 5065 612a 610b 4827 4006 4846 7969 b38e d470 cb8c b22a aa4b bb4e dd13 e5d3 e531 dc90 dcb0 dcd0 dcd1 dd11 e573 e5b3 e5f5 e5f6 e616 de16 ddb4 d554 d533 d4d2 d4f2 d4f3 dd54 ddb5 de36 de14 cc6f a249 9967 9988 a9e9 a9e8 a9c8 a9c8 a9e8 aa09 a1e9 8947 9127 9127 8907 9147 8947 8967 78c6 7086 6866 70a6 8967 a208 a1a7 8947 7086 6866 78e7 8107 78e8 9189 b26a c30d c2cc a9a9 b20b caed caab caab ca8b ca6b ca8b c26b ca6b d2ab d2ec db0d db4e db8e dbcf e3ef e40f e430 e40f e3ef ec10 ec50 ec91 ecb2 ed32 ed73 f594 f593 f594 edb4 edb4 f5b4 ed74 ed73 ed74 ed53 ed74 ed73 ed32 e491 dc10 db8e cb8e cb4e bb0d c30c c32c b28a 99a7 8968 9187 8927 78a6 70a6 70a6 70a7 70c7 80e7 8107 7907 8107 8127 8108 8927 8948 8907 80e7 8148 8168 7907 6087 5887 5887 5047 5067 5888 60e8 716a 796b 6088 920b cc31 dd54 d514 c3f0 b2cc a2ad 9a8c 89ca 68c8 58a7 58a8 60c8 6128 79eb 6929 6908 7129 6949 7129 6908 68e8 60c7 58c7 60a7 58a7 60a7 6087 60a8 60a7 58e8 58c7 60c8 60c7 60e8 60e8 58a7 5087 5887 60c9 6909 81ca 9aad b34e bbae bbcf c3ae bb8e bb6e b32d b32e bb6e c3cf cc2f d42f d46f d470 d46f d46f d44f d470 d44f d44f d44f d44f d42f d42f d430 d44f d42f d42f d44f d44f d42e d44f d42e d44f d42f cc2f cc2f cc2f cc2e d42f cc2f d42f cc4f d42f d42f cc4f d44e cc4f d44e cc4f cc4f cc4f cc4f cc4f d44e cc2f cc4f cc2f cc2f cc2e cc2f cc0f cc2e cc2f cc4f cc2f cc4f cc70 c42f c430 cc4f cc4f cc4f c450 cc2f cc4f cc4f cc50 cc50 cc50 cc50 c410 c410 c42f c40f c40f c3ef c3ef c410 c410 c40f c410 bc0f bbcf bbf0 bbf0 c3cf bbd0 bbcf bbaf b3af b3af b390 b38f 
b20a b22a aa4a aa2a aa2a aa29 aa09 aa4a aa2a aa09 b1e9 aa0a b209 aa09 aa09 aa29 b24a b209 a9e9 a1e9 a1e9 a1c8 a1a8 9989 9968 a188 a9c9 ba29 c28a d2eb d30b db4c db8b e3cd e3ed e40d e42e ec8e ec8e ecaf ecce ecee ecce ecee eccf ecee ed0f f4ee f4ce ecce ecee ecef ecef eccf ec8e ec6e ec4e e42e e40c e3cc db8c d32b caeb ba6a aa2a a188 9168 8968 9169 9128 9148 9148 9168 9989 a1a9 a1a9 a1c9 a1e9 a1ea a20a aa0a aa09 b20a b209 b209 b209 b22a b229 b209 b229 b229 b209 b209 b209 b209 b1e9 b209 a9e9 b1c8 b1e8 aa0a b209 b1e9 b1c9 b209 b1e9 b209 b1e9 b20a b24b b2ee b350 bb70 bb90 c3d1 d42f d3cf d3ae db8c dbcd dbcd dbed dc0e dbee dbee dbef dbee e3ed e3cc e3ed ec0d e3ac d32b caaa db4c e42f e48f d3ae bace 9149 6086 68c8 60a7 5867 5047 5067 4867 4888 512a 59cc 6a0d 694c 71ae 71cf 79ce 8a70 9373 9333 79cd 6089 58aa 690b 798d 8231 79ce 71ac 82b0 8af1 718c 5088 4868 4848 4867 610a 7a0f 6949 7a2e 71ac 5868 5068 5088 58e8 7a2e 822e 58a8 5067 5067 5047 4847 5068 50a9 50c9 612a 720d 9352 8ad1 71ad 58c9 5087 5067 5067 58a7 5887 5866 60c8 6087 60a7 60a7 5866 5887 5046 4846 4866 4866 58a9 4847 4847 6908 ab4d d430 d3ce ba8b aa0a bb0d d513 e5b4 e510 dcb0 dcb0 dcd1 dcf1 dd12 dd53 e594 e5f4 e617 e616 e616 ddd6 dd94 d593 d573 d533 dd33 dd74 ddf5 e636 dd92 bb6b 9187 9148 9988 9968 a1a8 9967 9127 78e7 78c7 8947 8948 78e7 70e7 70e7 70c7 68a7 70c7 68a6 6886 68a7 6886 68a6 68a6 70a6 6886 6886 6066 6066 5866 6067 6046 7066 8907 a1ea a1c8 aa2b c32d d36e d30d d2cc d2ab d28b d2eb d2cd d2ab d2ab d30d db2d db2d db6e db8e e3ce e3ef e410 e3ee e40f e40f ec50 ec91 ecd1 ed32 ed73 f594 f573 f574 f594 ed95 edb4 f594 edb4 ed94 ed73 ed93 ed53 e4d1 dc2f d3ae cb0c baeb b28b 91c9 91c9 8947 78c6 7086 70a7 68a6 68a7 6887 68a6 6887 6887 68a7 68a7 68c7 68e8 70e8 70e7 70e8 8108 8127 8128 8107 8148 7928 6886 5867 5887 5887 5067 4847 5067 5887 716a 818b 6088 89aa c431 dd13 d4f3 cc72 aaed a2ed a2cd 89ca 796a 6909 58a8 60a7 6928 81eb 7169 6908 6909 7149 6928 68e8 6907 60c7 60a7 60a7 60c7 60c7 60c7 60a7 60a7 58a7 58a7 60a7 60c7 60e8 58e8 50a7 5067 5067 58a8 6109 89eb a2cd b36f c3af c3ef bbae bb8e bb6e bb6e bb4d bb8e cbee cc0f d44f d46f d470 d48f d44f d44f d46f d46f d450 d44f d44e d42f d42e d42f d44f d42e d44f d44f d42f d44e d44e d46f d44f cc4f d40e d42e d42e d42e d42f d44f d450 cc4f d42e d42e cc4f cc4f cc4f d46f d44f d46f cc6f cc6f d46e cc2e d42f cc0e cc4f cc2f cc2e cc2f cc2f cc0e cc4f cc50 cc2f cc4f cc2f c410 c42f c42f cc4f cc50 cc4f cc4f cc30 cc50 cc50 cc30 cc30 cc50 c430 c430 c410 bbef bc0f c40f c3f0 c40f bbef c40f bc0f bbf0 bbd0 bbef bbf0 bbcf bbef bbd0 b3af bbcf b3cf b3b0 ab8f 
b20a b22a aa4a aa2a aa2a aa29 aa09 aa4a aa2a aa09 b1e9 aa0a b209 aa09 aa09 aa29 b24a b209 a9e9 a1e9 a1e9 a1c8 a1a8 9989 9968 a188 a9c9 ba29 c28a d2eb d30b db4c db8b e3cd e3ed e40d e42e ec8e ec8e ecaf ecce ecee ecce ecee eccf ecee ed0f f4ee f4ce ecce ecee ecef ecef eccf ec8e ec6e ec4e e42e e40c e3cc db8c d32b caeb ba6a aa2a a188 9168 8968 9169 9128 9148 9148 9168 9989 a1a9 a1a9 a1c9 a1e9 a1ea a20a aa0a aa09 b20a b209 b209 b209 b22a b229 b209 b229 b229 b209 b209 b209 b209 b1e9 b209 a9e9 b1c8 b1e8 aa0a b209 b1e9 b1c9 b209 b1e9 b209 b1e9 b20a b24b b2ee b350 bb70 bb90 c3d1 d42f d3cf d3ae db8c dbcd dbcd dbed dc0e dbee dbee dbef dbee e3ed e3cc e3ed ec0d e3ac d32b caaa db4c e42f e48f d3ae bace 9149 6086 68c8 60a7 5867 5047 5067 4867 4888 512a 59cc 6a0d 694c 71ae 71cf 79ce 8a70 9373 9333 79cd 6089 58aa 690b 798d 8231 79ce 71ac 82b0 8af1 718c 5088 4868 4848 4867 610a 7a0f 6949 7a2e 71ac 5868 5068 5088 58e8 7a2e 822e 58a8 5067 5067 5047 4847 5068 50a9 50c9 612a 720d 9352 8ad1 71ad 58c9 5087 5067 5067 58a7 5887 5866 60c8 6087 60a7 60a7 5866 5887 5046 4846 4866 4866 58a9 4847 4847 6908 ab4d d430 d3ce ba8b aa0a bb0d d513 e5b4 e510 dcb0 dcb0 dcd1 dcf1 dd12 dd53 e594 e5f4 e617 e616 e616 ddd6 dd94 d593 d573 d533 dd33 dd74 ddf5 e636 dd92 bb6b 9187 9148 9988 9968 a1a8 9967 9127 78e7 78c7 8947 8948 78e7 70e7 70e7 70c7 68a7 70c7 68a6 6886 68a7 6886 68a6 68a6 70a6 6886 6886 6066 6066 5866 6067 6046 7066 8907 a1ea a1c8 aa2b c32d d36e d30d d2cc d2ab d28b d2eb d2cd d2ab d2ab d30d db2d db2d db6e db8e e3ce e3ef e410 e3ee e40f e40f ec50 ec91 ecd1 ed32 ed73 f594 f573 f574 f594 ed95 edb4 f594 edb4 ed94 ed73 ed93 ed53 e4d1 dc2f d3ae cb0c baeb b28b 91c9 91c9 8947 78c6 7086 70a7 68a6 68a7 6887 68a6 6887 6887 68a7 68a7 68c7 68e8 70e8 70e7 70e8 8108 8127 8128 8107 8148 7928 6886 5867 5887 5887 5067 4847 5067 5887 716a 818b 6088 89aa c431 dd13 d4f3 cc72 aaed a2ed a2cd 89ca 796a 6909 58a8 60a7 6928 81eb 7169 6908 6909 7149 6928 68e8 6907 60c7 60a7 60a7 60c7 60c7 60c7 60a7 60a7 58a7 58a7 60a7 60c7 60e8 58e8 50a7 5067 5067 58a8 6109 89eb a2cd b36f c3af c3ef bbae bb8e bb6e bb6e bb4d bb8e cbee cc0f d44f d46f d470 d48f d44f d44f d46f d46f d450 d44f d44e d42f d42e d42f d44f d42e d44f d44f d42f d44e d44e d46f d44f cc4f d40e d42e d42e d42e d42f d44f d450 cc4f d42e d42e cc4f cc4f cc4f d46f d44f d46f cc6f cc6f d46e cc2e d42f cc0e cc4f cc2f cc2e cc2f cc2f cc0e cc4f cc50 cc2f cc4f cc2f c410 c42f c42f cc4f cc50 cc4f cc4f cc30 cc50 cc50 cc30 cc30 cc50 c430 c430 c410 bbef bc0f c40f c3f0 c40f bbef c40f bc0f bbf0 bbd0 bbef bbf0 bbcf bbef bbd0 b3af bbcf b3cf b3b0 ab8f 
aa09 aa09 aa4a aa4a aa29 b209 aa2b aa09 aa0a b209 aa0a aa2a aa09 aa09 aa09 aa09 a9c8 a9e9 a22a aa0a a1e9 a1a8 a1c9 99a8 9988 9988 a1a8 ba09 c289 d2ca d30b db4b db8c dbce e3cd e3ed ec4d ec8e ec8f ecae ecce eccf ecef f4ee f4ce ecef ecef ed0f ecef f4ce ecee ecd0 eccf ecaf ecae ec6e ec2d e42d e3ec e38c db6b d30b caca ba4a aa09 99c9 91ca 9189 8968 8928 9128 9968 9988 9989 9989 a188 a1a9 a9c9 a1c9 a1e9 b209 b209 b209 b22a b209 b229 b229 b209 b1e9 b209 b209 b1e8 b209 b209 b1e9 b1e8 b209 a9e9 b209 b1e9 a9e9 b208 b1e9 a9c8 b1c8 b1c8 a9ea a9c9 aa2b bb0e c412 c411 cc71 d553 dd52 d3ab d34b dbad dbac dbcc e3cd dbcd dc0e e3ed e3ee dbce e3cc e3ee e40e e40e dbed cb8d baac a1ea aa0b ba6b bb0d b34f 9a6d 812a 6067 5067 5087 4847 4027 4027 4888 592b 71ee 7a2f 7a0f 71ae 79ae 81f0 822f 9374 9bf4 92b1 798d 60eb 690b 714c 8230 8a72 716d 79ed 8af1 9332 79cd 5088 4888 4868 5088 5908 822f 6109 6109 71ad 714b 50a8 5088 58e8 7a6e 8a70 58c8 5067 5067 5067 5047 5067 5067 5069 5089 58ea 826f 9b53 9333 8271 698c 58a9 5087 5087 5087 5866 6087 6066 58a7 60a7 5887 5046 5046 4887 48c8 4047 4006 4826 60e8 9aed cc71 d42e c30c b24b b2cd d492 e5f6 dd52 dc8f dcd1 dcf1 dcf1 dd11 dd32 e573 e5d5 e5f5 e616 ddf5 ddd5 ddb5 dd74 dd53 dd74 dd52 dd73 e615 e614 ccce a248 8906 8907 9128 9127 8907 8907 80e7 80c7 70a7 6887 68a7 70a7 68a7 68a7 68a7 6886 6887 6886 6887 6887 6886 68a7 68c8 68a6 60c6 60e7 60c7 60e8 6086 5866 5846 5846 6066 6046 6866 78c7 a9ea cb2d d36e d34f d30d d2ec d2ab d2ec d2cc d2cb d2cc db0c db4d db4e db6d db6d e38e e3ce e3ce e3ef e40f e40f ec30 ec71 ecf1 ed12 ed33 f594 f5b4 f594 f5b5 f5b5 f5d5 f5f5 f5d5 f5b4 ed73 ed72 ecf1 dc4f cb6c bacb a1e9 8127 7928 68c7 68a7 68a7 6887 6886 70a6 68a7 68a6 6886 6886 6886 6886 68a7 68a7 68c7 68c7 68c7 68c7 70c7 70c8 70c7 7907 8128 7948 68a7 6066 5886 60a7 5867 5067 5067 5047 58a7 798a 818b 6088 816a c431 dcd2 dd14 d471 b34f aaac a26c 89ea 79a9 7149 60c8 5887 60e8 79aa 7169 6929 6908 6908 7148 6908 6908 60a7 6087 5887 60c7 58a7 60c8 60a7 5887 60e9 60e8 68e7 60e8 60e8 58e8 50a7 5067 4867 5888 6909 924c ab0e bbaf c3af c38e c38e bb8e bb4d bb4d c36d c3af cc0e cc2f d46f d44f d44f d46e d46f d44f d44f d44e d470 d44f d44e d42e d42e cc4f d44f d42f d40f d40e d40f d44f cc4f d42e d42f d450 d42f d42e d44f d44e d44f cc2f cc2f d42e cc2f d44f cc50 cc2f cc4e cc4f d44f cc4e cc4f cc4e d44f cc2e cc2f cc2e cc4e cc2f cc2f cc4f cc2f cc0f cc2f cc2f cc4f cc2f cc2f c40f c44f c430 cc4f c42f cc30 cc30 cc30 cc30 cc50 c42f c451 cc30 c42f c430 c42f bc0f bc0f c3ef bc10 bbcf bbef bbef bc0f bbef bbf0 bbcf bbf0 bbcf b3d0 b3cf b3af b3af b3af b38f b38f 
aa09 aa09 aa2a aa2a aa2a aa09 a9ea aa09 a20a aa2a aa0a aa0a a9e9 a9e9 a9e9 a1e9 a9c9 a1e9 a209 a1e9 a1c8 99a8 99a9 9988 9968 9989 9988 b1e8 c249 caaa d30a d32b db8c e3ad e40d e40e e46e ec6e ec8e ec8e ecae ecef f4ce eccf f4ef ecef ecef ecef f4ef f4ef ecef eccf eccf f4cf ec8e ec4e ec2c e40d e3cc e3ac db8c d34c caca ba6a aa09 99a9 91aa 8969 8928 8928 9148 9188 9989 99a8 99a8 99a8 a1a8 a1c9 99a9 a1a8 aa09 a9e9 a9e9 aa09 b24a b22a b209 b229 b1e9 b209 b1e9 b209 b209 a9c9 b1e9 b209 a9e9 a9e9 aa09 a9e9 a9c9 a9c8 a9a9 a9a8 a9a9 a9a9 a9ca aa2b b30f c432 d472 dcd1 ee12 f651 ed4e d2ea d32b db6c dbac dbcd e3cd dbac dbce e3ed e3ee e3ee e3cd e3ef e3ee dbef d3ae bb0d a28c 89ca 7109 68c8 81aa 926d 922b 7909 5867 4867 4868 4027 4848 4889 614c 8291 9313 92b2 820f 798d 716d 820e 8af3 9373 820c 79ce 8251 79ae 714c 718d 8292 71ae 718d 8270 9393 9353 79cd 4868 4067 50a9 5067 58e8 7a0f 690a 5047 60c8 71ad 692c 58a9 58e8 7a4e 92d2 60c9 5087 5088 5067 5047 5067 4846 4847 4848 5069 60e9 828f 9333 9312 92f2 8250 718c 50a8 4846 4825 5846 5866 5887 60a7 60c8 5067 4846 4887 4888 4026 4027 5087 924b c42f d4b0 c2ca b22a c2ed cc71 ddd5 e5b2 dcaf dc8f e4d0 dd10 dcf0 dd33 dd32 e574 e5d5 e616 e616 ddd5 ddb5 ddb5 dd74 dd94 dd94 dd72 e5f4 ddf4 c42d 99e7 80e7 80e7 8907 8927 80c7 7886 78a6 70a7 7087 6887 68a7 68a7 68c7 68c8 68a7 6887 6886 6886 6066 6087 6087 6067 6067 6908 60e8 7148 81eb 79a9 7108 68a7 6087 5886 5887 5066 5867 5867 6046 7887 a168 ba49 caed d32d d32d d2ec d2ed d2ed d2ab d2cc daec daec db4e db6e db4d db8e e38f e3ad e3ef e410 e40f ec50 ec91 ecf2 ed33 ed73 f594 f5b5 f5f6 f5d5 f5f5 f5f5 f5f5 f5f5 edb4 ed73 e4f1 d40e baaa 99a8 8148 70e8 60e8 60c8 60a7 60c7 6108 60c7 68a7 70e7 7908 7107 68c7 6887 6887 68a7 68a7 68a7 68c7 70c7 6908 6928 68c7 68c7 70c7 78e7 78e7 70a7 6887 6086 60a7 6087 5887 5087 5067 5087 58c8 714a 712a 6088 7969 bbf1 dcb2 dd14 d452 bb4f a28c 9a4b 8a2b 7989 7169 714a 60c8 60e8 798a 7129 6929 6908 6928 7128 60c7 60c7 6087 58a7 58a7 60a7 60c7 60c7 60a7 60a7 60e8 60e8 60e8 60e8 6108 58c7 50a8 5068 5067 5888 796a 9a6c b34e c3cf c3ef c3ae bb8d bb6e bb6e c36e cbae cc0f cc4f d46f d46f d46f d46f d46e d44f d44f d44f d44f d44e d44f d42f d40f cc0f d44f d42e d40f d42f cc2f cc0e cc0f cc2e cc0f d44f d40e d42f d44f d44f d44f d42e cc0f cc2e d42f d40f d44e d42f d42e cc4f d44f cc2f cc2f cc2f d42e cc4e d42e cc2f cc2e cc2f c42f cc2f cc4f cc2f cc2f cc4f cc2f cc2f c430 cc2f c42f cc2f cc30 cc0f c42f cc31 cc2f cc10 cc2f cc50 c42f c430 c410 c3ef c3ef c40f c40f c3ef c3cf bbef bbf0 bbef bbcf bbef bbcf bbef bbcf bbcf b3cf b3af b3d0 bbaf b3af b3cf b38f b38f 
a1c9 a1c9 a1e9 a1e9 a209 aa09 a1e9 a1c9 a1e9 a209 a1e9 a1e9 a9e9 a9c8 a1c9 a1e9 a1e9 a9c8 a1e9 a1a8 99a8 9987 9968 9148 9148 9188 99a8 a9e9 ba49 c28a d2eb db2b db8c dbcd e3ec e40c e46e ec6e ecae ecaf ecaf ecce f4ee eccd eccd ecee ecee eccf ecef f4cf ecee ecce f4ee ecce ec8e ec4d ec2c e40d e3cc e3ac e36c d32b cacb ba6a aa09 9988 9148 8928 8928 8928 9148 9148 9988 9988 99a8 99a9 a188 a1a8 a1a8 a1c8 aa09 a9c9 a9e9 a9e9 aa09 b209 b209 b209 b1e8 b1e9 a9c9 a9e9 a9e9 a9c9 a9e9 aa09 b209 a9e9 a9e9 a9e8 a9c9 a1a9 a9a9 a189 a18a a18a b22b c3f1 d555 dd74 dcf1 f612 fe91 fdef e3eb d2aa d34b db8b db8b dbad dbac e3ad e3cd e3ed e40d e40e dbcd d3ae cb8e c36f bb6f a2ee 922b 7129 58a8 68e9 7989 7949 7108 6087 4847 4848 4048 4048 50a9 7230 8af2 9312 8ab0 81ee 710b 60c9 696c 8af2 8b11 71ed 60c9 612a 7a4f 79ef 798d 79ee 8210 694c 71ad 8b53 9c35 9312 71ac 4868 4047 5088 50a9 6129 71cd 692a 5068 5088 612a 79cf 716d 58e8 7a6e 9b74 714a 5087 50a8 58a8 58a8 5067 4866 5067 5067 5068 5068 58e9 720d 9312 9b54 9311 8ad1 79ef 690a 5088 5067 5046 5846 6087 5866 5046 4867 4888 4047 4827 5087 81ea bbaf d4b0 c34b a9e9 b26c cc52 e5d5 e5d3 dccf dcaf dc8f e4b0 dcf2 dd12 dd53 e573 e5b4 e5f6 e637 e616 ddd5 ddd5 dd95 dd94 ddb4 e5d4 ddf5 dd92 b36b 9167 8927 8907 80e7 80e7 8107 70c7 6887 6887 6087 6087 68a7 6887 6887 68c7 68a7 68a7 68a7 6066 6066 6067 6087 5867 6087 68a9 716b 79ab a2ee b3d1 ab70 a2ee 89ca 7128 60a6 5866 5067 5887 5867 5846 5867 6887 9148 b22b cacb d32d d34c d32d d2ed d2cc d2eb daec db0d db2d db4d db4d db8f e38e e38e e3ae e3cf e410 ec50 ec90 ecf2 ed53 ed54 f5b4 f5f4 f615 f5f6 f5f6 f615 f635 f5f4 edb4 dcf1 c34c 91a8 78e7 68e8 60a8 60a8 60e9 58e9 58c8 60c8 68e9 68a8 6887 898a 9a6d 9a8d 91ea 8169 78e8 6887 6087 6087 60a7 68c7 6907 68e7 68e8 68e8 70c7 70c7 70a7 68a7 6086 60a7 6087 60a7 5866 5066 5088 58a8 60c8 716a 794b 6068 7949 bbd0 dc92 dd34 d4b3 bbb0 9a2b 920b 8a0b 7969 68e8 7109 68e9 6928 79ab 7189 6929 6908 6908 6908 68c7 60a7 5887 58a7 58a7 58c7 60a7 60a7 60a7 60c8 60a7 60c7 60e8 60e8 58e8 58c8 58a8 5088 5888 68e8 89eb aacd bb6e c3ae c3ae c38e c3ae bb6e b36e c36e cbce cc2f cc70 d46f d46f d44f d44f d44e d46f d44f d44f d42f d42f d42f d40e d40e cc2f d40e cc2f cc0f d42f cc0f cc4f d42e d42e d42f d40f d42e cc2f cc0e d44e d470 d44f d42e cc2f d42f d40f d42f d42e d44f d46f d450 cc2f d42f cc2f cc4e d42f cc2f cc0f cc4f cc2e cc0e cc2e cc30 cc2f cc4f cc4f cc0f cc2f cc2f cc0f cc2f c40f c40f c40f c430 c430 c430 cc10 cc0f cc30 c42f c40f c410 bc0f c3ef c3ef bbef bbef bbef bbcf bbef bbce bbaf bbaf b3af bbaf bb8f b3cf b3cf b3af b3af b3cf b3af b38f b38f b38f 
a1c9 a1c9 a1e9 a1e9 a209 aa09 a1e9 a1c9 a1e9 a209 a1e9 a1e9 a9e9 a9c8 a1c9 a1e9 a1e9 a9c8 a1e9 a1a8 99a8 9987 9968 9148 9148 9188 99a8 a9e9 ba49 c28a d2eb db2b db8c dbcd e3ec e40c e46e ec6e ecae ecaf ecaf ecce f4ee eccd eccd ecee ecee eccf ecef f4cf ecee ecce f4ee ecce ec8e ec4d ec2c e40d e3cc e3ac e36c d32b cacb ba6a aa09 9988 9148 8928 8928 8928 9148 9148 9988 9988 99a8 99a9 a188 a1a8 a1a8 a1c8 aa09 a9c9 a9e9 a9e9 aa09 b209 b209 b209 b1e8 b1e9 a9c9 a9e9 a9e9 a9c9 a9e9 aa09 b209 a9e9 a9e9 a9e8 a9c9 a1a9 a9a9 a189 a18a a18a b22b c3f1 d555 dd74 dcf1 f612 fe91 fdef e3eb d2aa d34b db8b db8b dbad dbac e3ad e3cd e3ed e40d e40e dbcd d3ae cb8e c36f bb6f a2ee 922b 7129 58a8 68e9 7989 7949 7108 6087 4847 4848 4048 4048 50a9 7230 8af2 9312 8ab0 81ee 710b 60c9 696c 8af2 8b11 71ed 60c9 612a 7a4f 79ef 798d 79ee 8210 694c 71ad 8b53 9c35 9312 71ac 4868 4047 5088 50a9 6129 71cd 692a 5068 5088 612a 79cf 716d 58e8 7a6e 9b74 714a 5087 50a8 58a8 58a8 5067 4866 5067 5067 5068 5068 58e9 720d 9312 9b54 9311 8ad1 79ef 690a 5088 5067 5046 5846 6087 5866 5046 4867 4888 4047 4827 5087 81ea bbaf d4b0 c34b a9e9 b26c cc52 e5d5 e5d3 dccf dcaf dc8f e4b0 dcf2 dd12 dd53 e573 e5b4 e5f6 e637 e616 ddd5 ddd5 dd95 dd94 ddb4 e5d4 ddf5 dd92 b36b 9167 8927 8907 80e7 80e7 8107 70c7 6887 6887 6087 6087 68a7 6887 6887 68c7 68a7 68a7 68a7 6066 6066 6067 6087 5867 6087 68a9 716b 79ab a2ee b3d1 ab70 a2ee 89ca 7128 60a6 5866 5067 5887 5867 5846 5867 6887 9148 b22b cacb d32d d34c d32d d2ed d2cc d2eb daec db0d db2d db4d db4d db8f e38e e38e e3ae e3cf e410 ec50 ec90 ecf2 ed53 ed54 f5b4 f5f4 f615 f5f6 f5f6 f615 f635 f5f4 edb4 dcf1 c34c 91a8 78e7 68e8 60a8 60a8 60e9 58e9 58c8 60c8 68e9 68a8 6887 898a 9a6d 9a8d 91ea 8169 78e8 6887 6087 6087 60a7 68c7 6907 68e7 68e8 68e8 70c7 70c7 70a7 68a7 6086 60a7 6087 60a7 5866 5066 5088 58a8 60c8 716a 794b 6068 7949 bbd0 dc92 dd34 d4b3 bbb0 9a2b 920b 8a0b 7969 68e8 7109 68e9 6928 79ab 7189 6929 6908 6908 6908 68c7 60a7 5887 58a7 58a7 58c7 60a7 60a7 60a7 60c8 60a7 60c7 60e8 60e8 58e8 58c8 58a8 5088 5888 68e8 89eb aacd bb6e c3ae c3ae c38e c3ae bb6e b36e c36e cbce cc2f cc70 d46f d46f d44f d44f d44e d46f d44f d44f d42f d42f d42f d40e d40e cc2f d40e cc2f cc0f d42f cc0f cc4f d42e d42e d42f d40f d42e cc2f cc0e d44e d470 d44f d42e cc2f d42f d40f d42f d42e d44f d46f d450 cc2f d42f cc2f cc4e d42f cc2f cc0f cc4f cc2e cc0e cc2e cc30 cc2f cc4f cc4f cc0f cc2f cc2f cc0f cc2f c40f c40f c40f c430 c430 c430 cc10 cc0f cc30 c42f c40f c410 bc0f c3ef c3ef bbef bbef bbef bbcf bbef bbce bbaf bbaf b3af bbaf bb8f b3cf b3cf b3af b3af b3cf b3af b38f b38f b38f 
a9e9 aa09 a20a a9c8 a9e9 a20a a1e9 a1e9 a1e9 a1e8 a9ea aa09 a1c9 a1c9 a1c9 a1c9 a1c9 a1c9 99e9 9988 99c9 9988 9188 9148 9148 9148 9968 a9e9 ba49 c2cb d2ea db2b e36c e3ac e3cc e40c ec4d ec8f ecae ecef ecce ecef eccf ecce ecce ecce ecee f4ef eccf f4ef ecee ecce ecef ecce ec8e ec6d ec2c e40d e3ec e38b db4c d30b caaa ba69 b1e9 9989 8948 8948 8948 8908 9128 9948 9988 9988 a1a9 a1a9 a1a8 a1e9 a1e9 a1c9 a1e9 aa09 a9e9 a9e9 b1e9 b1e9 b20a aa09 b1e9 a9e9 a9c8 aa09 b209 a9c9 a9c8 a9c8 b209 a9c9 a9a9 a9a8 a1e8 a1a8 a189 a169 a149 a189 c30b edf4 f634 ed71 ed30 fe50 fe4f ecec d2c9 caca d34c db8c db8b dbac e3ac e3cc e3ed e40d e40d dbcc cb0c b26b bb4e c38f bb2d a28d 91ca 7109 798b 818a 68e7 5867 5067 5068 4869 4848 4027 50c9 7a30 9c15 9b93 824f 692a 58a9 5867 614a 8312 8ad0 6129 50a8 48a9 50c9 698c 79ee 79ee 8270 79ef 718d 822f 9c14 9c14 828f 6109 4888 4867 4847 50a8 5908 698c 696a 50a8 50a9 58c9 612a 694b 60e9 720c 9bb4 79cc 5087 50a8 58a8 58a8 58a7 5087 5067 5087 5067 5067 5088 58e8 71cc 82af 8a4f 79ec 7a2e 79ee 824f 79ad 60a9 5866 5866 5846 4846 4847 4047 4027 4867 798a b38e d450 cbac aa2b a22a c3cf e595 e5f5 e510 dcb0 dcb0 e4f1 dd11 dcf1 dd33 dd52 dd52 ddd5 de16 de17 ddf6 e5d6 ddf5 ddb5 dd94 ddf4 de35 d531 aaca 8927 8907 9948 9148 9127 8108 78c7 6866 6066 6087 60a7 60a7 6086 68a7 68a7 6087 6066 68a7 6887 6087 5867 5887 60a7 714a 70e9 7909 89eb a32f bc93 d596 d597 c4f5 b3d1 9aae 89eb 68c7 5866 5046 5846 5067 5867 6047 70a7 9989 ba69 d2eb d32d d2eb d2cb d2ac dacb dacb db0d db0c db0c db2e e34d e38e e3ae e3af e3ce e40f ec30 ec70 ecd1 ed33 ed74 f5d5 f5f5 f636 f636 f616 f636 f635 edf4 dcd0 baeb 8927 6087 58a7 58c8 5888 5888 5888 58c9 58ea 68e8 798b 8a50 81ac 89ab b413 bc12 b36f a2ac 91ca 78e8 6087 5846 5866 6066 60a6 68c7 68e8 68c7 70c8 68e7 68c8 6087 6066 68a7 68a7 60c7 6087 5867 5067 5887 60a7 798a 792a 6068 7929 bbd0 d491 dd54 d4d3 c3f1 9a2b 89c9 922c 798a 6909 7109 68e8 6928 81cb 79aa 6928 7108 6928 6908 60c7 60a7 60a7 6087 58a7 58c7 60a7 60a7 60a7 60a7 60c7 60e8 60e8 58a7 58c7 58c8 5088 58a8 60c9 798a 9a6c b32e c38e cbee cbaf c3ae c3ae bb8e c36d c3cf cc0f cc2f d46f d46f d48f d44f d42f d44f d44f cc4f d44f d44e d42f d44f d42e d42e d40f cc2e d40f d42e d40e cc0e d40f d42f d42f d40f d40f cc2e cc0f cc0f d40e cc2f d44f d42e cc0f cc0f d42e d42f cc4f d44f d44f d42f cc2f cc0f cc0f cc2f cc2f d42e cc2f cc2f cc2f cc2e cc2e cc4f cc2f cc2f cc2f cc2f cc0f cc2e cc30 cc4f c42f c410 c40f c40f c430 c430 c430 c430 c42f c410 c3ef c40f c3cf c3f0 c3ef bbef bbcf bbcf bbcf bbcf bbaf b3af b3af b3af b38f bbaf b3cf bbaf bbaf b38f ab8f b3cf b38f ab8f b38f 
a9e9 a1e9 aa29 aa0a aa0a a20a a1e9 a1c9 a9e9 a1c8 a1e9 a20a a1c9 a1c9 a1c9 a1a9 a1c9 a1c8 a1a9 9988 9968 9988 91c9 9168 9148 9148 9988 a9c8 ba29 c28a d30a db4c db6b dbcd e3ed e40d ec4d ec8f ecae ecce eccf ecef ecce eccf ecce f4ef ecef f4ee ecce f4f0 f4ef ecef ecee ecae ec8f ec6d e44d e40d e3cc e3ac db6b d30b caca c269 b209 99a8 9168 8948 8948 8948 9148 9968 9989 a188 a1a9 a1a9 a1c9 a9e9 a9e9 a9e9 aa0a aa09 a9e9 a9e9 b209 b1e9 b1e9 b209 b1e9 b1e8 b209 b209 b1e9 a9c8 b209 aa09 a9c9 a9c9 a9a8 a9a8 a9c8 a188 a189 a189 a16a a189 db4b f613 edd4 ed11 f590 fe0f ecec db4b caab caeb d34c db6c db8c dbcc e3cd e3cc e40c e40d e3ed d32d aa0b 99eb bb0d cb4e c34e aa8c 818a 796a 81ab 70e8 5067 4847 4867 50a9 50a9 5069 58c9 7a6f 9352 8aef 820d 60a9 5028 5088 614b 82f1 8af0 6949 4847 4848 4048 5088 612c 7a0e 8ad2 8af2 8a50 822e 826f 9352 9312 718a 58c9 50a8 5088 5067 50e9 50a7 6109 6109 5087 5087 58c9 5088 5888 58a8 69aa 9392 8a90 58c8 50a8 58a8 5888 58a8 5887 5087 58a8 5887 5887 58a8 58c7 58c8 6108 60e8 5887 58c7 6129 71eb 7a2d 79ac 60c9 5887 5046 4826 4826 4027 4026 68e8 aaed d450 cc0e b24a a1eb b32e d534 e5f5 dd10 dc90 dcb2 dcd0 dd32 dd32 dcf1 dd33 dd54 dd74 e616 e637 e616 e5f6 ddd4 e5f5 e5f4 de15 ddf5 c4ae a269 8947 9168 99a8 9988 9148 8907 78e7 68a6 6066 6046 6067 60a7 68e7 7928 8189 8128 6086 68a7 7128 7108 6067 5047 5046 5886 79aa 81cb 7909 818a 9acd ccf3 e618 e638 ddb7 d556 c4f5 b494 9a8d 8149 6887 6067 70e8 898a 896a 80e8 9148 ba4a cacb d2ed d2ab caab ca8b d28a d2cb db0d daec db2c db2d db6d e38e db8d dbae e3ce e40f ec30 ec70 ec91 f513 f594 f5f5 f616 fe57 f677 f656 f675 ee15 dcf1 baca 8968 68a7 60a7 58a8 58a8 5888 58a8 5868 5088 60ea 68c9 822b ac35 a353 81aa bc52 ccb5 c432 bb90 aa8c 9189 70c8 6087 5867 6067 6066 68a6 68c7 68a6 68c7 68e8 60c8 6087 60a7 60a7 60a7 60a7 6087 5046 5066 5887 60c8 798a 790a 6048 70e8 bb8e d491 dd33 d4b2 c3b0 9a2c 91ea 922c 8a0c 7149 6929 7129 6928 820b 7169 6908 7108 6948 6908 60e8 60a7 6087 5887 60a7 60a7 60a7 60e7 6108 60e8 60e8 58c7 58a7 58a7 58a8 50a7 5888 60a9 712a 8a0b aacd bb4e c3cf cbce cbef c3ae bb8e bb6e c38e cbcf cc0f d44f d46f d44f d46f d44f d44f d44f d44f d44f d44f cc4f d42e d44e d42e d40e cc0f d42f d44e d42f d42f d40e d40e d40f cc2f cc0e d40e d42f d40e cc2f cc2f cc2f cc2f cc0e d42f d40e cc2f cc4f cc30 cbee d40f cc0f cc2e cc2e d42e cc2f cc4f cc2f cc30 cc2e cc2e cc2e cc2e cc0e cc2f cc2f cc2f cc2f cc0f cc2e c42f c42f c40f c410 c40f c40f c42f c430 c430 c430 c410 bc10 bbcf bbee bbef bbcf bbef bbcf bbcf bbaf bbaf b3af b38f b3cf b3af b38e b36e b38f b3af b38f abaf ab8f b38f abaf abaf ab8e ab6f 
aa09 aa09 aa29 aa4a aa29 aa09 a1c9 a20a a20a a1c9 a9e9 a20a a1e9 a1e9 a1e9 a1c9 a1c9 a1a8 a1a8 9988 9968 9188 9188 9148 9127 9148 9988 a9e9 ba49 c2ca d30b db2b db6b e3cd e3ed e42d e46e ec8f ecce ecce eccf ed0f ecee eccf eccf ecef eccf ecef ecce f4f0 ecef f50f ecef ecef eccf ec8e e42d e40d e3cc e38c db4b d30a caca ba49 a9e9 9989 9128 8948 9148 9148 9168 9988 a1a9 a1a8 a9c9 a1e9 a1ea aa0a aa09 a9e9 aa09 aa09 aa09 b209 b229 a9c9 a9c9 aa09 b1e9 a9e9 aa09 aa09 aa09 b1e9 aa29 aa08 a9c9 a9c9 a9c8 a9c8 a9c8 a9a8 a188 a1a9 9969 9949 c269 dcf0 e594 e532 f5d1 f5d2 e4b1 d3f0 cb4d d32b d32b d38c dbad e3ad e3cd e3cc e3cc e3ed dbed c30e a22c b2cd cbae dbcd d36d a1ca 68e8 7949 816a 60a8 4888 4068 4888 610b 610b 696b 7a70 82d0 79cc 6129 58c9 5027 5088 694b 8290 7a4e 696b 50a8 4868 4068 4869 50aa 718d 822e 9374 9313 8230 820e 7a0d 8b32 8ad1 60e9 58a8 50a8 5088 5087 5929 50a8 5087 5087 5047 5067 58e9 50a8 5068 5088 6128 8b10 9b94 698b 58a7 60e9 58a8 5867 5066 5087 5867 5887 60a8 58a8 58a7 58e8 58a7 58a7 5087 5067 5087 5928 616a 6129 58c9 58a9 5888 60eb 60ec 5869 58a8 9a4b c40f d40e ba8b a1ca b30d d514 e616 e571 dc8f dcf1 dd32 dd32 dd52 dd33 dd33 dd54 dd95 e616 e637 e617 e616 e5f6 e5d5 e5f4 e634 de15 c44e 9a08 9188 99a8 a1a8 9988 9127 80c7 70a7 68a7 68c7 5887 6067 6887 68c7 7928 91e9 9a2b 91aa 68a7 6908 89eb 89cb 7109 5867 4847 5066 6928 8a4d 794b 60a9 7149 c452 e619 e619 e5d7 e5b7 e5d6 ddb6 c473 ab2f 91aa 80e8 8907 aa2a bacd a9eb a148 b1c8 c2ab caac ca8b ca8b ca6a ca8b d30d db0c daec db0c db2d db2c e36e e34d e36d e3ce e40f ec50 ec91 ecf2 f554 f5b4 f636 f657 fe77 fe96 f676 f635 dd11 bb2b 99a8 80e7 68a7 60c8 6108 6929 68e8 58c8 5088 5067 6109 68e9 7989 9b2f a2f1 81aa bbd1 d516 cc93 c432 bb2e a1ea 8948 70c7 60a7 6087 60a7 6108 68a7 6886 68a7 68e8 68c8 60a7 6087 60a7 60c7 58a7 58a7 5047 5047 58a7 6908 81eb 792a 5868 68c8 b36f d4b2 dcf3 d4b3 c3d1 a26d a9ca 89ea 926e 796a 6929 7169 7149 81eb 7149 6929 6908 6908 60e7 60c7 6087 5887 6087 60c8 60e8 58a7 60c7 60e7 60c7 6108 58a7 5887 5887 58a8 50c8 58c9 6909 818a 9a6d ab0e c38e cbae cbae cbae c3ae c38e bb8e c38e cbef cc4e d46f d44f d44f d46f d44f d44f d42f d42e d44f dc4f d42f d44f d42e cc2f cc0f cc0f cc2f cc2f cc2f d40e d40e d40e cc0f cc4f cc2e d44e d42f d40e d40e d42f cc2f d42f d40f d40e d42f cc2f cc0f cc0f cc0f cc2e cc2f d40f cc2e d42e cc0f cc0f cc4f cc2f cc2f cc2f cc2f cc0e cc0f cc2f cc2f cc0e cc0e c410 cc0f c3ef bbef c3ef c3ef cc0e c40f c40f c40f c40f c40f bbf0 bbef bbf0 bbcf bbef bbcf bbcf bbef bbcf b3af bbaf b3af b38f b38e b38f b38e b38e b38f b38f ab8f abaf ab6f ab6f ab6f ab6f ab8e a36f 
aa09 aa09 aa29 aa4a aa29 aa09 a1c9 a20a a20a a1c9 a9e9 a20a a1e9 a1e9 a1e9 a1c9 a1c9 a1a8 a1a8 9988 9968 9188 9188 9148 9127 9148 9988 a9e9 ba49 c2ca d30b db2b db6b e3cd e3ed e42d e46e ec8f ecce ecce eccf ed0f ecee eccf eccf ecef eccf ecef ecce f4f0 ecef f50f ecef ecef eccf ec8e e42d e40d e3cc e38c db4b d30a caca ba49 a9e9 9989 9128 8948 9148 9148 9168 9988 a1a9 a1a8 a9c9 a1e9 a1ea aa0a aa09 a9e9 aa09 aa09 aa09 b209 b229 a9c9 a9c9 aa09 b1e9 a9e9 aa09 aa09 aa09 b1e9 aa29 aa08 a9c9 a9c9 a9c8 a9c8 a9c8 a9a8 a188 a1a9 9969 9949 c269 dcf0 e594 e532 f5d1 f5d2 e4b1 d3f0 cb4d d32b d32b d38c dbad e3ad e3cd e3cc e3cc e3ed dbed c30e a22c b2cd cbae dbcd d36d a1ca 68e8 7949 816a 60a8 4888 4068 4888 610b 610b 696b 7a70 82d0 79cc 6129 58c9 5027 5088 694b 8290 7a4e 696b 50a8 4868 4068 4869 50aa 718d 822e 9374 9313 8230 820e 7a0d 8b32 8ad1 60e9 58a8 50a8 5088 5087 5929 50a8 5087 5087 5047 5067 58e9 50a8 5068 5088 6128 8b10 9b94 698b 58a7 60e9 58a8 5867 5066 5087 5867 5887 60a8 58a8 58a7 58e8 58a7 58a7 5087 5067 5087 5928 616a 6129 58c9 58a9 5888 60eb 60ec 5869 58a8 9a4b c40f d40e ba8b a1ca b30d d514 e616 e571 dc8f dcf1 dd32 dd32 dd52 dd33 dd33 dd54 dd95 e616 e637 e617 e616 e5f6 e5d5 e5f4 e634 de15 c44e 9a08 9188 99a8 a1a8 9988 9127 80c7 70a7 68a7 68c7 5887 6067 6887 68c7 7928 91e9 9a2b 91aa 68a7 6908 89eb 89cb 7109 5867 4847 5066 6928 8a4d 794b 60a9 7149 c452 e619 e619 e5d7 e5b7 e5d6 ddb6 c473 ab2f 91aa 80e8 8907 aa2a bacd a9eb a148 b1c8 c2ab caac ca8b ca8b ca6a ca8b d30d db0c daec db0c db2d db2c e36e e34d e36d e3ce e40f ec50 ec91 ecf2 f554 f5b4 f636 f657 fe77 fe96 f676 f635 dd11 bb2b 99a8 80e7 68a7 60c8 6108 6929 68e8 58c8 5088 5067 6109 68e9 7989 9b2f a2f1 81aa bbd1 d516 cc93 c432 bb2e a1ea 8948 70c7 60a7 6087 60a7 6108 68a7 6886 68a7 68e8 68c8 60a7 6087 60a7 60c7 58a7 58a7 5047 5047 58a7 6908 81eb 792a 5868 68c8 b36f d4b2 dcf3 d4b3 c3d1 a26d a9ca 89ea 926e 796a 6929 7169 7149 81eb 7149 6929 6908 6908 60e7 60c7 6087 5887 6087 60c8 60e8 58a7 60c7 60e7 60c7 6108 58a7 5887 5887 58a8 50c8 58c9 6909 818a 9a6d ab0e c38e cbae cbae cbae c3ae c38e bb8e c38e cbef cc4e d46f d44f d44f d46f d44f d44f d42f d42e d44f dc4f d42f d44f d42e cc2f cc0f cc0f cc2f cc2f cc2f d40e d40e d40e cc0f cc4f cc2e d44e d42f d40e d40e d42f cc2f d42f d40f d40e d42f cc2f cc0f cc0f cc0f cc2e cc2f d40f cc2e d42e cc0f cc0f cc4f cc2f cc2f cc2f cc2f cc0e cc0f cc2f cc2f cc0e cc0e c410 cc0f c3ef bbef c3ef c3ef cc0e c40f c40f c40f c40f c40f bbf0 bbef bbf0 bbcf bbef bbcf bbcf bbef bbcf b3af bbaf b3af b38f b38e b38f b38e b38e b38f b38f ab8f abaf ab6f ab6f ab6f ab6f ab8e a36f 
aa29 aa29 aa29 a9e9 a9e9 aa2a a9e9 a20a a209 a209 a9e9 aa0a a1c9 a1ea a1e9 a1c9 a1c9 a1a9 9988 99a8 9988 9988 9168 9148 9128 9148 99a8 a1e9 ba49 caaa d32c db4b db6b e3cc e3ed e42d ec4d ec8e ecce ecee ecef ecee ecef ecee ecaf eccf ecee ecee f50f ed0f ed0e f4ef ecef f4f0 ed10 ec8f e42d e40e e40c e38b db4c daea caca c269 a9e9 99a9 9169 8927 9127 9148 9968 a188 a188 9988 a1c9 a9c9 aa09 aa0a a9e9 a9e9 b1e9 b209 b209 b209 b209 b209 a9e9 aa09 aa09 a9e9 aa09 aa0a b24a b209 aa29 aa09 aa09 aa0a a9c9 a9c8 a9c8 a9c8 a1c9 a188 9108 80c8 9188 c3ee dd54 dc6f cc6c dd0e dd70 e593 dcd2 dc30 d3ce d3ce dbad db8c e3cd e3ad e3ad e3cd dbce c2ed b26b cb8e e40c dbac b24b 68a8 5067 60c7 68a7 5047 4868 4868 5088 71ad 8a90 8a90 826f 716b 5888 5048 5089 58a8 698d 79ee 716b 6109 694b 60eb 50a9 5089 5069 60eb 716c 7a0f 9394 8a70 716c 7a0f 7a2e 93b4 92d1 692a 58c9 58e9 58c8 50a7 5087 50a8 50a8 5067 5087 58a8 5888 50a8 5068 5068 58a7 7a2c 9bb4 7a0d 60e9 694a 60a8 5868 5047 5047 5067 5887 5867 58a7 58c8 6108 60a7 58a7 5066 5086 50c7 58e8 50e8 50a8 4867 5067 50a8 610b 716d 714c 8a0d b38f d42f bacb a9ea b28c d4b2 e636 e5d3 e4d0 dc70 dcd1 dcd0 dd12 dd72 dd53 dd94 dd95 ddf6 e616 e637 ddf6 ddf5 e616 e615 e615 ddf4 c42d a229 99c9 b229 b209 a9c8 99a8 9148 80e7 70c7 7087 6886 6086 6867 7067 78e8 8148 9a0a aaac a24c 7928 68e7 89eb 924d 89ec 7929 70e8 7128 81ea 92ad 816b 60c8 79eb c4d6 e639 e619 e5f8 e618 e5f7 e5f7 dd96 d493 baed 998a 90e8 a1a8 c2eb c2ac b1a9 a988 c229 caab ca6a c24a c24a c26b d2ab d2ac dacc db0c db2d db2c db4d e32e e36e e3ae ebef ec50 ecb2 ed12 f573 f5b4 f616 fe77 fe97 f696 f675 e593 cb6c aa09 9168 8969 8149 60c8 6929 81ca 79aa 6929 5887 5887 7149 81aa 7969 81ab 816b 796a b3d3 d515 d4b3 d452 cb6e b24a 9168 8108 70c7 6066 60a7 68e7 6066 6066 6886 68a7 68a7 60a7 5887 6067 6086 60c7 6149 5908 5887 6087 6908 8a0d 7109 5848 70e8 b34f ccd3 dd13 d4f3 c412 aaee 9168 81ea 926d 81eb 7149 7149 79eb 81ea 68e8 6908 6928 60e8 60c8 60a7 60c7 6087 60a7 60c7 60c7 60a7 60a7 58a7 60c7 58c7 58a7 5088 58a8 58a8 58e9 6109 7129 89eb a2ce b34e c3af cbce cbae c38e c38d bbae bb8e c3ae cc0f d42f d450 d470 d44f d44f d44e d44f d44f d44f d42f d450 d44f d46f cc51 cc0f cc2f cc2f cc0e cc0f d40f d40e d40e d42f cc0e cc0e cc0e d42e d42e cc0f cc0e d40e d40e d40e d40f d40e d42e cc0f cc0e d40e cc0e cc0f cc2e cc0e cc0f cc0f cbee d40e cc2f d40e cc2f cc2f cc0f cc0e cc2f cc0f cc0e cc2f cbee c40f c40f c40f c3ef c40f bbef c3ef c40f c40f c40f bbef c3ef bbef bbcf bbf0 bbcf bbcf bbd0 bbaf b3cf b3cf b3af b3af b3af b38f b36e b38f b38f ab8e ab8e ab6e ab6e ab4e ab8f ab4e ab6f abaf b3af b3cf 
b209 aa09 aa0a aa0a aa2a aa2a a9e9 a1ea a22a aa09 a9e9 aa09 a9e9 a1c9 a1e9 a1e9 a1c9 99a9 99a9 99e9 99a8 9988 9968 9148 8927 9147 9988 a1e9 ba49 c2aa d30b d32a db6b dbcd e3ed e42e ec6e ec6e ecae ecef eccf ecef ecef ecef ecef ecef ed0f ed0e f52f ed10 ed0e f510 f4ef ecce ecaf ec8e ec4e e42d e3cc e38b db4b db0a d2ca c26a b229 a1c9 9168 9127 9148 9148 9948 99a9 9988 a188 a1c9 a9e9 a9e9 b22a aa09 b209 b229 b209 b209 b209 b229 b209 b209 b249 b229 b229 b229 b22a aa4a b209 b1e9 b1e9 b209 b22a a9e9 a9e9 aa08 a9e9 99a8 8908 6867 6868 8168 bc0e d575 bb90 91ca 89a8 9a88 cc2b e550 edd4 e574 e4b2 e40e dbee dbcd e3ee e3ed dbcd cb4d baac 99a9 a229 aa49 91a9 7108 5067 4867 5067 5068 4868 4868 50c9 694c 8af2 9312 820d 714b 60ca 5068 4887 612b 71ad 71cd 716c 60a9 58e9 71ad 71ad 58c9 5889 58aa 60eb 694b 82b1 9374 8a51 798d 79ce 82d0 9c56 8af1 6909 58a8 50a8 50a8 50a8 50a8 58a8 58a8 58a8 5087 60e9 5887 5087 5068 5068 58a8 696a 8b31 9312 718c 6909 5887 5887 5087 5888 5087 5887 5887 5887 58c7 6109 5887 5866 5066 5066 5887 5887 5087 4866 4887 4867 4867 4847 50a8 798b 9aaf b34f aa8b 91ca a26d c3f0 dd74 e572 dc8f d430 cbef cc10 cc30 d4b2 d4f3 dd34 ddb5 ddf5 e616 e617 de16 ddf6 ddd5 de15 de36 ddb3 c3cd aa6b a20a b24a c28b ba6b b24a a9e9 a1a9 9988 9168 8928 78e7 6866 6846 7066 8908 9168 99ea b2cb b30e 9a4c 7949 68e8 79aa 920c 91eb 89ea 8a0b 89ca 7929 70c8 796b a394 cdf9 e65a e639 ee58 ee58 ee17 ee37 e5f6 e554 d3f0 ba6c 9949 9128 ba29 cacc c22a b1a9 b9c8 c24a c24a c22a c24b c26b ca8c d28c d2ab d2eb d30c db2e db0d db4e e3af e40f ec0f ec50 ecd2 ed12 f574 f5d5 f657 fe77 fe76 f676 edf4 dcb0 bacb a1a9 99c9 a26c 9a2c 7929 70e8 8a0b 924c 8a0b 816a 8149 89ea 926c 89cb 812a 70c8 8a0d c475 d4f5 dc92 dc11 cb8f baab 9968 8107 78e7 6866 6066 6066 5866 5866 6066 6086 60a6 6087 58a7 6087 5886 58a7 58a7 5087 5887 5887 6929 8a2c 68e9 5848 68c8 ab0d d4d3 dd12 d534 cc31 b34e 898a 79aa 926d 8a0b 818a 7169 820b 81eb 68e8 68e8 7128 6909 60c7 58a7 5887 58a7 60c7 60c7 58c7 60c8 60e8 60c8 60c7 60e7 58c8 58c8 58c8 58e8 58c8 68e9 796a 924c aaed bb8e c3af c3ce c3ad c38e c36e bb8e bbae c3ef cc0f cc2f d44f cc70 d44f d44f d46f d44f d44f d44f d42f d450 d46f d44f cc30 cc0e cc2f d42f cc4f cc0e cc0e cc0e d42e cc2f d40e cc0e cbee d3ee cc0f cc0f cc0e d42f d42f d40f d42f d42f cc2f d42f cc0f cc0e cc0e cc2e d44f cc2e d42f cc2f d42f d40e d40e d40e cc2e cc2f cc0f cbef cc0e cc0f c40e c3ef cbef cc0f c40f c42f c3ef c40f c3ef c3ef c3ef c3ef c3ef bbcf bbaf bbef bbef bbd0 bbcf bbaf bbcf bbaf b3af b3af b38e b36e ab8f ab6e b38e b36e b34d ab6e ab6e ab6e ab6e ab6f abaf b3af b3d0 bc10 bc50 c450 
b22a b22a aa09 aa0a aa2a aa2a a9e9 a9e9 a209 a9e9 aa09 a9e9 a24a a20a a1e9 a1c9 a1e9 99c9 99c9 99c9 9188 9188 9168 9148 8907 9127 9948 a9a8 b229 c2aa d2ea d30a db6c e3ac e40d e42e e44e ec8e ec8e ecce eccf ecef ecef ecef ecee ed0f ed0f ed0f f50e f50f ed0f ecef ed0f eccf ecaf ecae e44e e42e e3cc e38b db4b d32b caca c289 b209 a1c8 9989 9168 9148 9988 9988 99a8 9968 a9a8 a1a8 a9e9 aa09 a9e9 a9e9 b209 b229 ba49 ba29 ba29 b229 b1e9 b229 b249 b229 b24a b209 b229 b22a b22a b22a b209 ba4a baab b26a a1e9 99a8 9188 8127 70e7 6087 5868 60a7 9207 ccd0 c494 924d 81cb 928e ab2f dcb1 f5f2 fe74 f5f2 ed94 e532 e4af e48e e44c bb0c 9189 70e6 5866 5887 5867 58a8 58a8 4888 4867 4868 5089 5089 58ea 71cd 822f 8a4e 79cc 6929 58a9 58a9 5889 58e9 698d 71cd 610b 694b 60ea 610a 698c 79ee 60eb 5889 60cb 694c 71ce 8b74 9bb5 92d3 8a10 7a0e 9392 a496 92f2 690a 50a8 4888 50a8 50a8 58c8 60c9 58a8 50a7 58a8 6109 5887 5067 4867 5068 5068 6909 824d 9352 79cc 6088 5887 58c8 58a7 60c8 5887 5887 58a7 58a7 58c7 60e9 5887 5886 5887 5867 5067 5067 5067 4866 50a8 4888 4848 4868 58e8 8aad ab71 9aac 898a 920c ab50 c473 ccd3 c410 c3f0 c432 c451 c492 cd14 d534 d595 ddb5 ddd6 ddf6 e5f6 e5f6 e5f5 ddf5 de15 de15 cd31 bb4b a22a aa6c ba4b c2ab c2cc caec c2ac ba6c b24b b24b b22a a1e9 99a9 80e7 6866 6867 80c7 9128 a1c9 aa6a b2ec b2ed 9a4d 7969 68e8 7128 7969 7969 7929 712a 710a 81cc a3b4 cd99 e659 e659 e659 ee38 ee38 ee16 edf6 edd5 e512 dc30 caed b20b a989 b9e9 cacb caab c22a b9e9 c22a ca4a ca6b c2ac ca6b ca4b d28c d2cc dacc db0c db2d db2d e36d e3ae e410 ec30 ec70 ecd2 ed33 f5d5 f636 fe57 fe97 f696 f676 e5b4 d3ae b24a aa0a b26b b30d b32f a26e 8129 7969 8a0b 926d 9a2c 920b 8a0b 89cb 816a 792a 89cc b3d4 d4f6 dcd4 dc72 d411 cb6f ba6a 9988 8128 78e7 6886 6886 60a7 6066 6066 6046 6886 6086 5866 5887 60a7 5867 5887 5867 5067 5888 60c7 79aa 8a4d 68a9 5848 60c8 a2ad d4d3 dcd2 dd34 cc51 b34f 91ca 7149 8a0c 89eb 816a 7969 81eb 81ca 6908 60e8 60c7 6908 60c8 58c7 60e8 58e7 58c7 60c7 60c8 60c7 6929 6908 60c8 60c7 5887 58a7 58a7 58a8 58a8 68c8 81cb 9a8c b34e c3ce c3ee c3ae c38d c38e bb6e bb6e c3ae cc0f cc0f cc2f cc4f d44f d44f d42f d44f d42f d44f cc4f cc4f cc2f d44f cc4f cc0f cc0f cc2e d40e cc2f cbee cc2f cc4f cc2e cc0e cc0e cc2f cc2f cc0e cc0f cc0e d40e d40f d42f cc2f cc0e d40f d42e d44f cc0e cc0e cc0f cc2e cc2f cc2f cc2f cc0f d42e cc2e d42f cc0e cc0e cc0f cc0f cc0e cc0e cbee cbed bbcf c3ef cc0f c40f cc0f c3ce c3ef c40f c40f c3cf bbcf c3ef c3ef c3cf bbcf bbaf bbcf bbae b3af bbaf bbcf bbae b38f b38e b34d ab6f ab6e ab8e ab4e b34d ab6f a36f ab6e b3af b3cf bbf0 c410 c430 cc70 ccb0 d4b0 
b22a b22a aa09 aa0a aa2a aa2a a9e9 a9e9 a209 a9e9 aa09 a9e9 a24a a20a a1e9 a1c9 a1e9 99c9 99c9 99c9 9188 9188 9168 9148 8907 9127 9948 a9a8 b229 c2aa d2ea d30a db6c e3ac e40d e42e e44e ec8e ec8e ecce eccf ecef ecef ecef ecee ed0f ed0f ed0f f50e f50f ed0f ecef ed0f eccf ecaf ecae e44e e42e e3cc e38b db4b d32b caca c289 b209 a1c8 9989 9168 9148 9988 9988 99a8 9968 a9a8 a1a8 a9e9 aa09 a9e9 a9e9 b209 b229 ba49 ba29 ba29 b229 b1e9 b229 b249 b229 b24a b209 b229 b22a b22a b22a b209 ba4a baab b26a a1e9 99a8 9188 8127 70e7 6087 5868 60a7 9207 ccd0 c494 924d 81cb 928e ab2f dcb1 f5f2 fe74 f5f2 ed94 e532 e4af e48e e44c bb0c 9189 70e6 5866 5887 5867 58a8 58a8 4888 4867 4868 5089 5089 58ea 71cd 822f 8a4e 79cc 6929 58a9 58a9 5889 58e9 698d 71cd 610b 694b 60ea 610a 698c 79ee 60eb 5889 60cb 694c 71ce 8b74 9bb5 92d3 8a10 7a0e 9392 a496 92f2 690a 50a8 4888 50a8 50a8 58c8 60c9 58a8 50a7 58a8 6109 5887 5067 4867 5068 5068 6909 824d 9352 79cc 6088 5887 58c8 58a7 60c8 5887 5887 58a7 58a7 58c7 60e9 5887 5886 5887 5867 5067 5067 5067 4866 50a8 4888 4848 4868 58e8 8aad ab71 9aac 898a 920c ab50 c473 ccd3 c410 c3f0 c432 c451 c492 cd14 d534 d595 ddb5 ddd6 ddf6 e5f6 e5f6 e5f5 ddf5 de15 de15 cd31 bb4b a22a aa6c ba4b c2ab c2cc caec c2ac ba6c b24b b24b b22a a1e9 99a9 80e7 6866 6867 80c7 9128 a1c9 aa6a b2ec b2ed 9a4d 7969 68e8 7128 7969 7969 7929 712a 710a 81cc a3b4 cd99 e659 e659 e659 ee38 ee38 ee16 edf6 edd5 e512 dc30 caed b20b a989 b9e9 cacb caab c22a b9e9 c22a ca4a ca6b c2ac ca6b ca4b d28c d2cc dacc db0c db2d db2d e36d e3ae e410 ec30 ec70 ecd2 ed33 f5d5 f636 fe57 fe97 f696 f676 e5b4 d3ae b24a aa0a b26b b30d b32f a26e 8129 7969 8a0b 926d 9a2c 920b 8a0b 89cb 816a 792a 89cc b3d4 d4f6 dcd4 dc72 d411 cb6f ba6a 9988 8128 78e7 6886 6886 60a7 6066 6066 6046 6886 6086 5866 5887 60a7 5867 5887 5867 5067 5888 60c7 79aa 8a4d 68a9 5848 60c8 a2ad d4d3 dcd2 dd34 cc51 b34f 91ca 7149 8a0c 89eb 816a 7969 81eb 81ca 6908 60e8 60c7 6908 60c8 58c7 60e8 58e7 58c7 60c7 60c8 60c7 6929 6908 60c8 60c7 5887 58a7 58a7 58a8 58a8 68c8 81cb 9a8c b34e c3ce c3ee c3ae c38d c38e bb6e bb6e c3ae cc0f cc0f cc2f cc4f d44f d44f d42f d44f d42f d44f cc4f cc4f cc2f d44f cc4f cc0f cc0f cc2e d40e cc2f cbee cc2f cc4f cc2e cc0e cc0e cc2f cc2f cc0e cc0f cc0e d40e d40f d42f cc2f cc0e d40f d42e d44f cc0e cc0e cc0f cc2e cc2f cc2f cc2f cc0f d42e cc2e d42f cc0e cc0e cc0f cc0f cc0e cc0e cbee cbed bbcf c3ef cc0f c40f cc0f c3ce c3ef c40f c40f c3cf bbcf c3ef c3ef c3cf bbcf bbaf bbcf bbae b3af bbaf bbcf bbae b38f b38e b34d ab6f ab6e ab8e ab4e b34d ab6f a36f ab6e b3af b3cf bbf0 c410 c430 cc70 ccb0 d4b0 
aa2a aa2a aa0a aa2a a20a aa09 aa09 aa09 aa09 aa0a aa09 a9ea a20a a209 a1c9 a1a8 99c9 99e9 99c8 99c9 9188 9168 9168 8928 8907 8948 91a9 a1a8 b229 c28a d2eb d32b db6c e3ad e3ed e40d e44e ec8d ecaf eccf ecee ed0e f4ef f4ee ecee ecef ed10 f530 f50f f510 f4f0 ed0f f4ef eccf eccf ecae ec4d e42e e3cc e38b db4b d2ea caaa c28a b229 a9c9 99a9 9168 9148 9968 9188 99a8 99a9 a1c9 a9a9 a9e9 b229 b209 b209 b209 ba09 ba29 ba29 ba29 b229 b229 ba09 ba29 b22a b26b b1e9 b1e9 ba2a ba4a ba29 baaa c30b b289 99a8 80e7 70a6 70c6 70e6 60a7 5887 5888 6068 7148 bb8e ccd4 b371 bb6e ccf2 d594 e553 f531 fe13 feb7 ff3a fed8 f655 ed70 c329 8149 60ea 4868 4887 4888 50a8 5088 5087 5068 4847 5068 50a9 58c9 71ad 824e 820d 712b 68ea 60ea 694c 692c 60eb 60eb 692b 79cd 696d 614b 610a 612b 692b 718c 71ae 718d 71ae 718d 7a2f 9bb4 9353 8a92 89ef 79ee 9330 9c35 9354 716c 58c8 4867 5067 5088 58e9 58a8 58a8 58c8 6109 6129 58c8 5088 50a8 5088 5888 60e8 718a 7a0c 7129 5867 5066 58a8 60e9 60c8 5887 5887 5867 5887 58c7 60c8 60e8 5866 5067 5086 4866 4846 5067 5087 50c8 50c9 48e9 6108 926c bbf0 bb2c 99a9 89aa ab0e c4d4 cd75 cc70 c40f cc91 d4f3 d532 dd32 dd93 e594 e5d5 e5f6 e616 de16 ddf6 ddf5 ddf5 de15 ddf4 cccf b2cb aa2a b26b ba8b c2ab c2ab caec cb0c cb0d caec cacc cb0d c2cc ba8b aa4b 99a9 80c7 6866 6866 8908 a9ea b26c ba8b bacc aaed a2ae 89ec 796a 70e9 70e9 714b 81ac 9af1 ac36 c598 de19 e618 edf8 edf7 ee17 edf7 edd6 edb5 ed53 e470 dbce d34d caed ca6c c20a ca69 d2cb caac c24a c24a ca6a d2ab cacc ca8b ca6b ca8c d2ac d2ed db0c db2d db4d db4d e38e e3cf e450 ec90 ecd2 ed74 f616 f678 fe97 feb7 f696 ee55 dd34 c30d aa0a b26c ba8b c32d c3d0 bbd2 a26e 89ab 81a9 81aa 89eb 89eb 81eb 796b 816b 928f b415 cd36 d535 dcf4 dc72 dbf1 cb0e b22a 9968 8108 78a7 6886 68a6 6886 6866 6866 6886 6886 60a7 5866 6087 6086 5866 5887 5867 5067 5888 60c8 81ca 8a2d 68e9 6089 68e9 9a6c d4b3 dcd2 dd54 c471 b370 91ec 6929 81ec 820c 81eb 81aa 8a0c 79aa 6908 68e8 60e8 60e8 60c8 58a7 60c8 60c8 60c8 60c8 58c7 60c7 6929 6908 60c7 60a7 5886 58a7 5087 5887 58a8 6908 8a2b a2cd b36e c3cf c3ef c3ae c3ae bbcf bb8e bbaf cbee cc2f d44f d46f d470 d46e d44f d44f d42f d44e d44e d40f d42f d42e d42f cc4f cc2f cc0e cc2e cc2f cc0f cc0e cc0f d42f cc0e cc0e cc0f cc2f cc2f cc0f cc0e cc2f cc0f cc0f d42f cc0e cc0f cc0e cc0e cc2f d42e cc2f cc0e cc0f cc0f cc0f d40e cc0f cc2f d42f d40e cc0e cc0e cc0e cc0e cc2f cc0f c40f c3ce c40f bc0f c40f c40f c3ee c3ef c3ef c40f bc10 bbef bbcf c3ef bbef bbcf bbaf bb8e bb8e b3af b3af b38f b38e b38f b38f b36e ab6e ab6f ab6e ab4e ab8e b38f b3cf b3cf b3f0 c42f c44f cc50 cc90 d4b1 d4d0 dcf0 dd31 
aa09 aa09 aa2a aa2a a20a aa09 aa09 aa09 a9e8 aa0a aa09 aa0a aa09 a1e9 a1e9 99a8 a1c9 a1e9 99c9 99a9 9988 9188 9168 8948 8928 8908 9189 a1e8 b249 c28b d2ca d32b db8b e3cd e3ee e40d e44e ec8e ecaf ecaf ecee ed0e ecee f50f f50e ecef ed0f f4ef f4f0 f50f f4ef ecf0 ecf0 ecef f4cf ecaf ec4d e42e e3ed e38c db4c d2ea caa9 c26a ba29 a9c9 99a8 9948 9989 9968 9988 a1a9 a1c9 a1c9 a9e9 b1e9 b209 b229 b229 b229 b209 ba49 b24a b249 ba49 ba29 ba29 ba49 ba29 b24a b209 b229 ba29 b229 a9e8 aa28 a248 80e6 70a7 68a7 794a 7109 68c8 70c8 7129 81ab 8a0d a310 bc11 d534 cc34 cbb0 e470 f551 ed31 edf5 f719 ffdc ffda ff36 e5b1 b36a 7107 610a 71ae 58ea 4867 4888 50a8 5067 4867 4867 4868 5069 60ea 71ce 8a50 820e 79ce 718d 71ae 71ae 71ae 694c 58ca 58a9 610b 71ee 79ee 698d 698d 79ee 79ae 79cd 824f 822f 79ce 696c 7a70 9394 8ab1 8272 716c 79ce 8af0 9c35 93b4 71ce 610a 5087 50a8 60e9 60e8 5888 5087 58a7 6129 60a7 5887 58c7 5887 5887 5867 60c8 6928 6108 60c8 5888 5887 6108 6929 60a7 5087 5887 5867 5887 5886 60a8 60c8 5846 4846 5087 4887 4827 4827 4847 50c9 50e9 6149 926c bbd0 cbce aa2a 99a9 aa8b ccd3 ddf6 dcf0 d3ee d42f dcd1 dd32 dd32 dd52 dd94 e5d6 e5d6 ddf6 de16 ddf6 ddf5 ddf4 ddf5 d572 c3ec b26a b22b ba8c caab c2ac c26b ca8b d2ac d2ac d30c d34e d30c d36e d32d caec c2ac aa2b a189 8129 8128 918a a9ea ba4b c28d c2ad c30e bb50 b330 aa8f 9a4f 9a6f a311 b3d2 c4f6 d597 e5d7 e5d8 e5f8 ee17 ee18 ee37 ee17 edf5 edb3 e4b1 dbae db2d db8e dbad db6f ca4b ca2a d2aa d30d caec ca8a ca6a ca8b ca6a d2ab d2ab d2cc d2cc d2ec dacc daed db0c db2d db6e e3ae e430 ec91 ed13 f5b6 f637 f698 f6b8 f6b8 f696 ee15 dcd1 c2ec b1ea a9ca aa2a b2cd c36e cbd0 bb91 a2f0 9a8e 8a0d 89ac 89cd 8a2e 9291 a353 bc96 d557 dd36 dd15 dcd4 dc72 d3d0 cacc b22a 9969 8908 70a7 68c7 68a7 68a7 6886 6886 6866 70a7 68c7 60c7 60c8 5867 5887 58e7 60e8 58a8 58a7 60c7 81cb 81eb 60c9 58a9 68c9 920b cc31 dcd2 dd55 cc92 b3b0 9a2d 7129 798b 8a4c 81eb 81eb 8a2c 79aa 7169 60e8 60a8 58a7 60c7 60c8 58c7 60c8 58c7 58a7 5887 60a7 68e7 68e8 68e8 60c7 58c7 58c8 5887 5887 58c8 71ca 926b ab2d bb8e c3af c38e c3ae c38e c3af c38e c3ae cbef cc50 d470 d46f d44f cc4f d44f d44e d42e d42e d42f d42e d44e d42e cc2f cc2f cc2e cc2f cc2e cc0f cc0f cc0e d40e d40e cc0e cc0f cc0f cc4f cc90 cc70 cc2f cc0f c42f cc0e d42e cc2f cc30 cc0f cc2f cc2f cc2f cc4f cc4f cc4e cc2f cc2f cc2f cc0e cc2f cc2f cc0f cc0e cbef cc2f cc2e cc2e cc0e c40e c40f c3ef c40f c40f c3ef c3ce c3ee c3cf c3cf bbcf bbcf bbcf bbae bbce bbce bbae bbcf bbae b38f b38e b38e ab8f b38e b36e ab4e ab4f ab6f abaf b3ae bc0f bc0f c42f c450 cc6f d490 d4b0 d4b0 d4f1 dcf0 dd11 dd51 dd51 
a9e9 a9e9 aa09 aa29 aa2a aa4a aa2a aa09 aa09 aa0a aa09 aa09 aa09 a1e9 a1e9 a1c9 a1c9 a1c9 99c9 99e9 91a9 9188 9147 8948 8948 8927 9988 a9a8 b229 c2aa d2ca d34b db8b e3ac e3ed e42e e44e ec8e ecae ecae ecce ecef ecee ecef ed0e ed0f ed0f f4f0 f50f ed0f ecef ecf0 ed10 f4f0 f4ce ec8f ec4d ec2e e3ed e3ac db4b d30a d2ca c269 b209 a9e9 99a8 9969 99a9 9988 9989 a1c9 a1a8 a9c9 a9c9 b1e9 b209 b209 b229 b229 ba29 ba6a ba4a ba4a ba29 ba4a ba4a c24a c229 ba6a b28b b26a a187 8107 78c6 6886 68a7 6067 6888 68c8 81cb 9acf 926f 922e a2cf b3b1 c3d1 d410 dcb1 e533 dd35 cc54 d411 e4d2 f5f4 ff59 ff97 f714 d590 b3eb 81e8 6088 58a9 696a 8291 71ad 4888 4867 4867 4888 4888 4869 50cb 694d 8251 9313 9333 8af2 8a91 7a0e 612a 5909 58c8 5088 5048 5068 612b 7a0f 716b 716d 820e 822f 81ee 79ce 71ac 79ee 714d 696c 82b1 93d5 8b13 8ad4 60eb 718d 8b11 a498 9bb3 8250 71ae 6129 696a 6109 58a8 5068 5066 50c8 6129 58a7 5866 5846 5046 5846 5887 58a8 58c8 58e8 58a8 58a8 6909 694a 6909 60c8 58a7 58a8 60a7 58c7 5928 5908 60c8 58a8 5067 4867 4867 4847 4846 4888 50c9 58c8 8a2a bbcf cc0f b28b 9a0a aa8d c431 e617 ddd5 d450 d42f dc70 dcd1 dd12 dd73 dd73 ddd5 ddf6 de17 ddf6 de16 ddf5 ddf4 d5f5 ccd0 b30a aa09 ba4a c28b caec cacb cacc cacc caec d2cc d2cc d32c db8e db8e db6e d34e d34e d34e c2cc ba8c b24c b20a a9ea a9eb a988 a9a9 c26c caed cb4f cb8f cb90 c3b1 c3f2 cc12 d451 dd13 dd33 dd73 e5b5 e5b5 edd5 edf5 f5f5 f5b3 ed52 e4d1 dc31 dbb0 db4e db6d e36d daec ca4b ca4b d2cb d2eb d30c d2cb caab ca6b ca6a d28b d2ab d2ed d2ec d2ec d2ec d2ec daec db4e db6e e3cf e451 ec91 ed13 f5b5 f636 feb8 fed9 f6b8 f676 edf5 d491 c2ec b22a a9c9 a1a9 a1ca b26c c2cd c34f bb91 b372 ab52 ab32 ab52 b3f4 bc55 c4b5 d516 dd55 d515 d4d3 d492 d3f0 cb2d c24a a9e9 9188 80c7 6866 6887 70e7 7908 70e7 70a6 68a7 70a7 70c7 60e7 60c7 58c8 58c8 60c8 60e8 60c8 60a8 60e7 820b 81eb 60e9 58c9 68e9 8a0c c431 dcd2 dd94 ccd3 b3b0 a26c 798a 79ab 8a2c 81eb 8a4d 79aa 7169 7149 60e8 60a7 5887 58a7 5887 58a7 5887 5887 5887 58c7 60c7 68c7 68e7 68e7 58a7 5886 5887 58a8 5887 6908 81cb 9aad b36e bbaf bbcf c38e bb8e bb6e bb6e c3ae c3ce cc30 cc30 d44f d470 d44f cc4f cc2f d44e d44f d44f cc2f cc2f d42e cc0f cc0e cc2f cc2e cc0e cc2f cc2e cc0e cc0e d40e cc2f cc2e cc2e cc0f cc4f cc50 d491 d44f cc2f cc0e cc2e d42e d42e cc0f cc0f cc2e d40f cc30 cc2f cc2f cc2f cc0f cc2f cc0f cc0e cbee cbef cbee cc0e cc0f cc0f cbee cbee cbef c3ee c3ef c3ce cbce cbee c40f c3ce c3ef bbcf bbef bbaf bbcf bbaf b3ae bbcf bbce bbaf bbcf bbae b38e b38e b38e abaf ab6e b36e ab6f b38f b3ef bc2f c430 cc6f cc70 d48f d4d0 d4f0 dcf0 dd10 dd2f dd50 e550 e571 e571 e591 
a9e9 a9e9 aa09 aa29 aa2a aa4a aa2a aa09 aa09 aa0a aa09 aa09 aa09 a1e9 a1e9 a1c9 a1c9 a1c9 99c9 99e9 91a9 9188 9147 8948 8948 8927 9988 a9a8 b229 c2aa d2ca d34b db8b e3ac e3ed e42e e44e ec8e ecae ecae ecce ecef ecee ecef ed0e ed0f ed0f f4f0 f50f ed0f ecef ecf0 ed10 f4f0 f4ce ec8f ec4d ec2e e3ed e3ac db4b d30a d2ca c269 b209 a9e9 99a8 9969 99a9 9988 9989 a1c9 a1a8 a9c9 a9c9 b1e9 b209 b209 b229 b229 ba29 ba6a ba4a ba4a ba29 ba4a ba4a c24a c229 ba6a b28b b26a a187 8107 78c6 6886 68a7 6067 6888 68c8 81cb 9acf 926f 922e a2cf b3b1 c3d1 d410 dcb1 e533 dd35 cc54 d411 e4d2 f5f4 ff59 ff97 f714 d590 b3eb 81e8 6088 58a9 696a 8291 71ad 4888 4867 4867 4888 4888 4869 50cb 694d 8251 9313 9333 8af2 8a91 7a0e 612a 5909 58c8 5088 5048 5068 612b 7a0f 716b 716d 820e 822f 81ee 79ce 71ac 79ee 714d 696c 82b1 93d5 8b13 8ad4 60eb 718d 8b11 a498 9bb3 8250 71ae 6129 696a 6109 58a8 5068 5066 50c8 6129 58a7 5866 5846 5046 5846 5887 58a8 58c8 58e8 58a8 58a8 6909 694a 6909 60c8 58a7 58a8 60a7 58c7 5928 5908 60c8 58a8 5067 4867 4867 4847 4846 4888 50c9 58c8 8a2a bbcf cc0f b28b 9a0a aa8d c431 e617 ddd5 d450 d42f dc70 dcd1 dd12 dd73 dd73 ddd5 ddf6 de17 ddf6 de16 ddf5 ddf4 d5f5 ccd0 b30a aa09 ba4a c28b caec cacb cacc cacc caec d2cc d2cc d32c db8e db8e db6e d34e d34e d34e c2cc ba8c b24c b20a a9ea a9eb a988 a9a9 c26c caed cb4f cb8f cb90 c3b1 c3f2 cc12 d451 dd13 dd33 dd73 e5b5 e5b5 edd5 edf5 f5f5 f5b3 ed52 e4d1 dc31 dbb0 db4e db6d e36d daec ca4b ca4b d2cb d2eb d30c d2cb caab ca6b ca6a d28b d2ab d2ed d2ec d2ec d2ec d2ec daec db4e db6e e3cf e451 ec91 ed13 f5b5 f636 feb8 fed9 f6b8 f676 edf5 d491 c2ec b22a a9c9 a1a9 a1ca b26c c2cd c34f bb91 b372 ab52 ab32 ab52 b3f4 bc55 c4b5 d516 dd55 d515 d4d3 d492 d3f0 cb2d c24a a9e9 9188 80c7 6866 6887 70e7 7908 70e7 70a6 68a7 70a7 70c7 60e7 60c7 58c8 58c8 60c8 60e8 60c8 60a8 60e7 820b 81eb 60e9 58c9 68e9 8a0c c431 dcd2 dd94 ccd3 b3b0 a26c 798a 79ab 8a2c 81eb 8a4d 79aa 7169 7149 60e8 60a7 5887 58a7 5887 58a7 5887 5887 5887 58c7 60c7 68c7 68e7 68e7 58a7 5886 5887 58a8 5887 6908 81cb 9aad b36e bbaf bbcf c38e bb8e bb6e bb6e c3ae c3ce cc30 cc30 d44f d470 d44f cc4f cc2f d44e d44f d44f cc2f cc2f d42e cc0f cc0e cc2f cc2e cc0e cc2f cc2e cc0e cc0e d40e cc2f cc2e cc2e cc0f cc4f cc50 d491 d44f cc2f cc0e cc2e d42e d42e cc0f cc0f cc2e d40f cc30 cc2f cc2f cc2f cc0f cc2f cc0f cc0e cbee cbef cbee cc0e cc0f cc0f cbee cbee cbef c3ee c3ef c3ce cbce cbee c40f c3ce c3ef bbcf bbef bbaf bbcf bbaf b3ae bbcf bbce bbaf bbcf bbae b38e b38e b38e abaf ab6e b36e ab6f b38f b3ef bc2f c430 cc6f cc70 d48f d4d0 d4f0 dcf0 dd10 dd2f dd50 e550 e571 e571 e591 
aa2a aa2a aa2a aa2a aa29 aa2a aa09 a9e9 a209 aa09 aa2a aa09 aa09 a9e9 a1a9 a1c9 a1c9 a1a9 99c9 99a9 99e9 9188 9147 9148 8948 8907 9168 a1a8 ba29 caaa d30a d32b db6b e3cd e3ed e40d ec4e ec6e ecae ecae ecef ecf0 ecee ed0e f50f ed0e ecef f4f1 f52f ed2f ed0f f4f0 f4ef f50f ecce ec8f ec6e ec2e e40e e3ac db4b d34c d2eb c269 b209 a9e9 99a9 9989 9189 99a8 9988 a1a8 a9c9 a9c9 a9c9 aa09 b229 b1e9 b209 ba4a ba4a c229 c24a ba6a ba29 ba6a ba4a c24a c209 bb0b c40f 99e9 6886 60a6 5886 5867 5867 6087 70c8 7929 8a0b b370 bbb1 bbb2 cbf2 d452 dc31 e3ef e450 ecf1 ed94 dd55 dc70 edb4 fe74 edd2 d48d 9aa8 7166 58c7 50a8 48a9 50a9 5909 7a2e 8251 612b 50a9 50ca 590c 696e 7a31 8af4 9b55 9bb5 9b94 8ad0 828f 82b0 692a 5047 4047 4888 4847 4828 50a9 69ce 8292 58a8 58ea 79ef 820f 71cd 718d 716d 71ae 79f0 71ce 7a90 93f4 93b6 92f3 60eb 71cd 9372 a4d9 9352 8af2 8ab1 718b 712a 58a7 614b 696b 5067 50c8 58a8 5867 5046 5046 5067 5066 58a7 58a8 60c8 58c8 58a8 60a8 60c8 60e8 60c8 60a8 60c8 6087 60a7 58c7 58e7 5928 58a7 5087 5066 5087 4867 4046 4047 4847 5087 81a9 b36e d410 c2ab a1a9 a24c c3f1 ddb6 ee16 e531 dc70 dc90 dcf1 dd32 dd53 dd93 dd94 ddf6 de16 de37 ddf6 ddf5 de15 d5b3 c44e aa69 a1a9 ba2a c2ab cacc cacb cacc caed d32d d2ec d2ec d2cc d30c db8e dbaf db6e db6e db6e db6e d32d cb2e caed ba6b b24b b26c aa0b a20b ba8c ca6b ca6c caac d32d d34e d38f d3d0 dbf0 dbef dc50 dc93 dcd2 e4f3 e514 e514 e4d2 e4d4 e4d3 dd14 e535 dcb5 dc12 dbd1 db90 d370 cb2e d30e d32d d30c d2ec d2cb d2ab d28b ca8b ca6a d28b d2ab d2cc d2cc d2cc da8b dacc db4e e3ae e3af e410 ec91 ed13 ed94 f616 f698 f6b9 f6d9 f677 edf6 dcb2 cbf0 c391 baef b2af aa8f b28f ba8d cace d36f d3d1 cbb1 cbb1 d3d2 d3f2 d432 d474 d473 d473 d432 d3d0 d38e cb0c c26a b1c8 9168 80c7 6866 6886 7107 8948 8127 7908 70c7 70c7 70c7 70e8 68c8 58a8 58a7 58e8 696a 60e8 58c8 60c9 6908 820b 81cb 60c8 58a9 60c9 8a0b c412 dc71 e574 d554 bbf1 a2ad 89cb 81ab 89eb 8a0b 926d 7949 68c8 7129 6929 6929 58a8 5887 5886 58a7 58c8 5887 5886 58a7 60a7 68e8 60c7 6107 58e8 58a7 5866 60c8 6969 798a 922c aaed bb8f c3af c3ce bbae c38f bb8e bb6d c3ce c3ef cc30 cc70 d470 cc70 cc50 cc2f cc2f d42f d42f d46e cc4f cc2f cc2e cc0e cc0e cc4f cc2f cc0e cc0e cc0f c40f c3ef cc0f cc0f cc0e cc0e cc2f cc2f cc2f d4b1 d4d2 ccb1 cc0f cc2f d42e d42f cc0e d42f d40f cc2f d44f cc2f cc4f cc2f cc0f cc0e cc0f cc0e cc0f cc0e cc0e cc0e cc0e c3ef cc0e cbee c3ef c3ee c3ef c3ee c3ce c3ae c3ce c3ef c3ce bbcf bbef bbaf b38f b38f b3af bbaf bbae bbcf b3ae b38e b38e b38e b36e ab4e b38e b3cf bbef c42f cc6f cc8f d4b0 d4d0 d4d0 dcf0 dd31 dd50 dd51 e551 e550 e551 e570 e591 e591 edb1 
aa4b b24a aa4a aa4a aa09 aa2a aa2a aa09 aa2a aa4a aa4a aa09 a9e9 a1e9 a1c8 a1c9 a1c9 99c9 99a8 9968 9988 9168 9168 9168 8928 9107 9167 a1c9 b209 c2aa d2eb d32b db6c e3cc e3ed e40d e46e ec8e ecae ecaf eccf ecef ecef f4ef ed0e ed0f ed0f f4f0 f510 f52f f530 f4ef f50f f4ef f4ee f48e ec4e ec4d e40d e3ac e36b d34c d2ca ba69 b229 a9ca 99a9 9988 9988 9968 a1a9 a1c9 a9e9 a9e9 b1e9 a9e9 b229 b22a b24a b24a ba4a ba6a ba6a ba4a ba6a ba6b c26a ba4a c248 d3ab d46e 8127 5846 5867 5046 5867 70c8 7929 89aa 9a4d b390 cc52 cc50 cc11 c3d1 cbd1 d3f1 d3f0 d3af d3f0 d450 d471 dc93 edd5 d4d0 ab0b 7968 5087 50c9 50ca 50a9 4889 4869 58c9 69ac 8af3 8292 79cf 8230 8a92 8ad2 9352 9332 826f 71cc 698a 71cc 7a4f 71ac 5088 4847 4868 4868 4868 5069 5909 7a50 8af3 50a9 58ea 7a2f 7a0f 71ce 698c 696d 718e 71ae 79f0 8250 8b72 a437 9b34 81d0 8250 9bb3 acd8 92f1 82b0 8ad2 694b 60c9 696b 7a4f 698b 5088 50a8 58a7 58a8 5067 4866 5087 5087 5887 58a7 60c8 58a8 58a8 58a7 58a7 60a7 5887 5887 5887 60a7 58c8 60e7 58a7 58e8 5887 5046 5046 4846 4846 4847 4826 4826 7128 ab2d cc50 cb4c a9a9 a1eb bb6f d574 e616 dd32 dc90 dcb0 dcd1 dd11 dd53 dd93 ddb4 ddd6 e637 e616 e616 ddf5 de16 d593 bb8b aa08 a9e8 ba29 ca6b ca8b caec caed cacc d30d d34e d2ec d30e d2ed d30d db8e db6e db6e db6e db6d db6e db6f d36e d32d cacd c2ac c2ee c30e cb0d cacc ba4a ba2b ba4b caac ba2a b1e9 baac d30e d32d d38e d3ae cb4c cb6d d430 cbcf cb4d d3f0 dc52 dc93 dcf4 dcd4 dcd5 dcd4 dcf3 dcd3 dc30 dbaf d34d d2ec d2ab d2cb d2ab d2ac ca8b caac d2cd d2ab d2cc dacc daec dacc daec db4d db6e e3ae e3ef ec91 ed12 ed74 f617 f698 f6d9 f6da f678 edf6 e513 dcd2 dcd3 d492 cc72 cc52 c3b1 c34f cb6f d3b0 dbcf d36e d32d cb0d d34d d3af cbaf cbcf cbcf c2ec b28b b22a a1a8 a188 9127 80e7 7086 6887 70e7 91a9 91c9 8988 8148 70c7 70a7 70c7 70e8 68c8 60a8 5887 58c8 6969 60e9 60c8 60c8 6908 81ca 798a 60a8 5889 60a9 89cb bbf1 d450 dd34 d534 c3f0 ab2e 8a0c 818a 798a 89eb 924c 818a 6908 7149 7129 60c8 58a8 58c7 58c7 60c8 60c7 58c7 5887 5887 68a7 6908 6909 60e8 58c8 58a8 60c8 6929 82ad 8a0c a28c ab0e bb8e c3cf c3ae bb6d bb6e c36d c38e c3ae cc0f cc4f d44f d450 cc50 d42e cc2f d44f d44f d42f d44f cc2f cc4f cc0f cc0f cc0f cc2f cc2f cbef cc0f cbef c40f c40e cc0e cc2f cc0f cc0f cc0e cc4f cc50 d4b1 ccf2 cc71 cc0f cc0f cc0f cc0f cbef cc2f cc2f cc2f cc4f cc2f cc2f cc2e cc4f cc0f cc2e cc0e cc0f cc0e cbed cbef c3ee c3ef c3ee cc0f cbee c3ce c3ce bbae bbae bbae c3ce c3ce c3ce bbae bbae b3af b36e bb8e b3af b3af b38f b3cf b3af b38f b38e b38e b3af bbcf c3ee c44f cc8f d48f d4b0 d4f0 dd10 dd30 dd31 e530 e550 e570 e571 e591 e56f e571 e590 e570 ed91 edb1 
b22a b22a b22a aa4a aa2a aa6b b24a aa2a aa2a aa2a aa4a a9e9 a9e9 a9e9 a1a8 a1c8 a1c9 a1c9 a188 9988 9968 9968 9988 9168 8908 9127 9147 a1a9 b229 c2ab d2ea db4c e38c e3ac e40d e42e e46e ec8e ecae ecaf ec8f eccf ecef ecef ecee ed0f ed2f f530 f50f f52f f52f f50f f530 f50f f4ee f4ae ec6d ec6e e40e e3ac e36b db2b d2ea c28a b229 a9c9 9989 9168 9988 a188 a1a8 a1c9 a9c9 a9e9 aa09 b1e9 b209 b24a b229 ba09 ba6a c28a ba6a ba6a c26a c26a c24a c229 c269 dbaa cc4f 8969 5847 5867 5887 70e8 91eb aaae bb0e c3b0 dc90 e513 dc30 cbd0 bb90 b371 b351 bb72 bb11 bb51 c452 cd33 cd32 bbed 8209 6108 58e9 610b 694c 612b 60ea 58ca 50aa 60cb 694b 7a6e 9374 9b54 92d2 822d 718b 716b 60e9 58a9 610b 71ed 82d2 7a0e 5088 4847 4847 4868 4888 5089 60ca 6129 7a6f 8af3 58ca 58ea 71ee 82b0 8250 71ae 58ca 610b 698d 79ef 8291 8b12 9bd4 92f2 9292 8ab1 9bb3 a476 8a90 71ad 7a50 79cd 7a90 8b53 7a2d 58a8 4847 5087 5888 5867 5067 5087 5087 50a7 5087 58a7 58a7 5867 5888 60a8 60a8 6087 5887 58a7 60e8 60e8 60c8 60a7 5887 5066 5887 5046 4846 4846 4847 4827 4846 60e7 9aac c3ef cbac b22a a1a9 b2ac ccb2 ddd5 dd52 dc4f dc90 dcb1 dd12 dd12 dd73 ddb4 ddd5 e616 e637 ddf5 de15 de15 cd31 b30a a1a8 a9ea ba2a c24b ca8b caac caed d30d d30d d32e d34e d32d d32d db4e db4e db6e db4e db6f db8e db6e db6e dbaf dbaf db4e d34d d34e d34e db4e d30d cacc ba4b ba6b cacc c2ad b20b 99aa b2ad caed cb2e cb2e c30f aa4c b24b baed b28e aa0b baee d453 d432 d431 dc52 e4d3 dcd2 e4b1 e450 e3ef db6d d30d d2ac ca8c ca8b d28b caac cacc d2ee d2ed d2cc d2ec d2ec daed dacc daac db2e db8f e3af e3ef ec50 ecd2 ed33 f5f6 f698 f6d9 fef9 f698 ee17 e534 e491 e490 e470 e42f dc0f dbaf d3af d3ae d3af d36e c30d b28d b28c ba6b baac b28b aa4a baab 99a9 78e6 78c7 80e8 78a7 80e7 8948 8969 8148 8968 a1a8 99c9 99a8 8906 78c7 70a7 70a7 70c7 68a7 5887 5067 6087 60c7 60a8 58e9 68e8 7169 81ea 81aa 60c9 58c9 60c9 81ab c3d1 d430 dd34 d576 c431 b370 924c 81cb 7169 81eb 924c 81ca 6928 68e7 68c8 6087 58a7 58a7 58a7 58e8 58c7 58c8 5887 60c7 68e8 6908 6909 60e8 58c7 58a7 68c8 7128 81ca 924c ab0d b34e bbae c38d bbae bb6d bb4d bb8d c3af c3ce cc2f d46f d46f d46f d44f cc2f cc2f d44f cc4f d42f d42f cc2f d42e d40e d42f d40f cc0f cc2f cc2f cc0f cbee c40f c410 cbef cc0f cc0e cc0e cc0e cc4f cc2f cc2f cc30 c40f cc0e cc2f cc0f cc2f cc10 cc0f cc0e cc0f cc0f cc2f cc50 cc2f cc4f cc0f cc0f cc0e cc0f cbee cbee cbef c3ce c3cf c3af cbed c3ce c3ce c3ae bbae c3ae bbaf bbaf bbae bbae bbae bb8f b3af b3af b38e b38e b3af b38e b38f b3af b38f bbcf bbef c40f cc4f cc8e d4af dcef dcef dd0f dd50 dd50 e551 e571 e570 e570 e590 e590 e590 e590 e570 e591 e591 ed90 ed91 
b22a b22a b22a aa4a aa2a aa6b b24a aa2a aa2a aa2a aa4a a9e9 a9e9 a9e9 a1a8 a1c8 a1c9 a1c9 a188 9988 9968 9968 9988 9168 8908 9127 9147 a1a9 b229 c2ab d2ea db4c e38c e3ac e40d e42e e46e ec8e ecae ecaf ec8f eccf ecef ecef ecee ed0f ed2f f530 f50f f52f f52f f50f f530 f50f f4ee f4ae ec6d ec6e e40e e3ac e36b db2b d2ea c28a b229 a9c9 9989 9168 9988 a188 a1a8 a1c9 a9c9 a9e9 aa09 b1e9 b209 b24a b229 ba09 ba6a c28a ba6a ba6a c26a c26a c24a c229 c269 dbaa cc4f 8969 5847 5867 5887 70e8 91eb aaae bb0e c3b0 dc90 e513 dc30 cbd0 bb90 b371 b351 bb72 bb11 bb51 c452 cd33 cd32 bbed 8209 6108 58e9 610b 694c 612b 60ea 58ca 50aa 60cb 694b 7a6e 9374 9b54 92d2 822d 718b 716b 60e9 58a9 610b 71ed 82d2 7a0e 5088 4847 4847 4868 4888 5089 60ca 6129 7a6f 8af3 58ca 58ea 71ee 82b0 8250 71ae 58ca 610b 698d 79ef 8291 8b12 9bd4 92f2 9292 8ab1 9bb3 a476 8a90 71ad 7a50 79cd 7a90 8b53 7a2d 58a8 4847 5087 5888 5867 5067 5087 5087 50a7 5087 58a7 58a7 5867 5888 60a8 60a8 6087 5887 58a7 60e8 60e8 60c8 60a7 5887 5066 5887 5046 4846 4846 4847 4827 4846 60e7 9aac c3ef cbac b22a a1a9 b2ac ccb2 ddd5 dd52 dc4f dc90 dcb1 dd12 dd12 dd73 ddb4 ddd5 e616 e637 ddf5 de15 de15 cd31 b30a a1a8 a9ea ba2a c24b ca8b caac caed d30d d30d d32e d34e d32d d32d db4e db4e db6e db4e db6f db8e db6e db6e dbaf dbaf db4e d34d d34e d34e db4e d30d cacc ba4b ba6b cacc c2ad b20b 99aa b2ad caed cb2e cb2e c30f aa4c b24b baed b28e aa0b baee d453 d432 d431 dc52 e4d3 dcd2 e4b1 e450 e3ef db6d d30d d2ac ca8c ca8b d28b caac cacc d2ee d2ed d2cc d2ec d2ec daed dacc daac db2e db8f e3af e3ef ec50 ecd2 ed33 f5f6 f698 f6d9 fef9 f698 ee17 e534 e491 e490 e470 e42f dc0f dbaf d3af d3ae d3af d36e c30d b28d b28c ba6b baac b28b aa4a baab 99a9 78e6 78c7 80e8 78a7 80e7 8948 8969 8148 8968 a1a8 99c9 99a8 8906 78c7 70a7 70a7 70c7 68a7 5887 5067 6087 60c7 60a8 58e9 68e8 7169 81ea 81aa 60c9 58c9 60c9 81ab c3d1 d430 dd34 d576 c431 b370 924c 81cb 7169 81eb 924c 81ca 6928 68e7 68c8 6087 58a7 58a7 58a7 58e8 58c7 58c8 5887 60c7 68e8 6908 6909 60e8 58c7 58a7 68c8 7128 81ca 924c ab0d b34e bbae c38d bbae bb6d bb4d bb8d c3af c3ce cc2f d46f d46f d46f d44f cc2f cc2f d44f cc4f d42f d42f cc2f d42e d40e d42f d40f cc0f cc2f cc2f cc0f cbee c40f c410 cbef cc0f cc0e cc0e cc0e cc4f cc2f cc2f cc30 c40f cc0e cc2f cc0f cc2f cc10 cc0f cc0e cc0f cc0f cc2f cc50 cc2f cc4f cc0f cc0f cc0e cc0f cbee cbee cbef c3ce c3cf c3af cbed c3ce c3ce c3ae bbae c3ae bbaf bbaf bbae bbae bbae bb8f b3af b3af b38e b38e b3af b38e b38f b3af b38f bbcf bbef c40f cc4f cc8e d4af dcef dcef dd0f dd50 dd50 e551 e571 e570 e570 e590 e590 e590 e590 e570 e591 e591 ed90 ed91 
b209 b209 b22a aa0a b209 b26b aa4a aa4a aa09 aa09 aa4a a9e9 a1c9 a1ea a1c9 a1a9 a188 a188 99a8 99a9 9168 9168 9127 8908 8908 9127 9148 a1a8 b208 c269 d2ea db4c db8b e3ac e3ee e40d e44d ec8e ecae eccf eccf ecf0 f4ef ecf0 ed0f ed10 ed2f ed30 f52f f54f f50f f52f f54f f50f f4cf ecaf ec8e ec6f e42e e3ad db6b db2a d2ea c28a b229 aa09 99a9 9148 9168 9989 9988 a1c9 a1e9 aa09 aa4a b209 b229 b229 ba29 ba29 ba4a c26a ba6b ba4a ba4a c249 c24a c229 c249 d309 cc2d a22a 68c8 7109 7929 91ea b30e cb70 d32e cb4f d3ef dc51 d3b1 c310 b350 b391 b391 ab30 a2cf b30f bb8f b36d 9a8c 818a 694b 612b 696b 716c 692a 58a8 5087 58c8 58c9 58ca 5889 58c9 7a2e 9c15 a416 8a91 71ae 612c 58ca 694d 8271 93b4 9332 694a 50a9 5088 5089 5088 50a9 58ca 58a9 58c8 720e 8ad3 612b 616c 69ad 7a4f 8290 7a30 58eb 4889 590b 71ef 8291 8af2 9313 8a91 92d2 9313 9332 9b94 8a70 7a31 8ad1 9333 9456 82f0 58c8 4847 5067 5088 58a8 5887 58a7 58e8 5909 5087 5067 5887 58a7 58a7 58a7 58a8 6087 5867 5867 58a6 58c8 60e8 60c7 60c8 5887 5066 5066 5046 4846 4846 4047 4847 58c7 926b bbcf d3ee c26a a9ca aa2a c3af dd74 dd73 d490 d470 dcf1 dcf1 dd32 dd53 dd74 e5d5 e5f5 e616 de16 de15 de15 c48e aa49 9948 a1a9 ba09 c22a ca8c d2cc d2ec d2ec d32e d30e d34e db6d db8f db2d db4e d36f db8e db8f db8f db8f db6e db6f db6e db8f db6f db6e dbaf dbaf dbae db4d caed c28c caec d2ec caac c24c b24c c30d caed cb4e cb4f cb6f bace b26c c32e c350 b2ee bb4f d471 d3d0 d38f dbd0 dbef dbef dbf0 dbae d38f d36f cb0e cacd ca8b ca8b d2cc caed d2ed d30d d2ed d2ab dacc d2cc d2ac dacb d2cd db2d db4e e38e e3cf ec50 ec92 ed14 f5f6 f678 f6d9 f6d9 f6b8 ee37 e555 dcd3 dc51 dc10 dbaf dbae d36e d36e db0c d34c cb2d c2ed ba4b b2ad b28d b2ad b2ad aa8c baac aa2d 918a 8108 99ca 8969 8948 9189 99ea 99c8 99a9 9988 99a8 9988 8906 78a6 70a6 70a7 78c7 68a7 5867 5846 60a7 68e8 60a8 60c8 6908 79ab 81ca 79ca 60c9 5889 60c9 81aa bbb1 d431 dd33 dd74 cc72 bbd1 a2ae 89cb 6929 8a0b 924c 81aa 68e8 60c7 68e8 60c8 58c8 58c7 60c7 60e7 58a7 5066 5887 60e7 6908 6908 60a7 58a7 58c7 60c8 60c8 7949 924c a2cd b34e bb8e c3af c38e bb6e bb6e bb4e c38e c3cf cc0f cc4f d470 d450 d44f d44f d46f d44f d42f cc2f cc2f cc2f d42f cc2f cc2e cc2e cc2f cc2f cc2f cc30 cc2f d40e cc2f c42f c40f cc0f cbee cc0e cc0f cc0e cc0f cc0f cc0f cc0e cc0e cc0e cc2f cc2f cbee c40f cc0f cc0f cc0f cc2e cc2f cc2f cc0f cc0f cc0f cc2e cc0f cc0f cbee c3ef c3ee c3ce c3ce c3ee c3cf c3ce bbce c3ce bbcf bbae bbae b38d b38e bb8e bb8e b3af b38e b3ae b38f b38f bb8e b38f bbcf c40f cc50 cc6f d48f d4d0 d510 dd10 dd30 e550 e56f e570 e570 e570 edb0 e5b0 e591 e5b0 e5b0 e590 e590 e571 e591 e591 e570 e591 
b22a b22a b24a aa2a aa29 aa4a b24a aa09 a20a a229 aa2a aa09 a1c9 a1c9 a1c9 99c9 9988 9988 99a9 99a8 9188 9168 9148 8948 8128 8927 9127 9988 b209 c28a d2ea d32b db6c e3ac e3ed e42d ec6d ec6e ec8f eccf eccf ecef f50f f4ef ecee ed0f ed2f f50f f52f f50f f50f f530 f550 f50f f4cf f4af ec8f ec6e e40d e3ac e38b db2a d2e9 ca6a ba49 aa09 99a8 9948 9968 9989 a188 a188 a1c8 a1c8 a9e9 b209 b209 b22a ba49 b229 ba4a ba6a ba6a c28a ba6a c249 c229 ba4a ba2a c28a d38c bbaf 9a8c a2ce ab2f b32f c390 cb4f c2f0 b2b0 b331 c391 c432 bc31 b3af ab0d a26c 818a 714a 798a 81ac 79ab 79cc 824e 79ed 696a 6109 60e9 5887 5067 5087 4887 50a9 5089 4849 4869 592a 7ad0 9c35 9c37 9bb7 8272 79ef 8ad3 9bb5 9b94 9292 79cf 71ef 7211 696d 50a8 58e9 610a 5068 4888 69ac 82b1 694c 612c 698c 71cd 82b1 82b2 71ae 50aa 50c9 7250 8ad3 8250 8250 8af2 9334 9b95 9334 9b55 9314 9353 93f5 93f4 7a8d 58c8 4847 4847 58c8 6109 60e9 58a8 5087 50a7 58e8 58c8 60c8 60a8 5887 5887 58a7 60a8 6088 58a7 5887 58a7 58e8 58e8 60c7 60c8 58a7 5066 4846 5046 4025 4026 4047 5087 8a2b bbcf d470 c30b aa0a aa2a bacc d4b3 dd52 d48f d470 dcb1 dd32 d512 dd32 dd53 dd95 ddf6 e616 e636 de35 ddd3 bc0d 99e8 9147 a168 b9c8 c22a c24a caab d2ed d2cc d30c d30e db0e db4e db8f dbaf db4e db6f d390 db8e dbaf dbae dbcf dbaf db8e db6e db6e db4d db6e dbae dbaf dbcf db8e db0d d30d d36e db4d d30c cacc caed d30e d2ed d34d d34e d34e cb2f c2cd cb6f d3b0 cbb0 d3b0 dc11 dbf0 dbf1 dbd0 dbd0 dbb0 db8f db8f d3d0 d3f0 d38f cb0e ca8b d28b d2cd d2ec d30d db0d d30c d2cc d2ec d2ec d2cc d2ac dacc daed db0d e36e e411 e431 ec72 ed54 edd6 f658 f6b9 f6f9 f6b8 ee57 e595 dd14 dc92 dc51 dc10 dbcf d3cf d38e d32e d32e cb0d caed cacc cb0e cb0e c2ed c2ec c2ed caed c2ad b22b 99a8 aa2a a9ea 9148 9988 aa0a aa09 a209 99c8 a1e9 99a8 8927 80c7 7086 78c7 70a6 6087 5846 5846 60a7 68c7 6087 60a7 68e8 796a 7989 79aa 58c9 5069 60c9 81ab bb91 cc31 dcf2 dd75 ccd3 bbd0 aaef 920c 6908 79aa 924d 7949 6908 58a7 60c7 68e8 58a7 5886 58c7 5887 5867 5866 60a7 6928 7128 6907 58c7 58c7 5887 5887 60a7 798a 924c ab0e bb8f c38e c38e bb6d bb4d b34e bb4e c38e cbee cc4f cc50 d470 d44f d42e d44f d44f cc4f cc2f cc2f cc2f cc2f cc0f cc0f cc2f cc2f cc0f cc0e cc2e cc0f cc0f cc0e cc30 c410 cc0f cc2f cc0f cc2f cc2f cc2e cc0e cbed cc0e cc0f cc0f cc2e cc2e c430 cc0e c40f cc0f cc0f cc0f cc0f cc0e cc2e c42f cc0e cbee cc0e c40f cbee cc0e c3ef c3ce bbef c3ef c3ef c3cf bbcf bbae bbae bbce bbae bbae b3af b38e bb8e b38f bbae bb8e b36f b36f b38e b3af bbef cc2f cc90 d48f d4d0 dcef dd30 dd70 e570 e570 e590 e58f e5b0 e5b0 ed90 edb0 edb1 e5b1 e5b0 edb0 edb0 ed90 e590 e590 e570 e570 e590 
b20a b22a aa2a aa29 aa09 aa2a aa09 a9e9 a20a a22a a209 a1ea a209 a1c8 99c9 99c9 9988 9988 99a8 91c8 9188 9148 9148 8928 8107 8907 9147 9988 b209 c269 caaa d32b db8c dbac e3cd e40d e46e ec8e ec8f ecaf eccf ecee ecee f4ee ecee ed0f ed2f f52f f510 f510 f530 f510 f50f f4ef f4ef f4cf ec8f ec6d e42d e3ac e38b db2a d2ea c28a ba29 a9c8 a168 9948 9928 9968 9968 99a8 a1a9 a1c8 a9e9 b1e9 b1e8 b209 ba09 ba29 ba49 ba4a c249 c269 ba29 c229 ba29 ba2a b9ea ba6b d30a d48e cc11 c38f cbcf d410 d431 d3f1 cbf2 cc53 c452 cc31 cc0f bb8d a24c 816a 716b 69ac 618b 612a 612a 718b 8a6d 8a4e 79cc 60e9 50a8 50a8 5088 5067 48a8 50c9 58ca 5068 4868 58ca 58ca 590b 720d 9373 a498 9bd7 9bb6 9bf6 9bd5 9b95 9334 8af3 8b53 8b14 71ac 58a9 58ea 60c9 4848 4868 58e9 7a2f 79ad 698d 694c 694b 82b1 8b13 8251 716d 612b 7ab1 7a70 71ad 718d 8291 9313 9354 9353 9bd4 9bd5 9bf4 9bd3 9331 696b 58c9 50a8 58c9 58a8 58a8 58a8 5888 5887 58c7 58c7 58a7 58a7 60a7 58a7 5887 58a7 60c8 60c8 58a7 58a7 58c8 58c8 58c7 5887 58a7 5087 5066 4867 4847 4027 4027 4867 798a ab4d d44f d3ad b24b aa0a baab cc31 dd94 d4d0 d450 dcb0 dd12 dd53 dd34 dd33 dd95 ddf5 de16 e636 e656 d5b3 b36b 9188 9948 a988 b1c9 ba09 c26b ca6b cacb d2ec d2ec d32d d32d db4e db6f db8e db8f dbaf dbcf dbef dbb0 e3cf dbae e3cf e3cf db8e dbaf dbaf db6e db8e db8e e38d dbae db8e db4d db6e dbaf db6e db6d db4d db4d d34e d36e d36e db6e dbaf dbaf d3af dbd0 dbd0 dbf0 dbf0 dc11 dc32 e452 dc32 dbf1 dbd0 dc11 dc11 dc31 dbf0 d36e d2ed d2cc d2ac d2ed d30d db0d db2d d30d d2ec daec dacd daab dacc daac dacd daed e34e e3f0 e451 ecb3 ed54 edb6 f637 f6b8 f6d9 f6b9 ee57 e5d6 dd34 dcf4 dcd3 dc71 dc30 dc10 dbf0 d3af db6e db2e d32d d30d db2d db2d d30d cacc d2cc cb0d caec ba4b a9c9 b22a b20a a189 a209 aa2a aa09 aa09 a1e9 aa08 a1c8 9948 80e7 70a7 78e7 70c6 6066 5046 5067 68a7 60a7 60a8 60c8 68e8 7107 7989 796a 58a8 5089 60a9 818a b3b1 cc31 dcd2 dd75 ccd3 bbd0 ab4f 922c 7109 6928 8a0c 7969 6909 60e8 5887 68c8 58a7 58a7 58c8 5887 5087 58a7 60e7 7168 7168 6907 5886 5887 5067 5888 68c8 818a 9a8c ab4e bb8e c38e bb8e bb8e bb4d b34e bb4d c3ae cbef cc4f d46f d470 d44f d46f d44f cc4f cc2f cc0e cc0f cc2f cc4f cc2f cc2f d42f cc0e cbef cc0f cc0f cc0f cc0f cc0f cc30 cc2f cc0f cc0f cc0f cc0f cc0f cc2f cc0e cc0f cbef cc0f cc0e cc0e cbee c40f cc0e cc0e cc2f cc0f cc0f cc2f c40e cc2f c40f cc0f cbef c3ee c3ef cbee c3ee cbee c3ee bbce c3cf bbef bbce bbcf bbcf bbce bbce bbaf bb8e bbae bbae bb8e b38e b3af b36e b36e b36e bbcf c42f cc6f d48f d4d0 dd10 dd30 e550 e590 e5b1 e590 edb0 edb0 edb0 edb1 edb0 edb0 e5b0 e5b1 e590 e590 e591 ed91 edb0 e590 e590 e590 ed90 e5b0 
b20a b22a aa2a aa29 aa09 aa2a aa09 a9e9 a20a a22a a209 a1ea a209 a1c8 99c9 99c9 9988 9988 99a8 91c8 9188 9148 9148 8928 8107 8907 9147 9988 b209 c269 caaa d32b db8c dbac e3cd e40d e46e ec8e ec8f ecaf eccf ecee ecee f4ee ecee ed0f ed2f f52f f510 f510 f530 f510 f50f f4ef f4ef f4cf ec8f ec6d e42d e3ac e38b db2a d2ea c28a ba29 a9c8 a168 9948 9928 9968 9968 99a8 a1a9 a1c8 a9e9 b1e9 b1e8 b209 ba09 ba29 ba49 ba4a c249 c269 ba29 c229 ba29 ba2a b9ea ba6b d30a d48e cc11 c38f cbcf d410 d431 d3f1 cbf2 cc53 c452 cc31 cc0f bb8d a24c 816a 716b 69ac 618b 612a 612a 718b 8a6d 8a4e 79cc 60e9 50a8 50a8 5088 5067 48a8 50c9 58ca 5068 4868 58ca 58ca 590b 720d 9373 a498 9bd7 9bb6 9bf6 9bd5 9b95 9334 8af3 8b53 8b14 71ac 58a9 58ea 60c9 4848 4868 58e9 7a2f 79ad 698d 694c 694b 82b1 8b13 8251 716d 612b 7ab1 7a70 71ad 718d 8291 9313 9354 9353 9bd4 9bd5 9bf4 9bd3 9331 696b 58c9 50a8 58c9 58a8 58a8 58a8 5888 5887 58c7 58c7 58a7 58a7 60a7 58a7 5887 58a7 60c8 60c8 58a7 58a7 58c8 58c8 58c7 5887 58a7 5087 5066 4867 4847 4027 4027 4867 798a ab4d d44f d3ad b24b aa0a baab cc31 dd94 d4d0 d450 dcb0 dd12 dd53 dd34 dd33 dd95 ddf5 de16 e636 e656 d5b3 b36b 9188 9948 a988 b1c9 ba09 c26b ca6b cacb d2ec d2ec d32d d32d db4e db6f db8e db8f dbaf dbcf dbef dbb0 e3cf dbae e3cf e3cf db8e dbaf dbaf db6e db8e db8e e38d dbae db8e db4d db6e dbaf db6e db6d db4d db4d d34e d36e d36e db6e dbaf dbaf d3af dbd0 dbd0 dbf0 dbf0 dc11 dc32 e452 dc32 dbf1 dbd0 dc11 dc11 dc31 dbf0 d36e d2ed d2cc d2ac d2ed d30d db0d db2d d30d d2ec daec dacd daab dacc daac dacd daed e34e e3f0 e451 ecb3 ed54 edb6 f637 f6b8 f6d9 f6b9 ee57 e5d6 dd34 dcf4 dcd3 dc71 dc30 dc10 dbf0 d3af db6e db2e d32d d30d db2d db2d d30d cacc d2cc cb0d caec ba4b a9c9 b22a b20a a189 a209 aa2a aa09 aa09 a1e9 aa08 a1c8 9948 80e7 70a7 78e7 70c6 6066 5046 5067 68a7 60a7 60a8 60c8 68e8 7107 7989 796a 58a8 5089 60a9 818a b3b1 cc31 dcd2 dd75 ccd3 bbd0 ab4f 922c 7109 6928 8a0c 7969 6909 60e8 5887 68c8 58a7 58a7 58c8 5887 5087 58a7 60e7 7168 7168 6907 5886 5887 5067 5888 68c8 818a 9a8c ab4e bb8e c38e bb8e bb8e bb4d b34e bb4d c3ae cbef cc4f d46f d470 d44f d46f d44f cc4f cc2f cc0e cc0f cc2f cc4f cc2f cc2f d42f cc0e cbef cc0f cc0f cc0f cc0f cc0f cc30 cc2f cc0f cc0f cc0f cc0f cc0f cc2f cc0e cc0f cbef cc0f cc0e cc0e cbee c40f cc0e cc0e cc2f cc0f cc0f cc2f c40e cc2f c40f cc0f cbef c3ee c3ef cbee c3ee cbee c3ee bbce c3cf bbef bbce bbcf bbcf bbce bbce bbaf bb8e bbae bbae bb8e b38e b3af b36e b36e b36e bbcf c42f cc6f d48f d4d0 dd10 dd30 e550 e590 e5b1 e590 edb0 edb0 edb0 edb1 edb0 edb0 e5b0 e5b1 e590 e590 e591 ed91 edb0 e590 e590 e590 ed90 e5b0 
aa2a aa2a aa2a a22a aa09 aa2a a20b a22a a1e9 a1ea a1e9 a1ea a1c9 99a9 99a9 9988 99a9 9988 9988 91a8 9168 8968 8928 8128 78c7 80e7 9148 9988 b1e9 c269 d2ca d30b db6c db8d dbce e44e e46e ec6e ecaf ecaf ecd0 ecef ecef ecef ed0e f50f f50f f4ef f50f f530 f52f f52f f50f f4ef f4ef f4cf ec6d ec4e e40d e3cd db8c db4b db0a ca8a ba29 b1e9 a188 9948 9948 9968 9988 a1e9 a209 a9e8 a9c9 b1e8 aa09 b229 ba29 ba49 ba29 ba4a c249 ba29 c229 c229 c229 c229 ba29 c22a ca4a db4b d490 cbd1 d38f dc31 e4b2 e492 e471 dc51 cb8e baee aa8e 9a0d 898c 718b 698b 696b 696b 692a 79ab 8a2e 8a2d 79ac 694a 58e9 48a8 5068 5068 5068 50c9 698d 60ca 50a8 50a8 610b 58ea 58aa 58ea 720e 9393 9bf6 9bd6 9b95 9333 9353 8b32 8b32 82af 71ed 692a 58c9 58e9 58a9 4888 4888 58c9 71ac 79cd 718d 694d 58ea 698c 8b12 9334 8ab2 7a30 7a2f 718c 694c 716d 698c 8270 8ad2 826f 828f 9bf6 9bd4 7a4e 7a2e 822f 81ee 716b 79cd 716b 692a 5887 5067 58a7 58a7 58a7 58a7 58a8 58a8 58a7 5887 58a7 58a7 60e8 60c8 58c8 58a7 5887 5887 5887 50a7 5066 4866 4867 5047 4847 4847 6907 a2ec cc10 d3ec c2aa b22a ba6a cbcf dd74 dd51 dcd0 dc90 dcd1 dd11 dd53 dd74 dd95 ddf6 e636 e656 e656 d572 aac9 9146 9148 a9a8 b1c8 b9ea c24a ca6b d28a caab d2ac d2ed db4d db2e db6f db8f dbaf dbb0 e3cf e3cf e3cf dbcf dbaf dbce e3f0 e3af e3f0 e3ef e410 e3ef e3ef dbcf e3ae dbaf db8e db6e db8e db8e db8e db6f db6e db6e db8f db6e db8f dbaf dbcf dbf0 e3f0 dc11 dc11 e451 e452 e472 dc51 e451 e452 dc11 dc31 dc51 dc72 dc31 dbaf d32e d30c d2ed d2ed db0d d30d db2d db2d db0d daed d2ac d2cd daac d2ed daac dacc daed db4e e3f0 e451 ec92 ed35 edd6 f637 f677 f6b9 f6b9 ee78 e5f6 e574 e554 e534 dcd3 e471 e431 dc31 dbf0 dbaf dbaf db8e db6e db4e db2c d30c d2ec d2cc cacc cacb c2ab c26a ba4a c26a ba4a b24a b24a b26a b24a aa2a aa09 a1a8 9967 80e6 78c7 8107 78c7 6887 5867 5867 68c7 68c7 60a7 60e8 6909 6908 7969 79aa 60c9 58c9 60aa 7969 b3b0 cc52 dcd1 dd55 ccb3 bb8f ab70 922c 70e8 6908 89ec 7949 60e7 68e8 5887 60c8 60e7 58c8 60e9 58c8 58a7 58a7 60c7 6928 6927 60e7 5887 5067 5087 5887 6908 89ca a2ed b36e c3ae c38e c38e bb6d bb6e bb4e c38d c3cf cc10 cc4f d44f d44f cc2f d44f cc4f cc2f cc2f cc0f cc0f cc2f d42f d44f cc2f cc0f c42f cc0f cc0f cbef cbef cc2f cc0e cc2f cc2e cc0e cc0e cc0e cc0e cc0f cc0f cc0f cc0f c3ee c40f cc0e cc0f cc0f cc2f cc0f cc0f cc0e cc0f cc2f cc0f c430 cc2f cbef cbee cbce c3cf cbee cbef c3ce c3cf c3ce c3ae bbae c3ce c3ce bbcf bbcf bbcf bbae bb8e bb8e bb8e b38e b38e b36e b34e b36e bbf0 c410 cc70 d4d0 dcf0 dd50 dd71 e571 e590 e590 e590 edb0 edd1 edd0 edb0 edb0 edb0 edb0 edb0 e5b0 e590 e591 e5b0 ed90 ed91 edb0 e590 ed90 e590 ed91 ed90 
b22a b22a aa09 aa2a a229 a1ea a9e9 a1e9 a1e9 99e9 99c9 99c9 99a8 99c9 91a8 9188 9988 9988 9988 8968 8968 8927 8107 80c7 78a6 70a7 88e7 9167 a9e9 c269 caeb d30b db4c dbac e3cd e42f e44e ec6e ec8e ec8f ecaf ecce ecee ed2f f52f f50e f510 ed0f f510 f530 f530 f530 f530 f510 f4ef ecce ec6e ec4d e40d e3ec db8b db4b d30a caa9 ba29 a9c8 9968 9968 9988 9968 a188 a1c9 a1c8 a1c8 a9c8 a9e9 b209 b209 b229 b229 ba49 ba49 c249 c249 c249 c229 c229 c249 ba4a c22a ba4a c28b db4c d3ee d450 dcb2 dc71 d3d0 cb4e baad b2ad aace a2ae 8a0d 714a 612a 610a 610a 714b 79ed 8a90 8a4e 79cc 718b 6109 58c9 5068 4848 4869 58e9 614c 7a0f 610a 58c9 610a 716d 696c 612c 71cf 8230 8291 828f 7a6f 82b1 7a70 7a6f 7a6f 8290 718c 612a 58c9 5087 5888 5068 4847 5089 610a 612a 716b 718d 696d 58ab 58ca 69ac 8ad1 9b75 9335 8a71 79ee 7a30 8271 8251 8a92 7a2f 79ed 7a4f 93d4 824f 6109 616a 8290 822d 6129 696a 60e9 60e8 58a8 58a8 58a7 5867 5887 58a7 5887 5887 5887 5887 5887 5887 60c8 60c8 58c8 58a8 58c8 50a7 58a7 50c8 50a7 4867 4847 4848 4847 58c7 928c c3ef d40e c2ca b20a b229 c2ec d4b3 dd72 dcf1 dd31 dd12 dd33 dd53 dd74 ddb5 e5f6 e636 e656 e676 d551 a288 80e6 9927 a988 b1e8 ba09 c22a c24a ca6a ca8a d2ab d2ed d32d d32d db0d db4e db6e dbb0 e3af e3cf e3cf e3d0 dbcf dbcf dbf0 e410 e410 e431 e430 e430 e40f e431 e3f0 e3ef dbf0 dbd0 dbb0 dbcf dbcf dbf0 dbf1 dbaf dbcf dc10 dc11 e410 e430 e451 dc31 e450 e472 e472 e492 e492 e471 e472 e452 e431 e431 e472 e451 dc71 dbf0 db6e d34e d2ed d2cd daed d30d db4e db4e db2d db0d daac d2ac d2cc d2cd dacc dacc dacd daed db4e e3d0 e411 e491 e514 ed96 f617 f678 f6b9 f6d9 ee78 edd5 e595 e574 e554 e4f4 e4b2 dc30 e430 dc30 dbf0 dbf0 dbef dbaf db8f db4e d30d d2ed d2ed d2cc d2ec caec cacb ca8a c26a c28b c26a baac ba8b ba6a b26b b229 a9e9 9988 88e7 78c7 8107 70a7 68a7 5046 6086 70c7 68c7 60a7 6908 7108 7108 79aa 79ab 58c9 50a9 60a9 7969 b390 cc73 dc91 dd74 ccf5 b3b0 abb0 924d 7109 7149 8a0b 81aa 60c7 60c8 58a7 60a7 68e8 58c7 58a7 5886 5887 60a7 60c7 6907 60c7 58a7 5087 5067 58a8 5887 7949 924b ab0d bb6e bbcf bbaf c36e c36d b38f b36d c38e c3ce cc0f cc50 cc6f cc4f d44e cc2f cc30 cc2f cc2f cc2f d44f cc0e cbef cc2f cc0f cbef cc0f cc2f cc0f cc0f cc0e cc0f cc2f cc2f cc0f cc0e cc0e cc0f cc0f cc0e cc2f cc0f cc2f cc0f c40f cc0f cc0e cc2f cc0f cc0e cc0f cbef cc0e cc0f c40e c42f c40f cbee c3ee c3ee c3ce c3ce c3ee c3ee c3cf c3ae c3ce c3ce c3ce c3af bbae bbcf b3af bb8e b38e b38e b36e b34d b36e b34d b38e bbf0 c470 d4b0 dcd0 dd30 e571 e5b1 e5b1 e5b1 edb1 edd1 edd1 edd0 edd0 edd0 edd0 edb0 edb0 edb0 edb0 edb0 e5b0 ed90 ed90 ed90 ed90 ed90 e590 edb0 ed90 ed90 edb0 
aa2a aa2a a9e9 aa0a a1e9 a1a9 a1c8 a1c9 99e9 99e9 99a9 99a9 9988 9988 9168 9168 9988 9988 91a8 9168 8948 8927 8907 80e7 78c7 78e7 8907 9148 a1c8 ba4a caca d32b db6b dbcd e3cc e40e e44e ec6f ec8e ecae eccf ecef ecef ed0f f50f f50f f4ef f52f f530 f510 f510 f510 f510 f50f f4ef f4ae ec6e ec6d e40c e3cc e38b db2a d2ea c289 ba08 a9a9 99a9 9968 9947 9948 a188 a1c8 a1a8 a1c8 a9e8 b1e9 b209 ba29 ba49 ba09 ba4a ba49 ba4a c249 c229 ba49 ba6a c229 ba4a ba4a ba4b ba8c c26c cb0e d3af cbb0 bb0f aaae aa4c aa6c aa8c aaad 920b 716a 6109 612b 610a 714b 81ed 92b0 8a6f 718b 58c8 60c9 612a 58e9 5088 4888 50c9 5909 71ce 79ed 692c 60eb 716c 8230 8a71 8292 8ad1 92f2 92d1 718c 612b 590a 590a 698b 8290 8290 79ee 612a 5088 4888 5088 4867 5088 610a 58ca 58ca 612a 7a0f 79ee 610b 50aa 50aa 594b 7a50 93b6 9bd7 9bd7 9bd6 9374 9353 8a91 694b 696b 82d2 7a2e 692a 720e 8b94 93d5 6129 5047 5067 50a7 58a8 5888 5888 5887 5888 58a7 58a7 5087 58a7 58a7 5067 5887 5888 58a7 60c8 6109 58a8 58c8 58c8 58c8 50c9 50c8 4888 4888 4888 58c8 8a0a bbae d42e c2c9 b1e9 aa0a b28b cbd1 dd33 dcd0 dcf2 dd32 dd53 dd94 dd94 e5d5 e5f5 e636 e676 e656 ccf0 9248 78c6 9128 a988 b1e8 ba2a ba6b c26a c26b ca6b d28b d2cb d30d db0d d32d d2ed db2e db4e e3af e3ae dbaf e3cf e3f0 e410 e3d0 e430 e451 e431 e451 e450 e451 e410 e450 e450 e471 e472 e452 e430 e431 e411 e431 e451 e431 e431 e431 e471 e472 e4b1 e4b2 e472 e471 e4f3 e4d2 e4b2 e451 e451 e4b2 e4b2 e451 e471 e4b3 dc71 dc30 dbaf db4e d36e db0d d30d db4e db4d db6e db4e db2c db0d daec dacc dacc daec dacc dacb daad daac db2d e3cf e451 e4b3 e4f4 ed75 f617 f698 f6d9 f6d9 ee78 edf6 e595 e574 e553 e534 e4d3 dc51 dc11 e3f0 dc10 dc10 dbf0 dbef dbcf db8f d34e d30d d30d d30d d30d d2ed d2ec d2ab ca6c ca6b c26a ba8c c26b ba6b ba8b b22a a9e8 9989 8907 80e7 7929 70e7 70a7 5866 60a7 68c8 68c7 60e8 7128 7108 7108 79aa 7949 60c8 5089 60c9 7129 b350 cc52 d472 dd54 d4f4 bbf1 bbb0 9a4d 6909 7128 81ea 81eb 58a7 58a7 60e8 60c7 68e7 58c7 5087 5066 5866 60a7 60c7 6107 60a7 5886 5087 5087 5887 60c8 8189 9a8b b32d bb8d bb8e bb8e c36d bb6e b36e bb8e c3cf cc0e d44f cc50 cc4f cc2f d450 d42f cc2f d44f d44f cc2e cc4f cc2f cc0f cc0e cc2f d40e cc2f cc2f cc0f cc0f c40f cc2f cc2f cc2f cc0e cc0f cc2e cc0f cc0f cc0f cc0f cc2f cc0f cc0f cbee cc0e cc0e cc0f cc0e cbee cc0f c3ef cbef c3ef c3ee c40f c3ef c3ef c3ef c40f c3ef c3ee c40f c3ce c3ae c3ce bbce c3cf c3ce c3ce bbef bbce b3af b38e b38e b36e b38e b36d b36e b3ae c430 cc90 d4d0 dd10 e530 e571 e5b1 edd1 edd1 edd1 edf1 edd1 edd0 edd0 edd0 edb0 edb0 edb0 edb0 edb0 edaf edb0 edb0 e590 e591 ed90 e590 e590 e590 edb0 e591 ed90 edb0 
aa2a aa2a a9e9 aa0a a1e9 a1a9 a1c8 a1c9 99e9 99e9 99a9 99a9 9988 9988 9168 9168 9988 9988 91a8 9168 8948 8927 8907 80e7 78c7 78e7 8907 9148 a1c8 ba4a caca d32b db6b dbcd e3cc e40e e44e ec6f ec8e ecae eccf ecef ecef ed0f f50f f50f f4ef f52f f530 f510 f510 f510 f510 f50f f4ef f4ae ec6e ec6d e40c e3cc e38b db2a d2ea c289 ba08 a9a9 99a9 9968 9947 9948 a188 a1c8 a1a8 a1c8 a9e8 b1e9 b209 ba29 ba49 ba09 ba4a ba49 ba4a c249 c229 ba49 ba6a c229 ba4a ba4a ba4b ba8c c26c cb0e d3af cbb0 bb0f aaae aa4c aa6c aa8c aaad 920b 716a 6109 612b 610a 714b 81ed 92b0 8a6f 718b 58c8 60c9 612a 58e9 5088 4888 50c9 5909 71ce 79ed 692c 60eb 716c 8230 8a71 8292 8ad1 92f2 92d1 718c 612b 590a 590a 698b 8290 8290 79ee 612a 5088 4888 5088 4867 5088 610a 58ca 58ca 612a 7a0f 79ee 610b 50aa 50aa 594b 7a50 93b6 9bd7 9bd7 9bd6 9374 9353 8a91 694b 696b 82d2 7a2e 692a 720e 8b94 93d5 6129 5047 5067 50a7 58a8 5888 5888 5887 5888 58a7 58a7 5087 58a7 58a7 5067 5887 5888 58a7 60c8 6109 58a8 58c8 58c8 58c8 50c9 50c8 4888 4888 4888 58c8 8a0a bbae d42e c2c9 b1e9 aa0a b28b cbd1 dd33 dcd0 dcf2 dd32 dd53 dd94 dd94 e5d5 e5f5 e636 e676 e656 ccf0 9248 78c6 9128 a988 b1e8 ba2a ba6b c26a c26b ca6b d28b d2cb d30d db0d d32d d2ed db2e db4e e3af e3ae dbaf e3cf e3f0 e410 e3d0 e430 e451 e431 e451 e450 e451 e410 e450 e450 e471 e472 e452 e430 e431 e411 e431 e451 e431 e431 e431 e471 e472 e4b1 e4b2 e472 e471 e4f3 e4d2 e4b2 e451 e451 e4b2 e4b2 e451 e471 e4b3 dc71 dc30 dbaf db4e d36e db0d d30d db4e db4d db6e db4e db2c db0d daec dacc dacc daec dacc dacb daad daac db2d e3cf e451 e4b3 e4f4 ed75 f617 f698 f6d9 f6d9 ee78 edf6 e595 e574 e553 e534 e4d3 dc51 dc11 e3f0 dc10 dc10 dbf0 dbef dbcf db8f d34e d30d d30d d30d d30d d2ed d2ec d2ab ca6c ca6b c26a ba8c c26b ba6b ba8b b22a a9e8 9989 8907 80e7 7929 70e7 70a7 5866 60a7 68c8 68c7 60e8 7128 7108 7108 79aa 7949 60c8 5089 60c9 7129 b350 cc52 d472 dd54 d4f4 bbf1 bbb0 9a4d 6909 7128 81ea 81eb 58a7 58a7 60e8 60c7 68e7 58c7 5087 5066 5866 60a7 60c7 6107 60a7 5886 5087 5087 5887 60c8 8189 9a8b b32d bb8d bb8e bb8e c36d bb6e b36e bb8e c3cf cc0e d44f cc50 cc4f cc2f d450 d42f cc2f d44f d44f cc2e cc4f cc2f cc0f cc0e cc2f d40e cc2f cc2f cc0f cc0f c40f cc2f cc2f cc2f cc0e cc0f cc2e cc0f cc0f cc0f cc0f cc2f cc0f cc0f cbee cc0e cc0e cc0f cc0e cbee cc0f c3ef cbef c3ef c3ee c40f c3ef c3ef c3ef c40f c3ef c3ee c40f c3ce c3ae c3ce bbce c3cf c3ce c3ce bbef bbce b3af b38e b38e b36e b38e b36d b36e b3ae c430 cc90 d4d0 dd10 e530 e571 e5b1 edd1 edd1 edd1 edf1 edd1 edd0 edd0 edd0 edb0 edb0 edb0 edb0 edb0 edaf edb0 edb0 e590 e591 ed90 e590 e590 e590 edb0 e591 ed90 edb0 
aa2a aa0a a9e9 a9e9 a1e9 a1a9 a1a9 a1c9 99c9 99e9 99c9 99a9 9988 9188 9969 9169 9188 9189 9188 9168 8927 8907 80e7 80e7 80e7 80c7 8107 9168 a1c8 ba49 caca d30b db6b dbad e3cd e3ec e44e ec6e ec8f eccf eccf ecf0 ecef ed0f f510 f510 f50f f530 f50f f530 f510 f52f f530 f50f f50f ecae ec8e ec6e e40d e3cc e38c db2a d2ea c2a9 b229 a9e9 a1c9 9968 9947 9968 a188 a188 a1c8 a9c8 b1c8 b209 b1c9 b229 b249 ba29 ba4a ba8b ba6a ba6a ba6a ba49 ba6a ba4a ba2a ba6b c2ed baac bace bb0f b2ce aaae a26d a24d aa8d b28d aa2d 89ab 792b 79ae 7a10 8ab2 92d2 92d1 92f1 8a6e 71cc 60ea 58c8 60c9 60c9 58c9 5088 58aa 58a9 614a 7a2f 7a0f 79ad 714c 7a0f 8b13 9314 8ad1 8ab0 9373 8a70 696c 58ea 58aa 692b 8290 8af2 822f 716b 5068 4847 4067 4868 50a9 58ca 58ca 58ca 696e 71cd 8290 8ab1 71cd 612c 58eb 488a 5109 82d1 9bf5 9c55 9c35 9374 7a4e 716c 58ea 614c 8251 79ae 82f2 9cd8 a4f8 828d 5088 5088 4888 5087 58a8 58a8 58c8 58a8 58a7 58c7 58c8 58a8 5867 5887 5887 5888 5887 5888 58c8 60e9 58c8 58e9 58c9 50c8 50e9 50e9 48a8 48a8 50a8 7989 ab4d d44f cb4b b22a aa0a b26b bb90 d534 dcd0 dcf1 e532 dd74 dd94 dd93 e594 e5d5 e615 e676 de76 c4f0 89c7 70c7 8907 a168 b1a8 b1c8 c22a c269 ca6a ca8b caab d2ab d2cc d2cb db0c d34e d32e db2e db6e dbaf e3af e3af e3af e3cf e410 e3f0 e410 e42f e471 e491 e471 ec30 e430 e430 e491 e4b1 ecb1 e4d3 e4b1 e491 e471 e450 e470 e471 e471 e451 e471 e4b2 e4d2 e4d2 e4d2 e4b2 e491 e491 e472 e451 e471 e472 e491 e471 e451 e491 e430 e40f dbaf db4e d32d db2d db4d db6d db8e db6e db2d db0c db0d daec dacc d2ec dacb dacc dacc dacc daed db2d e3af e430 e492 ed14 ed96 f616 f677 f699 f6b9 f698 ee37 e5b5 e574 e533 e533 e4f3 dcb2 dc91 dc50 dc10 dc0f dbf0 dbcf dbcf dbae db6e d34e d32d d32d d30d d2ec d2cc d2ab ca8c caab c2ac c2ac c26b ba6b b24a b22a b20a 99a9 88e7 80c7 78c7 70c7 70a7 5887 60c7 6887 60a7 6908 7128 70e8 70e7 7949 7129 60a8 5047 5888 7109 ab4f cc53 dcb2 e534 dd13 cc93 bbd1 9a6d 68e8 6908 81aa 8169 5887 5866 6087 60c7 6928 58a7 5087 5067 5887 60c7 60e7 60e7 58c7 5887 5887 5887 5887 68e9 89ca aacc bb4d bb8e bb8e bb6d bb6d bb6e b36e c38e cbee cc2f d450 cc70 cc70 d44f cc2f d44e d42f d44f d42f cc2f cc2f cc2f cc0f cc0f cc0e cc0e cc0f cc0f cbef cc0f c40f cc0f cc0f c3ef cc0f cc2f cc2e c42f cc2f cc0e cc2f cc0f cc0e c3ef c3ee c40f cc0f cc0e cc2f cc0f cc0e c3ee cbef c3ee c3ee c3ef bc10 c3ef c3ee cbef c3ce c3ce c3ce bbae c3cf c3ef c3ce bbce bbce bbce bbae bb8d b38e b38e b36e b36e b36e b38e bbce c44f d4b0 dcef dd30 e570 e571 edb1 edd1 edf1 edf1 edf0 edd1 edd0 edd0 edd1 edd0 edb0 edb0 edb0 edb0 edb0 edaf ed90 ed90 e590 e590 edb0 e5b1 edb0 e590 e590 e590 ed91 edb0 
a1ea a1ea a9c9 a1e9 a1c9 a1ca a1a9 99c9 99ca 99a9 99a9 99a9 91a9 91a9 9168 9189 9189 9168 9168 9168 8927 8907 8107 80c7 80c7 80c7 8928 9188 a1c8 ba29 caaa d32b db4b db8c e3ed e3ec e42e ec6e ec8e ec8f ecaf ecef ecef ecef f4ee ed0f f510 f50f f52f f52f f50f f510 ed10 f50f f4ce ecaf ec8e ec4d e42d e3cb e38b db4b d30a caaa b249 a9e8 99a8 9948 9947 9988 a188 a188 a1c8 a9e8 a9e8 b1e9 b1e9 b209 b209 b229 ba29 ba6a ba6a ba4a ba4a c24a ba6a ba8b c26a c26b c28c c2cd baae a24e 9a0d a26f b2d0 bb72 c3d3 b311 a2b2 9292 92f4 9bd7 ac38 ac37 ac36 a3b4 9311 820e 692a 60ea 60ea 60ea 58c9 58ca 60ca 60aa 60ca 71ad 82d1 8a50 798d 71ac 82d1 9375 8af1 8a90 92f2 8a90 81ef 694d 692c 71ae 8af2 9373 8ab0 71ad 50a8 4847 4068 4868 4888 50a9 58a9 5089 590b 718e 8231 8af2 9b74 92d2 7a0f 71ae 614c 614b 698c 69ac 71ec 82f1 9394 8ad4 79f1 696e 7a51 8ad3 9375 a519 acf7 82ce 6109 58c8 5909 5909 60e8 60e8 58c8 58a8 60a8 58a8 58c7 60e8 58e8 5887 5087 58a7 5887 5067 58a8 58c8 58a8 58e9 58c9 58c9 50a8 50c8 50e9 4888 5047 6908 a2ec cc2f cbed ba8a aa4b b24b bb4e d514 dd93 dc90 dd11 e553 e593 ddb4 e594 e5d5 e5f5 de35 de56 c48e 81a7 7087 8108 9148 a188 b1c9 ba09 c24a ca49 ca6a caab d2ab d28b d2cc d2cc d2cb db4e db4e db2e db2e db8e e38e e3af e3cf e3cf e410 e410 e410 e410 e450 e491 e491 ec30 e430 e430 e491 e4b1 ecb2 ecf2 e4b1 e4b1 e491 e451 e471 e470 e471 e471 e491 e4b1 ecb2 ecb2 e4b1 e4b1 e471 e472 e472 e472 e491 e4b2 e491 e492 e451 e430 e410 e3ef dbaf db6e db2d db2d db4e db4d db6e db2d d30d db0c db0c dacc dacc d2ec d2cc daab daed daac daab db0d e34e e3af e451 e4f3 edb6 edf7 f637 f698 f6d9 f699 ee37 edd5 e554 e513 e533 e513 dcf3 dc92 dc51 dc51 dbf0 dbcf dbcf dbcf db8f db6d db4d d32d db2d db2d d2ec d2ec d2cc d2cc d2cb caac cacc cacb ba8a ba6a b24a b209 a1a9 8927 80e7 70c7 70c7 68a7 5867 6087 68a7 68c8 7108 70e8 70c7 7107 81a9 7949 6088 5048 5848 7109 aaef cc52 dcb2 dd13 dd33 d4b2 bbf1 a2ad 6909 60e8 7969 8189 5866 5046 60a7 68e8 68e7 58a7 58c8 58a7 6087 60c7 60e7 60c7 58c7 5887 5887 5887 60c8 7969 9a4b aaec c36d c3ae bbae bb6e bb6d bb6e bb6f c3ae cc0f cc50 d450 d48f cc6e d46f d42e d44f d40f d42e cc2f cc2f cc2f d40f cc0f cbee cbee cc0f cbef cc0f cc0f cc0f cc2f cc10 cc0f c40e c42f cc0f cc2e cc0e cc0f cc0e cc0f cbee cbef c3ef cc0e c40f cc2f cc0e cc0e cc0f c40f c3ef c3ee c3ee c3ef c3ce c3cf bbce c3ef c3af c3ce c3ce c3ae c3ce c3ce bbae bbae bbce bbae b3ae b38e b38e b38e b38e ab6e b36e b3ae bc0f cc6f d4af dd10 e550 e570 e5b1 edb1 edd0 edf1 edf1 edf1 edf1 edd1 edf1 edd0 edd0 edb0 edb0 edaf edb0 edb0 edb0 ed8f e590 ed90 ed8f e590 ed90 ed90 edb0 edb0 e590 e5b0 edb1 edb1 
a1a9 a1a8 a1c8 a1c9 a1a8 a1c9 99a9 99c9 9989 9188 9989 99a8 9988 91a9 9188 9168 9189 9128 9168 8948 8907 8107 80e7 78c7 78e7 78e7 8108 9148 a1a8 ba49 caa9 d30b db2b db6c e3ce e3ed e44e ec6e ecaf ecaf eccf ecef eccf f50f f4ee ecef ecee ecef f50f f52e f50f f50f f50f f4f0 f4ce f4ce ec8e ec4d ec0d e3cc e38b d34b d2eb ca89 b229 a9c8 a1a8 9968 9967 9168 9967 a188 a1c9 a1a9 a9c8 a9c8 b1e8 b229 b1e9 b229 ba29 ba29 ba4a ba4a ba4a ba4a ba4b ba4c ba8e baaf baf0 bb12 aad2 9ad2 a2f3 b354 bbf5 d496 d4d7 bc78 b478 ac78 ac77 ac76 ac75 a3d3 9351 826f 79ed 718c 692b 612a 612a 612a 614b 696b 692c 610b 690a 7a0e 8b32 8230 716d 71ad 8af2 9353 92f2 9334 8a6f 820f 8251 79f0 8210 8af2 9b53 8aaf 79cd 58e9 4867 4047 4887 4868 4888 5088 58a8 5089 58ca 590a 696c 79ee 8ad0 9333 8ab2 79ef 7a30 8271 7a30 71ce 69ae 7210 7a50 8ad2 9bd7 9c18 a458 a4b8 a4d8 9c14 826d 6929 71cc 81cc 81cb 7989 7969 7989 7149 60e9 5067 5067 5087 58c8 60c8 58a8 5887 5087 50a7 5087 58a7 50a7 50a8 50c8 50c8 58c9 50a8 48a8 48a8 50a8 58e8 926b cc0f d44e baaa a9ea b22a baab cc11 dd95 dcf1 dcf1 e552 e594 dd94 dd94 ddd5 e615 e656 de35 bc8f 7967 6887 78a7 8907 9148 a168 b1e9 c22a c26a c24a ca6a ca8b d2ab d28b d2ed d2ed d2cc d30d db2d db4e db4e db6d db8e e3cf e3f0 e3ce e410 e3ef e410 ec10 e430 e470 e491 e471 e472 e470 ecb0 e4b1 ec91 ecb2 ecb1 e4b1 e4b1 e4b2 ecd2 ecb2 ecb2 e4b2 e492 e491 ec91 ec92 e471 e471 e492 e4b2 e4b2 e4d3 e4d2 e4d2 e491 e492 dc31 dbf0 e3ef dbcf dbae db8f db6e db2d db4e db6e db90 db4e db2e db2d daec daed dacc dacc dacc da8a dacd d28b daab daed db4e e3d0 e451 e4d3 ed95 edf6 f638 f699 f6d9 f6b9 ee57 edd6 e574 e533 dd12 e4f2 e4d2 e4b2 e491 dc50 dbf0 dbcf dbaf db8e db6e db6e d32e db0d db2c db2e d30d d30d d30d d2cc d2ab cacc caac caac c28b c28a ba6a b22a a1e9 9168 8108 7087 70c8 68c7 58a8 6087 68c8 6909 70e8 68a6 7108 7108 81ca 7928 6087 5048 5048 68e8 ab0f cc53 dc92 dcd2 dd33 d4b2 bbf1 a2ee 7129 68c8 7968 7148 5867 5046 58a7 7129 68e7 58a7 50a7 5887 58a7 60c7 60e7 60a7 5887 58a7 5888 5887 6908 89ea a2ac b32e c3ae c3ae bb8f bb8e bb6d bb4e c36e cbce cc30 cc4f d470 d44f d44f d44f d44f cc4f cc2f cc4e cc2f cc0f cc2f cc2f cc2f cc2f cc2f cc0f cc2f cc30 cc2f cc2f cc0e c40f cc2f cc2f cc2f cc2f cc0f cc0f cc0f cc0f cc2f cc0f cc10 c40f cc0f c3ee c3ee c3ef cbcf c3ef c3ef c3ee c3ee c40f c3ef c3ee c3ef c3cd bbcf bbce c3ef c3ef c3ce bbcf bbcf bbae bbae bbae bb8d bb8e b38e b38e b36e b36e b38e b3af c40f cc6f d4d0 dd10 e550 e591 e5b1 edd0 edd1 edf1 edf1 edf0 edf1 edd1 edd1 edf0 edd1 edd1 edb0 edaf edb0 edb0 edaf edb0 ed8f ed91 e590 e590 ed90 ed91 edb1 edb0 e5b0 e590 e5b0 edb0 e5b1 
a1a9 a1a8 a1c8 a1c9 a1a8 a1c9 99a9 99c9 9989 9188 9989 99a8 9988 91a9 9188 9168 9189 9128 9168 8948 8907 8107 80e7 78c7 78e7 78e7 8108 9148 a1a8 ba49 caa9 d30b db2b db6c e3ce e3ed e44e ec6e ecaf ecaf eccf ecef eccf f50f f4ee ecef ecee ecef f50f f52e f50f f50f f50f f4f0 f4ce f4ce ec8e ec4d ec0d e3cc e38b d34b d2eb ca89 b229 a9c8 a1a8 9968 9967 9168 9967 a188 a1c9 a1a9 a9c8 a9c8 b1e8 b229 b1e9 b229 ba29 ba29 ba4a ba4a ba4a ba4a ba4b ba4c ba8e baaf baf0 bb12 aad2 9ad2 a2f3 b354 bbf5 d496 d4d7 bc78 b478 ac78 ac77 ac76 ac75 a3d3 9351 826f 79ed 718c 692b 612a 612a 612a 614b 696b 692c 610b 690a 7a0e 8b32 8230 716d 71ad 8af2 9353 92f2 9334 8a6f 820f 8251 79f0 8210 8af2 9b53 8aaf 79cd 58e9 4867 4047 4887 4868 4888 5088 58a8 5089 58ca 590a 696c 79ee 8ad0 9333 8ab2 79ef 7a30 8271 7a30 71ce 69ae 7210 7a50 8ad2 9bd7 9c18 a458 a4b8 a4d8 9c14 826d 6929 71cc 81cc 81cb 7989 7969 7989 7149 60e9 5067 5067 5087 58c8 60c8 58a8 5887 5087 50a7 5087 58a7 50a7 50a8 50c8 50c8 58c9 50a8 48a8 48a8 50a8 58e8 926b cc0f d44e baaa a9ea b22a baab cc11 dd95 dcf1 dcf1 e552 e594 dd94 dd94 ddd5 e615 e656 de35 bc8f 7967 6887 78a7 8907 9148 a168 b1e9 c22a c26a c24a ca6a ca8b d2ab d28b d2ed d2ed d2cc d30d db2d db4e db4e db6d db8e e3cf e3f0 e3ce e410 e3ef e410 ec10 e430 e470 e491 e471 e472 e470 ecb0 e4b1 ec91 ecb2 ecb1 e4b1 e4b1 e4b2 ecd2 ecb2 ecb2 e4b2 e492 e491 ec91 ec92 e471 e471 e492 e4b2 e4b2 e4d3 e4d2 e4d2 e491 e492 dc31 dbf0 e3ef dbcf dbae db8f db6e db2d db4e db6e db90 db4e db2e db2d daec daed dacc dacc dacc da8a dacd d28b daab daed db4e e3d0 e451 e4d3 ed95 edf6 f638 f699 f6d9 f6b9 ee57 edd6 e574 e533 dd12 e4f2 e4d2 e4b2 e491 dc50 dbf0 dbcf dbaf db8e db6e db6e d32e db0d db2c db2e d30d d30d d30d d2cc d2ab cacc caac caac c28b c28a ba6a b22a a1e9 9168 8108 7087 70c8 68c7 58a8 6087 68c8 6909 70e8 68a6 7108 7108 81ca 7928 6087 5048 5048 68e8 ab0f cc53 dc92 dcd2 dd33 d4b2 bbf1 a2ee 7129 68c8 7968 7148 5867 5046 58a7 7129 68e7 58a7 50a7 5887 58a7 60c7 60e7 60a7 5887 58a7 5888 5887 6908 89ea a2ac b32e c3ae c3ae bb8f bb8e bb6d bb4e c36e cbce cc30 cc4f d470 d44f d44f d44f d44f cc4f cc2f cc4e cc2f cc0f cc2f cc2f cc2f cc2f cc2f cc0f cc2f cc30 cc2f cc2f cc0e c40f cc2f cc2f cc2f cc2f cc0f cc0f cc0f cc0f cc2f cc0f cc10 c40f cc0f c3ee c3ee c3ef cbcf c3ef c3ef c3ee c3ee c40f c3ef c3ee c3ef c3cd bbcf bbce c3ef c3ef c3ce bbcf bbcf bbae bbae bbae bb8d bb8e b38e b38e b36e b36e b38e b3af c40f cc6f d4d0 dd10 e550 e591 e5b1 edd0 edd1 edf1 edf1 edf0 edf1 edd1 edd1 edf0 edd1 edd1 edb0 edaf edb0 edb0 edaf edb0 ed8f ed91 e590 e590 ed90 ed91 edb1 edb0 e5b0 e590 e5b0 edb0 e5b1 
a1e9 a1e9 a1e9 a1e9 a24a 9a2a 99e9 99c9 99a9 99c9 91a9 91a9 91a9 91a9 91c9 9168 9168 8968 8968 8948 8148 8107 80e7 78e7 78c7 78e7 8107 9168 a1c9 b229 ca8a d30b d34c dbad e3ed e42e e46d ec6e ecaf ecaf eccf ecef eccf ecee ecf0 ecef ed0f f511 f50f f52f f50f f50f f50f f4ef f4ce f4ae ec8e ec4d e42d e3ed e38b db4b d2ea c269 b229 a9c9 9988 9968 9968 9948 a188 a1a9 a1c9 a1e9 a9c8 a9e9 b1e8 b1e8 b1c9 b209 b9ea ba0b ba2b ba4c ba8e baf1 bb33 bb54 bb94 bc16 bc36 bc16 b437 b457 bc97 c4b7 c475 c475 c4d5 ac33 9bb1 8b0f 828d 7a2c 724d 7a2d 7a0d 718c 692b 610a 60e9 610a 610a 692a 696c 716c 692a 60c9 716c 8290 8ab2 79ee 698c 79ef 8ab1 8b33 8af2 820f 79ae 8251 9313 8ad2 9353 9331 8a6f 718c 58a8 4867 4867 4888 5088 5067 4847 5087 58c9 58c9 50c9 50a9 5089 58ea 71ad 7a2e 8ab1 8250 82b2 9313 9334 9313 8ad2 8272 81ef 81ee 8b32 9c34 9c74 9414 8b11 718c 58c8 7a0d 9b30 ab30 a2ae 9a2b 89c9 89ea 89ea 818a 58a7 4867 50a8 58e8 60e8 58a7 58a7 58a7 58c8 5088 58a7 58c8 58a8 5088 5088 5088 4888 4888 4868 5088 81ca bbcf d46f cb2b aa2b aa0a b26b c36f d535 dd53 dcd1 dd53 dd94 ddd4 ddb5 ddb5 e635 e676 de55 bc6e 7167 5887 7087 80e7 9128 9968 a9a8 b1e9 ba4a c26b ca6b ca8b d28b d28b d2ab d2ec d2cc d2ec d2ed db0d db4d db4e db6e db8f e3af e3d0 e3ae e3cf e3f0 e410 ec10 e431 e470 e471 e490 ecb2 ec70 e490 e4d2 ecb2 ecf3 ecd2 e4b1 e490 ecd2 ed12 ecf2 ecb2 e4d2 e4b2 e4b2 ecb2 e492 e471 e471 e4b2 ecd2 ecd2 ecf2 e4b2 e4d2 e4b1 e471 e451 e430 e3f0 e3cf dbaf dbae db8e db6e db6e e36e db8f db6e db4e db2d db0d d2ed dacc daed db0d daab daac daac daac dacc e34e e3af e410 e4b2 ed55 edb6 f658 f699 f6d9 f6d9 ee57 ee16 e595 e534 dcd2 e4d2 e4d1 e4d1 e4d1 e491 dc10 dbef dbaf e38e db6e db4e db4e db2d db2d d32d d32d db0d d2ed d2ac d2cc d2cc caab caab ca8a c2aa c26a b24a a1c9 9128 78c7 70c8 70e8 60a7 58a7 60a7 68e8 7108 68c7 68c7 7949 7107 89aa 70e8 5887 5068 5048 68a7 a2cd cc52 dc51 dcd3 dcf2 d471 c452 a30f 8169 60c7 7127 68c7 5846 5046 5886 7128 68e8 5867 4866 58a7 60e7 68e7 68e7 60c7 5887 5887 5887 5887 7129 922c aaec b36e c3af c38e c38e bb6e bb6d c36d c38e cc2f cc4f d46f d46f cc6f d44f d44f cc2f cc4f cc4f cc4f cc30 cc0f cc2f cc2e cc0f cc0f cc0f cc30 cc2f cc0f cc2f cc0f cbee c40f cc0f cc2e cc4f cc0f cc2f cc0f cc0f cc2f cc2f cc2f c40f c40f c40e c40f c42f c40f c3ef bc0f c3ef c3ce c3ee c3ef c40f c3ef c3cf c3ee bbef c3ce bbcf c3ae bbae bb8e bbae bbae bbce bb8e bb8e b38f b38e b38e b38f b38e b3af c430 cc8f d4d0 dd30 e571 e591 edb0 edd0 edf1 f5f1 f5f1 edf1 edf0 edf1 edf1 f5d1 edd1 edb0 edd0 edb0 edb0 edb1 edb0 edb0 edb0 ed90 edb0 ed90 ed90 e5b0 edb0 edb1 edb0 ed91 edb0 edb1 edb1 edd1 
a1c9 a1c9 a1c9 99e9 9a4b 9a2a 99c9 99c8 91a8 91a9 91a9 9988 9188 9188 9189 9168 8948 8968 8947 8928 8147 8107 80e7 78e7 78a6 78c7 8107 9168 a20a ba69 caca d30b db4b dbac dbcc e42d e44e ec6d ec8f ecaf eccf ecee ecef ecee f4ef ed0f ed0f f4ef f50f f50f f510 f510 f4ef f50f f4ef f4af ec4e e42d e40d e3cd db6b db4b d30b c28a ba49 a9c9 9969 9947 9947 9948 a188 a1a8 99c9 a1c8 a9a8 a9c9 b1e9 b1e9 b20b aa0c ba0c b26e bab0 bb53 c3f4 cc55 cc34 c413 c434 cc54 bbf3 bbd2 c3d2 c3b1 cbf0 cc32 bbf2 bc11 9b2d 718a 6129 610a 58c9 610a 698c 7a0e 71cc 610a 58ea 590a 610a 612b 612a 692b 692b 694b 692b 690a 71ae 8ab1 8290 79ce 718d 7a0e 8b34 82d1 71cd 79ce 82b2 8b13 9b73 9b73 9311 824e 71cc 6109 50a8 50a8 50a8 58c9 5088 50a7 4867 5087 5068 5888 5088 5088 50a9 50c9 612a 69ad 71ce 696c 698c 8290 9313 9b73 9b74 9b95 9b94 9312 826e 69aa 5948 5108 50a9 5068 58c8 8a4d b38f bbb0 b36f aaed 9a6b 924c 922b 8169 58c8 50a8 58c8 58c8 58c8 58a7 58e8 50a7 58a8 50a8 58c8 50c8 50a8 50a8 50c8 50a8 4888 4888 4888 6109 a2ec cc71 cbcd b28b aa4b b26b bacc d4b3 ddb4 dd11 dd33 dd94 dd95 e5d4 e5d5 e635 e676 de56 bc6e 6947 5046 6067 7087 80e7 9147 9988 a9a8 b9e9 c24a ca6b ca6a ca6a d28b d2ab d2ab d2cc dacc dacc db0d db2e db4d db4d db6e e36e e3ae e3cf e3af e3ae e3f0 e410 e430 e410 e450 e490 e4b1 ecb1 ec92 ec91 ecb2 ecd2 ed12 ecf2 e4d1 e491 ec91 ec91 ecd2 ecf2 e4d3 e4d1 ecf3 ecf3 e4d2 e4d2 e4d2 e4b2 ecb2 ecb2 e4d2 e4d2 e4d1 e491 e491 e471 e450 e410 e3cf db8e db8e dbaf dbaf dbaf db8e db6e db6e db4d db4e daed daec daec daec daed daab dacc daec dacc db0d db2e e36e e3f0 e471 ed34 edd6 f658 f698 f6d9 f6b9 f657 ee16 edb5 e553 dcd3 e4b2 e491 e471 e450 e471 dc50 dc30 dc10 e3ae e38e db4e db2d db2d db0c daed db0d d2ed d2cd d2cc d2ed d2ec d2cc caab ca8a c2ab c24a b22a a1a9 8928 78c8 70c8 70e8 60a7 5887 68c7 6928 7949 68e7 68e8 7928 7928 81a9 70e8 5887 58a9 5868 6087 9a4c c412 dc92 dd13 dcb2 d450 cc92 b3b1 89cb 60c7 7128 7109 5887 5087 5886 68e7 68c8 5887 5887 58a7 60e7 6907 60a7 5887 5887 5887 5887 68a7 81c9 a28b b32d bbae c3ae c38d c36d c38e bb4d c36d c3ef d42f d42f d44e d470 d46f cc4f cc4f d42f cc4f cc4f cc0f cc2f cc2f cc2e cc4f cc2f cc0f cc0f cc0f cc0f cbee c42f c40f cc0f cc0e c42f c40f cc0f cc0f c40f cc50 cc50 cc2f cc0f cc0f cc0e c3ee c3ce c3ee cc0f c3cf c40f bbef c3ee c3ef c3ee cc0f c40f c3ee c3cf c3ce c3ce c3cf bbce bbae bbaf bbae bb8e bbae bbaf bb8e b38e b3af b36e b36e b38f b3af c42f d48f dcf0 dd30 e570 e590 e5b1 edb1 edd0 edf1 edf1 f5f0 edd0 edf0 edd1 edd0 edd0 edd0 edd0 edd0 edd0 edb0 edb0 edb0 edb0 edb0 edb0 edaf ed90 edb0 edb0 edb0 edb1 edb0 edb1 edb1 e5d2 e5d2 edd2 
99c9 99c9 99a9 91a9 99c9 99ea 99c9 91a8 91a9 9189 9148 9968 9168 91aa 9189 9168 9168 9168 8947 8927 8948 8107 78e7 78c7 70a7 78c7 8107 9168 a9e9 ba6b caaa d2eb d36b dbad dbcd e40e e44e ec6d ecaf ecaf eccf ecd0 eccf eccf f4ee ed0f ed0f f50e f50e f4ef ed0f f52f ed30 f50f ed0f f4af ec6d e44e ec2d e3cc db8c db4b d2ea c289 b229 a1c9 9968 9147 9947 9947 9968 9968 9988 a1a8 a9a8 a9a9 b1ea b20a b28d b2af bb10 c371 c390 cbb0 cbaf cb6e caec c30e bb70 bb53 ab32 b2f1 b311 bb31 bace aa8c a24c 89ea 68e9 5889 50a9 58ea 698d 79ee 71cd 71cc 612a 610a 590a 612a 692a 612a 696c 692b 60c9 610a 694b 718d 7a2f 7a50 79ce 79ae 79ef 82b2 9354 7a2f 7a50 8b75 9bf5 9b93 9bf5 9332 718b 612a 58e9 58c8 58e9 58e9 58e9 58c8 5088 50a8 50a7 50a8 5088 58c8 5088 5088 50a9 50c9 58c9 5909 718d 79ef 718d 694b 71cc 7a0d 7a2d 8b0f 9390 826d 6928 4867 4047 4068 4889 5888 6909 924c b36f bbf0 bbb0 b34d aaec 9a8c 818a 68e9 58e9 50a8 50a8 50a8 58a8 58a7 50a7 50a7 50a8 50c8 58a8 5088 50c8 50c8 50a9 48a9 4888 48a9 5909 8a4b c3ef d46e baeb b2ac b2ad b2ab c36f d554 dd11 dd32 e593 e5b4 ddd5 ddd4 e615 e696 de76 bcae 6967 4826 5026 6867 70a7 8927 9188 a1c8 b1e8 ba29 c249 ca8b caaa d28b ca8b d2ab d2cb d2cb d2eb daec dacd db4d db2d db6d dbaf e38e e3ad e3ae e3af e3cf e3ef e3ef e410 e430 e451 e471 e471 e491 ecb1 ecb1 ec91 ecb2 ecd2 ecf2 ecf2 ecf2 e4b2 ecb1 ecf2 e4f2 e4f3 e4f3 ecd1 e4d1 e4d1 e4f3 ecd2 ecd1 ecd2 ecd1 ecf2 ecb1 e4b1 e491 e471 e451 e431 e3ee e3f0 dbce dbcf db8e dbae e3af dbaf e36e e36e db2e db4e db0d dacc db0c db0d daec dacc daec dacc daab dacd db0e db6f e3f0 e471 ed54 edf6 f637 f678 f6b9 f699 ee78 ee37 edd5 e533 e4f2 e491 dc71 e451 dc51 dc50 e450 e430 e3cf e3ce db8e db6e db2d db2d db0d db0d db0d dacd dacc d2ed d2ed d2cc d2cc caab caab c2cb c28b ba2a a1ca 8929 70c8 7108 7108 6087 5887 68c7 7108 7108 68e8 68c8 7948 7948 81ca 70e8 5888 5088 5868 60a8 922b c3f0 dc92 dcf3 d492 cc10 ccb1 bc11 9a6c 68e8 7107 68c7 5887 5866 5887 60a6 68a7 5866 5887 60c7 60e7 60c7 58a7 5887 5866 5887 5867 6908 89ea aacc bb4d c3ae c3ae c3af c38d c36d bb4d c38d cc0f cc0f d46f d46f d490 d46f cc50 d44f d42f cc6f cc2f cc30 cc4f cc2f cc2f cc2f cc4f cc2f cc0e cc0e cc0f cc0f cc2f cc0f cc2f cc0f cc2f c430 cbee cc0e cc0f cc0f cc2e c40f c40f cbee cc0e c40f c3ef c3ef c3ef c3ef c40e c3ef c3ee c40f c40e c3cf c3cf c3ef bbcf c3ef c3ef c3ef c3af bbae bbce bbaf bb8d b38e b3af b38e b36e b36e b36e b38e bbae c40e d4b0 dcef dd2f e570 e590 edb1 edb0 edd1 edd0 edd1 edd1 edf0 edd0 edd1 edd1 edd0 edf1 edcf edd0 edd1 edd0 edcf edd0 edb0 edb0 edb0 edb0 e591 edb0 edb1 edb1 edb1 edd1 edd2 edd3 edd2 ee12 edf3 edf3 
99c9 99c9 99a9 91a9 99c9 99ea 99c9 91a8 91a9 9189 9148 9968 9168 91aa 9189 9168 9168 9168 8947 8927 8948 8107 78e7 78c7 70a7 78c7 8107 9168 a9e9 ba6b caaa d2eb d36b dbad dbcd e40e e44e ec6d ecaf ecaf eccf ecd0 eccf eccf f4ee ed0f ed0f f50e f50e f4ef ed0f f52f ed30 f50f ed0f f4af ec6d e44e ec2d e3cc db8c db4b d2ea c289 b229 a1c9 9968 9147 9947 9947 9968 9968 9988 a1a8 a9a8 a9a9 b1ea b20a b28d b2af bb10 c371 c390 cbb0 cbaf cb6e caec c30e bb70 bb53 ab32 b2f1 b311 bb31 bace aa8c a24c 89ea 68e9 5889 50a9 58ea 698d 79ee 71cd 71cc 612a 610a 590a 612a 692a 612a 696c 692b 60c9 610a 694b 718d 7a2f 7a50 79ce 79ae 79ef 82b2 9354 7a2f 7a50 8b75 9bf5 9b93 9bf5 9332 718b 612a 58e9 58c8 58e9 58e9 58e9 58c8 5088 50a8 50a7 50a8 5088 58c8 5088 5088 50a9 50c9 58c9 5909 718d 79ef 718d 694b 71cc 7a0d 7a2d 8b0f 9390 826d 6928 4867 4047 4068 4889 5888 6909 924c b36f bbf0 bbb0 b34d aaec 9a8c 818a 68e9 58e9 50a8 50a8 50a8 58a8 58a7 50a7 50a7 50a8 50c8 58a8 5088 50c8 50c8 50a9 48a9 4888 48a9 5909 8a4b c3ef d46e baeb b2ac b2ad b2ab c36f d554 dd11 dd32 e593 e5b4 ddd5 ddd4 e615 e696 de76 bcae 6967 4826 5026 6867 70a7 8927 9188 a1c8 b1e8 ba29 c249 ca8b caaa d28b ca8b d2ab d2cb d2cb d2eb daec dacd db4d db2d db6d dbaf e38e e3ad e3ae e3af e3cf e3ef e3ef e410 e430 e451 e471 e471 e491 ecb1 ecb1 ec91 ecb2 ecd2 ecf2 ecf2 ecf2 e4b2 ecb1 ecf2 e4f2 e4f3 e4f3 ecd1 e4d1 e4d1 e4f3 ecd2 ecd1 ecd2 ecd1 ecf2 ecb1 e4b1 e491 e471 e451 e431 e3ee e3f0 dbce dbcf db8e dbae e3af dbaf e36e e36e db2e db4e db0d dacc db0c db0d daec dacc daec dacc daab dacd db0e db6f e3f0 e471 ed54 edf6 f637 f678 f6b9 f699 ee78 ee37 edd5 e533 e4f2 e491 dc71 e451 dc51 dc50 e450 e430 e3cf e3ce db8e db6e db2d db2d db0d db0d db0d dacd dacc d2ed d2ed d2cc d2cc caab caab c2cb c28b ba2a a1ca 8929 70c8 7108 7108 6087 5887 68c7 7108 7108 68e8 68c8 7948 7948 81ca 70e8 5888 5088 5868 60a8 922b c3f0 dc92 dcf3 d492 cc10 ccb1 bc11 9a6c 68e8 7107 68c7 5887 5866 5887 60a6 68a7 5866 5887 60c7 60e7 60c7 58a7 5887 5866 5887 5867 6908 89ea aacc bb4d c3ae c3ae c3af c38d c36d bb4d c38d cc0f cc0f d46f d46f d490 d46f cc50 d44f d42f cc6f cc2f cc30 cc4f cc2f cc2f cc2f cc4f cc2f cc0e cc0e cc0f cc0f cc2f cc0f cc2f cc0f cc2f c430 cbee cc0e cc0f cc0f cc2e c40f c40f cbee cc0e c40f c3ef c3ef c3ef c3ef c40e c3ef c3ee c40f c40e c3cf c3cf c3ef bbcf c3ef c3ef c3ef c3af bbae bbce bbaf bb8d b38e b3af b38e b36e b36e b36e b38e bbae c40e d4b0 dcef dd2f e570 e590 edb1 edb0 edd1 edd0 edd1 edd1 edf0 edd0 edd1 edd1 edd0 edf1 edcf edd0 edd1 edd0 edcf edd0 edb0 edb0 edb0 edb0 e591 edb0 edb1 edb1 edb1 edd1 edd2 edd3 edd2 ee12 edf3 edf3 
99a9 99a9 91a9 99a9 91a9 91ea 91ca 9189 9189 9168 9168 9148 9189 91ca 9188 8968 9148 8928 8127 8127 8128 8128 80e7 70e7 70c7 78c7 80e7 9169 a1e8 b24a c2ca d30b d38c dbad dbed e40d e44e ec8e ec8f ecce eccf ecef ecef ecef ecee f50f f4ef ecce f50f ed0f ed30 f530 f52f f4ef f4cf ec8e ec6e ec4e e40d e3ec db8c db2b d2ea c289 b229 a1c9 a1a8 9968 9968 9168 9988 a188 a1a9 a1c9 a9c9 a9ea b20a b24a b2cc bb6f c34e c2ec c2cb c2ab c26b ba2a c28c baee b310 b331 ab10 aaf0 ab32 ab11 a2b1 8a0e 89ce 798d 714c 692c 694c 718d 79ad 79cd 79ee 718c 610a 690a 692b 692b 60ea 58ea 614b 610b 692c 718d 79ce 8292 7a0f 614b 694c 7a0f 8a91 9354 8ad1 8b14 9bf6 9bf5 9332 9351 9351 8a90 690b 50c9 58a8 50a8 5909 58e9 58a8 5887 58a8 58c8 58c8 50a8 58a8 58c8 50a8 50a8 50a8 50c9 58ea 50c9 6109 696a 7a2e 7a0f 610a 5087 50a7 7188 8a2a 7989 58a7 4867 4047 4047 5087 68c8 81ab 9a2c aaec bbaf bbaf b32d a2ac 920a 796a 718a 6908 50a8 5088 5087 58c7 50a7 58c7 58c8 50a7 50a8 50a8 50a8 5088 4888 4868 4888 4888 50c9 81eb ab6e d42f c34c b26a bacc b2cc bb2d d4d4 dd73 dcd0 dd53 e593 e5b4 e5b3 e5f5 e676 e676 bccf 6987 4847 4867 6087 6887 78a7 8907 99a8 aa09 b209 c24a c26a caab caaa d2ab d2ab d2ab d2cb d2ac d2ca db0c daec db0d db0d db4d e36e e38f e36d e38f e3ce e3ef e3ef e3ef e3ef ec50 e451 e470 ec71 ec91 ec91 ecb1 ec91 ecd1 ecd2 ecf2 ecf3 ecf3 ecf2 ecd2 ecb1 ecd1 ecd1 e4d2 e4b1 ecf2 ecd1 ecd2 e4d1 e4f2 ecf2 ecf2 ecb1 e491 e490 e450 e450 e430 e40f e3ef e3ef e3ef e3cf db8e db8e db8e db6e db6e db8e db4d db4d db2d daec daec d2ec daec daed dacb dacc d2ac dacc db2d e36f e3f0 e471 ed34 edd5 f637 f699 f6b9 eeb9 ee99 ee37 edd5 e553 e4f2 dcb1 dc71 dc50 dc71 dc50 e430 e430 e3ef e3cf dbaf db6e db4e db4e db2d db0d db0d daed dacc d2cd d2cc d2cc d2ec d2ca cacc caab ba6a b249 a1a9 80e7 70a7 70c7 70c8 60a8 58a8 68a7 7128 7108 68a7 68c8 81a9 8169 81ca 68c8 58a7 5068 5048 6088 920b c3f0 d492 dcd3 cc52 c3cf cc71 c472 a2ee 70e8 60a7 60a7 5866 5846 5846 5866 60a7 60a7 5866 60a7 60e7 60e7 60a7 5866 5887 5867 5887 7949 922b b2cc c36d c38e c3ae c38d c3ae c36d bb6e c3ae cc0e d450 d470 d46f d46f d450 d44f d46f cc4f d44f cc2f cc2f cc4f cc70 cc2f d44f cc2f cc2e cc10 cc0f cc0f cc30 cc0f cc2f cc50 cc0f cbef c40f cc0f cbee cc0f cc0f cc0f cc0f c40f c40f cc0e c3ef c3ef c3ee c40f c3ee c3cf c3ef c40e c40e c3ee c3ef c3ef c3ce c3cf bbef c3ef bbef bbcf c3ce bbce bbaf b38e b38e b38e ab6e ab6f b38f b38e bbae c40f d48f dcf0 e550 e590 e590 edb0 edb1 edd0 edd0 edcf edd1 edd0 edcf edd0 edd0 edf0 edf0 edd0 edd0 edd0 edd1 edf0 edcf edd0 edcf edb0 edb0 edaf edb0 e5b1 edd1 edd1 edd1 edd2 edd2 edf2 edf2 ee13 ee13 ee13 
9189 9189 91a9 9189 9189 9189 9189 9189 9168 9189 9148 9148 9168 9168 9189 9189 8948 8948 8948 8128 8127 80e7 78c7 70e7 7108 70c7 80c7 8928 a1c8 ba49 caca d30b db4c dbac dbcd e40d e46d ec8e ecae eccf eccf ecef ecee eccf ecef ecef f4ef ecef ed2f f550 ed0f ecf0 ed0f f4cf f4cf ecaf ec6e ec4e e3ec e3ac e38c db2b d2ca c26a b249 a9e9 a1a8 9948 9127 9168 9988 99c8 a1a8 a189 a9e9 a9e9 b20a b24b b26b ba8b ba4b ba4a ba4a ba6b ba6b c24b c28c c2ed c30f bb50 b2ef a24d 9a4d 926e 8a4f 820e 8a6f 8a50 8a0f 81ce 81cd 820e 820f 79ed 79ed 612a 690a 714b 710a 60c9 58a9 610b 690c 694c 79ce 8270 8af2 82b2 612b 58eb 696d 79ee 92f4 9b74 9b73 9c15 9bd3 92d0 718c 696a 6149 720e 7a0f 58e9 50a8 58c9 6109 58c8 58a8 5887 58a7 58a8 58a8 5088 58a8 5888 5088 58c8 58c8 5909 58ea 5088 50a8 50a8 7169 79ec 7a0f 696c 58a8 6948 8a0a 7928 60a7 4887 4067 4847 4847 60c7 8a0b 9a2b aa8b bbaf c3cf b34e a26b 922c 926d 8a0b 68e8 58a8 50a8 5087 50a7 5087 50a7 50a7 5067 5067 50c8 58c8 50a8 4887 4847 4888 50a8 7149 ab4e cc50 cbce b2cb b26c baac baec ccb3 e618 e532 e552 e594 e593 dd93 ddb3 e655 de76 bcb0 6967 4867 5067 6087 68c7 70a7 78c7 8928 99a9 a9e9 ba2a c24a c28b caaa d28b d28b d2ab d2ab d2ab d2ab d2aa d2ec daec daed db2d db6d db6e e34e e36d e3ae e3cf e3cf e3cf e3ef e3ef e40f e430 e450 ec70 ecb1 ecb1 ecb1 e4b1 ecd1 ecd2 ecf3 ecf3 ecf2 ecf3 ecf3 ecf2 ecf2 ecd1 e4d2 e4b1 ecf2 e4b1 ecb1 ecd1 e4f1 ecd1 ecb2 ec90 e4b1 e491 e470 e450 e42f e42f e40f e3ce e3cf e38e dbce e3cf db8e db8e dbaf dbae db6d db4d db4d db2d daec db0c daec daac daab dacb d2ec daec db2d e38e e3f0 e431 ecf2 edb6 f637 f6b9 f6da f6da f6b9 ee57 edd6 e533 e4d3 dcb1 dc71 dc50 dc51 dc30 dc30 dc0f e430 e3ef dbae db8f db6e db6e db4e db0d db0d daee daed d2ed d2ac d2ec d2cb d2cb cacb ca8a c24a b209 9988 78e7 70a7 70c7 70c8 5887 58a8 68e8 70e7 68c8 60a8 68e7 7968 89ea 81a9 68c8 58a8 5868 5848 6068 81aa bb90 d492 dcd3 d472 c32e c3f0 c492 ab70 8169 5886 60a8 5046 5046 5867 5867 60a7 7108 60c7 60a7 60c7 60c7 5886 5886 58a7 5867 60a7 8189 a28b bb0c c3ae cbce c3ad c38d c3af bb6d c38e cbcf cc2f d46f d46f d48f d46f cc4f cc4f d44f cc4e cc2e cc2f cc2f cc2f cc50 cc50 cc4f cc2f cc0e cc2f cc0f cc0f cc10 cc0f cc0f cc0f cbef cc0f cbee cc10 cbee cbef cc0f cc0f c3ef c3ef c40f c40f c3ef c3ee c3ee cc0f cbef c3ce c3ce c40e c3cf c3ef c410 c3ef bbcf bbef c3ce c3ce bbcf bbaf bbaf bbae bb8e b3ae b38e b36e b36e b34e b36e bb8e c3ef cc90 dcf0 dd2f e570 edb0 edb0 edd0 edd0 edd0 edd0 edcf edd0 edd0 edd0 edd0 edcf edd0 edd0 edd0 edd0 edd0 edd0 edb0 edd0 edd0 edd0 edd1 e5b1 edd0 edd0 edd1 edd1 edd2 edf2 edf2 edf2 ee12 ee12 ee14 ee14 ee13 
91a9 91a9 9189 9168 9189 9168 9189 9148 9168 9188 8948 8948 8948 9168 9188 8948 8948 8969 8168 8148 7927 8108 7928 70e7 70c7 70e8 8108 8927 a1a8 ba29 caca d30b db2b db8c e3ed e40d e44e e48e ec8e ecae eccf ecef ecef f4cf ecef ed10 ed0f f52f f50f ed0f f50f f50f f4f0 f4ef f4cf ecae ec8d ec2d e3cc e38c e38c db4b d30a c289 b229 a9e8 a1a9 9927 9148 9168 99a9 a1c9 a1c9 a1c9 a1c9 a9ea aa2a aa2a aa6b b22a b209 ba4a ba4a ba4a ba4b c28b c26b c2cd cb0e c30f b28d 91ab 89ec 89ed 716b 696a 79ed 820e 79ad 79ee 824f 8a70 79ed 714b 79ac 798c 718c 798b 68c9 58a9 60ea 694c 718d 7a0f 82b2 8b33 82b0 718c 58ca 590c 696c 8250 9bd5 9bd6 9352 8af0 8290 8250 610b 592b 592a 69ac 8290 60e9 58c9 60e9 58c8 5888 5888 5887 5887 58a8 58e9 58e8 58a8 58a8 5888 58a8 58e9 58e8 58e9 5088 58c8 58e8 7129 60e7 6149 718b 6909 60e7 89c9 8189 68e7 5087 4847 4027 4847 5087 81eb a26b aa8c c3d0 c3af bb6e a2ee a3d0 a34e 8169 58a8 58c7 58e8 50c8 50a7 5067 5087 5087 5067 5087 58c8 5087 5087 4867 4027 4847 60e8 9a8b cbee d44e c2eb baab bacc b2ac c3d0 e5d7 e5f5 e532 e594 e5b4 dd94 dd72 e615 e676 c510 71a8 4046 4867 5087 5887 6086 70a7 8128 8948 99a9 a9e9 ba0a c28b ca8a ca8a ca8b d28b d2ab d2cc d2cc d2cb d28a d2cc daec db0d db0d db0c db2e db2d e38e e3ce e3ae e3af e3ae e3ce e3cf e3f0 e430 e451 ec70 ec91 ecb1 ecd1 ecb1 ecd1 ecb1 ecf1 ecd2 ecd2 ecf3 ecf2 ed33 ed73 ed32 e4f2 ecb2 ecd2 e4b1 e491 ec91 ecb1 ec91 ec91 ec90 ecd1 ec70 e42f e42f e40f e40f e40f e3ee dbcf db8f e3ae e3ae db6e e3ae e38e db8d db4d db4e db4c db0c db0c db0c daac daac d2ec d30c db0c daed db0d e38e e3af e431 ecd2 edb5 f617 f699 f6b9 f6d9 f6b9 ee78 edf5 e533 dcd2 dcb1 dc70 dc50 e450 e450 e430 dc30 e410 e3ce dbaf dbcf db8e db6e db4e db0d db0d db0e daed daec d2cc d2ec d2eb d2ab cacb c26a c229 a9e9 9168 7108 70c7 78e8 68e8 5087 60c7 7108 70a7 68a7 60c8 68e7 8148 920a 8168 68a7 5867 5847 5047 6068 8189 b36f d471 dcd3 d472 bb0e c3cf ccb1 bc11 91ca 5866 5887 5066 5067 5867 5866 60c7 7989 6908 60c7 60e8 60c7 58a7 58a7 6087 5866 70e8 91ea aaab bb4d c38e cbce c3ad c38d c36d c38e c3ce cc0f d46f d46f d490 d48f d48f d46f c44f cc4e cc2e cc0e cc0e cc2e cc2f cc30 cc4f cc2f cc2f cc2f cc2f cc0f cbee cc0f c3ef c3ee cc0e cc0f cc2f cbee c40f c430 c40f cbee c3ef c3ee cbef cbef c40e c40f c40f c40f cc0e cbef c3ce c3ce c40f c3ce cbee cc0f c3ef c3ef bbef bbcf bbcf bbef bbcf bbae bbae b38e b3ae b38e ab6e ab4e b36e bb6d c40f d48f d4d0 e530 e570 ed90 edaf edd0 edd0 edcf f5d0 edb0 edb0 edb0 edd0 edb0 edb0 edcf edd0 edcf edd0 edd0 edd0 edd0 edd0 edd0 edf1 edd1 edd1 edb1 edd0 edd2 edf2 edf2 edf2 ee12 ee33 ee13 ee13 ee13 ee13 ee15 ee14 
91a9 91a9 9189 9168 9189 9168 9189 9148 9168 9188 8948 8948 8948 9168 9188 8948 8948 8969 8168 8148 7927 8108 7928 70e7 70c7 70e8 8108 8927 a1a8 ba29 caca d30b db2b db8c e3ed e40d e44e e48e ec8e ecae eccf ecef ecef f4cf ecef ed10 ed0f f52f f50f ed0f f50f f50f f4f0 f4ef f4cf ecae ec8d ec2d e3cc e38c e38c db4b d30a c289 b229 a9e8 a1a9 9927 9148 9168 99a9 a1c9 a1c9 a1c9 a1c9 a9ea aa2a aa2a aa6b b22a b209 ba4a ba4a ba4a ba4b c28b c26b c2cd cb0e c30f b28d 91ab 89ec 89ed 716b 696a 79ed 820e 79ad 79ee 824f 8a70 79ed 714b 79ac 798c 718c 798b 68c9 58a9 60ea 694c 718d 7a0f 82b2 8b33 82b0 718c 58ca 590c 696c 8250 9bd5 9bd6 9352 8af0 8290 8250 610b 592b 592a 69ac 8290 60e9 58c9 60e9 58c8 5888 5888 5887 5887 58a8 58e9 58e8 58a8 58a8 5888 58a8 58e9 58e8 58e9 5088 58c8 58e8 7129 60e7 6149 718b 6909 60e7 89c9 8189 68e7 5087 4847 4027 4847 5087 81eb a26b aa8c c3d0 c3af bb6e a2ee a3d0 a34e 8169 58a8 58c7 58e8 50c8 50a7 5067 5087 5087 5067 5087 58c8 5087 5087 4867 4027 4847 60e8 9a8b cbee d44e c2eb baab bacc b2ac c3d0 e5d7 e5f5 e532 e594 e5b4 dd94 dd72 e615 e676 c510 71a8 4046 4867 5087 5887 6086 70a7 8128 8948 99a9 a9e9 ba0a c28b ca8a ca8a ca8b d28b d2ab d2cc d2cc d2cb d28a d2cc daec db0d db0d db0c db2e db2d e38e e3ce e3ae e3af e3ae e3ce e3cf e3f0 e430 e451 ec70 ec91 ecb1 ecd1 ecb1 ecd1 ecb1 ecf1 ecd2 ecd2 ecf3 ecf2 ed33 ed73 ed32 e4f2 ecb2 ecd2 e4b1 e491 ec91 ecb1 ec91 ec91 ec90 ecd1 ec70 e42f e42f e40f e40f e40f e3ee dbcf db8f e3ae e3ae db6e e3ae e38e db8d db4d db4e db4c db0c db0c db0c daac daac d2ec d30c db0c daed db0d e38e e3af e431 ecd2 edb5 f617 f699 f6b9 f6d9 f6b9 ee78 edf5 e533 dcd2 dcb1 dc70 dc50 e450 e450 e430 dc30 e410 e3ce dbaf dbcf db8e db6e db4e db0d db0d db0e daed daec d2cc d2ec d2eb d2ab cacb c26a c229 a9e9 9168 7108 70c7 78e8 68e8 5087 60c7 7108 70a7 68a7 60c8 68e7 8148 920a 8168 68a7 5867 5847 5047 6068 8189 b36f d471 dcd3 d472 bb0e c3cf ccb1 bc11 91ca 5866 5887 5066 5067 5867 5866 60c7 7989 6908 60c7 60e8 60c7 58a7 58a7 6087 5866 70e8 91ea aaab bb4d c38e cbce c3ad c38d c36d c38e c3ce cc0f d46f d46f d490 d48f d48f d46f c44f cc4e cc2e cc0e cc0e cc2e cc2f cc30 cc4f cc2f cc2f cc2f cc2f cc0f cbee cc0f c3ef c3ee cc0e cc0f cc2f cbee c40f c430 c40f cbee c3ef c3ee cbef cbef c40e c40f c40f c40f cc0e cbef c3ce c3ce c40f c3ce cbee cc0f c3ef c3ef bbef bbcf bbcf bbef bbcf bbae bbae b38e b3ae b38e ab6e ab4e b36e bb6d c40f d48f d4d0 e530 e570 ed90 edaf edd0 edd0 edcf f5d0 edb0 edb0 edb0 edd0 edb0 edb0 edcf edd0 edcf edd0 edd0 edd0 edd0 edd0 edd0 edf1 edd1 edd1 edb1 edd0 edd2 edf2 edf2 edf2 ee12 ee33 ee13 ee13 ee13 ee13 ee15 ee14 
9189 9189 9189 8969 8989 9189 9168 9189 8968 8968 9168 8968 8948 8948 8948 8148 8948 8168 8148 8128 7927 7908 7908 70e7 78c7 70c8 8108 9128 a9c8 ba28 caca d30b d34b db8d e3cd e3ed e44e e46d ec8f ecae ecaf eccf eccf ecef ecef ed0f ed0f ecef f510 eccf eccf ed0f f4f0 f4d0 f4d0 ecaf ec6d e42e e3ed e3cc e3ab db2b d30b c269 b229 a9c8 99a9 9168 9148 9188 9988 99a8 99a9 a1c9 a9e9 aa0a aa0a aa09 aa4b b24a b24a ba6a ba6a ba6a ba6b c28b ca8a c2ac caec c2ed aa4c 898a 81ab 81cd 79ae 79ce 71ae 71ad 8250 8af2 8ad2 820f 714b 81cd 9af0 9a4f 89cd 714b 60eb 60eb 714c 79ce 8a90 92f2 8b32 7a8f 616b 50ca 50eb 610c 71af 8ad2 93b4 9c37 8af2 7a0f 7a8f 82f2 69ae 610b 616a 7a4f 71ec 610a 60ea 5887 5087 5087 5067 58a8 58a8 58e8 6109 58e9 58e8 58c8 58a8 58c8 58c8 58e8 58c8 58a8 5087 58e8 6989 58e8 50c8 50c8 58c8 58c7 8189 89ea 70e7 5866 4827 4047 4868 60e8 81aa a26b aa8d bb6f bb2f aaee b3f0 bc70 b3ae 89c9 6108 5087 5066 4846 4867 5088 5067 4867 4846 5066 58a8 4867 4847 4847 4027 5067 81ca bb6e d3ee bb0b b28b b26b baab bb4e d555 e616 e592 e593 e5d5 e594 dd94 ddd4 de77 cd51 79e8 48a8 4888 50a7 58c8 58a8 60a7 70a7 8108 9168 a1a9 aa09 ba49 c26a ca6a ca6a ca6b d2ab d2ab d2cc daec dacb d2cb d30d daed db0d daec daeb db2d db4d e38e e38d e38e e36d e36e e3ae e3ce e3ef e40f ec30 ec70 ec70 ec4f ec71 ec91 ecb2 ecb2 ecd2 ecf2 ecf3 ecf2 ecd1 ecd2 ed12 ed32 ecf2 ecb1 ecb1 ecb1 e490 e4b0 e4d2 ecb1 e491 ecb1 e4b0 e450 e42f e42f e40f e3ef e3ce e3ce db8e db6e db8e db8e e34e db8e db8e db4d db6e db2d db2d db0c db0c d2cb d2ab daab daec daec daed daed db2d e34e e3af e451 e4b2 ed53 f617 f679 f699 f6b9 f6b9 ee98 ee16 e533 dcf2 dcb1 dc71 dc71 e471 e451 dc50 e410 dbf0 dbcf dbce dbae db6e db6e db6e db2e daed daee db0e d2cc d2cc d2cc d2ec d2eb caab c28a ba29 a9e9 8927 78e8 78c7 70c7 60a8 5087 60a7 68e8 68c8 60c8 60c8 70e8 8169 920a 8168 68a7 5867 5847 5048 6048 8169 bb8f d492 dcd3 d452 bb6f cbef d490 c430 9a0b 6087 5887 5066 5887 60c8 5087 60c7 7128 7108 60c7 60c7 60a7 5887 5886 5866 6087 8148 9a2a b30c c34c c38d c38e c38d c3ad bb6d c3ae cbee cc0e d44f d48f d490 d46f d44f cc2f cc4f cc4f cc2e cc2f cc0e cc2f cc4f cc2e cc30 cc2e cc2f cc0f cc4f cc0f cc0f cc0e cbef cbee c40f cc0f cc0f c40f cc0e cc0e c40f c40f c3f0 c3ef c40f cc0f cc0e c3ef c3ee c3ee cc0f c40e c3ee c3ef c3cf c3cf c3ce c3ee c3ee bbef bbcf bbaf bbcf bbae bbae bbaf bbad bb8d bb6d b36d ab6e ab2d b36d c3ce cc4f dccf dd2f e590 ed8f edb0 edf0 edf1 edf0 edf0 f5d0 edd0 edb0 edb0 edaf f5b0 edb0 edcf edd0 edd0 edd0 edd0 edd0 edd1 edd0 edd1 edd1 edd1 edd1 edf1 edf1 ee12 edf2 edf2 ee12 ee33 ee33 ee33 ee33 ee34 ee34 ee34 ee14 
9189 9189 9189 8989 8948 8969 8948 8988 8948 8948 8948 8948 8948 8928 8148 8128 8128 8128 8107 8128 78e7 78e7 70e8 78c7 70a7 70a7 7908 9148 a1a8 ba08 caaa d30b d36c db8d dbcc e40e e44e e44e ec8f ecaf ecae ecce ecef ecef ecee ed10 ecef eccf f4ef eccf eccf ecef eccf f4cf f4af ec8f ec4e ec4d ec0d e3cc e38b db2b d30b c2aa b249 a9c8 a168 9147 9148 9168 9968 99a8 99a9 a1c9 a1c9 a1c9 aa2a aa4a aa4a b22a ba2a ba49 ba49 ba4a c26a c26a c26b c26a c28b ba8b a9eb 78ea 712a 8210 92f3 92b2 8ad2 9374 9394 9311 7a0e 714c 796c 9a2d ab0f 9a6e 91ee 716c 714c 798d 822f 92f2 9312 828f 69cc 592a 50a9 50aa 58cb 610b 71ae 71ad 7ab0 9c57 9b96 8251 7a2e 82d1 8291 612b 612a 69aa 6129 614b 6109 5088 5067 50a8 50a7 60e8 610a 58c8 58e8 58e9 58c8 6109 58c8 50a7 58e8 58c8 58c8 58c8 58c8 58e8 616a 50a7 50a8 58a8 5068 58c7 7127 89e9 7908 5847 4847 4047 60c8 8169 99ea 9a4b aaad b34f a28f a26c c40e d4d2 c40f ab0d 8a0b 60a7 4866 4846 4847 5067 4867 4847 4846 5046 5067 4847 4826 4847 4847 6908 ab0b cc2f c38d b2ab b2ac b28c baab d452 e5d6 dd93 dd73 e5b4 e5d5 e5d5 de15 de77 d5b4 8a8a 48c8 48a8 5088 50c8 6108 60a8 68a7 70c7 78e7 9148 a1a9 b209 ba29 c24a ca8a caab ca8b ca8a d28a d2ab dacc d2ec daec db0c daec daec daec db0c db2d e36e e36e e36e e34d e38e e38e e3ae e3ae e3ef e3ef e3ee ec0f ec2e ec2f ec70 ec50 ec90 ecb1 ecb2 ecd2 ecd1 ecf2 ecd1 ecd2 ecd2 ecf1 ed12 ecd2 ecb1 ecb2 ecb1 ecb0 ecf1 e4b1 e470 e470 e46f e46f e42f e42e e40e e40f e3ce e38e db4d db6d db6e db4d db4d db8e db8e db6d db4d db2c db0c db0c d2cc d2aa d2aa d2cb d2ec dacb db0d daed db4e db8f e3cf e430 e472 ed14 edf6 f658 f699 f6b9 f6b9 f698 ee17 e574 dcd1 dc91 dc90 dc91 e471 e430 dc30 dc30 dbef dbef dbcf db8e db8e db6e db6d db2d db0d daed daed dacc d2cd d2cc d2cb cacb caab c28a b24a a1a9 8108 78c8 7908 68c7 5887 5867 60c7 68c7 68a7 60a7 60a7 70c7 8169 920a 8168 68a6 5867 5847 5847 6048 7909 b36e d4d3 dcf3 d4b3 c3d0 cbcf d470 c471 a2cd 68e8 5887 4866 5046 5867 5047 60c7 7127 7149 6908 60e7 58c7 58c7 6087 6087 68a7 89c9 a28b bb4d c38d c3ad cb8d c3ae c3ae c36d c3cf cc70 d44f d4f1 d4b0 d490 d46e d44f cc4f d44f cc50 cc2f cc2f cc2e cc4f cc2f cc2f cc4f cc2e cc0f cc2f cc2f cc0f cc0f cc0f cc2f cc0f c40f cc0e cbee c3ef c40f cc0f cbcf c3ef c3ef c3ef c40f c40f c410 c3ef c3ee c3ee c3ee c3ee c40f c3ce bbcf c3cf bbef c3cf c3ce bbce bbcf bbce bbae bbae b38e b36e bb6d bb6d b36e b36d b34d b34d bbae cc2e d4af dd10 e570 e590 edb0 edd0 edd0 f5d0 edf0 edd0 edd0 edb0 edcf edcf edd0 edaf edd0 edd0 edd0 edd0 edd0 edd0 edd0 edd0 edb0 edd0 edd1 edf1 ee11 ee12 ee12 ee12 ee12 ee33 ee33 ee33 ee53 ee33 ee33 ee33 ee34 ee33 ee34 
8969 8969 8968 8968 8968 8969 8148 8948 8148 8948 8988 8968 8148 8148 8948 8128 8128 8148 8128 8127 7907 78e8 78e8 70c7 70a7 78e7 8127 8928 a188 ba08 ca8a d30b d36d db8d dbad e3ed e40d e46f ec8e ec8f ecaf ecaf eccf ecee ecef ecef eccf ecce eccf ecef ecef ecef eccf ecce f4ce ecae ec6f ec2d ec0d ebcc e38c db2a d30b c2ca b229 a1c9 9968 9148 9169 91ca 9988 99a8 99c9 99ca a1ea a1c9 a9c9 aa09 b229 b22a b229 b22a ba29 ba2a c26a c269 c26b c26a ba6c aa2d 914c 792d 8a52 9bb7 a415 a415 ac76 a3d3 8aaf 79ac 690a 716c 922f 926f 9ab0 8a4e 796c 714b 79ad 92b1 9b73 9352 822e 614a 5109 510a 590a 590a 610b 58eb 58ea 58ca 69cd 8b93 9c16 8b13 820f 7a2e 8af3 696c 50c9 590a 614a 612a 60e9 60c9 50a8 58c9 58c8 58c8 6929 60c8 58a8 50a8 50a7 5909 58c8 58a7 58c8 58c8 58a8 5087 5909 58e9 50c8 58e8 69ac 71ed 60c8 5087 5886 7907 7928 5887 4867 4867 60a8 70c7 91ca a26c aaac a2ce 920e 91a9 b28a d4af d490 cc71 b3af 89eb 60c8 4867 4888 50a8 4887 4847 4867 4846 4867 4847 5047 5047 58a7 924a c3ad d40c baaa b28b b2ac baab c36e dd76 e5b4 e553 e5b4 e5d5 e5f6 e656 e697 d5f4 92eb 50a7 4867 4867 4887 50e8 6929 6087 68a7 70e8 8107 9148 9988 b1e8 b209 c229 ca6a cacb caab ca8b d28b d28b daac d2eb daec db2c daec dacc db0c db2d db2d e34d e34d e36e e36e e3af e3af e3cf e3ce e3ef e3ae e3ce e3ef e3ef ec0f e450 e44f ec50 ec71 ec71 ecb2 ecd1 ecd2 ecb1 ecd1 ecd2 ecd1 ecf1 ecd2 ecb1 ecb1 ec90 e491 ecb1 ecb0 e470 e470 e470 e44f e42e e40e e40f e40f e38d db8e e36d db6d db4e db2d db2d db4d db6e db2c db4d db2c db0c daeb dacb d2ac d28a d2cc d2ab dacb daec db0d db4e db6e e3cf e410 e472 e514 ed54 f617 f699 f6d9 f6d9 f698 ee58 e575 dcb2 dc91 dc70 dc90 dc50 dc10 dc0f dc0f dbcf dbcf dbae db8e dbcf db6e db4e db2d db2e db0d d2ec daed d2ed d2cb d2cb caab caab c26a b209 9968 7908 7908 68a8 60a7 5067 5887 68e8 6887 6887 6087 60a7 68c7 8168 920a 8189 6887 5067 5047 5047 5847 70e8 aaed d4d2 dd33 dcd3 c3f0 c36f cc30 cc70 ab90 7929 5867 5088 5067 5047 4846 58a7 7147 6948 6928 58c8 58c7 5908 60a8 68a8 7907 9a0a aaec c36d c3ce c38d cbad c3ae c36d bb6e c3ce d4d2 d4f1 dd94 d511 d46f d44f d44e d42f d44f d44f cc2f cc2e cc6f cc4f cc2f cc2f cc4e cc2e cc0f cc2f cc2f cc0f cc0f cbee cbee c40f c40e c40f c3ef c3ee c40f c40f cbef c3cf c3ef c40f c3ef c3ee c3ef c3ce c3cf c3ee c3ee bbce c3ce c3ce bbce c3ee c3ef bbce bbef bbcf bbce bbce bbce bbae b38e b38e b38e b36e b38e b36d b36e bbae cc0e d48f dd10 e550 ed91 edaf edb0 edd0 f5cf f5d0 edcf edd0 f5d0 edb0 edcf edcf edaf edaf edb0 edb0 edd0 edb0 edd0 edd0 edd0 edf0 edd1 edf1 edf1 ee12 ee32 ee12 ee32 ee33 ee33 ee34 ee33 ee33 ee33 ee33 ee33 ee33 ee34 ee33 ee34 
8969 8969 8968 8968 8968 8969 8148 8948 8148 8948 8988 8968 8148 8148 8948 8128 8128 8148 8128 8127 7907 78e8 78e8 70c7 70a7 78e7 8127 8928 a188 ba08 ca8a d30b d36d db8d dbad e3ed e40d e46f ec8e ec8f ecaf ecaf eccf ecee ecef ecef eccf ecce eccf ecef ecef ecef eccf ecce f4ce ecae ec6f ec2d ec0d ebcc e38c db2a d30b c2ca b229 a1c9 9968 9148 9169 91ca 9988 99a8 99c9 99ca a1ea a1c9 a9c9 aa09 b229 b22a b229 b22a ba29 ba2a c26a c269 c26b c26a ba6c aa2d 914c 792d 8a52 9bb7 a415 a415 ac76 a3d3 8aaf 79ac 690a 716c 922f 926f 9ab0 8a4e 796c 714b 79ad 92b1 9b73 9352 822e 614a 5109 510a 590a 590a 610b 58eb 58ea 58ca 69cd 8b93 9c16 8b13 820f 7a2e 8af3 696c 50c9 590a 614a 612a 60e9 60c9 50a8 58c9 58c8 58c8 6929 60c8 58a8 50a8 50a7 5909 58c8 58a7 58c8 58c8 58a8 5087 5909 58e9 50c8 58e8 69ac 71ed 60c8 5087 5886 7907 7928 5887 4867 4867 60a8 70c7 91ca a26c aaac a2ce 920e 91a9 b28a d4af d490 cc71 b3af 89eb 60c8 4867 4888 50a8 4887 4847 4867 4846 4867 4847 5047 5047 58a7 924a c3ad d40c baaa b28b b2ac baab c36e dd76 e5b4 e553 e5b4 e5d5 e5f6 e656 e697 d5f4 92eb 50a7 4867 4867 4887 50e8 6929 6087 68a7 70e8 8107 9148 9988 b1e8 b209 c229 ca6a cacb caab ca8b d28b d28b daac d2eb daec db2c daec dacc db0c db2d db2d e34d e34d e36e e36e e3af e3af e3cf e3ce e3ef e3ae e3ce e3ef e3ef ec0f e450 e44f ec50 ec71 ec71 ecb2 ecd1 ecd2 ecb1 ecd1 ecd2 ecd1 ecf1 ecd2 ecb1 ecb1 ec90 e491 ecb1 ecb0 e470 e470 e470 e44f e42e e40e e40f e40f e38d db8e e36d db6d db4e db2d db2d db4d db6e db2c db4d db2c db0c daeb dacb d2ac d28a d2cc d2ab dacb daec db0d db4e db6e e3cf e410 e472 e514 ed54 f617 f699 f6d9 f6d9 f698 ee58 e575 dcb2 dc91 dc70 dc90 dc50 dc10 dc0f dc0f dbcf dbcf dbae db8e dbcf db6e db4e db2d db2e db0d d2ec daed d2ed d2cb d2cb caab caab c26a b209 9968 7908 7908 68a8 60a7 5067 5887 68e8 6887 6887 6087 60a7 68c7 8168 920a 8189 6887 5067 5047 5047 5847 70e8 aaed d4d2 dd33 dcd3 c3f0 c36f cc30 cc70 ab90 7929 5867 5088 5067 5047 4846 58a7 7147 6948 6928 58c8 58c7 5908 60a8 68a8 7907 9a0a aaec c36d c3ce c38d cbad c3ae c36d bb6e c3ce d4d2 d4f1 dd94 d511 d46f d44f d44e d42f d44f d44f cc2f cc2e cc6f cc4f cc2f cc2f cc4e cc2e cc0f cc2f cc2f cc0f cc0f cbee cbee c40f c40e c40f c3ef c3ee c40f c40f cbef c3cf c3ef c40f c3ef c3ee c3ef c3ce c3cf c3ee c3ee bbce c3ce c3ce bbce c3ee c3ef bbce bbef bbcf bbce bbce bbce bbae b38e b38e b38e b36e b38e b36d b36e bbae cc0e d48f dd10 e550 ed91 edaf edb0 edd0 f5cf f5d0 edcf edd0 f5d0 edb0 edcf edcf edaf edaf edb0 edb0 edd0 edb0 edd0 edd0 edd0 edf0 edd1 edf1 edf1 ee12 ee32 ee12 ee32 ee33 ee33 ee34 ee33 ee33 ee33 ee33 ee33 ee33 ee34 ee33 ee34 
8968 8968 8969 8969 8169 8989 8969 8169 8189 8168 8169 8969 8169 8169 8149 8128 8128 7928 7928 7928 7907 70c7 70c7 70a7 68a7 70c7 80e7 9128 a188 ba29 caaa cb0c d38d dbae dbcd e40d e42e e44e ec6e ecaf ecaf ecaf eccf eccf eccf ecce ecaf ecce eccf ecef ecef eccf ecef ecee ecce ec8e ec6f e42d ebec e3cc e36b db4b d30a c289 b229 a1c9 9968 9148 9128 9168 9969 99a9 a1ca a22b aa6e aa6e aa0a a9e9 b209 b209 b229 b249 b24a ba4a ba29 c24a c24b ba4c b24f a292 9a93 9b34 ac97 ac96 a3f3 9351 8ace 79ac 716c 714b 798d 9290 a312 92b0 9290 718c 68ea 7a0e 9333 9353 82af 698b 610b 58ea 58ea 616d 698d 610b 698e 60eb 50ea 50cb 614b 7a90 93f5 9374 8a71 720d 8b54 8250 58ea 58c9 5909 696a 690a 610a 58e8 60ea 60c9 60c8 714a 60e8 58c8 50a8 50a7 58c8 58c8 58a8 5087 58a7 58a8 5088 5068 5088 50a7 69aa 82af 7a8e 58e8 4846 4846 60a6 7927 68c7 50a7 5087 5047 5887 8989 a2ad a2ae 9b10 a28e 998a 9148 bb0a dcd1 dccf d44e b3d0 9a8c 6949 4887 4867 4867 4066 4887 4887 4846 5067 5868 5867 8168 b34c d3ed c2eb b20a ba6a c2ab bb0c d4b3 de16 dd94 e5b5 e5f5 e616 e656 e6b7 d656 a3ab 58e7 4888 4047 4867 4887 5909 7129 68a7 6887 70c7 80e8 8928 9968 aa0a b22a c22a ca4a ca8b d2aa d2ab d2cc d2cc d2cc dacb dacc dacb daeb db0c db2c db4e e32d e34d e36d e36e e38e e3af e38e e3ae e3ce e3cf e3cf e3ef e40f e410 e42f e470 e491 ec50 ec92 ec71 ec91 ecd2 ecd1 ecb1 ecb1 ecd2 ecd1 ecd1 ecd2 ecb2 ec91 ec70 ec90 ec90 ec90 ec70 e470 e450 e44f e42f e40f e3ef e3ce e3ae e3ae e38e db6e db4d db4d db2e db2c db2d db4d db4d db2c d30c daca dacb d2ac d2ab d2cb daaa d2ec daec daec db0e db6e e3ae e3d0 e431 ec92 ed14 f617 f678 f6b9 f6d9 f698 f657 e5b5 dcb2 dc50 dc70 e430 dc30 dc50 dc30 dbcf dbcf dbaf dbae dbcf dbf0 db6e db6e db2d db2e db0e d2ec d2ec d2ed d2ec d2cb caaa c2ab ba4a b1e9 9168 78e7 70e8 6067 5067 58a7 60c8 68e8 6087 68a7 68e8 6908 7128 8188 89e9 7968 60a6 5046 5047 5047 5027 68c8 a2ed cc72 dcf3 dcb2 cbf1 c38f cc10 cc30 b3d1 91ca 60c8 6109 5067 5047 5067 58a7 68e7 6928 6908 60a8 58e8 58c7 6088 70a7 8968 a24b b32d c38d c38d c38c c38d c36d c34d bbae cbef d470 d4b0 d4b0 d4d0 d46f d44e d44f d44f d42f d44f cc2f cc2e cc4f cc2f cc2f cc0f cc2e cc2e cc2f cc0e cc0f cc2f cc4f cc0f cbee c40f cbef cc0f cc0f c3ef c3ef c3ee c3ef c3ef cbee c3ef c40e c3ef bbef c3ee c3ee c3ce c3ee c3ce c3cf c3cf c3ee c3cf c3cf c3ef c3ce bbcf bbcf bbaf bbae bb8e b38d b38e b36e b36d b36e ab6e bb8e cc0e d48f dd10 e550 ed90 ed90 edd0 edd1 edd0 f5d0 f5d0 edd0 edb0 edb0 edd0 edaf edaf edaf ed90 edaf edaf edd1 edb0 edd0 edd1 edd1 edd1 edf1 ee12 ee12 ee12 ee33 ee53 ee33 ee33 ee54 ee34 ee33 ee33 ee33 ee33 ee33 ee14 ee33 ee13 ee14 
8949 8949 8969 8989 818a 8169 8169 8949 8169 8968 8969 8169 8989 818a 8149 8128 8149 7949 7949 7929 70e8 7108 70e8 68c7 68c7 68a7 78c7 8928 a1a9 ba29 caaa d2eb d36d dbad e3ed e40e e40e ec4d ec8e ecae eccf ecef ecef ecaf eccf ecaf ecaf eccf eccf eccf ecce ecef f4ef eccf ec8e ec6d ec4e ec0d e3cc e3ac e38b db4b d30a ca89 b24a a1a9 9968 9148 8907 9148 9189 9969 a1ca aace b352 b330 aa2b a9c9 aa09 b1e9 b229 ba4a ba0a b22b ba2b ba6e c2f1 bb54 b3d4 b436 ac56 a3f2 9b90 8acd 79eb 692b 58a8 68eb 716c 820e 9af1 abb3 a352 926f 718c 694c 7a4f 9bd5 9b92 79ed 60e9 50a9 58ca 58ea 696c 8272 718d 614c 71ce 712d 60ec 58eb 69cf 8313 93f6 9bb6 92d3 7a2d 8b92 9b74 718c 50a9 58e9 612a 6109 612a 5909 610a 60c9 60c8 694a 6929 58c9 50a7 50c8 58e8 5087 5087 50a7 50a7 50a7 58c9 5067 5067 50a7 618a 71c9 71ea 60e8 58a7 60c8 60c7 7107 68c7 5887 5887 6087 7909 9a0b a26d a310 abb0 bb6e aa4a 9149 8968 bb0b baeb d3cc d552 cc71 a2cd 6908 4867 4888 4066 4887 5087 5067 5068 5047 60a7 9a6a cbee cbcc b28a aa2a ba6b bacc c3af ddb6 e616 e5d6 e5f6 e616 e636 ee76 e697 bc6e 60e6 4046 4867 4847 4867 50a7 6128 7969 70c7 68c7 78e7 8107 9948 9988 a9c9 b20a c229 c22a ca8b ca6a d2aa d2cc d2cb dacc daec dacb daec daeb db0c db0c db2d db4d e34e e32d e34e e38f e38e e3af e3af e3ce e3cf e3f0 e3ef e3ee e3ef e3ef e450 e470 ec70 ec90 ec91 ecb1 ecf1 ecb1 ecb1 ecb1 ecb2 ecb1 ecd2 ecb1 ecb1 ec71 ec70 ec90 ec91 ec70 ec70 ec70 e430 e42f e42f e3ef e3ee e3ce e3ae db8e db4c db2d db0c db2c db0d db0c db0d db2d d36d db2d d2ec d2ab d2cc d2cb d2ab d2ab d2ac daab daec db2d db2d db4e e36e e3b0 e432 e492 ed34 edd6 f678 f6b9 f6b9 f6b9 f677 e5f6 dcb2 dc30 dc50 e450 dc10 dc30 dc10 dbef dbef dbaf db8f dbaf db8f db2e db6e db4d db2d db0d d2ec d30d d2cc d2ec d2ec ca8a c2ab ba4a a9c9 8928 78e7 68c7 58a8 58a8 58c8 60e8 68c7 60c8 6908 68e8 68e8 7128 81a8 8a0a 8168 6086 5046 5047 5027 5027 68a8 9a8c cc31 dcb2 d492 cc11 c34e c3f0 c3ef bb8f 9a4b 6908 6929 5066 5088 5087 60c7 6907 68e7 6108 58a7 58a8 5867 5867 70e7 91ea aaed bb4c c3ad c3ae c38d c38d c38d c38d cbee cc50 d48f d46f d46f d48f d46f d44e d44f d44f d44e d44e cc4e d42f cc2f cc0e cc2f cc2f cc4f cc2f cc2f cc2f c40f cc0f cc0f cc0e cbef cc0f cc0e cbee cc0e c410 c3ef c3ee c3ee cbee c3ee c3cf c3ee c3ef c3ee c3ee c3ce c3ce c40e c40f bbef c3ee bbce c3cf bbce c3ce bbee bbaf bbce bbce bb8e bbae bb8e b36d b38e ab8e b36e b38e c3ee d44e dccf dd30 e570 edaf edd0 edcf edd0 f5cf edcf f5d0 edb0 edb0 edaf edcf edd0 edaf edaf edaf edd0 edd0 edd0 edd0 edd0 edf1 edf1 edf2 ee12 ee12 ee33 ee33 ee53 ee54 ee54 ee54 ee54 ee54 ee33 ee33 ee33 ee13 ee13 ee14 ee33 ee13 ee33 
89a9 89a9 8989 8988 8148 8169 8169 8949 8149 8169 8189 8149 8169 8169 8149 8149 7928 7928 7908 7908 78e8 70e8 68a7 68a7 68a7 68a7 78e8 8948 a1c9 ba49 caaa d2eb db6c db8d dbac e40e e40d e44e ec6e ec6e ecaf eccf eccf ecce eccf eccf ecae ecaf ecd0 ecef ecef ecee f4ee f4ee f4ae ec6d ec2e ec0d e3ec e3ac db8c db4b d2ea ca8a b249 a1c9 9968 9128 9148 9149 9149 9149 a1ea ab0f b372 b2ef aa0b a1c9 a9e9 a9c9 b20b b20b ba2d baf0 c3b4 c435 c496 c475 bc73 bc31 ab50 89ca 60c8 58a8 58e9 60ca 58ca 716d 8a0f 9b12 b434 bc55 a2f2 798c 696b 82d1 9393 8b30 69ab 58c9 50a9 508a 5089 590a 82d2 82f3 69ac 698d 71cf 60cb 58cb 69ae 8b96 93d6 9bd5 a3f6 9b55 7a0e 7aae 9c15 8a70 60ea 58c9 58e9 60ea 60e9 58e9 698b 610a 60e8 694a 6909 58a8 5087 5067 50a8 5067 5087 50a8 5067 5088 58e9 5067 5048 5087 6909 796a 7968 7948 7948 8148 7948 70e7 6087 6088 70e9 8129 89cb 9a0b 9aaf ac12 cc2f d3ce c2ec 99aa 70c8 7908 99aa c2eb dcce dd30 c40f 9a0b 5067 4046 4866 5066 4847 4827 4847 5046 8168 b36e d40e c32c b26b aa6b b28b c36f d4f3 e637 e5f5 e616 e637 e636 e656 e677 c4f0 7187 4846 4847 4867 4867 5067 5066 7148 89a9 70c7 6887 7887 80c7 9948 a188 a9a8 b1e9 b9e9 c229 c24a c24a ca8b d2ac d2ab dacb d30c dacb daec db0c db0c daec db0c db2c db4d e32d e34d e36d e36e e3ae e3cf e3ce e3cf e3ef e410 e3ef e40f e410 e40f e40f ec30 ec30 ec70 ec71 ecd1 ecd2 ec91 ec91 ec90 ecb1 ec71 ec91 ecd1 ecb1 ec71 ec91 ec91 ec50 ec50 e450 ec2f e44f e42f e3ef e3ce e3cd dbae db8d db2c db0d db0c d32d db0d d30c db2d db0c db0b db2d dacb daab d2cc d2aa d2ab d28a d28b d2ab d2ec daec daed daed db4f dbd0 e472 e4b3 ed14 f5d6 f678 f6b9 f6b9 f6b9 f698 ee17 dcf3 dc30 dc50 dc71 e42f dc10 dc0f dc10 dbcf e38e db8e db8f db8f db4e db4e d30d db0d db0d d2ec d2ec d2cd d2cc d2ec caab c2aa b22a 9989 8108 70c8 60a7 5888 5067 50a8 60e8 68e8 60c8 7108 70e8 68c7 70e8 8188 920a 89a9 60a7 5047 5046 5047 5847 6887 924b c3f0 d471 d493 cc11 bb2d c3f0 bbef b36f a26d 7169 60e8 5067 4846 58a7 68e8 6908 60e8 58e8 58e8 58a8 5068 5887 7948 9a2b b30d c36d c3ac c38d cb8d cb8d c38e c3ad cc0f cc4f d48f d48f d46f d48f d46e d46f d44f d42e cc4f d46e d44e cc2f d44f cc4f cc2f cc2f cc4f cc2f cc0f cc30 cc0f cc2f cc0f cc0f cbef c3ef cc0f c3ee c40f c3ef c3ef c3ee c3ef c3ee c3ef c3ef c3ef c3ef c3ef c3ce c3ce bbce c3cf c3ef c3ee c3ee bbcf c3cf bbae c3ce bbee bbae bbae bbcf bb8e bb8e b38e bb6d b34d b36d b36e bbce cc6e dcce e52f e58f edb0 edd0 edd0 f5f0 edcf edd0 edd0 f5cf edd0 f5af edaf edaf edd0 edd0 edb0 edaf edaf edcf edd0 edd0 edd1 edf1 edf2 ee12 ee32 ee32 ee33 ee53 ee53 ee54 f654 ee54 ee54 ee53 ee54 ee33 ee33 ee13 ee13 ee13 ee12 edf3 ee14 
89a9 89a9 8989 8988 8148 8169 8169 8949 8149 8169 8189 8149 8169 8169 8149 8149 7928 7928 7908 7908 78e8 70e8 68a7 68a7 68a7 68a7 78e8 8948 a1c9 ba49 caaa d2eb db6c db8d dbac e40e e40d e44e ec6e ec6e ecaf eccf eccf ecce eccf eccf ecae ecaf ecd0 ecef ecef ecee f4ee f4ee f4ae ec6d ec2e ec0d e3ec e3ac db8c db4b d2ea ca8a b249 a1c9 9968 9128 9148 9149 9149 9149 a1ea ab0f b372 b2ef aa0b a1c9 a9e9 a9c9 b20b b20b ba2d baf0 c3b4 c435 c496 c475 bc73 bc31 ab50 89ca 60c8 58a8 58e9 60ca 58ca 716d 8a0f 9b12 b434 bc55 a2f2 798c 696b 82d1 9393 8b30 69ab 58c9 50a9 508a 5089 590a 82d2 82f3 69ac 698d 71cf 60cb 58cb 69ae 8b96 93d6 9bd5 a3f6 9b55 7a0e 7aae 9c15 8a70 60ea 58c9 58e9 60ea 60e9 58e9 698b 610a 60e8 694a 6909 58a8 5087 5067 50a8 5067 5087 50a8 5067 5088 58e9 5067 5048 5087 6909 796a 7968 7948 7948 8148 7948 70e7 6087 6088 70e9 8129 89cb 9a0b 9aaf ac12 cc2f d3ce c2ec 99aa 70c8 7908 99aa c2eb dcce dd30 c40f 9a0b 5067 4046 4866 5066 4847 4827 4847 5046 8168 b36e d40e c32c b26b aa6b b28b c36f d4f3 e637 e5f5 e616 e637 e636 e656 e677 c4f0 7187 4846 4847 4867 4867 5067 5066 7148 89a9 70c7 6887 7887 80c7 9948 a188 a9a8 b1e9 b9e9 c229 c24a c24a ca8b d2ac d2ab dacb d30c dacb daec db0c db0c daec db0c db2c db4d e32d e34d e36d e36e e3ae e3cf e3ce e3cf e3ef e410 e3ef e40f e410 e40f e40f ec30 ec30 ec70 ec71 ecd1 ecd2 ec91 ec91 ec90 ecb1 ec71 ec91 ecd1 ecb1 ec71 ec91 ec91 ec50 ec50 e450 ec2f e44f e42f e3ef e3ce e3cd dbae db8d db2c db0d db0c d32d db0d d30c db2d db0c db0b db2d dacb daab d2cc d2aa d2ab d28a d28b d2ab d2ec daec daed daed db4f dbd0 e472 e4b3 ed14 f5d6 f678 f6b9 f6b9 f6b9 f698 ee17 dcf3 dc30 dc50 dc71 e42f dc10 dc0f dc10 dbcf e38e db8e db8f db8f db4e db4e d30d db0d db0d d2ec d2ec d2cd d2cc d2ec caab c2aa b22a 9989 8108 70c8 60a7 5888 5067 50a8 60e8 68e8 60c8 7108 70e8 68c7 70e8 8188 920a 89a9 60a7 5047 5046 5047 5847 6887 924b c3f0 d471 d493 cc11 bb2d c3f0 bbef b36f a26d 7169 60e8 5067 4846 58a7 68e8 6908 60e8 58e8 58e8 58a8 5068 5887 7948 9a2b b30d c36d c3ac c38d cb8d cb8d c38e c3ad cc0f cc4f d48f d48f d46f d48f d46e d46f d44f d42e cc4f d46e d44e cc2f d44f cc4f cc2f cc2f cc4f cc2f cc0f cc30 cc0f cc2f cc0f cc0f cbef c3ef cc0f c3ee c40f c3ef c3ef c3ee c3ef c3ee c3ef c3ef c3ef c3ef c3ef c3ce c3ce bbce c3cf c3ef c3ee c3ee bbcf c3cf bbae c3ce bbee bbae bbae bbcf bb8e bb8e b38e bb6d b34d b36d b36e bbce cc6e dcce e52f e58f edb0 edd0 edd0 f5f0 edcf edd0 edd0 f5cf edd0 f5af edaf edaf edd0 edd0 edb0 edaf edaf edcf edd0 edd0 edd1 edf1 edf2 ee12 ee32 ee32 ee33 ee53 ee53 ee54 f654 ee54 ee54 ee53 ee54 ee33 ee33 ee13 ee13 ee13 ee12 edf3 ee14 
89a9 89a9 8969 8949 8969 8989 8169 8989 8989 818a 81a9 8149 8149 8169 8169 7949 7949 7928 7908 7928 7908 70c7 68a7 6887 6886 6887 7908 8968 a1e9 ba49 caaa d30b d34c db6d dbcd dc0e e42d e44e e44f ec8f ecb0 ecaf eccf ecae ecae eccf ecaf ecaf eccf ed10 ecef ecef f4ef f4ce f48e ec6d ec4d ec2d e3ed e3ac e36b db2b d2eb ca8a b229 a1c9 9928 9148 9148 9149 9109 9149 a1e9 b32e b3d2 aaf0 a1eb 99ea a9ca a9ec b26f bb12 c3d5 c476 cc95 c433 bbb1 b330 bb50 b30f 9a2d 710a 5047 5088 58ca 58aa 690b 8a71 a312 abb3 bc54 b392 924e 820e 8af2 8b32 7a0d 694a 58a9 590b 590b 50aa 50ca 69ce 8b54 8291 698c 7291 7a11 58cc 590b 7a91 9c98 9bf6 8b52 9393 9b95 8230 71ab 8b93 9b74 716c 60c9 58c9 610a 60e9 6129 69ac 692a 58e8 6909 68e9 5888 5087 5067 5087 4867 4887 4867 4867 4887 50a8 5087 58a8 6907 8189 91ea 91ca 8989 8968 89a9 8989 68a7 5887 7949 91eb 918b 89ac 922e ab92 cc93 dcb0 d4b0 cc50 aaac 8128 60a8 7928 a22a cb4b d42d c38c 9a2b 5867 4026 4046 4847 4027 4027 4827 6107 a32d cc30 c34b baab b26b b26b b30d cc51 e5b6 e615 e615 e616 e635 e656 e676 c510 79e7 4867 4846 4846 4867 4847 4847 5086 7149 89c9 78e7 68a7 7887 80a7 9107 a168 a9a8 b209 ba09 c24a c24a ca6a ca8a caab d28b d2ec d2ec dacb d2ec db0c db0c db0c daec e2ec e32d e36e e36d e38e e34d e38e e38e e3af e3ce e3ef e410 e3f0 e3ef e410 e430 e42f e410 ec30 e42f e450 e491 ecb1 ec91 ec51 ec4f ec90 e491 ecb1 ec91 ec70 ec91 ec91 ec91 ec70 ec70 e430 ec4f e450 e40e e40f e3ef e3ce dbae db4c db0c db0c db0c db0c db0d db0c d30d d32d daeb d2ec d2eb daec d2ec d2ab d26a d28a d2ab d2ab d2cb d2ec daec db0d db2e dbd0 e451 e4b3 ed34 f5d6 f637 f678 f6b9 f6d9 f6b9 ee58 e555 dc50 dc50 dc91 e450 dc0f dc0f e3ef dbd0 e38e e38e db8f db6e db4d db6e db0d db2d d30d d2ec db0c d30d d2cb d2ab caaa c26a b1e9 9148 8128 68c8 5867 5067 5087 50c8 60e8 60c8 6908 7948 70e8 68e8 7928 8168 91ca 89ca 6887 5046 5067 5068 5888 60a8 922b c3af d472 d4d2 cc12 b32d cc10 c431 bbaf a2ee 81ca 58c7 4847 4846 5887 6907 60e7 60e8 58c7 5887 5867 5067 6908 89ca a28b bb2c c3ad cbcd c38d cb8d c38d bb6d c3ae cc0f d44f d4af d48f d44f d46f d46f d46f d46f d44e d42e d44f d44f cc2f d44f cc4e cc2e cc0f cc4f cc4f cc2f cc2f cc2f cc2f cc0f cc0f c40f cc0f c40f c40f c430 cbef c3ef c40f c3ee c3ef c40f c3ef c3ef c3ee c3ef c3ce c3ce bbee c3ce c3ce c3ef c3ce c3ae c3ae bbae bbcf bbce bbae bbae bbaf bbae b3ae b38e b34d b34d bb6d c3af cc2e d4ae dd2f e56f e5af edd0 edd0 edd0 f5d0 edef f5cf edd0 edcf f5af edaf edaf edaf edaf edaf edaf edaf edaf edd0 edf1 edf1 edf2 ee11 ee32 ee32 ee53 ee33 ee53 f653 ee74 ee74 ee54 f674 ee54 ee53 ee54 ee33 ee33 ee12 ee12 ee13 ee13 ee13 ee13 
8989 8989 8969 8969 8969 8989 8189 8189 81aa 89aa 8169 818a 818a 818a 8169 7929 7909 7908 7928 7108 7108 70e7 68a7 68a7 68a7 6887 70e8 8968 a188 b208 caaa d2eb d34c db8c dbad e3ed e42e ec4e ec6f ecaf ecaf ecaf eccf ecaf ecaf ecaf ecaf ecaf ecce ecef eccf ecef ecce ecee ecae ec6d ec4d ec2d ebec e3ac e36b db4b d2eb c28a b209 a988 9948 9127 9147 8949 9128 9149 99a9 ba8b c3d0 bbd3 aab1 a1cd a9ec b2f0 c3f4 cc95 cc53 c3b2 baef aa8e a2d0 ab31 b371 ab10 91ac 60a9 5088 60cb 68eb 714c 9270 a332 a372 abb3 a311 81ab 81ed 9333 8af1 716b 60ca 60ea 590b 590c 590b 58ca 614c 7a92 82d3 7a0e 720f 93f7 8292 612c 69ae 8375 9416 9334 8290 8b12 9bf6 8ab3 714b 7ad0 9c57 8a71 6109 610a 694a 612a 6149 696b 60e9 58c8 6109 6109 58a7 5067 5046 5067 4887 4846 4846 4046 4847 5088 58c8 7108 8168 9a6b aacd a26b 99e9 91a9 8968 8128 6087 5887 898a 99eb 89ac 9270 a352 c3f0 dcd3 e531 e531 dd12 bbae 9189 5088 60c8 8968 a249 b38e ab2d 89ca 5067 4026 4026 3826 4006 4027 5087 922a c410 cc4e b2aa aaac b28b b2ab c36e d4d4 e5d4 e5f5 e616 e616 e655 de77 c4d0 7986 4846 4046 4846 5046 5067 4846 4846 58a6 7969 89e9 7908 70c7 78a7 80e7 9107 a168 a1a8 ba09 ba29 c229 ca4a ca6a ca8b caac d2ab d2ec d2ec daeb daec dacc dacc dacb daec db0d e32d db2d e32d e34e e36e e38f e38e e3cf e3af e3ef e3ef e3ce e3ef e3f0 e42f e450 e430 e40f e40f e430 ec70 e471 ec91 e471 e451 ec90 ec91 ec70 ec90 ec91 ec71 ec70 ec70 ec50 e44f e42f ec50 e42f e3ee e3ee e3ce e3cf db8e db4c db2d db2c db2c db0c d2ec daec daed db0d daec d2ec d2cc d2cb d2cc d2ac d28a d28b d2ab d2ab d2ab d2ab d2ec db2d db6e dbcf e431 e491 ed13 ed75 edf6 f657 f6b9 f6fa f6d9 f697 e5b6 dc30 dc0e dc2f e430 dc0f dc0f dbee dbcf dbae dbae db8e db6e db6d db6f db2d d30d daed d2ec d30d d2ec d2eb d2cb c28a ba09 a9a9 8949 8128 60a8 5087 50c8 50a7 58c8 60c8 60a8 68e8 7969 7129 7148 8189 8148 91c9 91e9 6087 5066 5067 5048 5047 68a8 89aa bb4f cc52 d4b2 cc53 b38f cbcf c472 bbae ab4f 81ca 5087 4026 4846 5866 68e7 60e8 58a7 58a7 5887 5867 5867 7108 920a aacb bb6e c3ae c3ce cb6d cbad c38e c36d cbce cc4f d44f d48f d46f d44e d46e d46f d44e cc2f d44f d44e d42e cc2f cc2e cc0f cc2f d42e cc2f cc4f cc2f cc2e cc0e cc0e cc0f c42f cc2f cc0f cc0e cbef c42f c42f c3ee c3ef c40f c40e c40f c40f c3ef c40e c40e c3ef c3ee bbef bbce c3ce c3ce c3ee bbae bbce bbae bbad bbae bbae bbae b3ae bb8e bb8e b38d b38e b34d b36e bb8e cc0e d46f dcef e56f e58f edb0 edd0 edd0 edf0 f5d0 f5cf edcf edcf edaf edaf edaf edaf edd0 edb0 edaf edd0 edd0 edd0 edf1 ee11 ee12 ee12 ee32 ee33 ee53 ee53 f654 f653 ee54 ee54 ee54 ee54 ee73 ee74 ee54 ee33 ee34 ee34 ee13 ee13 ee13 ee33 ee13 ee14 
8968 8968 8989 8969 8969 8189 8169 8169 8189 81aa 8149 8169 816a 8169 8148 7928 7929 7908 7908 7908 7108 70e8 68c7 68c7 60a7 60a7 70c7 8907 9968 ba09 c2cb d2eb d34c dbad dbcc e40d e42f ec4e ec8e ec8f ec8f ecb0 eccf ecaf eccf ecaf ecae ecae ec8e ecce eccf ecee ecee eccf ec8f ec8d ec4d ec2d ebec e3ad e36b db4c d2ea ca89 b209 a1a8 9168 9127 9127 8948 9128 9128 9969 a9ea bacb cc11 c3f4 b332 b2d0 c371 c412 c370 bace b26e aa4e aad0 b351 bb50 bb0f aaae 91ad 68ca 60cb 712c 818c a2f0 b3f3 ab31 a2f1 92d1 79ac 696b 8290 82af 79cc 71ec 69ed 724f 616c 58aa 58ca 698e 8272 8271 71ee 698c 82f2 8bd6 71ce 60eb 71ef 8bd6 8b95 8b13 8271 8b32 9c37 9355 79ae 7a4d 9c55 9b95 716b 610a 6109 58a8 58e8 6109 60e9 58c8 6109 60e8 58c7 5067 5046 5046 5087 4867 4867 4887 60c8 7129 58a9 70c8 7928 a26a b32d bb4c b26a 9988 8107 70c7 68a8 68c9 794a 920d 9aaf a331 b32e cb4c dd53 e573 e552 dd52 cc0f a22a 5887 5088 70c7 91c8 ab2d 924b 68c7 4846 4026 4026 4026 4006 5046 7148 ab2c d42e c34c b28a b30d baac bacc cc31 ddb6 e5f4 e635 e636 e656 e677 c510 71a7 4847 4046 4866 5067 5047 4846 4847 5067 58a7 7989 89eb 8128 70a6 78e7 8907 9127 9968 a1a8 b209 ba0a c229 ca49 ca4a ca8b d2eb d2ec d2ab d2ac d2ec d2eb db0c daac dacb db0c db2d db2d e30d e2ed db2c e36e e3cf e36e e38e e3af e3cf e3cf e3ae e3ce e430 e40f ec2f e42f e3ef e3ef e40f e42f e430 ec70 e470 e470 e470 ec4f ec4f ec70 ec70 e470 e470 ec70 ec51 ec0f ec2f ec50 e42f e40f e3ef e3cd e3ae db8e db4c db4d db4d db0b d2ec d2ec d2eb db0d db0c daec d2ec d2ab d2aa d2ab d28b d28a d28b d2ab d2aa d2aa d2ab dacc db2d db4e e3af e410 e451 ecd2 ed34 ed95 f657 f6da f6fa f6f9 f6b7 edf7 dc71 dbee dc10 dc30 dbef dbf0 dbcf dbcf dbae db8e db8e db8f db6e db4e db4e d30d daed daed d2ec d2ec d2cb caaa ba4a b22a a1a9 8928 70a8 5867 5067 5087 5888 60c8 58a7 5887 70c7 7908 7128 7148 8189 8148 8168 89ca 68a7 5046 4826 4826 4827 60a8 8169 b30e cc31 d491 d493 c411 c38e cc92 bbce ab6f 89eb 5087 4026 4846 5887 6108 58a7 5067 5887 5887 5867 60a8 8189 a24a bb0c c3ae c3ae c38d cb8d cb8d c36d c3ae cc0f d42f d46f d44f d46e d46e d44e d46e d44f d450 d44e d40e cbee cbee cc2d cc2f cc4f d42e d44e cc2f cc2f cc4f cc0f cc4f cc2f cc0e cc2f cc0f cc2f cc0f cbee c3ef c40f c3ef c3ef c3ef c40f c3ef c40f c40f c3ee c3ef c3ee c3ef c3ef c3ef c3ce c3ce c3ce bbcf bbae bbaf c3ae bbcf bbce bbae b36e b38e b38e ab6e b36e bb6e cbce d44f dccf e54f ed8f edb0 edd0 f5d0 edf0 edd0 edd0 f5b0 edcf edaf edaf edb0 edd0 f5cf edb0 edb0 edd0 edcf edd0 edf1 ee11 ee32 ee32 ee33 ee53 ee53 ee53 ee53 f653 ee53 ee53 ee54 ee74 ee54 ee53 ee54 ee54 ee33 ee34 ee33 ee33 ee33 ee13 ee13 ee33 ee35 
8968 8968 8989 8969 8969 8189 8169 8169 8189 81aa 8149 8169 816a 8169 8148 7928 7929 7908 7908 7908 7108 70e8 68c7 68c7 60a7 60a7 70c7 8907 9968 ba09 c2cb d2eb d34c dbad dbcc e40d e42f ec4e ec8e ec8f ec8f ecb0 eccf ecaf eccf ecaf ecae ecae ec8e ecce eccf ecee ecee eccf ec8f ec8d ec4d ec2d ebec e3ad e36b db4c d2ea ca89 b209 a1a8 9168 9127 9127 8948 9128 9128 9969 a9ea bacb cc11 c3f4 b332 b2d0 c371 c412 c370 bace b26e aa4e aad0 b351 bb50 bb0f aaae 91ad 68ca 60cb 712c 818c a2f0 b3f3 ab31 a2f1 92d1 79ac 696b 8290 82af 79cc 71ec 69ed 724f 616c 58aa 58ca 698e 8272 8271 71ee 698c 82f2 8bd6 71ce 60eb 71ef 8bd6 8b95 8b13 8271 8b32 9c37 9355 79ae 7a4d 9c55 9b95 716b 610a 6109 58a8 58e8 6109 60e9 58c8 6109 60e8 58c7 5067 5046 5046 5087 4867 4867 4887 60c8 7129 58a9 70c8 7928 a26a b32d bb4c b26a 9988 8107 70c7 68a8 68c9 794a 920d 9aaf a331 b32e cb4c dd53 e573 e552 dd52 cc0f a22a 5887 5088 70c7 91c8 ab2d 924b 68c7 4846 4026 4026 4026 4006 5046 7148 ab2c d42e c34c b28a b30d baac bacc cc31 ddb6 e5f4 e635 e636 e656 e677 c510 71a7 4847 4046 4866 5067 5047 4846 4847 5067 58a7 7989 89eb 8128 70a6 78e7 8907 9127 9968 a1a8 b209 ba0a c229 ca49 ca4a ca8b d2eb d2ec d2ab d2ac d2ec d2eb db0c daac dacb db0c db2d db2d e30d e2ed db2c e36e e3cf e36e e38e e3af e3cf e3cf e3ae e3ce e430 e40f ec2f e42f e3ef e3ef e40f e42f e430 ec70 e470 e470 e470 ec4f ec4f ec70 ec70 e470 e470 ec70 ec51 ec0f ec2f ec50 e42f e40f e3ef e3cd e3ae db8e db4c db4d db4d db0b d2ec d2ec d2eb db0d db0c daec d2ec d2ab d2aa d2ab d28b d28a d28b d2ab d2aa d2aa d2ab dacc db2d db4e e3af e410 e451 ecd2 ed34 ed95 f657 f6da f6fa f6f9 f6b7 edf7 dc71 dbee dc10 dc30 dbef dbf0 dbcf dbcf dbae db8e db8e db8f db6e db4e db4e d30d daed daed d2ec d2ec d2cb caaa ba4a b22a a1a9 8928 70a8 5867 5067 5087 5888 60c8 58a7 5887 70c7 7908 7128 7148 8189 8148 8168 89ca 68a7 5046 4826 4826 4827 60a8 8169 b30e cc31 d491 d493 c411 c38e cc92 bbce ab6f 89eb 5087 4026 4846 5887 6108 58a7 5067 5887 5887 5867 60a8 8189 a24a bb0c c3ae c3ae c38d cb8d cb8d c36d c3ae cc0f d42f d46f d44f d46e d46e d44e d46e d44f d450 d44e d40e cbee cbee cc2d cc2f cc4f d42e d44e cc2f cc2f cc4f cc0f cc4f cc2f cc0e cc2f cc0f cc2f cc0f cbee c3ef c40f c3ef c3ef c3ef c40f c3ef c40f c40f c3ee c3ef c3ee c3ef c3ef c3ef c3ce c3ce c3ce bbcf bbae bbaf c3ae bbcf bbce bbae b36e b38e b38e ab6e b36e bb6e cbce d44f dccf e54f ed8f edb0 edd0 f5d0 edf0 edd0 edd0 f5b0 edcf edaf edaf edb0 edd0 f5cf edb0 edb0 edd0 edcf edd0 edf1 ee11 ee32 ee32 ee33 ee53 ee53 ee53 ee53 f653 ee53 ee53 ee54 ee74 ee54 ee53 ee54 ee54 ee33 ee34 ee33 ee33 ee33 ee13 ee13 ee33 ee35 
8989 8989 89a9 8988 8989 8989 8168 8149 8169 8169 8149 7949 7948 8149 8148 7928 7928 7928 7907 78e7 70c7 70c7 70c7 60a7 6067 6066 7087 88e7 a1a8 b229 c2cb d30b d32b db6c dbcc e40e e42e e46e ec8f ecb0 ecaf ecaf eccf ecb0 eccf eccf ecae ecaf ecae ecce eccf ecef ecef ecce f4ae ec8e ec6e ec4d ebec e3ac e36b db6c d2ea c269 b209 a1a8 9188 8927 9128 9148 9128 9128 9148 99a9 a9ea c2ab cb8d cbd0 bb91 bb51 b2d0 aa6f a22e a24e a26f aa8f b2cf b2ef b2cf aacf 9a0e 792b 68ca 710b 712a a2af b391 9ad0 92b1 79ec 616b 7a50 826f 79ee 718d 720e 7a90 7a6e 610a 610b 694d 7a30 8271 7a0f 71ad 82b1 9394 82d2 718e 610b 7a51 8bb5 82f3 82b2 8292 8b53 a4b7 a416 8210 718b 7ace 93b5 718b 5088 58a8 5067 5087 58e8 6109 6109 60e8 6109 58a8 5087 5047 5066 5087 5087 4866 5067 60c8 6908 58c9 692b 6909 7948 91ea b2aa aa6a 9169 78a8 70c8 796a 8a50 8a2e 9aad a2ed baed b22b a1a8 cbcd e593 e594 e573 d470 aacd 70c8 5026 6066 7127 81c9 68e7 5026 4826 4025 4026 4026 4026 5886 9a6a c3ce cb8b baaa ba8b ba8c baab c390 dd56 e617 e636 ee36 e656 e676 c4f1 71c7 4847 4847 4887 5067 5067 4846 5067 5047 4847 5866 7989 9a2b 8968 70e7 8107 8928 9107 9927 a9a8 b1e8 ba09 c229 ca69 c26a d28a d2cb d2cc d28b d2ac d2cb daeb daec dacb db0c db0c db2c db2d db2d db2e db4e e36d e38e e38e e36e e38e e3ae e3ef e3cf e3ae e3ef e3ef e40f ec2f e40f e3ef e3ef e410 e40f ec0f e40f e42f e470 e470 ec2f ec50 e450 e450 e430 e42f e44f ec50 e44f e450 e42f e40f e3ef e3ae e38d db4e db4c db2c d30c daeb d30c d2ec d2cc d2ec d30c d2cb d2ec d2cc d2ab d2cb d2ab caab d28b d28a d28b d2ab d2ac dacc db0d db4d db8f e410 e430 ec92 ecf3 ed95 f658 f6da f71a f6f9 f6b8 ee37 dcf3 dbcf dc30 dc30 dbef dbef dbef dbcf dbae db8e dbaf db6e db4e db2d db2d d30d d30d d2ec d2ec d2cb caab c28a ba4a aa0a 99a9 8128 6088 5067 5087 58a8 58c9 60e8 60a7 6087 6908 7928 7908 7108 8188 8148 8188 89c9 6886 5026 5026 4826 5047 60a8 8169 aacd cc10 d491 d492 c411 c34d cc92 bc10 ab6f 8a2b 5887 4026 4866 60c7 60e8 5087 5087 58c7 58a8 60a8 68e8 89ea aa8c bb4d c3ad cbad cbad cb8d c36c c38e c3cd d40e d42f d48f d46f d46f d46f d46f d46e d44f d44f d44e cc0f cbee d3cd d42e cc2e cc2e cc2e d42e cc2e cc2f cc0e cc2e cc0f cc0f cbee cc0e cc0f cc2f c42f cc0f cc0f c3ee c3cf c3ef c40e c40f c430 bbee c3ef c3ce c3ef c3ef c3cf c3ae c3ef c3ce c3cf bbae bbae bbae bbae bbcf bbce bbae bb8e bb8e b3ae b36e b36e bb8e bbae d42f d4af dd2f e570 e58f edcf f5d0 f5f0 edd0 edcf edd0 f5b0 f5cf edb0 edaf edd0 edd0 edd0 edb0 edcf edd1 edd1 edd1 edf1 ee12 ee32 ee53 f653 f653 ee53 ee53 ee53 ee53 ee53 ee53 ee74 ee54 ee54 ee54 ee53 ee54 ee54 ee53 ee54 ee34 ee33 ee33 ee34 ee34 ee54 
9189 9189 91a9 8989 91a9 8988 8969 8149 8169 8189 8129 8149 8168 8149 8169 7949 7928 7928 7927 70c7 68a7 68a7 68a6 6087 6087 6087 7066 88c6 a168 b229 c2ab caeb d32b db8c dbcd e3ee e40f e44e e46f ecaf e4ae ecaf eccf eccf ecae ecef ecef eccf ecef ecce f4ef eccf f4cf f4ce ecce ec8d ec6d ec2d ec0c e3cc e38b db4b d2e9 ca69 b229 a1a8 9967 9147 9148 9128 9128 9168 9168 99a9 a1c9 a22a b24b ba4b ba8c b2ce aab0 aad1 a2f2 a2f2 a2d2 a2d1 b311 bb31 bb30 b2ef 9a2d 796c 60aa 60c9 68ea 8a50 9af1 92b1 8a70 71ac 71ce 8270 81ef 79ee 7a0f 7a30 696c 58c9 610b 7a10 7a30 7a10 71cf 71ad 7a71 93b6 8b11 8271 79f0 614c 7250 8354 8271 7a0f 8ad2 9373 a4b6 a477 8a30 60ea 6189 8353 7a0e 4847 4867 5067 4887 50a8 5087 58c8 58c8 6109 58c8 5887 5887 5087 5087 5067 4846 58a8 60c8 58a8 5909 7a2f 79ac 79aa 79aa 89ca 9a0b 898a 78c9 816a 9aad b493 b38e aacb aaab ba8a 99a9 80e8 8967 a2e9 bc0d bbed ab6d 9a6b 70c7 5046 5046 60a6 60e8 58a8 5067 4846 4866 4847 4026 4826 7969 b36d cc0d c2ea ba8b baac ba8b bb4e d4f4 e637 ee56 ee56 e654 de76 c532 71a7 4846 4847 4887 5067 5067 5067 5047 5047 5047 4846 5086 81ca 9a4a 91a9 78e7 80e7 8948 8927 a168 a9a8 b1e8 b9e9 c209 c269 ca8a ca8b ca8b d28b d2cb d2cc d2cb daec dacc dacc db0c daec daec db0d e32d e34d e38f e32d e36d e36e e36e e3ae e3cf e38e e3af e3ae e3ae e3ae e3cf e3ef e40f e3ee e3ef e3ef e3cf e3ef e410 e410 e42f e470 e470 ec50 e42f e42f e40f e40f e42f ec30 e40f e40f e40f e3ce e3ae e38d db6e db4d db2c d30c d2ec d2cb d2eb d2cb d2cb d2ab d2ec d2ec d32d d30c d2ab d2ab d28b d2ab d2cc d28a d26a d28b d2cc dacc db0d db2d db8f dbf0 e430 ec92 ecd3 ed75 f657 f6d9 f71a f6f9 f6b8 ee37 e554 dbce dc0f dc30 dc10 dbef dbcf dbcf dbae dbcf dbd0 db4e db4d db2e d34e db0d d30d d2ec d2ec d2ec cacb ba8a aa29 a1c9 9148 70c8 5887 5087 5088 50a8 5887 60c8 60c8 6108 7128 7948 7928 7128 8168 8168 8188 8188 68a6 5867 5026 4826 4826 60a8 8149 a26c c3f0 d4b2 d4b2 c411 c34e cc71 c3ef b38f 9a8d 60a7 5067 5066 58a7 58a7 5067 5087 5087 5887 6909 7109 922b aaec bb8e c3ae cb8d cb8d cb8d c38d c38d cbcd d44f d44f d48f d44f d46f d44e d44f d46e d42f d44e cc4f cc2f cbee d42e d44e cc0e cc0e cc2e cc2e cc2e cc0f cc0f cc2f cc2f c44f c40e cc30 cc0f cc0f c40e cc0f c40e cc0e c40f c40f c40e c42f cc0e c40f c3ef c3ef c3ce c3ef bbef bbcf c3ef c3ef c3ef bbef c3ce bbae bbae bbce bbce bbae bb8e bb6e b36d b36e b36e bbae cc0e d4af dd0f e570 ed90 edaf edd0 f5f0 f5d0 edcf f5d0 f5cf f5cf f5af edaf edae edb0 edd0 edb0 edaf edd0 edd1 edf1 edf1 ee12 ee32 ee33 f653 f653 ee53 ee53 ee73 ee53 ee33 ee53 ee53 ee54 ee33 ee53 ee54 ee54 ee54 ee54 ee54 ee54 ee54 ee34 ee34 ee54 ee34 ee34 
918a 9189 8989 8989 89a9 8968 8949 8969 8169 8169 8149 8148 8169 8169 8189 7928 7928 7928 7108 70e7 68c7 68a7 68a7 60a7 6087 6046 6886 8907 a168 b229 c28a d2ea db2a db8c e3cd e40d e44e e44f e46f ec8e ecb0 ec8f eccf eccf ecef eccf eccf ecd0 f4af eccf ecef ecef f4f0 f4ce f4af ec8d ec4d ec4d ec2c e3cc e3ab db4b d2ea ca69 ba09 a1a8 9988 9148 9147 9148 9168 9188 9188 9988 a1c9 a1c9 99ca a1eb aa2c b28f b2f1 b2af a2cf ab31 b392 b393 b392 bb31 bb31 aad0 89ed 712b 60ca 60ea 716c 8a6f 8a2e 820f 79ce 79ad 8250 8a91 8230 7a2f 8292 71ce 60ea 696d 7a10 8291 7a50 71af 694c 698c 8b33 93d5 71cd 69ee 79ef 694c 7250 8314 7a10 69ae 82d2 93b4 9c76 a497 8ab1 68eb 5908 7af0 8b13 58c9 4846 4867 48a8 50a8 50a8 50c8 58a8 58c7 58a7 58a8 5888 58a8 58e9 58a8 50c8 58e9 60a9 5888 58e8 7a2e 8a6e 8a2b 7969 7169 81aa 8149 8969 9a0b b32e d3cc d309 ba49 aa69 aa09 8968 70c8 68e8 7169 89ea 7968 6908 60e8 5887 5067 5087 5086 60e8 60a8 4826 4046 4886 4887 68e9 6907 9a4a c38c c32a baaa baec c2cb baed cc11 e5d6 ee35 ee35 ddb1 dd30 cd51 8268 4886 4827 4826 4867 5087 5087 5047 5047 5067 5046 5047 58c7 81ea 9a6c 920a 8107 78e7 8927 9147 a168 a988 a988 b1e9 ba09 c249 ca6a ca8a ca8b cacb d2cb d2cc d2cb daec daeb daec daec db0c db2d e30c daec db0d e32d e30c e34e e36e e36e e3af e3af e38d e3ae e3ae e3ae e3ae e3ae e3ce e3cf e3cf e3ef e3ef e3ef e40f e40f e430 e40f e430 e450 e450 e40f e450 e450 e430 e42f ec0e e40f e3ef e3ef e3ad db8e e36d db6d db6d d34d d30c d2cb caab ca8a d28b d2ab d2cc daec db0c db4d db0c d2cc d2ac daab d28a d2ab d28a d28a d28b d2cc daec db0d db0d db8e e3cf e411 ec71 ecb2 ed13 f617 f6da f71a f71a f6d9 ee56 e575 dbce dbee dbef dbef dbef dbcf dbaf dbcf dbcf db8e db4e db2d d32e d32d d32d d2ed d2ec d2cb caec c2ec b26b aa2a 9989 78e8 6087 5067 5087 5088 50a8 5887 60c8 60a7 60e8 7128 7928 7948 7948 8169 8128 7927 8147 7107 60c7 5047 5026 4826 6087 8129 99ea bb8f d471 d492 cc31 c36f cc30 c410 bbce a30e 7128 58a7 5087 58a7 50a7 4887 4866 5067 58a7 7949 8169 9a4b bb2c c38d cbad cbcd cbad cb8c c38e c38d cbee d44f d46f d46e d46f d44f d42f d44f d44f d44f cc2e cc2f cc2f cc2e d42e cc0e cc0e cc2e cc2e cc0f cc0f cbee cc0f cc30 cc4e cc6f cc2f cc70 cc10 c40f cbee cbef c3ee c40e c40f c3ef c40f c40f cbee c40f c42f cbef c3ee c3ef c3ee c3ef bbce bbce c3ef c3ef c3ce bbae bbae bbae bbae bb8e bb8e b36d b34e b34d bb8e c3f0 d46e dcef e52f e591 edd0 edf0 f5f1 f5cf edd0 f5d0 f5cf f5cf edcf edaf edaf edb0 edd0 edd0 edb0 edd0 edf1 edf1 ee12 ee32 f632 ee53 ee54 f653 f653 ee74 ee73 ee73 ee53 ee33 ee32 ee53 ee33 ee33 ee33 ee33 ee54 ee54 ee54 ee54 ee54 ee54 ee54 ee34 ee54 ee55 ee34 
918a 9189 8989 8989 89a9 8968 8949 8969 8169 8169 8149 8148 8169 8169 8189 7928 7928 7928 7108 70e7 68c7 68a7 68a7 60a7 6087 6046 6886 8907 a168 b229 c28a d2ea db2a db8c e3cd e40d e44e e44f e46f ec8e ecb0 ec8f eccf eccf ecef eccf eccf ecd0 f4af eccf ecef ecef f4f0 f4ce f4af ec8d ec4d ec4d ec2c e3cc e3ab db4b d2ea ca69 ba09 a1a8 9988 9148 9147 9148 9168 9188 9188 9988 a1c9 a1c9 99ca a1eb aa2c b28f b2f1 b2af a2cf ab31 b392 b393 b392 bb31 bb31 aad0 89ed 712b 60ca 60ea 716c 8a6f 8a2e 820f 79ce 79ad 8250 8a91 8230 7a2f 8292 71ce 60ea 696d 7a10 8291 7a50 71af 694c 698c 8b33 93d5 71cd 69ee 79ef 694c 7250 8314 7a10 69ae 82d2 93b4 9c76 a497 8ab1 68eb 5908 7af0 8b13 58c9 4846 4867 48a8 50a8 50a8 50c8 58a8 58c7 58a7 58a8 5888 58a8 58e9 58a8 50c8 58e9 60a9 5888 58e8 7a2e 8a6e 8a2b 7969 7169 81aa 8149 8969 9a0b b32e d3cc d309 ba49 aa69 aa09 8968 70c8 68e8 7169 89ea 7968 6908 60e8 5887 5067 5087 5086 60e8 60a8 4826 4046 4886 4887 68e9 6907 9a4a c38c c32a baaa baec c2cb baed cc11 e5d6 ee35 ee35 ddb1 dd30 cd51 8268 4886 4827 4826 4867 5087 5087 5047 5047 5067 5046 5047 58c7 81ea 9a6c 920a 8107 78e7 8927 9147 a168 a988 a988 b1e9 ba09 c249 ca6a ca8a ca8b cacb d2cb d2cc d2cb daec daeb daec daec db0c db2d e30c daec db0d e32d e30c e34e e36e e36e e3af e3af e38d e3ae e3ae e3ae e3ae e3ae e3ce e3cf e3cf e3ef e3ef e3ef e40f e40f e430 e40f e430 e450 e450 e40f e450 e450 e430 e42f ec0e e40f e3ef e3ef e3ad db8e e36d db6d db6d d34d d30c d2cb caab ca8a d28b d2ab d2cc daec db0c db4d db0c d2cc d2ac daab d28a d2ab d28a d28a d28b d2cc daec db0d db0d db8e e3cf e411 ec71 ecb2 ed13 f617 f6da f71a f71a f6d9 ee56 e575 dbce dbee dbef dbef dbef dbcf dbaf dbcf dbcf db8e db4e db2d d32e d32d d32d d2ed d2ec d2cb caec c2ec b26b aa2a 9989 78e8 6087 5067 5087 5088 50a8 5887 60c8 60a7 60e8 7128 7928 7948 7948 8169 8128 7927 8147 7107 60c7 5047 5026 4826 6087 8129 99ea bb8f d471 d492 cc31 c36f cc30 c410 bbce a30e 7128 58a7 5087 58a7 50a7 4887 4866 5067 58a7 7949 8169 9a4b bb2c c38d cbad cbcd cbad cb8c c38e c38d cbee d44f d46f d46e d46f d44f d42f d44f d44f d44f cc2e cc2f cc2f cc2e d42e cc0e cc0e cc2e cc2e cc0f cc0f cbee cc0f cc30 cc4e cc6f cc2f cc70 cc10 c40f cbee cbef c3ee c40e c40f c3ef c40f c40f cbee c40f c42f cbef c3ee c3ef c3ee c3ef bbce bbce c3ef c3ef c3ce bbae bbae bbae bbae bb8e bb8e b36d b34e b34d bb8e c3f0 d46e dcef e52f e591 edd0 edf0 f5f1 f5cf edd0 f5d0 f5cf f5cf edcf edaf edaf edb0 edd0 edd0 edb0 edd0 edf1 edf1 ee12 ee32 f632 ee53 ee54 f653 f653 ee74 ee73 ee73 ee53 ee33 ee32 ee53 ee33 ee33 ee33 ee33 ee54 ee54 ee54 ee54 ee54 ee54 ee54 ee34 ee54 ee55 ee34 
9189 9189 8989 8989 8989 8969 8969 8989 8989 8969 8989 8969 89a9 8168 8169 8169 7908 78e8 78e8 70c7 70c7 6887 6086 60a7 6067 5846 6886 80e7 9968 b1e8 c2aa d2ea d32a db6c dbad e40e e42e e44f ec8f ec8f ecb0 ecb0 eccf ecaf eccf eccf ecb0 eccf ecee ecd0 f4ef f50f f4ef f4ef f4ce ec8f ec8d ec4d ec0c e3cb e38b db4b d2ca ca89 ba49 a1c9 9968 8948 8927 8928 8948 9168 9988 9989 a1ca a1eb aa0d aaaf b2f0 bb30 bacf aa4c a24d aa6e b2ae baee bb0e b30f aaef 926f 712a 68ea 714b 79ac 820d 820e 81ce 712b 714b 824f 92d2 92d1 8a70 7a2f 698c 690a 71ad 8270 7a30 71cd 694d 612d 610b 7a4f 93f5 8b12 612b 58ca 60eb 616b 7a91 82f4 79f0 614c 7a91 93d4 a455 acb8 92d2 714d 58e8 69eb 93b5 71cd 4867 4867 5067 50c8 6109 50a8 5067 5087 58a8 696a 6909 60e8 60c8 50a7 5087 5067 5067 5847 5886 6149 822f 70c8 60a6 798a 818a 814a 99eb b30d cc90 cbac c2ab b1ea a189 9149 7909 7929 928c 9b50 92ce 79aa 6109 58a7 5066 4846 5066 58a7 58c8 5087 4026 4026 4866 7189 924b 9a6a b30b c34c b269 b26b b2ac baab cbae dd34 e635 e5f3 d4f0 c3cc bc30 ab8d 6108 5067 4847 4026 4846 4866 5066 5046 5046 5867 5046 5047 5886 8a0a 9aad 920a 8107 78e6 9107 9927 9967 a188 a9a8 b209 c209 c22a ca6a ca6a ca6a caac d2ab d2cb d2cb d2eb daeb daec daec db0c db0d db0c daec db0d e32d e32d e34d e36e e38e e38f e38e e3ae e3cf e3cf e3cf e3ce e3ce e3ae e3ae e3cf e3ae e3ef e3f0 e40f e3ef e42f e410 e40f ec2f e450 e40f e42f e450 e450 e430 e40f e40f e3ef e3cf e3ce dbce db8e db8d db8d db2c d2cb d28b ca6a ca4a ca6b d2ab daed db0d db0c db2c db0c daec daeb dacc d2cb d2eb d2ab d2ab d2ab d2cc d30c db0d db4e db6e e3af e431 ec92 ecd2 ed13 f5f6 f6b9 f71a f71a f6d8 ee77 e5b6 dbee dbad db8e db8e dbae dbce dbcf e3cf dbcf db8e db6d db4d d32d db0c d2ed d2ec d2cc d2cb cacb baaa b28b a24a 8948 6887 5087 5088 5087 50a8 50a8 58c8 60c8 5888 5887 70e8 7928 7928 8189 89a9 7928 7948 7927 7107 6086 5026 5026 5026 60a8 70e8 91ca b36f cc51 d4b3 cc32 c3d0 cc10 cc51 c3cf b34f 8a0b 58e7 58a7 5086 4867 4867 4887 4846 58a7 7949 91ea aaac bb6c cbce cbad c3cd cbad cb8d c3ad c3ae cc0f d46f d48f d46f d46f d44f cc70 cc4f cc4f cc2f cc2f cc2f cc2f cc4f cc2e cc0e cc0e cc2e cc2e cc0f cc0e cbee cbee cbee cc0e cc0f cc0f cc0e c40f cc0e cc2e cc2f cc0e c42f c40f c3ef c40f c40e c40f c3ef c40e c3ef c40f c3ee c3ee c40f bbce c3ce c3ce c3cf c3ae c3ae bbae c3ae bbae b38e bb6d bb6e b36e b36e bbef cc4f d4ae e52f e590 edb0 edd0 f5f0 f5f0 f5d0 f5cf f5d0 edcf f5cf f5d0 edcf edd0 edd0 edb0 edb0 edd0 edf0 edf1 f611 f631 ee32 f653 f673 f654 f653 ee53 f653 ee53 ee53 f653 ee33 ee32 ee32 ee33 ee53 ee53 ee54 ee54 ee54 ee54 ee54 ee54 ee54 ee54 ee54 ee55 ee55 ee54 
91a9 9189 9189 8969 8989 8989 9169 8989 8989 8969 8989 8968 8168 8168 8128 8148 7908 78c7 78e7 70c7 70c7 68c7 6887 6086 6066 5845 6886 88a7 9968 b1e8 c2aa d2ca d30a db6c dbce e40d e42e ec6e ec6e ec8f ecaf ecaf eccf eccf ecaf eccf eccf eccf ecee f4cf f4cf ed0f f50f f4ef f4af f4ae ec8e ec4e ec0c e3cc e38b db2b d2ca caa9 ba49 a1c9 9167 8928 8907 88e7 9128 9189 99a9 a1eb aa4e b310 bb11 bb31 baef baad b24c b22b aa6d a26e aa8e ba8d ba8d b28d aa4d 898c 68ea 712b 814c 81ad 820d 820e 81ce 60ca 716c 8ab1 9b53 9333 822f 718c 692b 71ee 7a0f 71ad 716d 694d 610d 610b 71ad 9394 9c15 7a0e 58ca 50a9 58ec 71ce 8333 9375 79f0 612b 7a50 93b5 9c14 a496 a394 79ae 58ca 6149 8b92 8ad2 58c9 4867 5067 5088 58a9 5889 58a8 612a 698b 718b 6929 5887 5066 4866 4046 4847 4866 68e9 7108 6128 79ec 710a 7129 a2ec a310 816a 8989 baec d42c d42b cc6e c3af ab0e a28d 922c 922b 9a4b 926b 81ea 6948 58a7 5067 4846 4846 5067 58a8 4867 4847 4027 5087 7a0d a370 b38f bb2d bb0c b2ec a26a a24b 9a6c a28c c3ad d4d1 d4af cc6f c3ef bc31 bc51 a34f 79ab 68e9 5887 4847 4846 5066 5846 5867 5066 5887 5888 5047 58a6 8a09 a2ad 99ea 8927 88e6 9127 9127 9967 a188 a9c8 b1e8 c229 c28a ca6a ca8a ca8a d2ab d2cb d2ab d2ab d2eb daab dacb daeb db0c daec db0c e32c e32d e32d e32e e36d e38e e36d e36e e36d e38e e3ef e3ae e3ce e3ce e3af e3ae e3cf e3ce e3cf e3cf e3f0 e3ef e3ef e3ee e430 e40f ebef e42f e40f e42f e430 e42f e42f e410 e3ef e3ce e3ae e3ce e38e db4d db6d db6d d2cb ca6a ca4a ca2a ca4a d2ab d2cc db0d db0d db4d db2d db2d db2c db2e db4e db0d db0c d2cc d2ab d2ab d2cc d2ec db0d db2e db4d e38e e410 ec92 ecd3 f534 f5f6 f698 ff1a ff1a f6d9 f677 e595 dbce d38e db8e db8e dbad dbaf dbae dbae dbaf db6e d34e db4d d30d d30c d2ec d30c cacc cacc c28b ba8b b26b 99c9 78c7 60a8 50a8 5088 5088 5887 58a8 6108 60c8 50a8 60c7 7928 7928 7949 8188 8168 7948 8168 7928 60c7 60a7 5026 5026 5046 6088 6887 8149 ab4f cc30 d4d3 cc51 c451 cc10 d450 c40f b38f 920b 60a7 68e8 58a7 4867 4846 4887 5087 5887 81aa a28b b2ed c38d cbce cbee cbce cbce cbad cbad cbcd d42f d46f d46f d44e d44e cc4f cc4f cc2f cc2f cc2f cc2f cc2e cc0e cc0e cc2e cbee cc2f cc0f c40f cc2e cc0f cc0e cbee cbee cc0e cc0e cc0e cc0e cc0f cc0f cc2f cc2e c450 c42f c42e c42f c410 cc0f c40e c3ee cc2e c3ef c40f c3ee bc0f bc50 c3ee c3cf c3ce bbcf bbae bbae bbae bbae bb8e b36d b34d b38e b36e bb8e cc0f d46e dcef e570 edd0 edb0 f5f0 f5f0 f5f0 f5d0 f5cf f5cf f5b0 f5af f5cf edd0 f5d0 edcf edd0 edd1 edf0 edf1 ee12 f612 f632 f633 f653 ee53 ee53 ee53 ee54 ee53 ee53 ee52 f652 ee32 ee32 ee33 ee33 ee54 ee53 ee33 ee54 ee34 ee54 ee55 ee75 ee54 ee55 ee54 ee54 ee55 ee54 
91a9 91a9 91aa 89a9 91a9 91a9 9188 8989 8989 8188 8989 8968 8948 8148 8128 8108 8107 78e7 78e7 70c7 78c7 70a7 6887 6086 6066 5846 6866 80c7 9967 aa09 c2ab d2ea db2b db6b e3cd e40e e42e ec6e ec6e ecaf ecaf ecae eccf eccf eccf ecd0 eccf eccf eccf f4cf f4d0 ecef f4ef f4ef f4af f4ae ecae ec2d ec0c e3ec e3ab db4b d2ca caaa ba09 a1a8 9168 8928 88e8 8908 9149 a1ab aa2d b311 bb51 c392 cb70 bacd b24c aa0a b22a ba4b aa4d aa4d b2ae ba8e c28c b26d a22d 816c 714b 796c 714b 714b 820e 8a30 79ad 716d 8a91 9311 9374 92f1 716c 716c 79ee 7a2f 71ad 614b 71ae 696e 58ca 590a 82f2 9436 8ad0 718d 50aa 4869 58eb 720f 8333 93d6 8251 610c 69ce 8b95 9c36 a496 9bd5 81ce 58aa 58e9 726d 9374 696b 5088 50a8 50a8 58c9 612b 696b 694b 6129 58e8 58a8 5066 58a8 58c8 4846 4827 4867 6929 7949 712a 81ca 926e abd1 cc0d d48f a24b 8108 8128 8969 a1e9 b309 bb8b bb6c b2cc 81a8 6927 60c6 60e8 5887 5086 5066 4867 4846 5066 58a8 5867 4827 4028 4887 824d b493 cc91 d470 d450 c3ef bbaf b36e aaed a2ed 9a8d a2cd ab2e bbd1 c472 d533 cd53 c44f a28b 68c6 5046 5046 5066 4867 5046 5886 5867 5046 5087 58e9 5047 5886 8a0a a2cd 9a2a 91a9 8927 8907 8928 9147 a1c9 a9a8 b209 c249 ca6a ca6a ca8b d2ab d2cb d2ab d2ab d2cb d2ec dacb dacc daec daec daec db0c e32c e30c e34d db4d e36e e36d e34d e36d e36d e36e e3ae e38e e3cf e3ae e3ae e3ae e3ae e3ce e410 e3ef e410 e40f e40f e3ef e3ef e40f e40f e40f e430 e40f e40f e410 e410 e40f e40f e3cf e3ad db8d db6e db6d db6d d34d d2cb ca6b c209 ca29 d26a d2ab daec db0c db4d db6d db4d db2c db2d db6e db4d db6d db4d db2d daeb d2cb d28b d2ab dacc daec db2d db8f e3f0 ec92 ed13 ed54 f5d5 f677 fed9 f719 f6d8 ee57 e594 dbce db6d dbae dbcf dbae db8e dbae db8e db6e db4d d34e d32d db0d d2ec d2cc d2ec d2ab cacb c2ac b2ac a20a 8128 6087 5067 5087 5087 5087 5087 58a8 60c7 58c8 58c8 6108 7928 7108 7948 8189 8168 7949 8168 7907 60a7 68c7 5866 5026 5046 6087 6067 7108 ab2e c410 d4f3 cc92 cc51 cbf0 cc0f c40f bbaf 926c 70e8 60e8 60c8 4867 4046 4847 4847 60a7 89ea aacc bb2c c3ad d3ad d3ed d3ac cbcd cbad c38d cbee d44f d46f d46e cc4f cc4f cc2f cc4f d42f cc2e d44f cc4f cc4e cc2e cc0f cc0e cc0e cc0f cc0e c3ef cc0e cc2f cc0e cc0e cc0e c40e cc0e cc2f cc2f cc0f cbef c40f cc0f cc0f c3ef c40f c410 c3ef c3cf cc0e c3ef cc0e c3ee c3ef c3ee c40f c450 c3ee c3ef c3ee c3ce bbce bbae bbae bb6d bb8e b34d b36d bb6d bb6d c3ae d44f dcaf e50f e56f edb0 edd0 f5f0 f5f0 f5ef f5ef edd0 f5cf f5b0 f5af f5d0 f5cf edd0 edaf edb0 edd0 f5f0 f611 ee32 f632 ee33 f653 ee54 ee53 ee53 f653 ee53 ee33 ee33 ee33 ee32 ee33 ee32 ee53 ee53 ee33 ee33 ee54 ee54 ee54 ee54 ee54 ee54 ee54 ee55 ee54 ee34 ee34 ee35 
91a9 91a9 91aa 89a9 91a9 91a9 9188 8989 8989 8188 8989 8968 8948 8148 8128 8108 8107 78e7 78e7 70c7 78c7 70a7 6887 6086 6066 5846 6866 80c7 9967 aa09 c2ab d2ea db2b db6b e3cd e40e e42e ec6e ec6e ecaf ecaf ecae eccf eccf eccf ecd0 eccf eccf eccf f4cf f4d0 ecef f4ef f4ef f4af f4ae ecae ec2d ec0c e3ec e3ab db4b d2ca caaa ba09 a1a8 9168 8928 88e8 8908 9149 a1ab aa2d b311 bb51 c392 cb70 bacd b24c aa0a b22a ba4b aa4d aa4d b2ae ba8e c28c b26d a22d 816c 714b 796c 714b 714b 820e 8a30 79ad 716d 8a91 9311 9374 92f1 716c 716c 79ee 7a2f 71ad 614b 71ae 696e 58ca 590a 82f2 9436 8ad0 718d 50aa 4869 58eb 720f 8333 93d6 8251 610c 69ce 8b95 9c36 a496 9bd5 81ce 58aa 58e9 726d 9374 696b 5088 50a8 50a8 58c9 612b 696b 694b 6129 58e8 58a8 5066 58a8 58c8 4846 4827 4867 6929 7949 712a 81ca 926e abd1 cc0d d48f a24b 8108 8128 8969 a1e9 b309 bb8b bb6c b2cc 81a8 6927 60c6 60e8 5887 5086 5066 4867 4846 5066 58a8 5867 4827 4028 4887 824d b493 cc91 d470 d450 c3ef bbaf b36e aaed a2ed 9a8d a2cd ab2e bbd1 c472 d533 cd53 c44f a28b 68c6 5046 5046 5066 4867 5046 5886 5867 5046 5087 58e9 5047 5886 8a0a a2cd 9a2a 91a9 8927 8907 8928 9147 a1c9 a9a8 b209 c249 ca6a ca6a ca8b d2ab d2cb d2ab d2ab d2cb d2ec dacb dacc daec daec daec db0c e32c e30c e34d db4d e36e e36d e34d e36d e36d e36e e3ae e38e e3cf e3ae e3ae e3ae e3ae e3ce e410 e3ef e410 e40f e40f e3ef e3ef e40f e40f e40f e430 e40f e40f e410 e410 e40f e40f e3cf e3ad db8d db6e db6d db6d d34d d2cb ca6b c209 ca29 d26a d2ab daec db0c db4d db6d db4d db2c db2d db6e db4d db6d db4d db2d daeb d2cb d28b d2ab dacc daec db2d db8f e3f0 ec92 ed13 ed54 f5d5 f677 fed9 f719 f6d8 ee57 e594 dbce db6d dbae dbcf dbae db8e dbae db8e db6e db4d d34e d32d db0d d2ec d2cc d2ec d2ab cacb c2ac b2ac a20a 8128 6087 5067 5087 5087 5087 5087 58a8 60c7 58c8 58c8 6108 7928 7108 7948 8189 8168 7949 8168 7907 60a7 68c7 5866 5026 5046 6087 6067 7108 ab2e c410 d4f3 cc92 cc51 cbf0 cc0f c40f bbaf 926c 70e8 60e8 60c8 4867 4046 4847 4847 60a7 89ea aacc bb2c c3ad d3ad d3ed d3ac cbcd cbad c38d cbee d44f d46f d46e cc4f cc4f cc2f cc4f d42f cc2e d44f cc4f cc4e cc2e cc0f cc0e cc0e cc0f cc0e c3ef cc0e cc2f cc0e cc0e cc0e c40e cc0e cc2f cc2f cc0f cbef c40f cc0f cc0f c3ef c40f c410 c3ef c3cf cc0e c3ef cc0e c3ee c3ef c3ee c40f c450 c3ee c3ef c3ee c3ce bbce bbae bbae bb6d bb8e b34d b36d bb6d bb6d c3ae d44f dcaf e50f e56f edb0 edd0 f5f0 f5f0 f5ef f5ef edd0 f5cf f5b0 f5af f5d0 f5cf edd0 edaf edb0 edd0 f5f0 f611 ee32 f632 ee33 f653 ee54 ee53 ee53 f653 ee53 ee33 ee33 ee33 ee32 ee33 ee32 ee53 ee53 ee33 ee33 ee54 ee54 ee54 ee54 ee54 ee54 ee54 ee55 ee54 ee34 ee34 ee35 
91a9 91a9 91c9 91c9 91a9 9189 8989 9189 8989 8968 8948 8968 8168 8948 8947 8148 8147 8128 80e7 7907 70e7 70c7 6866 6087 5866 6046 6886 8907 9988 aa4a c2aa d2ca db2b db8d dbad e3ed e44e e46f ec6f eccf ecb0 ecaf ecaf eccf eccf ecef eccf ecd0 ecef f4ef ecef ed0f f4ef f4ef f4ae ec8d ec8e ec2e e40c e3cc e38b db2a d2ea ca8a ba29 a1a9 9969 9149 916b 99cd a24e b2d0 bb52 c391 c34f baad b24a aa09 aa2b b22a b24a ba2b b28d aa8e b2ae ba8d c28c aa6e 920e 794b 796c 716b 616b 612a 81ee 81ee 81ad 8a72 9332 9312 9332 820d 796c 79ee 79ed 718c 692b 616b 698d 718d 50a9 616c 8b94 93b4 720d 696d 50aa 4889 58ca 69ad 8312 9bd5 8272 694e 614c 7ad0 9c35 a496 a436 820f 58ca 58a9 618a 93d5 8250 5889 50c8 610a 696b 716b 716b 58c8 58a7 5087 5887 60c8 7149 6908 5046 4846 4867 5887 58a7 6929 7969 81a9 a32b 9a88 9a48 8148 6087 5867 58c8 6909 7969 8a0c a2ce a28d 818a 60c7 5087 4866 4846 4846 4846 4846 5066 5066 5067 4826 4007 4026 6108 b432 ccd1 d491 dc91 dc70 d451 d490 d4b1 cc50 c431 bc11 bc11 c492 d573 d592 d531 cc2e aa89 8147 5866 5026 4826 4826 4886 58c7 5886 5887 5067 5067 5047 5047 60c7 8a0b 9a8c a24b 99e9 8927 88e7 88e7 9968 a1a8 b1c8 ba29 c24a c24a ca6a ca8b d28a d2ec d28b d2ab d2eb daec dacb dacb daec dacc db0c db0c e2eb db0c e34d e32d e34d e34e e34d e38e e34d e36e e36e e38d e3ae e3cf e3ae e3ae e3ae e3cf e40f e3ef e3ee e3ef e3ef e40f e3ef e40f e40f e40f e450 e410 e40f e40f e3ef e42f e40f e3cf dbce dbad dbaf db8e db8e d38e d2ec ca6a ca09 ca4a d26b daab db0c db4d db4d db4d db2d db0d e34c db6d db6d db6d db6d db4d daeb daab d26a d26b da8a dacb db2c e38e e3ee ec70 ecf2 f553 f5d5 f616 f676 f6b7 f696 ee36 dd53 d38d d36d dbcf dbce dbae dbaf dbaf db8e db4d db4d d34e db4d d30d d2ec d2cc d2cc d2cb cacb c28b b24a 9189 68e8 5088 5067 5087 50a8 5087 5067 58c8 58a7 58a8 58a7 68e7 7128 7128 7148 7949 7928 8188 8968 70e7 6087 60c7 6087 5046 5867 60c8 6068 68c8 a2ad c3f0 d4b2 d492 d451 cc10 cbcf c410 b34e 9acc 8189 60c7 5887 4866 4046 4867 4847 68a7 91ca ab2e c38d cbcd d3cc d3cd cbed cbac cbae c3ae d40f d46f d46f d44e cc4f cc6f cc4f cc4f cc4f d42e cc2f cc4f cc4f d42f cc0f cc0e cc0e cc0f cc0e cc0e c40e cc0e cc0e cc0f cc0e cc0e c40e c40f cc0f c40e c3ee c3ef c3ee c40e c42f c410 c3ef c3ef cbee c42e c40f c40f c3ee c3ee c3ee c3ce c3ee c3ce bbee c3cf bbcf c3cf bb8e bb8e bbae bbae b34e b34d bb6e bb8f cc0f d48f dcef e54f edb0 edd0 f5f0 f5d0 f5cf f5cf edd0 f5d0 f5cf edce f5d1 edb0 f5cf edd0 edb0 edf0 edf1 f5f1 f611 ee33 f653 f652 f653 f653 ee33 ee53 ee53 ee53 ee52 ee53 ee33 ee33 ee33 ee33 ee33 ee33 ee33 ee54 ee54 ee54 ee54 ee55 ee55 ee54 ee54 ee74 ee54 ee55 ee34 ee35 
91e9 91e9 91a9 91a9 91a9 8968 8989 91e9 8989 8948 8968 89a9 8168 8148 8148 8127 8127 8128 8107 7907 7907 78e8 6886 6066 6066 6046 78c7 8948 a1a9 b249 c2aa d2ea d30b db8c dbad e3ed e44d ec6e e48f ecaf ecaf eccf ecaf ecaf eccf eccf ecaf ecaf eccf f4ce ecef ecef f50e f4ef f4ce ecae ecaf ec4e e40d e40d e36b db2a d2ea caaa ba6b a9ea a1cb 99eb a26d aaf0 aaf0 b2ce b2cc b26b aa2a a9c9 a9c9 aa0a aa0a b20a b20a ba2b b28d aacf bacf baae ba8e a24e 89cd 796c 798c 610a 592a 694c 81ee 8a2f 8a51 8ab1 8ab0 9313 8ab0 81ef 81ee 79ad 696c 694c 60ca 5889 58ea 716e 698d 7af3 9415 8aaf 71ad 612b 58ea 50aa 50aa 592a 82b1 9394 8292 718f 612d 71ee 9392 a4b6 acb8 92b2 60eb 508a 5949 8bf4 9c16 718c 50a8 50a8 58e8 6109 60c8 5087 50a7 5087 60a7 6928 81ca 7948 5067 4846 4867 4867 50a7 5929 718b 6108 60e7 58a7 5886 5066 5067 5067 5087 58a7 6929 8aaf 9b30 9acc 926c 7928 5887 5066 4846 4866 4866 4846 58a7 5887 4826 4027 3807 4045 8aad c4f2 cc92 d4b2 d4d0 dcb2 d4f3 dcd1 dcf1 dcd1 e4f2 e533 e532 e572 e592 d511 bbcf a2aa 8147 60a6 5066 4846 5046 4846 4866 58a7 5886 60a7 58a8 5887 5847 5846 60c7 8a0b 9a8c 9a2a 91c9 88e6 88c6 9127 a188 a9a8 b1c8 b9e8 c24a ca6a ca69 ca8b d2ab d2ca d2cb d2cc d2cb daec dacc daab dacd dacc daec daed e2eb e32d e36d e34d e32d e34d e34d e38f e34e e36e e3af e36d e3ae e3cf e38e e3af e3ae e3af e3af e3ae e3cf e3cf e3ee e40f e3f0 e3ae e3ef e42f e410 e40f e40f e40f e40f e3ef e3ef e3ef e3ae db8d db8e db8e db6d db8e d2ec ca4a ca09 ca4a d2ac daab db0c db2c db0b db0c e32b e30b daea db0b db4e db2b db0b db2d db0d d2cb d26b d26b d26a da8a daec db4d e3ad e3ef ecb0 ed32 edb5 f5f5 f615 f635 f656 edf5 dc90 d3ad dbae dbae db8e dbaf dbaf db8e db8d db8e db8f db4d d34d cb4e d2ec caec caeb cacb c2cb ba6a 99a9 7109 60a8 5087 5087 5088 50a8 5088 5088 58e8 60e8 58c8 60a8 68c7 70e8 70e8 7969 8189 7107 7927 8968 78e7 6066 6086 60a7 5846 5047 60a8 5848 5887 924c bbd0 d492 d4b2 d4b2 cc71 c3ce bbd0 ab4e a2cd 89aa 58a7 5087 5087 4067 4047 5047 70e8 9a0a b34e cbce cbce cbed d3cc cbce cbad c3ae cbee d450 d46f d46f cc6f cc4f cc6f cc4f cc4f cc2e cc2e cc0e cc2f cc2e cc2f cc2f cc2e cc0e cc0e cc2e cc2e cc0f cc2f cc0f cc0f c40e cc2f c42f cc2e c40e c42f c40f c42f cc0e c3ef c3ee c40f cc0e c42f cc0e cbee c40f c40e c40e c3ee c40f bbee c3ee c3ee bbcf bbae bbae bbaf bbae bb8e bb8e b38e b36e b36e bb6d c3cf d470 dcd0 e530 e570 edaf edcf edf1 f5d0 f5cf f5d0 edcf f5d0 f5af f5af f5b0 edb0 f5af f5d0 edd0 f611 ee11 ee12 ee32 ee12 f632 f633 f633 ee33 ee53 ee53 f654 ee33 ee33 ee33 ee54 ee53 ee53 ee53 ee33 ee33 ee34 ee54 ee54 ee54 ee74 ee75 ee55 ee54 ee55 ee54 ee54 ee55 ee55 ee34 
91c9 91c9 91c9 9189 9188 9168 89a9 91a9 91a9 8968 8988 8988 8968 8969 8989 8948 8107 8107 8107 78e7 78e7 78e7 70c7 68a7 6887 6866 78c7 9148 99c8 b229 caab d30b d34c db6c dbcd dbed e42e ec6e ec8f ec6f ecaf ecaf ecaf ecaf ecaf ecb0 ecaf eccf eccf eccf f4f0 f4ef f4ef f4cf f4d0 f48e ec6e ec4d e3ec e3cd e36b db4c d2eb caab ba4a b20b a22d a20b 99ca 99ca 99a9 99a9 99a9 9989 99c9 a1c9 a9c9 a9ea b20a b1ea b20a ba2a b26c b2af b2cf baee b350 9a0e 89ed 81ac 794b 70ca 68ea 718d 81ee 8a50 8a50 824f 8ab0 9352 92d1 9270 81ce 718c 694c 694c 5069 4828 50ea 71ef 9395 9c57 9352 8230 79ae 612b 696d 58cb 506a 58ea 724f 8b75 8ad2 79f0 7190 71ef 8b12 acd6 b579 a3f6 79ae 60ec 5909 8351 a4f7 92b0 58c9 4888 50a8 58a8 5088 58c8 690a 60e8 60c7 6907 8a2b 8189 5066 4046 4867 4888 48c8 58e8 694a 696a 696b 610a 5888 4867 5068 58a8 694a 824e 8aaf 92f0 81ca 70e7 68a6 5866 5066 5067 4867 4887 4886 5086 5067 4846 4026 4027 4007 58e7 ac51 cd53 d4d2 d4d2 d4f1 dd73 dd33 dcf3 dd33 dd53 dd53 dd53 dd31 d532 cd12 b36b 8a0a 7127 5867 5046 5046 4826 4826 5046 5066 58a6 58a6 6086 5846 5847 5847 5027 60c6 8a2b a2ad 922a 91ea 9128 9947 9947 a188 b1a8 b1c8 b9e9 c229 c28a c26a ca8a d28a d2cb d2ab d28a daaa d2ec dacb daab dacb daeb daec e30d db0c e32d e32d e34e e32d e34d e36d e36e e34d e36d e38e e3ce e3ae e38e e3ae e3af e3ae e3af e3cf e3ae e3ce e3ce e3ee e3cf e40f e3cf e3ef e40f e3ef e3ef e40f e40f e40f e3ee e40f e40f e3ef dbce db8e db8e db4c db4d d30d ca8c ca4a d26a daec daeb db0c e30a db2b d2ca c248 a9a7 a167 a187 b1e9 c228 ca68 d2aa d2ab d2aa d2ab d28b d28b da8a d2cc daec db2c e36d ec30 ecd2 ed73 f5d4 f5f5 f5f5 edd4 dcf1 d3ee dbae dbcf db8e db8e dbaf dbae db8e db6e db8e d36e db2e d30d d30d d2eb caec caeb c2cb baab aa0a 8108 6087 5067 5087 5067 50a8 50c8 50a8 50a8 58c8 60e8 58e9 60c8 68e8 7107 78e8 8189 8168 70c7 78e7 8168 70e7 6066 6086 68c7 6086 5046 5867 5848 5867 89ea b3d0 cc71 d4d2 d4d2 cc72 c3ae c3ae bbaf ab2d 89ea 58a7 4866 50c8 4867 4867 5887 8169 a26a bb6e cbee cbcd cbed d3cc d3ac cbae c3ad cc0f d42f d46e d46f d470 cc6f cc4f cc4f cc2f cc2f cc2f cc2f cc2f cc2f cc2e cc0f cbee cbef cc0f cc2f c42e cc0e cc0f cc0f c42f cc0f cc2f cc2f cc0f cc0e cc0f c40f c3ef c3ef c3ef c3ee c3ee c40f cc30 cbef c3ee c3ef c3ee c40e c3ee c3ee c3ce c3ef c3ce bbcf bbae bbce bbcf c3ae bbae bb6e b36e b36e b34e bb8e cc0e d48f dcef e54f ed90 edaf f5cf f5f0 f5f0 f5ef f5d0 f5cf f5af edcf f5d0 f5af f5d0 f5d0 edf0 f5f1 f611 ee32 f632 ee32 f632 f633 f652 f632 ee33 ee53 ee33 ee34 ee33 ee33 ee33 ee54 ee54 ee53 ee53 ee54 ee54 ee54 ee55 ee54 ee54 ee54 ee75 ee74 ee54 ee54 ee54 ee54 ee54 ee55 ee54 
91c9 91c9 91c9 9189 9188 9168 89a9 91a9 91a9 8968 8988 8988 8968 8969 8989 8948 8107 8107 8107 78e7 78e7 78e7 70c7 68a7 6887 6866 78c7 9148 99c8 b229 caab d30b d34c db6c dbcd dbed e42e ec6e ec8f ec6f ecaf ecaf ecaf ecaf ecaf ecb0 ecaf eccf eccf eccf f4f0 f4ef f4ef f4cf f4d0 f48e ec6e ec4d e3ec e3cd e36b db4c d2eb caab ba4a b20b a22d a20b 99ca 99ca 99a9 99a9 99a9 9989 99c9 a1c9 a9c9 a9ea b20a b1ea b20a ba2a b26c b2af b2cf baee b350 9a0e 89ed 81ac 794b 70ca 68ea 718d 81ee 8a50 8a50 824f 8ab0 9352 92d1 9270 81ce 718c 694c 694c 5069 4828 50ea 71ef 9395 9c57 9352 8230 79ae 612b 696d 58cb 506a 58ea 724f 8b75 8ad2 79f0 7190 71ef 8b12 acd6 b579 a3f6 79ae 60ec 5909 8351 a4f7 92b0 58c9 4888 50a8 58a8 5088 58c8 690a 60e8 60c7 6907 8a2b 8189 5066 4046 4867 4888 48c8 58e8 694a 696a 696b 610a 5888 4867 5068 58a8 694a 824e 8aaf 92f0 81ca 70e7 68a6 5866 5066 5067 4867 4887 4886 5086 5067 4846 4026 4027 4007 58e7 ac51 cd53 d4d2 d4d2 d4f1 dd73 dd33 dcf3 dd33 dd53 dd53 dd53 dd31 d532 cd12 b36b 8a0a 7127 5867 5046 5046 4826 4826 5046 5066 58a6 58a6 6086 5846 5847 5847 5027 60c6 8a2b a2ad 922a 91ea 9128 9947 9947 a188 b1a8 b1c8 b9e9 c229 c28a c26a ca8a d28a d2cb d2ab d28a daaa d2ec dacb daab dacb daeb daec e30d db0c e32d e32d e34e e32d e34d e36d e36e e34d e36d e38e e3ce e3ae e38e e3ae e3af e3ae e3af e3cf e3ae e3ce e3ce e3ee e3cf e40f e3cf e3ef e40f e3ef e3ef e40f e40f e40f e3ee e40f e40f e3ef dbce db8e db8e db4c db4d d30d ca8c ca4a d26a daec daeb db0c e30a db2b d2ca c248 a9a7 a167 a187 b1e9 c228 ca68 d2aa d2ab d2aa d2ab d28b d28b da8a d2cc daec db2c e36d ec30 ecd2 ed73 f5d4 f5f5 f5f5 edd4 dcf1 d3ee dbae dbcf db8e db8e dbaf dbae db8e db6e db8e d36e db2e d30d d30d d2eb caec caeb c2cb baab aa0a 8108 6087 5067 5087 5067 50a8 50c8 50a8 50a8 58c8 60e8 58e9 60c8 68e8 7107 78e8 8189 8168 70c7 78e7 8168 70e7 6066 6086 68c7 6086 5046 5867 5848 5867 89ea b3d0 cc71 d4d2 d4d2 cc72 c3ae c3ae bbaf ab2d 89ea 58a7 4866 50c8 4867 4867 5887 8169 a26a bb6e cbee cbcd cbed d3cc d3ac cbae c3ad cc0f d42f d46e d46f d470 cc6f cc4f cc4f cc2f cc2f cc2f cc2f cc2f cc2f cc2e cc0f cbee cbef cc0f cc2f c42e cc0e cc0f cc0f c42f cc0f cc2f cc2f cc0f cc0e cc0f c40f c3ef c3ef c3ef c3ee c3ee c40f cc30 cbef c3ee c3ef c3ee c40e c3ee c3ee c3ce c3ef c3ce bbcf bbae bbce bbcf c3ae bbae bb6e b36e b36e b34e bb8e cc0e d48f dcef e54f ed90 edaf f5cf f5f0 f5f0 f5ef f5d0 f5cf f5af edcf f5d0 f5af f5d0 f5d0 edf0 f5f1 f611 ee32 f632 ee32 f632 f633 f652 f632 ee33 ee53 ee33 ee34 ee33 ee33 ee33 ee54 ee54 ee53 ee53 ee54 ee54 ee54 ee55 ee54 ee54 ee54 ee75 ee74 ee54 ee54 ee54 ee54 ee54 ee55 ee54 
9169 9189 91c9 9189 9189 9168 9169 9169 8989 8948 9168 8948 8948 8988 8968 8127 8108 8107 8108 7907 7907 78e8 70c7 70c7 68a7 70a7 80e7 9988 aa09 ba6a cacb d30c db4d dbad dbcd e3ed e42e e46f ec6e e48f ec8f ec90 ecaf eccf eccf eccf ecd0 eccf ecd0 eccf f4d0 f50f f4f0 f4cf f4cf f4ae ec8e ec4d e40c e3cc e36b db8d d30c cacc ba6c aa4c a20c 918a 8929 8949 9148 9168 91a9 99a9 a1c9 a1a9 a9c9 a9ea aa2a b22a b22a ba2a ba4b b26e b28e b2af a2cf 91ed 818b 816c 898c 814b 712b 79cd 8a2f 820f 79ce 8a50 9b32 abf3 a332 924f 81cd 79ad 718d 60ea 4848 4049 58ea 7a91 a4d8 9bf4 8a4f 81ef 692b 614b 7a10 612c 508a 58eb 6a0e 8b54 8ad2 8231 8212 79f0 82d2 a475 b558 b4d8 8a92 60cb 58c9 724d 9c96 9b53 610a 4887 50a8 58c9 58a8 6108 798a 798a 7149 6928 81aa 7128 5066 4846 4846 4867 4887 4847 4867 58a7 60e8 690a 716d 612c 58aa 60c9 926d c4d5 bcf5 a331 68c8 4826 4826 4847 4867 5087 5087 50a7 58a7 58a7 5066 4847 4027 4007 4846 79eb bd12 d552 d512 dd33 dd72 e5b5 dd33 dd53 dd74 e594 dd94 d553 cd32 c4b1 9b4d 68e6 5865 5087 5046 5026 4846 5046 5046 5046 5066 5886 60c8 6087 5867 5867 5867 5867 60a6 89ea 9a8c 9a2b 9a0b 8948 9927 a147 a9c8 b1c9 b1e9 b9e8 c229 ca69 ca6a ca8a d28a d28a d28a d28a d28a dacb dacb dacb daca daeb daeb e30c e32d e32c db2c e30d e32d e32d e36d e36e e36d e34d e3ae e3ae e38e e38d e3cf e3ae e3ae e3ee e3ef e3ae e3ae e3cf e3cf e3cf e3ef e3ef e3ef e40f e40f e40f e40f e40f e40f e40f e40f e430 e3ce dbad e38e db8d db6c db6e db2d caed ca8b d28b daeb db0b db0b db2a db0b ba28 8906 6886 6066 6866 80c6 9927 a987 b9c8 b9a7 ba08 ca69 d269 d2aa d2aa d28a daab daab e34d e410 ec91 ed33 ed94 edd5 edd5 e4f1 dc2f dc0f dbcf dbae dbaf dbae dbaf dbae db8e db6d db6e db4d d34e d30d d2ec d2cc d2cb c2eb c2ab b24a 9168 60a7 5887 5067 50a8 58a8 58a8 50a8 5087 50c8 6109 60e8 58e8 60c7 7107 7928 7948 81a8 8148 68e7 7928 8988 70e8 6087 60a7 68a6 60a7 5887 5867 5047 5847 818a b390 cbf0 dcb2 d4d2 cc72 bb6e c34d c3d0 ab2d 922b 60e8 4867 58c7 58c8 5068 68e8 920a b2ec c36d cbee cc0d d3ee d3cd cbcc c3ad cbce cc2f d46f d46f d44f d44f d44f cc2f cc2f cc30 cc4f cc2f cc2f cc4f cc2f cc0e cbee cc2e cc30 cc0e cc0f cc0f cbee cbee cbee cbee cc0e cc0f c3ef c40f c42f cc0f cbee c3ce c3cf c3ef c3ef c3ef bc0f c3ef c3ce c40e c3ef c3cd bbad c3ee c3ee c3ee c3ef c3cd bbcf bbcf bbef bbae bb8e bb8d b38e b38e b36e b36d c3ae d42e dc8f e50f ed70 ed90 f5af f5d0 f5ef f5f0 f5ef f5cf f5d0 edcf edf0 edd0 f5cf f5d0 f5f0 edf1 f611 ee32 f632 f632 ee53 ee33 ee52 f633 ee33 ee33 ee33 ee33 ee33 ee33 ee53 ee53 ee54 ee73 ee54 ee54 ee54 ee54 ee54 ee74 ee75 ee74 ee75 ee54 ee75 ee75 ee75 ee54 ee54 ee54 ee55 ee34 
9169 9189 9189 9169 9189 8968 9189 8948 8948 9189 9168 9189 9188 9189 8948 8148 8128 8107 8107 7907 8107 7907 78e7 70c7 70c6 78e7 8927 a1a9 b229 c2ab caeb d32c db6d dbcd e3ce e3ee e42e e44f ec6e ec8f ecb0 ecaf ecaf eccf eccf eccf eccf ecd0 eccf ecee ecef ecef f510 f4ef f4ae ec8f ec8d ec6e ec0d e3cc e38b db4c d2ec caed ba6b aa0a 99aa 9148 8928 8928 9148 9168 9988 a1c8 a1c9 a1c9 a9e9 a9e9 b209 b20a b22a ba0a ba4b b26d aa8f a28e 9a4e 898b 790a 89cc 99cd 896c 710a 820e 8a2f 79ee 79cd 92d1 abb2 bbd1 aad0 8a0e 79ac 718d 610a 5048 4028 4889 616d 8bb4 a475 92f0 71ad 690b 60c9 71ee 8ab2 692d 50aa 59ac 69ad 82f2 8ad3 7a30 8210 7a10 8af3 9bb4 acb5 b538 9b54 712c 50a9 61ab 9455 9bb4 694b 4867 4887 58c9 5067 60e8 7168 8a2b 81c9 68e8 7148 68e7 58a7 5066 4846 4846 4846 4047 4846 4867 5088 58a8 696b 79ef 796e 712a 928d ccf4 cc91 aacc 70e8 5068 5087 5087 5088 50a7 58a7 58c7 58a7 4886 4046 4047 4006 4027 6109 9b8f ccb0 d4b1 d4d1 dcf1 e551 e5d4 dd73 dd94 e5b4 e5b5 ddd5 ddb5 c4f4 9a49 60c6 4826 4826 5066 5066 5066 5066 5046 5046 5087 5886 60a7 60a7 60a7 60a7 5887 5847 5846 6087 8a0a 9aac a2cc a24c 9148 9927 a967 a9c8 b1e9 b1e8 ba08 c229 ca29 ca49 ca6a ca8a caaa d28a d2aa daaa daaa daca daec dacb dacb dacb daec e30c db0c db0c e32d db4e e34d e36e db8e e38e e36d e38e e38d e3ce e3ae e3ae e3ae e38f e3ae e3af e3ae e38e e3cf e3ef e3ef e3ef e40f e40f e40f e3ef e40f e40f e40f e410 e40f e40f e410 e3ce e3ad e3ae e3ae dbae db8d db4d db0d d28b d26a d28a daeb daeb daeb d2cb ba2a a1a9 8929 8108 8928 9989 aa0a b1e9 a9c9 a988 a988 a9a8 b1a8 c229 d269 d28a d28b daab db2c e38e e42f e4d2 ed74 edb5 e553 e4b1 dc50 dc70 dc30 dbcf db8e dbae dbae dbaf db6e db4d d34e db4e d34d d32d d32d d2ec d30b caeb c2ab a1ea 70c7 5887 58a8 50a8 50a8 58a8 58a8 50a8 50a8 50a7 60e8 60c8 58a8 60c7 70e7 8128 8148 8968 7908 6907 7968 89a8 70c7 68a7 60a7 60a6 68c7 68c7 5867 5027 5047 7908 ab0e cc10 dcd2 d4f3 cc51 b32e bb2d c410 ab4e 922b 68e8 4847 5087 6908 68c8 7928 a24b b32c cbad cbee d3ed d3ce d3cd cbac cbad cbee d42f d44f d42f d44f cc4f d44f cc2f cc2f cc2f cc2f cc0e cc2f cc2f cc0f cc0e cc0e cc2e cc0f c40f c40e c3ef cbee cc0f cc0e c40f c42f cc0f c40f cc0f cc0e cc0e c3ef c40f c3ef cc0e c3ee c3ee c3ee c3ee c3ce c3ce c3ce c3ee c3ee c3ee c3ee c40e c3ef bbce bbce c3ce c3ce bbaf bbae b38e b38d b38e b38e bb8d cbce d44f dcaf e550 ed8f edaf edd0 f5d0 f5ef f5ef f5d0 f5cf f5cf f5f0 edd0 f5d0 f5f0 f5f0 f5f0 ee12 ee31 ee32 f652 f632 f633 ee33 ee53 ee53 ee33 ee33 ee34 ee54 ee54 ee54 ee54 ee54 ee54 ee74 ee75 ee74 ee74 ee54 ee74 ee54 ee75 ee75 ee75 ee75 ee75 ee75 ee75 ee54 ee54 ee34 ee34 ee54 
9168 9189 91a9 8969 9169 9148 9169 9168 9168 9168 9148 9168 9168 9168 8948 8928 8108 8108 8147 8128 8107 8148 8127 7907 8107 8128 9168 a1c9 b24a c2ab caeb d36d dbad dbcd e3ee e40e e44e ec6e ec8f ec8f ec8f ecb0 eccf eccf ecaf eccf eccf ecb0 ecaf f4ef f4cf f4f0 f4ef f4cf f4cf ecb0 ecaf ec6e ec2e e3cc e36b db4c d30b cacb c249 a9c9 9989 9148 9128 9128 9169 9989 9988 99c9 a1c9 a1c9 aa09 aa09 b209 b20a ba2a ba2a ba4c b26d aa8f aa8f a24e 916a 796b 9a2e a20e 894c 712b 820e 822e 820e 79ce 822e 9a6d a2cf 922e 79cc 71ad 696d 5068 4028 488a 616d 8b74 9c35 9352 8291 692c 58a9 616c 7ad1 82d2 718e 58aa 592b 698c 82f2 8b14 8270 7a2f 7a30 8b34 9353 93b2 ad17 ac37 8210 58ca 696a 9433 a477 79ee 4047 4046 50a8 4847 4866 60e8 6908 70c7 60c8 798a 81c9 8a2b 79a9 5887 4867 4867 4887 4887 4867 4847 4847 5087 6129 79ce 822e 9b52 a3f2 9a6c 7929 60a7 5867 58a7 6108 6109 60c8 60c8 58a8 4867 4867 4867 4867 5068 58c8 8a4c b410 c3ef cc30 d451 d490 e4f1 e572 e532 e572 e5b3 e5f3 ddf4 d594 b410 68c6 4826 5047 5047 5046 5866 5886 5066 5067 5887 5887 5867 60a7 5887 6087 5887 58a7 5867 5867 6086 8a2b a2ac a2ac a22b 9947 9947 a167 a9e9 b209 ba08 c229 c24a ca69 ca49 d26a d26a d28b d28a d26a daab dacb dacb daec dacb daec daec daec e32c e30c e30c db2d e36d e36e e36d e38e e34d e38d e36e e36d e3ae e3ce e3ae e3ae e3ae e3ae e3cf e3cf e3ce e3ef e40f e3ee e3ce e3ef e3ef e40e e40f e40f e42f e40f e40f e40f e40f e410 dbef e3ce e3ae e38d dbae dbae db6e db4e d2cb d28b d26b d28a daaa dacb d2ab caab ca8b ca6b c24b c26b caac cacb d2ab ca8b c26a ba0a b20a b1a9 b9c8 ca29 ca8a ca8a d28a dacc daec e3cf e4b2 ed54 e533 e4f1 e4b1 dc90 dc50 e40f dbef dbae db8e db8e db6e db6e db6d db6e d36e d32d d2ec d2ec d30c cb0c c2cb b22a 8168 6088 58a8 58c8 50a8 58c8 58e8 50a8 5088 50a8 50a7 6929 60c8 58c8 68e8 70e8 8128 8148 89a9 70e8 68c7 7948 81a8 7928 6886 6066 6086 68e7 7107 5867 5047 4827 68c8 9a8c c410 d4b1 d4d2 cc71 b3af b34e c430 abcf 926c 7149 5088 4847 60a7 7969 89a9 aaac bb6d cbce d3ee d3ec d3cd d3ec cbcd cbce cbce cc2f d46f d44f d44f d44f cc4f cc4f cc4f cc2e cc2f cc2e cc2f cc0f cbef cc0e cc0e cc0f cc0f c40e cc0f c3ef cc0f c40f cbef c42f cc2f cc2f cc0f cbef c40e c3ef c3ef c40f c40f cbef c3ee c3ef c3ef c3ee c3ee c3ee c3ce c3ce c3ee cbee c3ce c3ce c3ae c3ce c3ae c3ce bbcf bbae bb8e b38e bb8e b36e b36e bbae cc0e dc6f e4ee e550 edaf f5cf f5d0 f5d0 f5cf f5cf f5ef f5cf f5d0 f5d0 edb0 f5d0 f5f0 f5f1 f5f1 f613 f633 f632 f653 f633 ee53 ee54 ee53 f653 ee53 ee54 ee54 ee54 ee54 ee54 ee54 ee54 ee54 ee74 ee74 f675 ee74 ee74 ee74 ee74 ee75 ee54 ee54 ee75 ee74 ee74 ee54 ee54 ee34 ee54 ee34 ee75 
9168 9189 91a9 8969 9169 9148 9169 9168 9168 9168 9148 9168 9168 9168 8948 8928 8108 8108 8147 8128 8107 8148 8127 7907 8107 8128 9168 a1c9 b24a c2ab caeb d36d dbad dbcd e3ee e40e e44e ec6e ec8f ec8f ec8f ecb0 eccf eccf ecaf eccf eccf ecb0 ecaf f4ef f4cf f4f0 f4ef f4cf f4cf ecb0 ecaf ec6e ec2e e3cc e36b db4c d30b cacb c249 a9c9 9989 9148 9128 9128 9169 9989 9988 99c9 a1c9 a1c9 aa09 aa09 b209 b20a ba2a ba2a ba4c b26d aa8f aa8f a24e 916a 796b 9a2e a20e 894c 712b 820e 822e 820e 79ce 822e 9a6d a2cf 922e 79cc 71ad 696d 5068 4028 488a 616d 8b74 9c35 9352 8291 692c 58a9 616c 7ad1 82d2 718e 58aa 592b 698c 82f2 8b14 8270 7a2f 7a30 8b34 9353 93b2 ad17 ac37 8210 58ca 696a 9433 a477 79ee 4047 4046 50a8 4847 4866 60e8 6908 70c7 60c8 798a 81c9 8a2b 79a9 5887 4867 4867 4887 4887 4867 4847 4847 5087 6129 79ce 822e 9b52 a3f2 9a6c 7929 60a7 5867 58a7 6108 6109 60c8 60c8 58a8 4867 4867 4867 4867 5068 58c8 8a4c b410 c3ef cc30 d451 d490 e4f1 e572 e532 e572 e5b3 e5f3 ddf4 d594 b410 68c6 4826 5047 5047 5046 5866 5886 5066 5067 5887 5887 5867 60a7 5887 6087 5887 58a7 5867 5867 6086 8a2b a2ac a2ac a22b 9947 9947 a167 a9e9 b209 ba08 c229 c24a ca69 ca49 d26a d26a d28b d28a d26a daab dacb dacb daec dacb daec daec daec e32c e30c e30c db2d e36d e36e e36d e38e e34d e38d e36e e36d e3ae e3ce e3ae e3ae e3ae e3ae e3cf e3cf e3ce e3ef e40f e3ee e3ce e3ef e3ef e40e e40f e40f e42f e40f e40f e40f e40f e410 dbef e3ce e3ae e38d dbae dbae db6e db4e d2cb d28b d26b d28a daaa dacb d2ab caab ca8b ca6b c24b c26b caac cacb d2ab ca8b c26a ba0a b20a b1a9 b9c8 ca29 ca8a ca8a d28a dacc daec e3cf e4b2 ed54 e533 e4f1 e4b1 dc90 dc50 e40f dbef dbae db8e db8e db6e db6e db6d db6e d36e d32d d2ec d2ec d30c cb0c c2cb b22a 8168 6088 58a8 58c8 50a8 58c8 58e8 50a8 5088 50a8 50a7 6929 60c8 58c8 68e8 70e8 8128 8148 89a9 70e8 68c7 7948 81a8 7928 6886 6066 6086 68e7 7107 5867 5047 4827 68c8 9a8c c410 d4b1 d4d2 cc71 b3af b34e c430 abcf 926c 7149 5088 4847 60a7 7969 89a9 aaac bb6d cbce d3ee d3ec d3cd d3ec cbcd cbce cbce cc2f d46f d44f d44f d44f cc4f cc4f cc4f cc2e cc2f cc2e cc2f cc0f cbef cc0e cc0e cc0f cc0f c40e cc0f c3ef cc0f c40f cbef c42f cc2f cc2f cc0f cbef c40e c3ef c3ef c40f c40f cbef c3ee c3ef c3ef c3ee c3ee c3ee c3ce c3ce c3ee cbee c3ce c3ce c3ae c3ce c3ae c3ce bbcf bbae bb8e b38e bb8e b36e b36e bbae cc0e dc6f e4ee e550 edaf f5cf f5d0 f5d0 f5cf f5cf f5ef f5cf f5d0 f5d0 edb0 f5d0 f5f0 f5f1 f5f1 f613 f633 f632 f653 f633 ee53 ee54 ee53 f653 ee53 ee54 ee54 ee54 ee54 ee54 ee54 ee54 ee54 ee74 ee74 f675 ee74 ee74 ee74 ee74 ee75 ee54 ee54 ee75 ee74 ee74 ee54 ee54 ee34 ee54 ee34 ee75 
9168 9168 91a9 9189 9168 9168 9168 9168 9168 9148 9168 9168 9148 8928 8928 8948 8928 8128 8127 8128 8148 8128 8107 8148 8108 8928 9988 a9e9 ba6a c2cc cb0d d36d dbae dbee e40e e40e e44e e46f ec6f ec8e ecaf ecb0 ecaf ecb0 ec8f ecaf ecd0 eccf f4cf ecef f4f0 ecef f4ef f4f0 f4cf f4af ec8e ec4d ec0d e3ed e38b db2b d30a caaa c229 a9c9 9989 9148 9128 9128 9169 9988 99a9 a1e9 a1e9 a9e9 aa09 b209 b209 b22a b24b ba4b ba4d b28f b2cf b2cf aa6e 918b 89cc 922d 91cc 712b 712a 822e 820e 79cd 71ae 712a 718c 824f 79cd 692a 692b 60ca 5069 4869 616d 8b54 9c15 9b52 828f 7a10 716e 610b 69ef 7a90 7a90 71ce 60cc 58a9 616c 8b33 9395 8ad1 7a70 71ee 8ad2 92f3 8b11 a4b6 acd8 92f3 694d 71ac 8b50 acd6 8a90 4867 4006 4046 4846 4867 5867 6088 5867 60a8 9a6c b3ce c40d b2eb 7907 60a7 50a8 48a8 4087 4067 4848 4827 4847 48a7 722d 9b93 9b72 822c 60c8 5067 5067 4846 58c8 694a 68e8 60c7 714a 6909 60e8 718a 7989 7148 89cb 922c a2cb b2ec b32e c3ae cbef d42e d40e d42f dc6f dcb1 dcd0 dd33 c4b0 9b0a 7968 5046 5047 5026 5027 5847 58a6 5909 5908 58a7 60e7 58c7 5866 5886 5887 6087 5866 58a7 58a8 5888 68a7 922b a2ed a2ed aa4b 9968 9147 9967 a9e9 b9e9 c229 c209 ca6a ca49 ca4a d269 d28a d2cc daab d2ab da8a da8a d2ab dacb dacb daec daeb dacb e30c e30c db0d e30d e32c e34d e36e e36e e38e e38e e36d e38e e38e e3ae e3ae e38e e36e e34d e3af e3ae e3af e3af e3cf e3ae e3ae e3cf e3ce e3cf e3ef e3ef e42f e40f e40f e3ef e40f e40f e3ee e3ef e3ae e38d dbae dbae db8e db6e db2d d2ec d2ab d28b d28a daab daaa daeb daeb daec e30b db0b db0d db0c e2eb daeb daaa d26b ca6a c26b c24a ca2a ca8c ca6c d2ad db0e dbb0 dc93 e574 e573 e512 e4d1 e490 dc70 dc4f dbef dbf0 dbcf dbcf db8f d36e db6d db2d d34e d34e d30d d2ec d2ec cb2d c2cb b26b 99c9 68c8 58a8 58a8 58a8 50c8 5929 5909 50c8 50a8 50a8 58a8 6929 60e8 60e8 6908 68e8 8168 8989 91a9 7128 7108 7968 8188 7948 68a6 6066 6066 68c7 70e7 5867 5047 4827 6087 920b bbcf d492 d4d3 cc71 c3d0 b32d c3ef bbcf 926b 81aa 58a8 4847 50a7 8189 a22a b30c cb8d cbed d3cd d3ed cbed d3cc cbcd cbef cc0f d44f d46f d46f cc6f cc4f cc4e cc4f cc4e cc2e cc2e cc4f cc0e cc0e cc0e cc0e cc0f cc0e cc2e cc0e cc0f c40f cc0f c40f c44f c410 c42f cc0f cc0e cbef c42f c40f c3ef c40e cc0e c3ef c40f c3ef c3ee c3ee c40e c3ef bbee c3ee c3ce c40e c3ce c3ce c3ce c3ce c3ef bbce bbce bbae b38d bbaf b38e b34d bb6d c3ee d44e dcaf e50f ed4f edaf edcf f5d0 f5cf f5d0 f5cf f5d0 f5d0 f5cf f5d0 f5cf f5f0 f611 f5f1 f611 f632 f652 f653 f653 f633 f633 ee53 ee53 f653 f654 ee54 ee54 ee54 ee53 ee54 ee33 ee54 ee75 ee74 f674 f675 ee74 ee75 ee74 ee54 ee74 ee75 ee74 ee74 ee54 ee54 ee54 ee54 ee54 ee34 ee55 ee55 
9168 9168 91a8 8988 8968 9128 9188 9188 9168 8948 9128 8927 8948 8948 8968 8928 8927 8107 80e7 8127 8128 8948 8128 8968 8968 9168 99a9 b20a c26a c2ed cb2d d36d db8d dbcf e3ee e42e e44e e46f ec6e ec8f ec8f ecaf ec8f ecaf ecaf ecb0 ecaf ecaf f4ce ecb0 ecd0 ed0f f510 f510 f4ef f4ae ec8e ec4e ec0d e3cc e38c db6d d30b caca c249 aa09 9989 9148 8927 8928 9169 9968 99a9 a1e9 a1c8 a9e9 aa0a aa0a aa09 b20a b20b ba6c bacf baef b2ad b28d a22c 91cc 8a2d 816a 70c9 68c9 692a 81ed 820f 79ee 79ce 692a 71ab 79cc 696b 58c9 5069 4828 5088 71ae 8b13 9bd3 9312 826f 718c 696c 7a0f 71ad 71ef 71ed 71ce 698d 694e 60cb 616c 8312 9394 8291 71ae 698e 7a71 8b35 8af2 9372 ad17 a3f7 8230 7a0f 8b51 9c54 9b53 610a 4027 4026 4067 50a7 60e9 68a8 5847 60a7 aaac d42d e4cf cbac 91e9 81c9 68c7 4026 3846 4067 4068 4048 4847 592a 82f1 9b50 8a8e 79ac 58c9 5088 4047 4066 696a 89ec 796a 79ab 9a4c 9a6d 924c 9a6c a28d 9a6c ab0e b370 aa8a a28a aaed bb0b c30b c30c baec bb6e cc72 cd75 cdb6 c554 8a49 58a6 4846 4867 4846 5047 5047 5887 6128 61cc 61eb 69eb 616a 6149 58a7 5866 5866 6086 5846 58a8 58e9 58a8 60a7 8a0b aaee ab0c aa6b 99ea 9988 9968 a9a8 b9e8 c22a c229 ca49 d26a ca6a ca6a d28a d2ab d2ab d2ab daab da8a daca daca daec daec daeb e2cb e2ec daec db0d db0c e32d e30c e34d e38e e38e e36e e36d e36e e3ae e38e e38e e36e e38e e36e e3ae e3ae e38e e3ae e3ef e3cf e38e e3ae e3ce e3ef e40f e3ef e3ef e40f e410 e3ef e3ef e40f e40f e3ef e3ce e3ae e3ae dbce e38d db8e db6d db2d d32d d30d daed dacc da8a da8a daaa dacb e2cb daeb daeb db0c db0b daeb daab d24a d26a d26b cacd d30e d370 d3d2 d454 dcb4 e534 e574 e594 e553 e512 e4b1 e470 dc50 dc0f dc10 dc10 dbce dbaf dbaf d36f db4d d32d d32e d30d d30c d32c d32d caeb c2ab a22a 7908 5888 5887 58a8 58a8 50a8 58e8 58c8 50c8 50a8 50c8 50c8 6908 60c8 68e8 68e8 68e8 8189 920a 91aa 7928 70e7 8188 81a9 7928 68a7 6066 6086 70e7 68a6 5867 5067 5027 5868 898a bbaf d4b2 d513 cc71 c3af bb2d c3cf bbef 9a6b 89eb 60e9 5067 5087 81a9 aaac c32c d3ac d3cd d3ed d3ee d3cd d3ad cbad cbee d42f d46f d44f d44f cc4f cc4f d44e d40e d42f cc2f cc2e cc4f cc2f cc0f cc2e cc0e cc0e cc0f cc0e cc0e cbef c40f cbee cc0e cc2e c40f c40f c40f c40f cc0f cc0e c40f c40f cc0e c3ee c3ee bbef bbef c3ee c3ef c40f c3ef bbee c3ee c3cf c3cd bbee bbce c3ce c3ef bbef bbcf bbae bbad bb8d bb8e bb6d bb6d bb8e cc0e d46f dccf e54f ed90 edaf f5cf f5d0 f5cf edd0 edef f5d0 f5d0 f5cf f5d0 f5d0 f5f1 f611 f612 f612 f632 f653 f653 f654 f634 f633 f653 f633 f653 f653 ee54 ee54 ee54 ee53 ee53 ee53 ee54 ee74 ee75 f675 ee74 ee75 ee75 ee54 ee54 ee74 ee74 ee53 ee74 ee54 ee53 ee54 ee54 ee54 ee55 ee55 ee55 
8948 8968 89a8 89a9 89a9 9168 9968 9168 9148 8927 9168 9168 9188 9168 8968 8948 8107 80e7 80e7 8128 8148 8968 8948 8948 9189 9189 a1c9 b22a bacb c2ed d36e d36d dbad dbee dc0e e44f e44e e44e ec6f ec8f e48e e48f ec90 ec8e ec8e ec8f ecaf ecaf eccf ecd0 f4cf f4f0 f50f f50f f4ef f4ce ec8e ec6f e40d e3cc e38b db8c d32b caaa c249 a9e9 9988 9148 8928 9128 9188 9189 99a9 99c9 a1e8 a1e8 a9e9 a9e9 a9e9 b20a ba2a baad bacd ba8c c28b baac aa4c 91ed 796b 5887 5889 58a9 60e9 79ad 822f 820e 79ee 716b 718b 692b 612a 58aa 4848 4889 696d 8b12 9b92 92d0 7a0d 610a 58ca 692b 71cd 822f 79ef 694c 716d 71ad 7a31 692c 616c 82d1 8b32 8250 79cf 71ef 82d2 93b6 8ab2 822e a434 acb8 92f3 8270 9374 9bb3 9bb4 7a0e 5088 4026 4046 50a7 6129 60a8 5848 60a8 9aad d3ae ecb0 dcad c3cf aaec 68c7 4006 3826 3826 3827 4026 50c8 7ad0 8af0 7969 6928 820c 718c 5088 5068 58e8 79ca 922b 9a6d 9a6d a26c aacd aaee b34f b3b0 bc72 c4d3 b38c a249 aaaa aa8a aa2a aa4b aa8b aaed c3f0 de16 e6d7 de56 a34b 5066 4847 4887 5087 5047 5067 5087 6087 60c8 6128 698a 69cb 60e8 60a7 60a6 6086 5866 6086 5846 5846 5847 5867 60c7 926c ab0e aaed a22a a20a 9968 a168 a9a8 ba09 c249 ca6a ca6a ca49 ca6a ca8a d26a d28a d2aa d2aa d2ab dacb daea daca daec dacb daab daeb daed db0d db0c db2d db2d db0c e32c e36e e36d e36e e36d e34d e38e db8d db8e db8e e38e e38e e3ae e3cf e38e e3ae e3ef e3ef e3cf e3cf e3cf e3ef e3ef e3cf e3ee e40f e40f e40f e410 e3ef e3ee e3ef e3ef e3ef e3ee dbae e3ce dbae db8e db8e db6d db6e db4e db2e d2ec d2cc daec daab daab dacb daeb db2c db4c db4e d30d d2ab d2ad d32e dbd0 dc71 e514 e595 e5d6 e5b6 edb4 ed94 e574 e533 e4d2 e490 e470 e450 dbef dbcf dbef dbaf db8e dbaf d38f d36e db4e d32d d32d d32d d2ec d2eb c2cb b28b 8169 58c8 50a7 58a8 58a8 50a7 58c9 58c8 5088 50c8 50a8 50c8 58e8 6909 60e8 68e8 7108 6908 8988 91e9 89ea 79a9 7968 8188 8127 7927 68e7 60a6 60a7 7107 6086 5887 5867 5027 5847 7949 b36f d491 d4f1 cc92 bbb0 bb0c bbaf b38e 922b 8a2c 6909 5888 5887 89c9 ab0d c36d cbcd d3ed cbce d3cd d3ac cbad cbcd cc2e d44e d46e d46f d44f cc2e d44f d44f cc2e d44f cc2e cc0e cc2f cc0e cc0f cc2f cc2e cc2f cc4f cc2f cc0f cbef c40f cc0f cc0f c40e c40f c40f c410 cbef c3ef c3ef cc2f c40f c3ee cc0e c3ee c3ef c3ef c40f c3ef c3ef c3ee c3ee bbee c3ce bbce bbcf c3cf bbce bbce bbae bbce bb8e bb8e b38d b38e b36d b36d bb8e cc0e dc6f e4ef ed6f edb0 f5d0 f5d0 f5cf f5d0 edd0 f5f0 f5cf f5d0 f5d1 f5d0 edf1 f612 f632 f632 f632 f633 f653 f653 f653 f653 ee53 ee34 ee33 ee54 ee54 ee53 ee33 ee53 ee54 ee53 ee54 ee54 ee74 ee74 f654 ee74 ee75 ee74 ee74 ee74 ee94 ee54 ee54 ee54 ee54 ee34 ee54 ee54 ee54 ee55 ee55 ee75 
8948 8968 89a8 89a9 89a9 9168 9968 9168 9148 8927 9168 9168 9188 9168 8968 8948 8107 80e7 80e7 8128 8148 8968 8948 8948 9189 9189 a1c9 b22a bacb c2ed d36e d36d dbad dbee dc0e e44f e44e e44e ec6f ec8f e48e e48f ec90 ec8e ec8e ec8f ecaf ecaf eccf ecd0 f4cf f4f0 f50f f50f f4ef f4ce ec8e ec6f e40d e3cc e38b db8c d32b caaa c249 a9e9 9988 9148 8928 9128 9188 9189 99a9 99c9 a1e8 a1e8 a9e9 a9e9 a9e9 b20a ba2a baad bacd ba8c c28b baac aa4c 91ed 796b 5887 5889 58a9 60e9 79ad 822f 820e 79ee 716b 718b 692b 612a 58aa 4848 4889 696d 8b12 9b92 92d0 7a0d 610a 58ca 692b 71cd 822f 79ef 694c 716d 71ad 7a31 692c 616c 82d1 8b32 8250 79cf 71ef 82d2 93b6 8ab2 822e a434 acb8 92f3 8270 9374 9bb3 9bb4 7a0e 5088 4026 4046 50a7 6129 60a8 5848 60a8 9aad d3ae ecb0 dcad c3cf aaec 68c7 4006 3826 3826 3827 4026 50c8 7ad0 8af0 7969 6928 820c 718c 5088 5068 58e8 79ca 922b 9a6d 9a6d a26c aacd aaee b34f b3b0 bc72 c4d3 b38c a249 aaaa aa8a aa2a aa4b aa8b aaed c3f0 de16 e6d7 de56 a34b 5066 4847 4887 5087 5047 5067 5087 6087 60c8 6128 698a 69cb 60e8 60a7 60a6 6086 5866 6086 5846 5846 5847 5867 60c7 926c ab0e aaed a22a a20a 9968 a168 a9a8 ba09 c249 ca6a ca6a ca49 ca6a ca8a d26a d28a d2aa d2aa d2ab dacb daea daca daec dacb daab daeb daed db0d db0c db2d db2d db0c e32c e36e e36d e36e e36d e34d e38e db8d db8e db8e e38e e38e e3ae e3cf e38e e3ae e3ef e3ef e3cf e3cf e3cf e3ef e3ef e3cf e3ee e40f e40f e40f e410 e3ef e3ee e3ef e3ef e3ef e3ee dbae e3ce dbae db8e db8e db6d db6e db4e db2e d2ec d2cc daec daab daab dacb daeb db2c db4c db4e d30d d2ab d2ad d32e dbd0 dc71 e514 e595 e5d6 e5b6 edb4 ed94 e574 e533 e4d2 e490 e470 e450 dbef dbcf dbef dbaf db8e dbaf d38f d36e db4e d32d d32d d32d d2ec d2eb c2cb b28b 8169 58c8 50a7 58a8 58a8 50a7 58c9 58c8 5088 50c8 50a8 50c8 58e8 6909 60e8 68e8 7108 6908 8988 91e9 89ea 79a9 7968 8188 8127 7927 68e7 60a6 60a7 7107 6086 5887 5867 5027 5847 7949 b36f d491 d4f1 cc92 bbb0 bb0c bbaf b38e 922b 8a2c 6909 5888 5887 89c9 ab0d c36d cbcd d3ed cbce d3cd d3ac cbad cbcd cc2e d44e d46e d46f d44f cc2e d44f d44f cc2e d44f cc2e cc0e cc2f cc0e cc0f cc2f cc2e cc2f cc4f cc2f cc0f cbef c40f cc0f cc0f c40e c40f c40f c410 cbef c3ef c3ef cc2f c40f c3ee cc0e c3ee c3ef c3ef c40f c3ef c3ef c3ee c3ee bbee c3ce bbce bbcf c3cf bbce bbce bbae bbce bb8e bb8e b38d b38e b36d b36d bb8e cc0e dc6f e4ef ed6f edb0 f5d0 f5d0 f5cf f5d0 edd0 f5f0 f5cf f5d0 f5d1 f5d0 edf1 f612 f632 f632 f632 f633 f653 f653 f653 f653 ee53 ee34 ee33 ee54 ee54 ee53 ee33 ee53 ee54 ee53 ee54 ee54 ee74 ee74 f654 ee74 ee75 ee74 ee74 ee74 ee94 ee54 ee54 ee54 ee54 ee34 ee54 ee54 ee54 ee55 ee55 ee75 
9168 9168 8988 8989 8968 8948 9148 8948 9128 8927 9168 9188 9188 8968 8948 8948 8908 8928 8128 8148 8148 8948 8948 8968 91a9 91a9 a1e9 b26b c2cb caec d34e db8d dbce dbee dc0e e44f e44f e44e ec8f e48f e46e e48f ec8f ec8e ec8e ec8f ecaf ecae eccf f4d0 eccf f4cf ecef f4ef f4cf eccf ecae ec4e ec0d e3ec e3ac db4b db0a ca8a c249 a9c8 99a8 9189 9148 9128 9168 9989 99a9 99a9 a1c9 a1c9 aa09 a9e9 a9ea b209 b22a ba6c ba8c ba6c c26b c2ad baef a290 792c 5088 5088 5047 5888 71ac 820e 79cd 71ac 716b 714c 690b 60cb 5869 5089 71ee 9374 9bb2 8a8e 696b 60e9 50a9 58a9 610b 696c 7a0e 79ef 690c 612b 7230 8af4 71ce 7230 8b53 8af2 8271 7a10 7a70 8b53 8b54 8251 718d 8ad0 a497 a395 8a90 93b4 9c14 9bf3 8af1 5909 4867 4867 5087 60c8 68a8 5868 60a8 89eb c34d d42f d44b d48c bb4b 7108 4867 3867 4047 4047 48a7 6a0d 82ae 6949 5087 68e8 7128 796a 796b 798a 8a2c 9a2b 922b a24c a28d aaae b32f bc12 ccb2 d553 d573 c40d a229 a22a aa8a a20a a22b aaac b30d bbd0 d595 eeb6 e675 b3ac 60e7 4868 4887 5088 5088 5087 50a7 5887 60a7 60a7 60c8 60c7 6948 6129 60c8 60c7 60c8 60c7 60c7 58a8 5867 5067 5867 60c7 926b ab0d ab0e 9a0a a22a 9968 a188 a9a8 b1e9 c229 c249 ca6a ca6a ca8b d28a ca8a d2ab d28a daaa d2ab daab d2ab daca dacc dacc dacb daab daec daec dacb db0d e32c e30c e32c e34d e32c e36d e38e e36e e36d db6d db6e e36e e36e e38e e38e e38e e38e e3ae e3d0 e3cf e3ce e3ef e3ef e3ce e3ef e3cf e3ef e40f e40f e3ee e410 e40f e3ee e3ef e3ef e40f e40f e3ef e3cf dbae db8e e3ae e36e e36e db6d db6e db2e db0c db2e daed db0d db2d db4e e38e e3ce dc51 dc31 dbaf db8f dbaf e410 e4b2 ed94 edd5 edf5 edb5 edb4 edb4 e594 e532 e4f2 e4b1 e471 e450 dbef dbcf dbcf dbcf dbaf db8e d36e d36e d34d d32d cb2d cb0d cb0d caeb bacc 99c9 68c7 58c8 50c8 58c8 50a7 5887 58c8 58c9 58a8 50c8 50a8 50c8 58c8 6909 6109 6908 7108 7148 920a 920a 8148 7948 7989 89a9 8128 7908 70c7 68c7 6907 7968 6087 5887 6087 5048 5847 7108 ab0d c430 d4d1 d4d2 c3d0 b2ec bbd0 b36e 91ea 922b 7949 6088 70e8 9a2a c32c cbad cbcd d3ee cbcd d3cd d3ed d3ce cbcd cc2e d44f d46f d44e d42f cc2e d42f cc2f cc2f cc4f cc4f cc2f cc2e cc0e cc0f cc2f cc0e cc0f cc2e cc0f c40f c40f c40f cc0e cc0e cc0f c3ef c40f c40f c40f c42f c40f c42f c40f c3ef c3ef cbee c3ee c40e cc0e c3ee c3ee c3ee c3ef c3ef c3ef c3ee bbce c3ce bbce bbce c3ae bbae b38e b38e bbad b38e b38d bb8e c3ae d42d dcaf e52f ed8f edb0 f5cf f5d0 f5d0 f5af f5cf f5f1 f5cf f5cf f5f0 f5f1 f611 f611 f632 f632 f633 f653 f653 f653 f653 f653 ee33 ee33 ee54 ee54 ee53 ee33 ee53 ee53 ee53 ee53 ee54 ee54 ee74 ee53 ee74 ee54 ee74 ee54 ee54 ee74 ee94 ee74 ee54 ee54 ee54 ee54 ee54 ee55 ee55 ee76 ee55 ee75 
9168 9168 8988 89a9 8968 8948 8968 8968 91a9 8989 9168 9188 9189 9188 8968 8948 8128 8148 8149 8128 8128 8127 8948 8989 91a9 99ea a20b b26b c2cc cb0d d34d dbce e3ee dbee e40e e42f e44f e46f ec6f ec8f e48e e48e ec8e ecaf ec8e eccf ecce ecaf ecaf f4cf ecef ecef f4d0 f4ef f4cf eccf f48e ec4e ec2d e3ec e3ac e34c db2b d2aa c26a a9c9 99c9 9148 9148 9168 9168 91a9 99a8 a1c9 a1e9 a1a9 a9c9 a9c9 b1e9 b20a b20a b20a ba2c ba6c c2ce cb91 cbd1 bb31 89ad 6088 5048 5068 58a9 71ab 79ee 79cd 712a 692b 714c 692c 68ec 58a9 71ef 93d5 9bf3 8acf 71ab 58c9 50a9 4889 50a9 612b 718d 71ad 71ae 692d 612b 71ef 82d2 7a2f 82f2 8b54 8291 82b1 8ab2 8af2 8b54 82b1 71cf 694d 7a0e a476 a437 92d1 9373 a455 9bf3 9bb3 7a2f 58e9 5088 5067 58c7 7109 6068 60c8 798b aaab c38f bb0c ba89 aa08 7928 60e8 4067 4888 50e8 618b 71cc 6108 4888 50c9 714a 798a 8a8d 9aae 9a6d a2ad a2ce a2af a2ae ab10 b3d2 c432 d513 d554 d594 c40d a209 a22b a28b 9a2a a26d b2ee b30e bbd0 d514 e676 e696 b40d 6108 50a8 50a8 50a9 50c8 58e8 58e8 58c9 58a8 60c8 60e8 6109 6108 6929 6908 60e8 60c8 60e8 60c8 60c7 58a8 58a8 58a8 58a8 68e8 8a2b ab0d ab2e 9a2a a22b 9989 a168 a9c9 b209 ba29 c24a c24a ca6a caab d2aa d28b d2ab daab d2aa d2ab daab da8a da8a dacb daeb db0c dacb dacb db0c daed db0c db4d e30d e32d e32d e34d e36d e36d e36d e36d db6d e36e e36e e34d e36e e38e e36e e38e e3ce e3cf e3cf e3cf e3cf e3ef e3ef e410 e40f e40f e410 e410 e3ef e3ef e40f e40f e410 e3ef e3ef e3ef e40f e3ce e3ae e3cf e3ae dbae e3ae db6e db8e e34e db4c db4e db2d db4d db4e db8e e3ef e470 e512 e533 e471 dbf0 e3ae e430 ecd1 ed73 edd5 edd5 edb4 e5b4 ed94 e595 e553 e512 e4b1 e450 dc10 dc0f dbcf dbaf dbaf db8e d36e d36e d34e d30d cb0d cb0d cb0e c30d c30c b28c 7949 58c8 50e9 58c9 58c8 58c8 5087 58a8 58a8 5088 50c8 50c8 50e9 58a8 6908 7149 7108 68e8 7148 922a 922b 8148 7108 79a9 8a0a 8168 70e7 70c7 68a6 7127 7968 6087 5887 6087 5847 5027 68c8 9aac bbf0 d4b0 d4f2 c3f0 aacb bbaf ab6f 91ea 920b 8169 70e8 8169 a24a bb4c cbce d3cd d3cd d3cc d3cc d3cd d3ad cbed d44e d46f d44e d42e d42e cc2f cc2e cc2e cc2f cc2e cc4f cc4e cc2f cc0f cc2e cc0f cc2f cc2f cc2f cc0f cbee cc0e cc0e cc0f cbef cbee c3ee c40e c3ef c3ef c40f cc2f c40f c3ee c40f c3ee c3cf c3ee cbee cbee c3ef c40e c40e c3ef bbce c3ee c3ef bbee bbee bbcf bbce bbcf bbaf b38e b38d b3ae b36d b38d bb8d c3ee d44f dccf e530 ed6f ed8f f5cf f5d0 f5cf f5d0 f5cf edcf f5cf f5d0 f5d0 f5f0 f611 f631 f632 f632 f653 f653 f674 f653 f653 f653 ee53 ee54 ee53 f633 f633 ee33 ee53 ee54 ee53 ee54 f653 f654 ee53 ee73 ee74 f674 ee74 ee54 ee74 ee74 ee54 ee74 ee54 ee54 ee54 ee74 ee75 ee75 ee75 ee75 ee56 ee76 
89a8 89a9 9189 89a9 8989 8969 8968 8989 91a9 9189 9189 9168 9169 8928 8948 8947 8928 8147 8127 80e7 78e7 8107 8128 8968 91a9 9a0b a22a ba4a c2cc cb0d d36d dbce dbcd dc0f e40e e42f e44f e44e ec8f ec8f ec8e ec8f ec8e ec8e ecaf ecaf eccf ecd0 ecd0 f4ef f4f0 ecef f4f0 f4f0 f4ef f4ce ecaf ec6e ec2d e3ec e3ad db4c d34c caeb c24a aa09 99a9 9168 8948 8969 9168 91a9 99a9 99c9 99e9 a1c9 a9e9 a9e9 a9ea aa4b b22b b22b ba6d c2ef d350 dbf2 d3f1 bb0e 89ac 690b 58aa 50a9 60ca 698c 822f 79ef 796c 694c 71ae 718e 79af 7a30 93d4 9bf4 828f 698b 612a 58ea 50ea 50ca 50ea 614b 698c 71ad 71cd 69ae 616c 69ad 71ed 7a50 7ad1 8af2 8290 8270 8af2 8ad2 9374 8313 7a31 694d 69cd 9c35 a498 8ab1 8290 9bf4 a435 9b93 9312 79cd 610b 58c9 5909 6909 712a 692a 718b 9a8c ab0d b2ec aa4b 8128 60c8 7109 58c9 614a 69ab 696a 50c7 4087 4068 5089 58e9 81eb a34e b390 ab30 aaee ab2f b3b1 bbf2 c452 c4d3 ccd3 d553 ddb5 c490 9a09 91ea a26b 9a2a 9a2b b2cc bbb1 c3f1 cd54 de56 de76 bc6e 6968 50c9 50c8 58c9 58c9 5909 5929 5929 58e9 58c8 60a7 60c8 60e8 60c7 6928 6908 68e7 68c8 60c7 6087 6087 6088 5867 5888 5888 60c8 8a0b a2cd a2cd 9a2a a26c a1a9 a188 b1e9 b1e9 ba29 c24a ca4a ca6a ca8b d2aa d2aa d2cc d2cc d28a d2cb dacb d2cb daaa dacb dacb daec daec daec e32d e34d e32c e32d e32d e34d db4d e34d e34d e34c e34d e36e e36e e36e db8e e34e e36e e38e e3af e3ce e3cf e3cf e3ae e3cf e3cf e3cf e3ef e3ef e3ef e40f e430 e3ef e40f e40f e3ef e3ef e410 e3ef e3cf dbce e3ef e3ce e3cf dbcf dbae db8e dbce dbae db8e db8e db8d db6d db6d e38e e3cf e40f ec70 ed32 ed93 edb5 e533 e471 e410 e450 ecf2 ed53 edf5 edf6 e595 e5b4 e594 e595 e553 e4f2 e491 e450 dc30 dbf0 dbaf db8f db8f db8e d38f d38e d32d d30d d30d d30d c30d cb0c baac 9189 60e8 50c9 58c9 58e9 50e9 58c8 50c8 58c9 58a8 50c8 58a8 50c8 58e9 58e9 6969 796a 6909 60c8 7928 9a29 920a 8168 7128 7968 89ea 8128 70e8 7108 68e8 7128 7108 60c8 60e8 5867 5047 4827 60a8 922b b3d0 cc91 d533 c410 b30c bbaf b38f 89c9 91eb 89ca 7929 922b aaab c36d cbce d3cd d3cd d3cc d3ad d3cd cbcc cbee d44e d46f d44e d44f cc4f cc6f cc2e cc4f cc4f cc2f cc2f cc4f cc2f cc0e cc0e cc0f cc2f cc0f cc0f cc4f cc0e c3ee c40e c3ee cc0f cc0e cc0f c40f c40f c40f cc2f c3ef c3ce c3ee c40f cc0e c3cf c3ef c40e cbee c3ef c40f c40e c3ef bbce bbce bbce bbce bbae c3ce c3ad bbce bbcf b38d b36e b38e bb6d bb6d bb8d cc2f d48f e4ce e52f ed90 edaf f5cf f5ef f5cf f5d0 f5af f5d0 edef f5d0 f5f1 f5f1 ee12 ee32 f652 f652 f653 f653 f673 f653 f653 f653 f653 ee53 f632 ee33 ee32 f653 ee53 ee53 ee53 ee54 f653 f653 ee54 ee74 f654 ee74 ee74 ee74 ee75 ee74 ee55 ee54 ee75 ee75 ee54 ee55 ee75 ee75 ee75 ee75 ee75 ee76 
89a8 89a9 9189 89a9 8989 8969 8968 8989 91a9 9189 9189 9168 9169 8928 8948 8947 8928 8147 8127 80e7 78e7 8107 8128 8968 91a9 9a0b a22a ba4a c2cc cb0d d36d dbce dbcd dc0f e40e e42f e44f e44e ec8f ec8f ec8e ec8f ec8e ec8e ecaf ecaf eccf ecd0 ecd0 f4ef f4f0 ecef f4f0 f4f0 f4ef f4ce ecaf ec6e ec2d e3ec e3ad db4c d34c caeb c24a aa09 99a9 9168 8948 8969 9168 91a9 99a9 99c9 99e9 a1c9 a9e9 a9e9 a9ea aa4b b22b b22b ba6d c2ef d350 dbf2 d3f1 bb0e 89ac 690b 58aa 50a9 60ca 698c 822f 79ef 796c 694c 71ae 718e 79af 7a30 93d4 9bf4 828f 698b 612a 58ea 50ea 50ca 50ea 614b 698c 71ad 71cd 69ae 616c 69ad 71ed 7a50 7ad1 8af2 8290 8270 8af2 8ad2 9374 8313 7a31 694d 69cd 9c35 a498 8ab1 8290 9bf4 a435 9b93 9312 79cd 610b 58c9 5909 6909 712a 692a 718b 9a8c ab0d b2ec aa4b 8128 60c8 7109 58c9 614a 69ab 696a 50c7 4087 4068 5089 58e9 81eb a34e b390 ab30 aaee ab2f b3b1 bbf2 c452 c4d3 ccd3 d553 ddb5 c490 9a09 91ea a26b 9a2a 9a2b b2cc bbb1 c3f1 cd54 de56 de76 bc6e 6968 50c9 50c8 58c9 58c9 5909 5929 5929 58e9 58c8 60a7 60c8 60e8 60c7 6928 6908 68e7 68c8 60c7 6087 6087 6088 5867 5888 5888 60c8 8a0b a2cd a2cd 9a2a a26c a1a9 a188 b1e9 b1e9 ba29 c24a ca4a ca6a ca8b d2aa d2aa d2cc d2cc d28a d2cb dacb d2cb daaa dacb dacb daec daec daec e32d e34d e32c e32d e32d e34d db4d e34d e34d e34c e34d e36e e36e e36e db8e e34e e36e e38e e3af e3ce e3cf e3cf e3ae e3cf e3cf e3cf e3ef e3ef e3ef e40f e430 e3ef e40f e40f e3ef e3ef e410 e3ef e3cf dbce e3ef e3ce e3cf dbcf dbae db8e dbce dbae db8e db8e db8d db6d db6d e38e e3cf e40f ec70 ed32 ed93 edb5 e533 e471 e410 e450 ecf2 ed53 edf5 edf6 e595 e5b4 e594 e595 e553 e4f2 e491 e450 dc30 dbf0 dbaf db8f db8f db8e d38f d38e d32d d30d d30d d30d c30d cb0c baac 9189 60e8 50c9 58c9 58e9 50e9 58c8 50c8 58c9 58a8 50c8 58a8 50c8 58e9 58e9 6969 796a 6909 60c8 7928 9a29 920a 8168 7128 7968 89ea 8128 70e8 7108 68e8 7128 7108 60c8 60e8 5867 5047 4827 60a8 922b b3d0 cc91 d533 c410 b30c bbaf b38f 89c9 91eb 89ca 7929 922b aaab c36d cbce d3cd d3cd d3cc d3ad d3cd cbcc cbee d44e d46f d44e d44f cc4f cc6f cc2e cc4f cc4f cc2f cc2f cc4f cc2f cc0e cc0e cc0f cc2f cc0f cc0f cc4f cc0e c3ee c40e c3ee cc0f cc0e cc0f c40f c40f c40f cc2f c3ef c3ce c3ee c40f cc0e c3cf c3ef c40e cbee c3ef c40f c40e c3ef bbce bbce bbce bbce bbae c3ce c3ad bbce bbcf b38d b36e b38e bb6d bb6d bb8d cc2f d48f e4ce e52f ed90 edaf f5cf f5ef f5cf f5d0 f5af f5d0 edef f5d0 f5f1 f5f1 ee12 ee32 f652 f652 f653 f653 f673 f653 f653 f653 f653 ee53 f632 ee33 ee32 f653 ee53 ee53 ee53 ee54 f653 f653 ee54 ee74 f654 ee74 ee74 ee74 ee75 ee74 ee55 ee54 ee75 ee75 ee54 ee55 ee75 ee75 ee75 ee75 ee75 ee76 
8988 8988 8988 8968 8927 8127 8928 8968 8968 8968 9168 8968 8968 8948 8948 8947 8128 8127 8107 78c7 78c7 78e7 8127 8948 91c9 9a2b aa2a b28b c2ec cb2e cb4e d3ae dbce dbef dc2f e42e e44f ec4e ec6f ec4e ec8e ec8e ecaf ecaf ec8e ecae eccf f4af eccf f4ef f4ef f510 f510 f4f0 f4ee f4ce ec8e ec6e ec0d e3ed e3cb db8c d32b cacb ba49 aa2a 9988 9168 9148 8948 8948 91a9 99ca 99a9 a1c9 a1ea a209 aa0a aa0a b22a b22b ba6d c310 cbb1 d3f2 cbb1 bacd a22d 89cd 690a 5888 60ea 610a 696c 8230 79ad 690b 694d 79f0 8a91 92f2 9b93 9bb3 8a8e 696a 590a 610a 50a9 50a9 50ca 50ca 590a 694b 694b 716c 698c 614c 614c 696c 71ef 7a70 8271 79ee 71ad 8270 8af2 8af1 8b33 8af4 718f 698c 8b51 a497 92f3 7a0e 9353 a435 9b72 9352 8a70 79ad 694b 696c 796b 89ed 818c 716a 8a0c 920c 9a0b 9a4c 816a 714b 712a 6909 716a 716a 58a8 4867 4068 50a9 58c9 698b 92d0 b3d2 bb90 bb91 bbb1 bbf2 c451 cc93 d4d3 d4d2 d573 d574 cd12 a269 8989 9a4a 99c9 918a 99cb b26b c3ee d513 de55 de35 ac0d 6967 5088 5088 58a8 5888 50a8 58e9 60e9 6109 5908 6109 60e9 6129 6109 6129 6929 7169 7129 6929 6909 60c8 60c8 60c8 5888 58e8 58c9 60e9 8a0b 9acd a2cd 9a6c a28c a20a a1c9 b1e9 ba2a ba4a c24a c26a ca8b caab d2cc d2ab d2ab d2cc d2ab d2cb daeb d2ec daeb daeb daec dacb daec daed db0d e32d e34d e32d e34d e36d e32d e34c e32c e32d e32d db4d db6d db4e db4e e36e e36e e3ae e38e e3cf e3ce e3ce e3cf e3cf e3cf e3cf e3cf e3cf e3cf e3ce e3ef e410 e410 e3ef e40f e3ef e3ef e3cf dbce dbce e3cf dbef dbcf dbae dbcf dbae e3ad dbae dbae db8e db6d db6d db8e e3ae e40f e430 ecd1 ed74 edd5 edf5 e594 e4d3 e451 e491 e512 ed74 edf5 edd5 e5b5 e594 edb4 e5b5 e594 e4f2 e491 dc50 dc10 dbd0 db8f db6e db8f db8e dbaf db6f d32e d32d d34d d34e cb2c c2ec a20a 68e8 50a8 50c8 58a8 58c8 50e9 50c8 58c8 58e9 50c8 58c8 50c8 50c8 58e8 6108 79aa 7969 68e9 68e7 81a9 9a09 91c9 7928 7108 7948 8988 8128 70e8 70e7 7107 7928 68e7 60c7 68e8 5887 5867 5068 60a8 81a9 b36e cc70 d512 cc31 b38e c3ae b3b0 8a2a 8a0b 922b 8989 a28b bb0c c3ad cbcd d40e d3cc d3ac d3ac d3ee c3ee cbee d42f d44f d46f d42f cc2e cc4f cc50 cc2f cc2f cc2f cc4f cc2e c40e cc0f cc0f c42f c3ef cc0f cc2f cc0e cc0f c40e c40e c40f cc0f cc0f c3ef cc0f cc0f c3ee c40f c3ef c3cf c3ef c3ee cc0f c3ef c3ee c40f c3ef c40f c3ef c3ef c40f c3ee c3ee c3ee bbce bbad c3cd c3ae bbce bbce bbae b36e b36d b36d b36e c3ae cc0e d48e e50e e54f ed90 f5cf f5cf f5ef f5cf f5cf f5cf f5d0 f5f0 f5f0 f611 f612 f632 ee52 f652 f674 f653 f653 f673 f653 f653 ee33 ee32 ee53 f632 f633 f632 f633 ee53 ee53 ee53 f653 ee54 ee54 ee53 f653 ee53 ee54 ee74 ee54 ee75 ee74 ee74 ee54 ee74 ee95 ee75 ee54 ee76 ee96 ee75 ee76 ee75 ee75 
8948 8948 8968 8968 8927 8928 8948 8968 8948 8948 8928 9148 8968 8948 8948 8948 8127 8107 7907 78e6 78e7 80e7 8127 8948 91a9 99ca aa2b baac c30d cb4d d36e d3af dbce dc0e e42f e44f e44f ec4f ec8f ec8f ec8f ec8e ecae ecaf ecaf ec8f ecae ecae f4cf ecd0 ecef f4f0 f50f f4ef f4cf ecaf ec8e ec6e ec2d e3ed e3ab db6c d30b caca c249 a9e9 99a9 9168 9168 8968 9168 9189 91a8 9988 a1a8 a1c9 a9c9 a9ea a9c9 b1ca b22b c30f d3b1 d3f2 c370 b2ae a28e 9a2e 89ac 694b 610a 690a 690a 718d 79ee 692c 714d 8271 9333 9bb4 9b31 8acf 820d 60e9 5909 610a 58a8 50a8 58e9 50aa 50a9 58e9 696c 716b 692b 71ad 69ac 694c 612b 71ce 7a2f 71ae 716d 694b 7a2e 8b13 7a6f 82d1 82f1 79f0 71af 69cc 9372 9b74 8250 82d0 a456 9bd4 9b31 92f1 81ee 694b 694b 81ed 8a2e 920e 89cd 8a0d 8a0d 8a0c 8a0c 798a 6908 58a7 58a7 6128 7149 5888 4067 4068 58ca 798b 9b70 b516 c4f4 bbb0 c3b0 cc72 ccb2 cc92 ccf3 d4d3 d534 d5b4 cd33 ab6c 91a8 99ea a24a 99c9 99ca 9a0b a24b c3ce ddf5 de14 abab 6106 5066 5087 5067 5887 58a8 5867 58a8 58a7 60a7 60c7 60c7 6087 60a7 60c7 68e7 68e7 7148 7108 6928 6928 60c8 60a7 60a7 5887 58a7 5888 5867 7989 a2cd a2cd a2ad a24b aa0b a188 a9e9 b229 ba29 c26a c26a ca4a ca8a d2cc d2ab d2aa d2eb d2aa d2ab daca dacb daab daaa dacb daeb daec db0c daeb db0c db2d db2d db2c e36d e34d e34d db6d e34d e32d db2c db2d db4d e34d e32d e34d e36d e34d e38e e3ad e3ae e3ce e3ae e3cf e3ce e3cf e3cf e3af e3ae e3ce e3ef e3cf e3cf e3ef e40f e3ef e3cf dbcf dbae dbae dbcf dbce dbae dbae db8e db8e dbae dbae db8d db8d dbae e3ce e3ce e40f e470 ed12 edd5 ee16 edf6 edb5 e534 e4b1 e491 ecf2 ed94 edf6 edf5 edd5 edb4 edd5 edd5 ed93 e4d1 e490 e450 dbef dbcf dbaf d38e db6e dbaf db8e db4e db2e d32d d34d d34d caec b28b 7928 58c8 50a7 58e9 58c8 50c8 58c8 50a8 50a8 50c8 5088 50a8 50c8 50a8 58c8 6908 7989 7149 68e8 68e7 89c9 9209 91a9 8148 7107 8168 8989 7948 78c7 70c7 7907 7927 70a7 6087 6086 5866 5047 5047 6088 7929 aaed c430 d4f2 cc93 bbae bbae b3b0 8a0a 89ea 9aad 9a0a a28b c30b cbac d3cd d3ec d3ad d38b d38b d3ed cbee d40e d46f d44e d44f d42e cc2f cc2e cc2f cc2f cc2e cc2e cc30 cc2e cc0f c40e cc2f cc2f cbee c40f cc0f cc0e c3ef c40e cc0f c3ef c40e c3ef c40f c3ee c3ef c3ce c3ce c3cf c40f c3ce c3ee c40f c3ef c3ef c3ef bbef c3ee c3ef c3ef c40f c40e bbce bc0f bbce c3ae bbce c3cf bbce c3ce bbae b38d b36d b36e bb8d c3ae d42e dcae e50f ed4f edaf edcf f5cf f5ef f5cf f5d0 f5cf f5d0 f5f0 f611 f631 f612 f632 f653 f652 f653 f673 f654 f653 f653 f653 f653 ee53 ee53 ee33 f633 f632 ee52 ee53 ee53 f654 f674 ee74 ee53 ee53 ee54 ee74 ee54 ee74 ee54 ee75 ee75 ee75 ee75 ee95 ee74 ee55 ee75 ee75 ee96 ee75 ee76 ee75 ee75 
8948 8968 8988 8148 8947 8928 9148 8948 8928 8127 8927 8968 9168 8927 8948 8948 8107 8107 78e7 78c7 78c7 8107 8128 8968 91c9 9a0b a26b baab c30d cb2d d36e dbae dbce dbee dc0f e44f e44e e46f ec8f ec8f ecaf ec8f ec8d ec6e ec8f ec8f ecaf ecaf ecce f4d0 f4ef f530 f510 f4ef f4ce ecaf ecae ec6d e42d e40d e3ab db6b d30b caaa c249 aa09 99a9 9168 8927 9127 9168 9148 9168 99a9 a189 a9c9 a9ea a9ea b1ea b24c c2ef cbd2 cbb2 c30f aa6d aaae ab10 9a6f 818c 690a 694b 692b 690a 798e 798d 79ad 92b1 9bb3 a3f4 9311 696a 60e9 60e8 58e9 618b 616b 58c8 50c9 592a 58c9 58aa 58e9 718d 716c 612a 71ce 71ae 692b 612b 698d 71ef 698d 718d 716d 7a4f 8af1 8ad2 82b1 720e 71ad 71d0 698d 7a6e 93b4 9314 828f 9c15 ac76 9b51 9b32 8a4f 690a 60ea 79cb 92ae a2f0 926e 81cc 796a 7149 816a 7949 5866 4826 4046 50a7 6929 60c8 60c8 6909 796b 926d bc31 d4f2 d491 c3f1 c3d0 cc72 d4b3 d513 d555 d5b6 d5f4 d5b5 c44e 99e8 9a29 a229 99ca 99c9 99ea a24b b36e cd53 d5f4 abcb 58e7 4867 4846 5046 5887 58c8 60a8 58a7 5887 5887 58a7 60c7 68a7 6086 6086 60c7 68c7 68e7 7988 7147 6908 7107 60e8 60c7 60c7 60a7 5887 5867 60a7 7989 a2ee 9a6c a28c a24b aa4b a188 a9c8 b1e8 c209 ca4a c26a ca6a ca8a d2ab d28a d28a d2cb d2cb d2ab dacb daec daeb daeb daeb dacb dacb db0c e30c db2c db0d e32d e30c e34d e34e e34d e34d e34d e32d e32d e34d db4d e34d e32d e34d db6e db4d e36d e38d e3ae e3ae e3ae e3ae e3ae e3ae e3af e3ce e3ae e3ae e3cf e3ae e3af e3cf e40f e3ef dbcf dbce dbae dbae db8e db8e dbce dbef dbcf dbaf db8e dbae dbce dbce dbf0 e3ce e40f e450 e491 ed53 ee16 ee36 ee16 edd6 ed53 e4f3 e4b1 ecf2 edb5 ee16 ee16 edf5 edd5 edb4 edb4 e553 e4d1 e470 e430 dc0f d3cf d38e d38e d36e dbae d34e d34d d32d d30d d32d cb2d bacc 91c9 60a8 50a8 50a8 58c8 58a8 58e9 58c9 58a8 58c8 58c8 58c8 50a8 50c8 50c8 5909 6928 7148 7149 6908 7108 91c9 91a9 91ca 8148 70e7 7948 89c9 8169 70a7 7907 7928 7907 68a6 6086 6066 5046 5046 5027 6047 7108 a2cd c40f d4d1 cc93 b36e bb8d b3b0 922b 8189 a28c a28b aacb c34c d3ad d3cc d3ec d3cd d3ab d38b d3ed cbed d42e d46f d46e d44f cc2e cc2e cc2f cc2f cc4f cc2f cc2f cc2f cc2f cc0e cc0f cc2f c42f c40f cc0f c40f c40f c3ef c3ef c40f cc0e c3ef c40f c40e c40f c40f c40f c3ef c3ae c3ef c3ee c3ef bbef c3ee c3ee c3ce c3ee c40e c3ef c3ee c3ee c3ef bbcd bbef bbce bbce bbce bbce bbed bbad bb8d bb8e bb6d b36e bb6c c3ce d44f dccf e52f ed6f edaf f5cf f5d0 f5ef f5ef f5d0 f5d0 f5f1 f5f1 f612 f632 f633 f653 ee53 f653 f673 f673 f673 f653 f652 f653 f632 f652 f653 f653 ee53 f653 ee53 ee53 ee53 f653 f673 f653 ee53 ee53 ee53 ee74 ee75 ee75 ee75 ee75 ee75 ee75 ee54 ee55 ee74 ee75 ee75 ee75 ee75 ee76 ee75 ee76 ee76 
8948 8968 8988 8148 8947 8928 9148 8948 8928 8127 8927 8968 9168 8927 8948 8948 8107 8107 78e7 78c7 78c7 8107 8128 8968 91c9 9a0b a26b baab c30d cb2d d36e dbae dbce dbee dc0f e44f e44e e46f ec8f ec8f ecaf ec8f ec8d ec6e ec8f ec8f ecaf ecaf ecce f4d0 f4ef f530 f510 f4ef f4ce ecaf ecae ec6d e42d e40d e3ab db6b d30b caaa c249 aa09 99a9 9168 8927 9127 9168 9148 9168 99a9 a189 a9c9 a9ea a9ea b1ea b24c c2ef cbd2 cbb2 c30f aa6d aaae ab10 9a6f 818c 690a 694b 692b 690a 798e 798d 79ad 92b1 9bb3 a3f4 9311 696a 60e9 60e8 58e9 618b 616b 58c8 50c9 592a 58c9 58aa 58e9 718d 716c 612a 71ce 71ae 692b 612b 698d 71ef 698d 718d 716d 7a4f 8af1 8ad2 82b1 720e 71ad 71d0 698d 7a6e 93b4 9314 828f 9c15 ac76 9b51 9b32 8a4f 690a 60ea 79cb 92ae a2f0 926e 81cc 796a 7149 816a 7949 5866 4826 4046 50a7 6929 60c8 60c8 6909 796b 926d bc31 d4f2 d491 c3f1 c3d0 cc72 d4b3 d513 d555 d5b6 d5f4 d5b5 c44e 99e8 9a29 a229 99ca 99c9 99ea a24b b36e cd53 d5f4 abcb 58e7 4867 4846 5046 5887 58c8 60a8 58a7 5887 5887 58a7 60c7 68a7 6086 6086 60c7 68c7 68e7 7988 7147 6908 7107 60e8 60c7 60c7 60a7 5887 5867 60a7 7989 a2ee 9a6c a28c a24b aa4b a188 a9c8 b1e8 c209 ca4a c26a ca6a ca8a d2ab d28a d28a d2cb d2cb d2ab dacb daec daeb daeb daeb dacb dacb db0c e30c db2c db0d e32d e30c e34d e34e e34d e34d e34d e32d e32d e34d db4d e34d e32d e34d db6e db4d e36d e38d e3ae e3ae e3ae e3ae e3ae e3ae e3af e3ce e3ae e3ae e3cf e3ae e3af e3cf e40f e3ef dbcf dbce dbae dbae db8e db8e dbce dbef dbcf dbaf db8e dbae dbce dbce dbf0 e3ce e40f e450 e491 ed53 ee16 ee36 ee16 edd6 ed53 e4f3 e4b1 ecf2 edb5 ee16 ee16 edf5 edd5 edb4 edb4 e553 e4d1 e470 e430 dc0f d3cf d38e d38e d36e dbae d34e d34d d32d d30d d32d cb2d bacc 91c9 60a8 50a8 50a8 58c8 58a8 58e9 58c9 58a8 58c8 58c8 58c8 50a8 50c8 50c8 5909 6928 7148 7149 6908 7108 91c9 91a9 91ca 8148 70e7 7948 89c9 8169 70a7 7907 7928 7907 68a6 6086 6066 5046 5046 5027 6047 7108 a2cd c40f d4d1 cc93 b36e bb8d b3b0 922b 8189 a28c a28b aacb c34c d3ad d3cc d3ec d3cd d3ab d38b d3ed cbed d42e d46f d46e d44f cc2e cc2e cc2f cc2f cc4f cc2f cc2f cc2f cc2f cc0e cc0f cc2f c42f c40f cc0f c40f c40f c3ef c3ef c40f cc0e c3ef c40f c40e c40f c40f c40f c3ef c3ae c3ef c3ee c3ef bbef c3ee c3ee c3ce c3ee c40e c3ef c3ee c3ee c3ef bbcd bbef bbce bbce bbce bbce bbed bbad bb8d bb8e bb6d b36e bb6c c3ce d44f dccf e52f ed6f edaf f5cf f5d0 f5ef f5ef f5d0 f5d0 f5f1 f5f1 f612 f632 f633 f653 ee53 f653 f673 f673 f673 f653 f652 f653 f632 f652 f653 f653 ee53 f653 ee53 ee53 ee53 f653 f673 f653 ee53 ee53 ee53 ee74 ee75 ee75 ee75 ee75 ee75 ee75 ee54 ee55 ee74 ee75 ee75 ee75 ee75 ee76 ee75 ee76 ee76 
8948 8948 8968 8148 8927 8928 8948 8948 8148 8147 8127 8948 8947 8948 8127 80e7 80e7 80e7 8107 80e7 78e7 80e8 8908 8968 91c9 99ea a22b b28b c2ec cb2e cb6e d38e dbef dbee e40e e44e e46e e46e ec6e ec6e ecae ec8f ec8e ec8f ec8e ec8f ecaf ecd0 eccf eccf ecf0 f50f f50f f50f f4ef f4cf ecaf ec6e e42d e40d e3ab db4b d34c caca c249 aa09 99c9 9147 8907 8948 8947 9148 9988 99c9 9989 a1a9 a1a9 a9ea b22c c30f cbf2 cbd2 bace aa4c b26c baee b2ee 9a2e 792b 68a9 70eb 710b 690a 79ae 81ae 8a50 9b32 a3d2 9b72 79cc 5067 5068 5069 58c8 6a0d 6a6d 58e9 610a 694b 58ea 58c9 590a 696d 694c 5909 698b 7a0f 712c 610a 694b 71ce 79ce 694c 718e 79ed 7a0c 8b53 8ad2 610b 612b 69ae 7a11 7a91 93b4 a3d5 92f1 9352 a456 9b51 9b72 9b13 714c 58a8 798a ab91 b3d1 9a6b 7949 6109 58a7 60a7 68e7 68e8 5887 4846 5046 68c7 7929 89cb 91eb 9a4c aaee b36f bbaf c3cf c411 c411 cc93 d4f3 d532 ddb5 ddf5 ddd4 ccaf a249 99c8 aa6a a209 99c9 99ea 9a2a ab0d ccf3 d5f4 a38a 5907 4887 4867 5067 5887 5887 58a7 6907 6908 60c7 58a7 58a7 60a6 68a6 6066 6086 60c7 68e8 68a7 8189 7948 7107 68e8 60a7 58a6 60c7 60a7 5846 5047 6086 7969 9a8d 9a6b 9a6b 9a2b aaad a1c9 a1a9 b1e9 ba29 c24a c24a ca49 ca6a ca8a d28a da8a daab d2ab dacb dacb daec daeb daeb daeb dacb daab db0b e30c e32c e30c e30c e32c e34d e34d e30c e34c e34d e32d e32c db4e e36e e36e e34d db4d db6e db6d e36d e34d e36e e38d e3ae e38d e38e e3af e3ae e3ae e3af e38e e3ce e3ce e3cf e3cf e3ee e40f e3cf dbce dbae dbad db8e dbae db8e dbce dbef dbcf dbaf dbcf dbcf e3ee e3cf e3ef e450 e450 ecd1 ed94 ee37 ee36 ee16 ee16 e595 e513 e4b1 e4d1 ed93 ee16 ee16 edf6 edd5 ed94 ed94 e553 e4d2 e490 e430 dbf0 d38f d38e db8f dbaf d38e d36e d34e d34d d36e cb4d c30d aa6b 70e8 5088 50a8 58a8 58a8 58a8 58a8 58c8 58c8 58c8 58e8 58a8 50a8 5088 58c8 6108 7149 7969 7129 6908 7969 91a8 91c9 89a9 8148 7907 7927 89a9 8127 70c7 7927 7948 70e7 68c6 60a6 60a7 5866 5866 5047 5888 7129 9aad bbcf d490 cc92 ab4e b30c bb8f 9a6b 8989 a26c ab0d baeb c34c d3ad d3ab d3cc d3cd d3ac d3ac d3ed cc0d d42e d44f cc4e d40e cc2e cc2e cc2e cc6f cc4f cc2f cc2f c42f c40e cc0f cc0e cc0e cbef cc0e cc0f cbee cbef c3ef c3ef c40f c40e c40f c40f c40f c40f c40f c3ef c3ee c3ce bbce c3ce c3ee c40e c3ee c3cf bbce c3ef c3ee c3ef c3ee c3ef bbef c40f c3ce c3ed bbce bbce c3ad bbcd bbad bb8d b38e b34d b36e bb6d cbce d46e dcce e54e ed8f edcf f5cf f5cf f5cf f5cf f5d0 f5d0 f5f1 f611 f631 f632 f652 f673 f674 f673 f653 f652 f653 f653 f653 f632 f632 f653 f653 f653 f653 f653 f653 ee53 ee53 f673 f654 ee33 ee54 ee53 ee74 ee54 ee74 ee75 ee76 ee75 ee75 ee75 ee75 ee74 ee55 ee74 ee75 ee55 ee75 ee76 ee76 ee75 ee75 
8948 8948 8128 8948 8947 8948 8148 8928 8127 8948 8107 8107 8927 8927 8128 8107 8128 80e7 8128 78e7 7907 8128 8928 8988 9188 91c9 a22a ba8b c2cc c30d cb6e d38e dbce dbee dc0f e42e e44e e44e ec4e ec6f e4ae e4ae ecae ecae ecae ecae eccf eccf ecaf eccf ecd0 ed0e f4ee f4ef f4ef f4cf ec8f ec6d ec4d e40c e3cc db6c d30b caaa c249 b1c8 9989 9148 8927 8928 9168 9168 9988 99c9 a169 a189 a18a aa2c b2ef cbb2 c390 b2ce aa6d aa2b bacc c32e aacf 920e 70ea 710b 712b 70ea 794c 8a30 92b1 92b1 9b32 9b92 8ad1 610a 4868 5889 58ca 60ca 612b 6a0b 616b 71ae 716c 612b 590a 612b 718d 694c 58ea 5909 7a2e 79ee 694b 614a 614b 71ad 718c 714d 692b 71cd 8b31 8af3 692c 50ca 698e 71ef 82d1 9b94 a3b3 9b53 92f1 9352 9b32 9331 a394 9251 7109 92ad c492 cc0f 9188 6086 60c8 58a8 5066 5866 6908 7949 68e9 6909 814a 91eb 9a4c a28c a24b a26c a2ce ab4f bbd0 c432 cc52 ccb3 d514 d594 ddf5 d5d5 ccb0 aa49 99e9 9a09 99e9 99ca 99c9 9a0b ab0d c4b3 d5d3 abcc 6107 4888 4887 5067 5887 60e8 60a8 5887 68e7 7128 68e8 60c8 58a7 60a7 68c7 68a7 6087 60a7 7108 68e7 7968 7948 7128 7928 6087 60a7 60c7 6087 5887 5867 5867 7928 924c 9a6b 9a4c 9a2b aaee 99ea 9948 a9c9 b229 ba6b c24a c24a ca8a d26a d28a daab daab daab dacb daec dacb dacb daec dacc dacb daec daec e2eb db2d db0c db0c e30d e32d e34d e34d e34d e32d e32d db2c e32d db4d e38d e32c db2c e34d db6d e34d e34d e34d e34d e38e e38d e38e e3af e3ae e38e e38e e38e e3ae e38e db8e e3ce e3ee e3ef e38d dbae dbcf dbce db8f dbae db8d dbce dbcf dbcf dbef dbef dbef e3ee e3ef e40f e450 e491 ecd2 edb4 f657 ee57 ee16 ee16 e5b5 e4d2 e471 ecb1 ed12 edd5 ee16 ee16 edd5 edb4 e593 e573 e4d2 e470 dc10 dbae d36e d36e db8e dbaf d36e d34f cb4e d36e cb4d cb2d bacd 8969 58a8 50a8 58c8 50a8 58c8 50a8 50a8 58e8 58a8 50a8 58e8 58a8 58c8 50a8 58c8 6108 7149 7149 6909 6909 81a9 89a9 91c9 8988 8168 7928 8148 8189 78e7 68c6 7948 7908 68c7 7108 68a7 60a7 5866 5867 5067 5067 7149 9aae bbae d470 ccd2 b38f aaec bb90 9a6b 8989 aacc bb4e c32c cb6b d3ac d3ac d3ab d3cc cbcd d3ad cbcd cc2f cc4e cc4e cc2e cc0f cc4f cc4f cc2f cc4f cc2f cc0f cc2f cc4f cc2f cc0f cc2e cc2e cbee cbee c3ef cc0e cc30 cc0f cc0f c3ee c3ef cc0f c40f c3ef c40f c40f c3ee c3ef c3ef c3ef c3ee c3ee c3ef c40f c3ef c3ee bbef c40e c3ef c3ee c3ee c3ef bbce c3cd c3cd c3cd bb8e bbad b38e b36e b36d b36d b36d b36e bb6d cbee d48f dcee ed4e ed8f f5d0 f5d0 f5d0 f5cf f5cf f5d0 f5f0 f611 f632 f631 f652 f632 f653 f673 f673 f652 f652 f652 f653 f653 f653 f653 ee53 ee53 ee74 f654 f654 ee53 ee53 ee53 f653 ee53 ee53 ee53 ee53 ee54 ee75 ee75 ee75 ee96 ee95 ee75 ee75 f675 ee75 ee74 ee54 f675 ee75 ee75 ee75 ee75 ee75 ee76 
8968 8968 8928 8148 8148 8148 8128 8148 8907 8928 8927 8127 8927 8128 8148 8128 8128 78e7 7907 7907 7907 8147 8989 8989 8988 91a9 a20a b28c baac c2ed cb2e d38e d3cf dbee dc0e e42f e44f e46e ec6e ec8e ec8e e48f ec8f ecae ecae ecae ecd0 eccf ecf0 eccf ecaf ecee ed0f f4ef f50f f4ef ecae ec6e ec4d e40d e3cc dbad d30a cac9 c269 a9e9 9989 8948 8927 8907 9168 9188 9989 9969 a189 a1aa aa2b bb2f c3f3 c371 aa6d aa4c b22b ba4b c30d bb4f aad0 91cd 60ca 68eb 712b 796c 8a2f 92b1 8a8f 92d1 9352 9352 824f 60e9 5088 58c9 610a 60ea 58c9 592a 720e 79cd 696b 616c 698c 616b 698d 694b 60ea 58e9 69ab 824f 71ac 718c 614b 616b 69ad 694c 692b 69ad 826f 8af1 8210 590b 612c 610b 616b 8290 9332 9b74 9b74 8ad1 8ad1 8ad0 9b53 a353 92af b3f0 d4b0 cb8c 78a6 5025 50c7 6129 5068 4806 5066 7969 9a6d 9a6d 9a4c 9a6b 920b 9a2b 9a0b 9a8c ab2e b390 c3f0 cc52 c452 ccd3 d595 d5f6 d615 ccd0 a249 91e9 9a2a 9a0a 99c9 99ca a1ea ab0d c513 d5d4 9b09 58a6 4867 4887 4887 5047 5887 6908 7928 68c7 60a8 68e8 60c8 60e8 58a7 60a7 70c7 68c7 60c7 6087 70e8 68c7 7947 8188 81a9 7928 68c7 68e8 6087 6086 6067 5867 5846 7128 928c 9a6b 9a4b 9a0a aacd a24c 9968 a9c8 b1e8 ba09 c229 ca6a ca6a d26a d2cc d2ab da8b d2ab d2cb dacb dacb daaa daab dacc dacb daec daec db0c db2c e32d e30d e30d e30c e32d e36d e36e e32c e34c e32d e36d e32c e32d e30c e32c e32c db4d e32d e32d db4e e34d e34d e36e e36d e38e db8e db8e e36e e36d db8e e36d db6d e38e e3ce e3ae e38d db8e dbae dbae db8f db8e db8e dbd0 dbce dbce dbcf dbef dbef dbef e410 e40f e430 e492 e4d3 edb5 ee36 ee37 ee37 ee17 e574 e4b2 e492 ecf2 ed96 ee18 ee38 ee37 ee17 edf5 ed93 ed74 e4f3 e450 dbef d36e d34d db6e db6e d36e d36e d34f d34e d36e cb0d c30d 9a0b 68e8 50a8 5088 5887 58a8 50a8 58a8 58e9 60c8 58c8 50c8 58a8 5088 58c8 58e9 6129 60e8 6908 6909 6909 7149 8168 8989 8988 8989 8168 7928 7968 8148 70c6 68c7 7128 70e7 70c7 70e7 60a7 60a7 5887 5867 5847 5067 6908 9aad bb6e cc50 d4f2 c3af aaec bbd0 a2ad 8969 aaab c34d cb2b cb8c cbac d3ac d38c d3cc cbee cbee cc0e d42e cc4f cc4f cc2e d42f cc6f cc4f cc4f cc2f cc2f cc2f cc2f cc0e cc4e cc2e cc2f cc0e cc0e cc0f c40e c40f c430 cbee c40f c40e c3ef cbef c40e c410 c40f c3ef c3ef c3cf c3ef c40e c3ee c3cf c3cf c3ef c3ee c3ef c3ee c3ee c3cf c3ee c3ee c3ce c3cd c3cd bbce c3ce bbae bbad bb8d b36e ab6e b36d b36d b36d bb8d cc0e dc8e e4ee e54e ed8e f5af f5d0 f5cf f5cf f5d0 f5f1 f611 f611 f632 f632 f653 f652 f653 f673 f653 f652 f653 f653 ee53 f652 f633 f653 f653 f653 f674 f653 f653 f653 f653 ee53 ee53 ee53 ee53 ee54 ee54 ee74 ee75 ee75 ee95 ee95 ee75 ee75 ee75 ee75 ee75 ee55 ee75 ee75 ee75 ee75 ee75 ee75 ee75 ee76 
8968 8968 8928 8148 8148 8148 8128 8148 8907 8928 8927 8127 8927 8128 8148 8128 8128 78e7 7907 7907 7907 8147 8989 8989 8988 91a9 a20a b28c baac c2ed cb2e d38e d3cf dbee dc0e e42f e44f e46e ec6e ec8e ec8e e48f ec8f ecae ecae ecae ecd0 eccf ecf0 eccf ecaf ecee ed0f f4ef f50f f4ef ecae ec6e ec4d e40d e3cc dbad d30a cac9 c269 a9e9 9989 8948 8927 8907 9168 9188 9989 9969 a189 a1aa aa2b bb2f c3f3 c371 aa6d aa4c b22b ba4b c30d bb4f aad0 91cd 60ca 68eb 712b 796c 8a2f 92b1 8a8f 92d1 9352 9352 824f 60e9 5088 58c9 610a 60ea 58c9 592a 720e 79cd 696b 616c 698c 616b 698d 694b 60ea 58e9 69ab 824f 71ac 718c 614b 616b 69ad 694c 692b 69ad 826f 8af1 8210 590b 612c 610b 616b 8290 9332 9b74 9b74 8ad1 8ad1 8ad0 9b53 a353 92af b3f0 d4b0 cb8c 78a6 5025 50c7 6129 5068 4806 5066 7969 9a6d 9a6d 9a4c 9a6b 920b 9a2b 9a0b 9a8c ab2e b390 c3f0 cc52 c452 ccd3 d595 d5f6 d615 ccd0 a249 91e9 9a2a 9a0a 99c9 99ca a1ea ab0d c513 d5d4 9b09 58a6 4867 4887 4887 5047 5887 6908 7928 68c7 60a8 68e8 60c8 60e8 58a7 60a7 70c7 68c7 60c7 6087 70e8 68c7 7947 8188 81a9 7928 68c7 68e8 6087 6086 6067 5867 5846 7128 928c 9a6b 9a4b 9a0a aacd a24c 9968 a9c8 b1e8 ba09 c229 ca6a ca6a d26a d2cc d2ab da8b d2ab d2cb dacb dacb daaa daab dacc dacb daec daec db0c db2c e32d e30d e30d e30c e32d e36d e36e e32c e34c e32d e36d e32c e32d e30c e32c e32c db4d e32d e32d db4e e34d e34d e36e e36d e38e db8e db8e e36e e36d db8e e36d db6d e38e e3ce e3ae e38d db8e dbae dbae db8f db8e db8e dbd0 dbce dbce dbcf dbef dbef dbef e410 e40f e430 e492 e4d3 edb5 ee36 ee37 ee37 ee17 e574 e4b2 e492 ecf2 ed96 ee18 ee38 ee37 ee17 edf5 ed93 ed74 e4f3 e450 dbef d36e d34d db6e db6e d36e d36e d34f d34e d36e cb0d c30d 9a0b 68e8 50a8 5088 5887 58a8 50a8 58a8 58e9 60c8 58c8 50c8 58a8 5088 58c8 58e9 6129 60e8 6908 6909 6909 7149 8168 8989 8988 8989 8168 7928 7968 8148 70c6 68c7 7128 70e7 70c7 70e7 60a7 60a7 5887 5867 5847 5067 6908 9aad bb6e cc50 d4f2 c3af aaec bbd0 a2ad 8969 aaab c34d cb2b cb8c cbac d3ac d38c d3cc cbee cbee cc0e d42e cc4f cc4f cc2e d42f cc6f cc4f cc4f cc2f cc2f cc2f cc2f cc0e cc4e cc2e cc2f cc0e cc0e cc0f c40e c40f c430 cbee c40f c40e c3ef cbef c40e c410 c40f c3ef c3ef c3cf c3ef c40e c3ee c3cf c3cf c3ef c3ee c3ef c3ee c3ee c3cf c3ee c3ee c3ce c3cd c3cd bbce c3ce bbae bbad bb8d b36e ab6e b36d b36d b36d bb8d cc0e dc8e e4ee e54e ed8e f5af f5d0 f5cf f5cf f5d0 f5f1 f611 f611 f632 f632 f653 f652 f653 f673 f653 f652 f653 f653 ee53 f652 f633 f653 f653 f653 f674 f653 f653 f653 f653 ee53 ee53 ee53 ee53 ee54 ee54 ee74 ee75 ee75 ee95 ee95 ee75 ee75 ee75 ee75 ee75 ee55 ee75 ee75 ee75 ee75 ee75 ee75 ee75 ee76 
8148 8148 8128 7908 8108 8127 80e7 8149 8108 8127 8927 8128 8107 8148 8128 8108 78e7 80e7 7907 7907 8147 8128 8928 8948 8989 91ea 9a0a aa4c bacd c30d cb4d d38f d3ce dbef dc0f e40f e44f ec6f ec8e ec8e ec8f ecaf ec8e ecae ecd0 ecaf eccf eccf ecef ecd0 ecf0 ed31 f50f f4ef f4ef f4ee f4ae ec8e ec4e e40c e3ab db8c db0a caca c269 aa09 9988 8927 8908 8927 9148 9168 9189 9989 a1aa aa2c bb0f c3d3 c391 b28d aa4b b22a b20a ba6b c32e bb0e a2b0 89ad 68ca 714b 81ae 89ee 81ad 798c 79cd 8af2 8af0 828f 718b 58a9 58c9 60ea 60ea 58c9 58ea 696c 718c 694b 610a 696c 69ae 696c 612b 694b 69ac 698d 696b 79ed 79ed 71ac 616b 610a 614b 696c 696c 698c 720e 7a6e 826f 7a30 610b 5089 50aa 612c 7a0e 9332 a415 a3f6 9313 8ad2 9352 a414 ac14 bbf1 bb4c 8967 5025 4005 4046 5888 5867 5888 7149 9a4c b32e b34f b371 a32f 9a8d 9a4d 9a4c a2cd b34f bbb0 c473 ccb3 ccb2 d554 ddf5 ddf5 ccf1 a249 91c9 a28b 99c9 99a9 9a0b a22b aacb c492 d5f4 ab8a 50a6 4867 4887 4867 4867 5067 60e7 8189 89a9 7908 60c8 60c8 60a7 60c7 5886 5887 70c7 68a6 68c7 60a7 68c7 70c7 7148 7968 8169 7948 7108 68a7 6087 6087 5846 5867 5847 70e7 924b 9a6b 9a2b 9a0a a28c a20b 9168 a188 b1a8 b9e8 ba09 c28b ca49 d269 d2aa d28a da8a dacb d2ec daaa dacb daca daec dacb dacb db0d daeb db0c db0c e32c e32d e32d db4d e34d e34d e36d e32c e34d e32c e34d e32c db0d db2c e30c e32c e32d db2d e32d db4e e34d db4d e34d e34d db4c db6e db6e db8d e38e db6e db8e db6e db4d db8e dbae db6d db6d db6d db8e db8e db6d db6d db8e db8e db8e dbaf e3ef dbef dbf0 e410 e430 e450 e4d2 ed12 ed93 edf5 ee15 ee58 ee37 edf7 e597 ed76 edb6 ee16 ee57 ee16 edd4 edb4 edb4 ed94 ed94 e513 e471 dbcf d36e d34e d34e d34e d34e d34e d34e d34e d34e cb0d bacc 7909 5087 5067 58a8 5887 50a7 58c8 58a8 5928 616a 58e9 58c8 58c8 50a8 50a8 58c8 6108 60e8 6908 6928 7149 8168 8169 89a9 8968 89aa 8128 7927 8169 8148 7107 7128 7128 7107 7948 70e6 6087 6087 5867 5046 5047 5047 60c7 928c b32e cc50 d4f2 c3d0 b2ec c3af ab0f 8989 a2ac c32d cb6c cb6c cb8c d38c d3ac cbcd cbed cbee cc2d d44e d44e cc6f cc4e cc2e cc2e d42e cc4f cc2e cc4f cc2e cc0e cc0e cc2f cc2f cc0e c3ef c40e c3ee c3ee c3ee c3ef c3ee c40f c3ef c3ef c3ee c40f c40f c3ef c3ef c3ef cbee cbee cc0f c3ee c3ef c3ee c3ef c3ef c3ef c3ef c3cf c3cf c3ef c3ee c3ce c3ee c3ce c3ae c3ce bbae bbad bbad bb8d b36e b38e b36d b34c bb8d cc0e dc8e e4ef e56f ed8f f5d0 f5ef f5d0 f5d0 f5f0 f611 f611 f632 f632 f653 f653 f673 f653 f652 f673 f653 f652 f653 ee52 f653 f652 f653 f673 f673 f673 f653 f653 ee53 ee53 ee53 ee32 ee53 ee53 ee54 ee74 ee94 ee74 ee75 ee95 ee75 ee75 ee75 ee95 ee75 ee75 ee75 ee75 f675 ee75 ee76 ee76 ee75 ee75 ee76 
8148 8148 8108 78e7 78e7 78e7 80e7 8127 8107 8127 7928 8148 8128 8148 8149 7908 8108 8108 7907 7907 8128 8928 8907 8148 8989 91ca 9a0a aa4b bacc c30e cb4e d38e dbce dc0f dc0f e40e e44f e48f ec8e ec8f ec8f ecaf ecaf eccf ecaf eccf eccf ecef ecee ecf0 ecf0 ed2f ed2f f50f f4ef eccf eccf ec8e ec4d e3ec e3ac db6b d30b caca c26a aa2a 9988 8928 8928 9128 9128 9149 9169 9989 a20b bb2f cbd2 bb50 a26c a20a b20a b20a ba0a ba6b bb0e b2ce a26f 898c 68ea 718c 79cd 714b 58a9 60e8 7a0e 9352 8a8f 79cd 692a 50a8 58e9 610a 60c9 590a 698c 71ad 614b 610a 612a 614b 71ef 698d 610b 698c 71ed 8270 71ee 718c 820e 71cd 71ad 696c 612b 698c 698c 69ad 71ce 71cd 71ed 8ad0 8250 612c 508a 50ca 58eb 7a0e 9352 a435 9b94 8af2 9353 9c14 ac95 a3d3 8a2c 5066 3847 3867 4088 4847 60c9 89cb a2ae bb4f cb6f d3f0 cc93 c4b6 bc75 b413 b3d2 b350 bbd2 ccb4 d594 d574 d575 ddf5 ddf5 ccd0 a249 91c8 a28b a24a 99ca a22b aa6b b2ed bc31 d5d5 abed 6127 4888 48c8 50a8 4888 4867 5087 7128 91e9 9a2a 8148 60c7 60e8 60c8 58c7 5867 5887 6908 6887 68a7 6087 60c7 70e7 7148 7948 81a9 81aa 7968 60a7 6087 6046 6067 5867 5847 70e7 922b 9a2b 9a0a 9a0a a28c a22b 99c9 9988 b188 b1e8 b9e9 c26b ca4a ca49 d269 d26a d2ac d2aa d2cb daab dacb dacb daeb daeb daeb daeb e2ec daeb db0c db4d e32c e32c e32c db2d e30c e34c e32d e32d e34c e32c db2c db2d db2c db0c db2c db2d e34d e34d db6d db6d db6d db4c db4d db4c db6d db6d db6c db8e db4d db4d db4d db2d db6d db8e db8e db8d db8e db8e db4e db4e db4e db6e dbaf dbcf dbef e40e e430 e42f e42f e430 e44f ec6f e46f e48f ecd0 ed11 ed32 ed51 edd3 ee36 ee16 edd4 ed52 ed12 ecb1 ec91 ec71 ec91 e513 e532 e513 e451 db6e d32e cb0d d2ed d30e d32e d34e d36e d36e d32d c2ed 91c9 60e9 50a8 5087 50a8 5087 5088 58a8 58e8 6108 618a 58e8 50c8 58a8 58a8 58c8 6108 60e8 60c7 7128 7149 7949 8169 8189 89c9 89a9 89ca 8148 7927 8948 8989 7968 8148 7928 7107 8147 7907 6887 6086 5046 5047 5847 5048 5087 8a2b ab2e cc50 d4f2 cc31 b30c bb4e ab2e 91c9 ab0c c36c cb8d cb6b d3ab d38b d3ab d3cc cbed cbad cc0d cc2f d42e cc4e cc4e cc2e cc2e cc4f cc2f cc2f cc2e cc0f cc0f cc0e cc2f cc0e cc0e cc30 cc0f c40e c3ee c3ef c40e c3ee c40f c42f cc2f c40e c40f c40f c3ee c40e c3ef c3ee c40e c3ef c3ae c3ce cbee c3ee c3ef c3ce c3ef c3ef c3ce c3ee c3ee c3ce c3ce c3cd c3ae bbae bbad bbae bbae bb8d b36d b38d b34d b34d c38d cc0d dcae e50f ed4f ed6f f5b0 f5f0 f5ef f5f0 f611 f611 f632 f632 f653 f653 f673 f693 f674 f652 f672 f653 f653 f653 f652 f653 f653 f653 f653 ee74 ee53 f674 f653 ee54 ee54 ee54 ee53 f654 ee54 ee75 ee74 ee74 ee75 ee75 ee95 ee96 ee95 ee75 ee75 ee75 ee75 ee75 ee75 ee74 ee75 ee95 ee75 ee75 ee75 ee75 
8148 8148 78e8 70e7 7107 7908 78e7 78e7 7928 8128 8128 8148 8148 8128 8108 8107 7908 8108 78e8 7908 7907 8108 8928 8948 91a9 91c9 9a0a aa4b bacd c30d cb4e d38e dbef dc0f dc2e e44f e42f ec6f ec8f ecaf ecae ec8f ecaf ecb0 ec8f eccf ecef ecaf eccf f4f0 f50f ed0f ed10 f4ef f4ef f4ee ecce ec8e ec4d e40d e3cc db6b db0a d2aa c249 b209 9988 8928 8948 8929 8929 9149 9169 a1ea b30e cbd2 bb70 aa4b a1ea a9e9 a9e9 b20a b20a ba6b baee b30f 9a6f 818b 692a 712b 692a 5889 4848 5909 8ad1 9352 92f1 8250 694a 5909 590a 694b 58c9 612a 696c 698b 614b 610b 58ea 592a 71ee 698d 614c 698c 71ac 8290 8ab3 79ae 79ee 822f 820f 79ee 71ae 69ad 71ad 71cd 71ae 696c 696b 71ed 8af2 8271 696c 590b 58ea 614b 71cd 828f 8290 8a70 8b12 9bb4 9bf4 9c13 8b32 618d 40a8 3868 4068 4887 798a a26c b26c bacc baed cbb0 d473 dd35 ddd7 d5d7 d577 c4f5 d555 e5f6 ee15 e5b4 ddf5 ddb4 c46f a268 91a8 a24a a24a 9989 99e9 aa8b b30c c451 d5d7 b46e 6107 4887 50a8 50a8 4867 4867 5067 5867 7928 9a29 aaab 8988 60c7 5887 6087 60a7 5866 5886 68e7 68c7 68c7 68c8 68c8 7107 7928 7948 81a9 8189 8168 60a7 5887 6087 6067 6047 6047 70e7 89ea 9a6c 91c9 91c9 9a6b a24a 99a9 9928 a988 b1c8 b9c8 c24a c24a ca6a d28a d28b d2ab daaa daaa daeb daeb dacb daeb daeb dacb daca daeb daeb daec db2d db0c e2eb e32c db2c e32c e34c e36d e34d e34c db4d db4d db0c db0c db0d db0c db2d e34d e32c db2d db4d db4d db4c db2c daeb db0b db0c db2c db4d db4d db4d db4c db4d db6d db8d db8e db6d db8e db8e db6e db6d db8d dbae dbce e3ce e3cd e3ed e3ed e3cd e38c e38d e38d e34d e34d e34d e3ae e3ce e3ae e3cf ec2f ecaf ecd1 ec70 e410 e3f0 e3b0 eb90 eb70 ebd0 e410 e450 e470 dbef d32c c2ad c2cd caed cb2e d34e d36e d36e d36e cb2d aa4b 68c8 50a8 50c8 5088 58c8 58c8 50a8 58c8 5908 58e8 5909 58c8 58c8 58c8 58c8 58e8 6108 60c8 6908 7149 7969 7128 7129 7949 89a9 89a8 89ea 8168 7927 8148 89c9 81c9 8127 7908 7107 8167 7948 68a7 6086 5046 5066 5047 5027 5088 798a ab4f cc30 d4b2 cc72 aaed b30d b34f a24a bb0b cb6c cb8d d38b d3cb d3ac d3cc d3ac cbed cbcd cc0e d42f cc4e cc70 d42f d42e cc2f cc2f cc2e cc2f cc2f cc4f cc0f cc0e cc2f cc0f cc2e cc2f c40f c3ef c40f cbee c3ee c3ef c3ef c42f cc2f cc2f c3ef c3ef c40f c3ef c42f c42f c40e c40f bbce bbef c3ef c3ee c40f c3ef c3ef c3ee c3ce c3ee c3ce c3cd c3ad c3ad bbae bbae bbae bbae bbae bbae b36d b34d b34d b36e c3ad d42e dc8f e4ef ed70 ed8f edce f5d0 f5f0 f610 f611 f611 f632 f633 f654 f673 f673 f674 f673 f653 f673 f653 f653 f652 f653 f653 f653 f653 f673 ee54 f653 f674 f673 ee74 ee54 ee53 ee54 ee74 ee74 ee74 ee75 ee74 ee74 ee75 ee95 ee96 ee95 ee95 ee96 ee75 ee75 ee95 ee75 ee75 ee95 ee75 ee95 ee75 ee75 ee75 
8148 8148 78e8 70e7 7107 7908 78e7 78e7 7928 8128 8128 8148 8148 8128 8108 8107 7908 8108 78e8 7908 7907 8108 8928 8948 91a9 91c9 9a0a aa4b bacd c30d cb4e d38e dbef dc0f dc2e e44f e42f ec6f ec8f ecaf ecae ec8f ecaf ecb0 ec8f eccf ecef ecaf eccf f4f0 f50f ed0f ed10 f4ef f4ef f4ee ecce ec8e ec4d e40d e3cc db6b db0a d2aa c249 b209 9988 8928 8948 8929 8929 9149 9169 a1ea b30e cbd2 bb70 aa4b a1ea a9e9 a9e9 b20a b20a ba6b baee b30f 9a6f 818b 692a 712b 692a 5889 4848 5909 8ad1 9352 92f1 8250 694a 5909 590a 694b 58c9 612a 696c 698b 614b 610b 58ea 592a 71ee 698d 614c 698c 71ac 8290 8ab3 79ae 79ee 822f 820f 79ee 71ae 69ad 71ad 71cd 71ae 696c 696b 71ed 8af2 8271 696c 590b 58ea 614b 71cd 828f 8290 8a70 8b12 9bb4 9bf4 9c13 8b32 618d 40a8 3868 4068 4887 798a a26c b26c bacc baed cbb0 d473 dd35 ddd7 d5d7 d577 c4f5 d555 e5f6 ee15 e5b4 ddf5 ddb4 c46f a268 91a8 a24a a24a 9989 99e9 aa8b b30c c451 d5d7 b46e 6107 4887 50a8 50a8 4867 4867 5067 5867 7928 9a29 aaab 8988 60c7 5887 6087 60a7 5866 5886 68e7 68c7 68c7 68c8 68c8 7107 7928 7948 81a9 8189 8168 60a7 5887 6087 6067 6047 6047 70e7 89ea 9a6c 91c9 91c9 9a6b a24a 99a9 9928 a988 b1c8 b9c8 c24a c24a ca6a d28a d28b d2ab daaa daaa daeb daeb dacb daeb daeb dacb daca daeb daeb daec db2d db0c e2eb e32c db2c e32c e34c e36d e34d e34c db4d db4d db0c db0c db0d db0c db2d e34d e32c db2d db4d db4d db4c db2c daeb db0b db0c db2c db4d db4d db4d db4c db4d db6d db8d db8e db6d db8e db8e db6e db6d db8d dbae dbce e3ce e3cd e3ed e3ed e3cd e38c e38d e38d e34d e34d e34d e3ae e3ce e3ae e3cf ec2f ecaf ecd1 ec70 e410 e3f0 e3b0 eb90 eb70 ebd0 e410 e450 e470 dbef d32c c2ad c2cd caed cb2e d34e d36e d36e d36e cb2d aa4b 68c8 50a8 50c8 5088 58c8 58c8 50a8 58c8 5908 58e8 5909 58c8 58c8 58c8 58c8 58e8 6108 60c8 6908 7149 7969 7128 7129 7949 89a9 89a8 89ea 8168 7927 8148 89c9 81c9 8127 7908 7107 8167 7948 68a7 6086 5046 5066 5047 5027 5088 798a ab4f cc30 d4b2 cc72 aaed b30d b34f a24a bb0b cb6c cb8d d38b d3cb d3ac d3cc d3ac cbed cbcd cc0e d42f cc4e cc70 d42f d42e cc2f cc2f cc2e cc2f cc2f cc4f cc0f cc0e cc2f cc0f cc2e cc2f c40f c3ef c40f cbee c3ee c3ef c3ef c42f cc2f cc2f c3ef c3ef c40f c3ef c42f c42f c40e c40f bbce bbef c3ef c3ee c40f c3ef c3ef c3ee c3ce c3ee c3ce c3cd c3ad c3ad bbae bbae bbae bbae bbae bbae b36d b34d b34d b36e c3ad d42e dc8f e4ef ed70 ed8f edce f5d0 f5f0 f610 f611 f611 f632 f633 f654 f673 f673 f674 f673 f653 f673 f653 f653 f652 f653 f653 f653 f653 f673 ee54 f653 f674 f673 ee74 ee54 ee53 ee54 ee74 ee74 ee74 ee75 ee74 ee74 ee75 ee95 ee96 ee95 ee95 ee96 ee75 ee75 ee95 ee75 ee75 ee95 ee75 ee95 ee75 ee75 ee75 
8148 8128 78e7 70e8 78e7 70e7 78e6 7907 7908 7907 8107 8107 8108 8148 8128 8128 8128 8107 78c7 78c7 80e7 8107 8948 8988 8968 91a9 99e9 aa6c bb0d c30d cb6d d3ae dbcf dc0f e42e e46f e46f e46f ec90 ec8f ecaf ecaf ecaf ecaf ec8f ecd0 eccf eccf eccf ecef f50f f530 f50f f4f0 f4ef f4ef ecae ec8f ec2d ec0c e3cc db6c daea d2aa c249 a9c9 9968 8969 8149 8929 8929 9169 a1aa aaad c3d1 c370 aa6d a1ea a1c9 a9c9 a9ea b1ea b20b baac c390 bb71 9a8e 796b 60e9 60c9 5889 5049 50a9 71ce 8ad0 82ae 9373 8ab1 692b 58c8 58e9 694b 590a 592a 612b 616b 694b 60ea 590a 50ea 592a 614c 614c 692c 614b 7a6f 9354 8231 79cd 822f 8a90 826f 822f 79ee 71ee 71ee 69ad 698d 614c 694b 7a6e 9332 8ab1 718d 60ca 58c9 590a 698d 7a0f 79f0 8291 9394 9394 9b92 9bb3 9353 69ce 48ca 4068 58e8 a26b bb2d aa2c 99ed 9a8e ab52 c474 d515 e5d6 ee16 e638 e637 ee15 ee56 e615 ddf5 ddb4 c40d a1e8 99c8 a26a aa4a 99c9 99aa a20a b2eb c430 d5d6 bc8e 6947 4826 4847 4867 5087 5067 5067 5087 5866 70e7 9188 a249 8188 60a7 5886 5887 60a7 5887 5866 68c7 68e7 68c6 68c7 68c7 7128 7948 8188 7948 7968 8148 68c7 5888 60a7 6067 6047 6067 70e8 922a 9a8c 89a9 91e9 9a6a 9a0a 99a9 8927 a168 a9a8 b9c8 ba29 c24a ca49 d269 d2aa d2ab daab daaa daeb dacb daeb daeb dacb dacb daca daeb daeb e2eb e2ec db0b db0c db0c e30c e32c e32c e34d e34d e34d db6e db4d e32b e34c db2d e32c db4d e36d e34c db2d daeb db0b daeb daeb daca dacb daeb daeb daeb db0c d32c d30c db4c db6d db8e db2c db4c db6d db8c db6c db2c db6c db6d db2b db0b db0c e32c db2d daeb db0c dacb dacb dacc daab dacc e30d e32e e32e e30d e36e e3ae e3cf e38e e36e e34e e30d e30d e30d e32d db6e db6d d32c c2aa ba2a ba2b c2ab cb0d d34e d38f d38e cb8e cb6e bacc 7908 5888 50a8 58c8 5088 50a8 58c8 50a8 58c8 58e8 58a8 58c8 60c8 58c8 58e8 58e9 58c8 68e8 60a8 6908 7969 7989 7149 6908 7949 89c9 8168 89ca 8188 8168 8189 89ca 8128 7907 78e8 70e7 7907 7948 68c7 6066 5046 5066 5867 5868 58a8 7128 a30e cc30 d490 c452 aaed aaab b34e aa6b c30b cb8d cbcd d3ac d3cc d3cd d3ac d3ac cbcd cbcd cc0e cc4f cc6e cc4f cc2f cc4e d44f cc4f cc4e cc30 cc0e cc2f cc0e cc0e cc2f c3ee cbee c40f c3ee c3ce cbee cbee c3ef c3ce c3ee c40f c40f c42e c3ef c3ef c40f c3ef c40e c40f c40e c3ef c3ef c3ef c3ef c3ef bbef bbef bbcf bbef c3ee c3cd c3ce c3ce c3ce c3ae bbce bbae bbae bb8d bb8e bb8d b36d b34d b32d b32d c3ad d44e dcaf e50f ed70 edb0 edcf f5d1 f5f1 f631 f632 f632 f632 f653 f673 f674 f673 f653 f673 f653 f673 f653 f653 f653 f653 f652 f673 f653 f653 ee54 f674 f654 f674 f653 ee54 ee54 ee54 ee75 f674 ee74 ee95 ee75 ee75 ee96 ee95 ee95 ee95 ee95 ee76 ee75 ee75 ee96 ee75 ee75 ee95 ee95 ee75 ee76 f675 ee95 
70e8 70e8 7107 70e7 78e7 70c7 70e7 7107 70e7 78c7 78e7 78e7 8108 7948 8128 8128 7907 7907 78c7 78c7 78c7 8107 8948 8968 8968 91a9 99e9 aa4b bacc cb2d d36e d3ae dbee dc0f dc4f e46f e46f e48f ec90 ec8f ecaf eccf eccf ecb0 ecd0 ecf0 eccf f4cf f4ef ecf0 f4f0 f50f ed10 f4cf ecef ecf0 ecad ec8e ec2e ebec e3ac db6b db0a caa9 ba69 a9e9 9189 8928 8128 88e8 9149 998a aaad bbb1 bb90 aa6d a1ca a1a9 a9a9 a9c9 aa0a b22c ba8d c32f cbd1 bb70 9a2d 792a 60c9 58a9 5869 5068 60ea 7a2f 71ac 58e8 7a6e 8a90 718c 60ea 58ea 616b 592a 614a 614a 696c 694c 590a 610a 590a 50ea 590a 590b 610c 616c 7a90 8b74 92f4 7a0f 822e 8a90 8a8f 8270 826f 7a0e 71ad 698d 698d 696d 612c 614c 7a0d 8b11 92d2 79cf 692c 592a 69ce 82b2 7a51 8250 8af1 9394 8b14 8a70 9312 9312 8292 8252 92b1 d3f2 dc52 bb93 9ad2 92d1 a371 bc73 d597 dd96 e5f6 ee58 ee37 ee16 ee56 de15 d5b4 bc2e a1e8 99e9 aa8a aa8a a1c9 99ca a22a b2ec bc30 d5d7 c531 7167 4846 4867 4867 4846 5087 58a7 5887 50a7 5067 6086 7927 89c8 8168 6087 5887 5887 60a7 6087 5887 60a7 68c7 60a7 68e7 7108 7928 7108 8169 7928 7968 8989 78e8 5866 5866 5887 5887 6067 68a6 922a a2ee 89a9 91c9 920a 9a2b 9189 8927 9968 a9a8 b9c9 b9e8 c249 ca29 ca49 d269 d26b daab dacb daeb dacb daec dacb daaa daca dacb daaa daeb daeb daca e2eb db0c daec e2ec e2eb e32c e32d e34d e36e e36e e36d e32c e34c e34d e34c e36d dbae db6c db2b d2a9 c248 b9c7 b1c8 ba08 c249 ca89 d2c9 d2ca d2eb d30b daeb d32b db2b db2c db0b d2eb d30b d2eb d2eb dacb daca d2aa d2aa d28a d28a daab d2cb d289 d2ab d269 d269 d28a ca6a d24a da6a e2cb e2eb daab db6d e32b e36d db0b ca69 c208 b1a8 c1e8 ca29 ca6a ca8a c26a b9e9 a9a9 a9e9 ba2a c2ab d34d db6e db8e d38e cb6e c32d 91c9 60a8 58c8 50c8 58a8 5087 58a8 58a7 58c8 60e8 60e8 58a8 50a8 58a8 60c8 58a7 58a8 60e8 60c8 60c8 68e7 81a9 8189 68e8 68e8 7948 91c9 8127 89a9 7947 8168 89c9 89c9 7907 7927 68a7 68c7 7107 7928 7928 6086 5866 4846 5867 5867 5868 7108 9aad c410 d470 c452 ab0e aa8b bb8f b2cc c32b cbcd d3ed d3cb d3ab d3cc d3ed d3cc cbad cbae cc2f cc4e cc4e cc2e cc2f cc4e cc4f cc4f cc2e cc0f cc0f cc0f cc2f cc0f c40f c40e cc0e c40f c40f cc0f cbee cc0e c3ef c3ef c3ee c42f c40f c40f c3ef c42f c40e c40f cc0e c40e c40f c3cf c3ef c3ef c3ee bbee c3ef bbee c3ee c3ef c3ee c3cd c3ee c3ce c3ee c3cf c3cf bbae bbae bbae b3ae b38d b36e b34d b32d b34c c3ce d44e dcce e52e ed6f f58f f5d0 f5f0 f611 f632 f652 f652 f653 f674 f674 f674 f654 f653 f674 f673 f673 f673 f653 f674 f673 f653 f653 f653 f633 f653 f653 f674 f653 f653 ee54 ee54 ee74 ee74 f674 ee75 ee95 ee95 ee75 ee95 ee95 ee75 ee96 ee96 ee95 ee75 ee75 ee75 ee76 ee75 ee96 ee75 ee75 ee96 eeb5 ee75 
70c7 70c7 68c7 68c7 70e7 78e8 70e7 7107 70e7 70c7 78e8 7907 8128 7928 8107 7907 78e7 78e7 78e7 78e7 8107 8927 8948 8948 9189 91c9 99ea aa6b bacd c32e cb6e d3ce dbcf dc0f dc2f e44f e46e e48f eccf eccf eccf ecd0 ecaf ecd0 eccf eccf ecef ecf0 f4f0 ecef f4ef ecef f4ef f4ef f4ee f4ef ecae ec6e ec4d e40d e3cd db4b daea d2aa c249 a9e9 9968 8908 88e9 8908 9a0c b310 c3d2 bb70 aa8e a20b 9989 a189 a1aa a9ca b24b baef c371 d3b1 cc32 b32f 9a0d 792a 60ea 5889 58a9 60e9 79ee 7a0e 60c9 4867 6109 71ac 716b 692a 612a 612a 612a 610a 696b 71ad 71cd 616b 610a 590a 50ca 50ca 58eb 590b 69ad 82d2 93d5 9394 8ad2 8a70 8a91 8a91 8250 8a90 8290 7a0f 79ee 71ad 698d 616d 592c 614c 71ee 8ad0 9313 8a72 71ee 82d2 8313 71ee 694c 71ec 82f0 8b33 8271 718d 718b 928f b3d2 bc54 cc95 cc54 b3b2 a2ef a352 b454 d514 dd97 d576 e5d6 ee57 ee57 e657 de14 d594 bc0f 91e8 99c9 aa8a b2ab a22a 99ca a20a aacd bc30 d5d6 cdb4 8a49 4867 4867 50c8 50c9 58a8 58c8 60e8 58c8 5087 5046 5866 68e7 81a8 8988 68c8 5867 5866 5886 60a7 6087 5886 6087 60a7 68e7 6907 7908 68c7 7928 7928 8189 89a9 8148 6066 5866 5867 5867 5887 68a7 89ea a2cd 8148 8968 91e9 9a8c 91a9 9148 8928 a188 b1a8 b9e9 c229 ca49 ca8a d26a d26a d289 d2eb db0b daeb db2c daeb daaa daaa dacb daaa daeb dacb dacb dacb db0c db0c e30b e32c db2c e32c e32d e34c e36d e36d e36d e34d e36d e34c e38c e38c e36c db0a ca69 a987 9927 9127 a147 a147 a986 a988 b1c7 b9e7 c228 c228 ca69 ca68 ca69 ca6a ca49 ca48 ca69 ca49 ca8a ca29 c1e8 c1e8 c1c7 c1e8 c1e8 b9e7 b9a7 b987 b9a7 b9c8 c1c8 c1e9 c209 d229 da6a da69 da8a daeb daca d2ca c208 b167 a147 9907 a968 b1c9 b1c9 ba2a ba6b ba2a ba2a ba4a c2ab cb2d d34d db8f dbae d38e cb6e aaab 70e9 5088 58c8 50a9 50a8 5067 58a8 58a7 60e8 6108 60e8 58a8 58e8 58c8 58c8 58a7 60e8 6908 60c8 6108 7148 7989 8189 68c8 7149 8189 89a9 7907 8168 7928 8188 89c9 89a9 7948 7927 6887 6086 7107 8188 7948 68e7 6087 5046 5847 5867 5868 68e8 924b bbd0 cc71 cc51 b34f b2cc c3cf bb4d cb2b d3ad d3cd d3ac d3ab d3cc dbed d3ed cbcd cbce d42f d42e cc2e cc4f cc6f d46f cc2e cc2f cc0e cc0e cc2f cc2f cc2f cc2e cc0f cc2f cc2e cbee cc0f c42f c3ef c40f c40e c3ef c3ee cc2e c3ef c40f c42f c40f bbef c3ee c3ef c3ef c3ee c42f c40f c40f c3ef bbef bbef c3ef bbce c3ce c3ee c3ee c3ee c3ce c3ee c3ee c3ce bbce bbae bbae b38d b38e ab4e ab4c b34c bb6d cbed d46e dcee e54f ed8f f5af f5d0 f611 f631 f631 f632 f653 f654 f674 f674 f674 f674 f674 f674 f653 f653 f673 f653 f674 f673 ee54 f653 f653 f653 ee52 ee53 f654 ee53 f654 f674 ee74 ee74 ee74 ee74 ee75 ee75 ee75 ee75 ee75 ee75 ee75 ee96 ee95 ee95 ee95 ee75 ee75 ee96 f695 ee76 ee95 ee95 ee96 f695 ee95 
70c7 70c7 68c7 68c7 70e7 78e8 70e7 7107 70e7 70c7 78e8 7907 8128 7928 8107 7907 78e7 78e7 78e7 78e7 8107 8927 8948 8948 9189 91c9 99ea aa6b bacd c32e cb6e d3ce dbcf dc0f dc2f e44f e46e e48f eccf eccf eccf ecd0 ecaf ecd0 eccf eccf ecef ecf0 f4f0 ecef f4ef ecef f4ef f4ef f4ee f4ef ecae ec6e ec4d e40d e3cd db4b daea d2aa c249 a9e9 9968 8908 88e9 8908 9a0c b310 c3d2 bb70 aa8e a20b 9989 a189 a1aa a9ca b24b baef c371 d3b1 cc32 b32f 9a0d 792a 60ea 5889 58a9 60e9 79ee 7a0e 60c9 4867 6109 71ac 716b 692a 612a 612a 612a 610a 696b 71ad 71cd 616b 610a 590a 50ca 50ca 58eb 590b 69ad 82d2 93d5 9394 8ad2 8a70 8a91 8a91 8250 8a90 8290 7a0f 79ee 71ad 698d 616d 592c 614c 71ee 8ad0 9313 8a72 71ee 82d2 8313 71ee 694c 71ec 82f0 8b33 8271 718d 718b 928f b3d2 bc54 cc95 cc54 b3b2 a2ef a352 b454 d514 dd97 d576 e5d6 ee57 ee57 e657 de14 d594 bc0f 91e8 99c9 aa8a b2ab a22a 99ca a20a aacd bc30 d5d6 cdb4 8a49 4867 4867 50c8 50c9 58a8 58c8 60e8 58c8 5087 5046 5866 68e7 81a8 8988 68c8 5867 5866 5886 60a7 6087 5886 6087 60a7 68e7 6907 7908 68c7 7928 7928 8189 89a9 8148 6066 5866 5867 5867 5887 68a7 89ea a2cd 8148 8968 91e9 9a8c 91a9 9148 8928 a188 b1a8 b9e9 c229 ca49 ca8a d26a d26a d289 d2eb db0b daeb db2c daeb daaa daaa dacb daaa daeb dacb dacb dacb db0c db0c e30b e32c db2c e32c e32d e34c e36d e36d e36d e34d e36d e34c e38c e38c e36c db0a ca69 a987 9927 9127 a147 a147 a986 a988 b1c7 b9e7 c228 c228 ca69 ca68 ca69 ca6a ca49 ca48 ca69 ca49 ca8a ca29 c1e8 c1e8 c1c7 c1e8 c1e8 b9e7 b9a7 b987 b9a7 b9c8 c1c8 c1e9 c209 d229 da6a da69 da8a daeb daca d2ca c208 b167 a147 9907 a968 b1c9 b1c9 ba2a ba6b ba2a ba2a ba4a c2ab cb2d d34d db8f dbae d38e cb6e aaab 70e9 5088 58c8 50a9 50a8 5067 58a8 58a7 60e8 6108 60e8 58a8 58e8 58c8 58c8 58a7 60e8 6908 60c8 6108 7148 7989 8189 68c8 7149 8189 89a9 7907 8168 7928 8188 89c9 89a9 7948 7927 6887 6086 7107 8188 7948 68e7 6087 5046 5847 5867 5868 68e8 924b bbd0 cc71 cc51 b34f b2cc c3cf bb4d cb2b d3ad d3cd d3ac d3ab d3cc dbed d3ed cbcd cbce d42f d42e cc2e cc4f cc6f d46f cc2e cc2f cc0e cc0e cc2f cc2f cc2f cc2e cc0f cc2f cc2e cbee cc0f c42f c3ef c40f c40e c3ef c3ee cc2e c3ef c40f c42f c40f bbef c3ee c3ef c3ef c3ee c42f c40f c40f c3ef bbef bbef c3ef bbce c3ce c3ee c3ee c3ee c3ce c3ee c3ee c3ce bbce bbae bbae b38d b38e ab4e ab4c b34c bb6d cbed d46e dcee e54f ed8f f5af f5d0 f611 f631 f631 f632 f653 f654 f674 f674 f674 f674 f674 f674 f653 f653 f673 f653 f674 f673 ee54 f653 f653 f653 ee52 ee53 f654 ee53 f654 f674 ee74 ee74 ee74 ee74 ee75 ee75 ee75 ee75 ee75 ee75 ee75 ee96 ee95 ee95 ee95 ee75 ee75 ee96 f695 ee76 ee95 ee95 ee96 f695 ee95 
70e8 70e8 68c7 70e7 70c7 70c7 70c7 7108 7107 7108 7908 8128 8127 7927 80e7 78e7 78e7 78e8 80e7 78e7 80e8 8948 8968 8969 9189 9a0b a22b b28c c2ec c32d cb8e d3ce dbef dbef dc0e e44f e44e e48f ecaf ecd0 eccf eccf ecef ecef ecef ecef ecef ecf0 f4f0 ecef f4ef ed0f ed10 ecef f4ee ecce ecaf ec8e ec2d e3ed e3ac db4a d2ea ca89 ba49 a9e9 9989 8929 88e9 998b b330 c453 c3b0 b28d a1ea 9969 a189 a169 a1aa aa0b baee cbd1 d3d1 d411 cbb0 b2cf 91ed 710a 60ea 58c9 692b 79cd 7a0d 716b 58a9 4847 5088 58e8 58c9 60ea 614a 69ac 69cc 58ea 614b 69ad 79ad 60ea 590a 696c 58ea 58ec 58ec 58cb 69ad 8313 9c15 9393 9b94 8ad1 8ab1 8a71 7a0f 8270 8ad1 92d1 8a50 79ee 722f 71ee 614c 590b 614c 71ad 828f 9333 9373 93d5 9353 698c 612b 614b 722f 720e 698c 612b 610a 81cc aacf b350 ab50 a330 aaee baed cbcf dd11 e596 ddd9 ddd8 e638 ee57 ee78 e656 ddd5 c4b2 9a09 9188 aa4a aa8a a1ea a1ea a20b aaac c410 d5d6 d5f3 9b0a 5086 4847 5067 58a7 58a8 60a7 60c7 60c7 60a7 5087 5067 5887 60c7 7127 8187 7948 60a7 5846 5866 6087 6086 5866 60a7 60c7 68e7 68e7 7108 68c7 7108 7128 8189 81c9 8988 6886 5846 5846 5866 5867 68a7 89c9 9a6c 8128 8189 89c8 9a4b 91e9 8968 8928 9968 a9c8 ba08 ba29 c229 ca8a d28a d28a d28a d2cb d2eb daec daea daeb daaa daca d2ec daaa daca daeb daeb daeb db0c e32c e30b e34c e32c e32c e34d e34c e34e e34d e38e e38e e36c e36d e38d e36c db6d d2eb ca69 ba0a b1ea b22b b1e9 a9a8 a167 a148 a127 a147 a967 a967 a967 b187 b9a8 b9a8 b9a7 b9e8 c1e8 c228 ca2a c1e9 b9e8 b9e8 b1c8 b1a8 b1c8 a9c8 a168 a967 a987 b1a8 b188 b9c8 c209 d229 d22a d24a d24a d26b d28a ca4a c1ea ba2b ba2b b9eb b1cb ba0b ba6c c2ed caed c2cc ca8b cacb cb4d d34e db6e d3af d3ae cb6e baec 8148 5887 5087 58a8 58a8 50a8 50a7 58a7 58a8 60c8 68e8 58c8 58a7 5887 5887 50a7 58c8 68e8 68c8 60c8 7128 7989 7949 7128 68a8 7128 89c9 89c9 7928 8988 7968 81a8 89c8 8988 7907 70e7 6066 6066 7106 89e9 8189 7128 60a7 5066 5888 6088 5888 60c8 8a0b b36f cc71 cc71 b38f b32d c3cf c3af cb4b d3ad d3ed d3ec dbcb dbcc dbcc d3ed cbee cbee d46e cc4f cc2e cc4f ccb0 cc6f cc2e cc2e cc4f cc0e cc2e cc2e cc2f cc2e cc2e cc2f cc2f cc0e cc0f cc0f cc0e c3ef c40f c3ef c3ee c40f c40f c40f c40f bbef bbef c3ee c3ee c40f c40f c40e c40f c3ce bbee c3ee bbce c3cf c3ee c3ee c3ef bbef c3ce c3ef c3ce c3ce bbce bbce bbae bb8d bb6d b36d b34d ab4d b32c bb6d cbed d46e e50e e54f ed6f f5d0 f5f1 f611 f632 f652 f653 f673 f694 f674 f673 f674 f674 f674 f673 f673 f674 f673 f653 f653 f653 f653 f654 f652 f653 ee53 f654 f654 f674 ee73 ee74 ee74 ee74 f674 f675 ee74 ee75 ee75 ee75 ee75 ee75 ee95 ee96 ee95 ee95 eeb5 ee95 ee75 ee75 ee95 f696 ee95 ee75 f696 ee75 ee75 
68c8 68c8 68e7 68e7 68a7 70e7 68c7 70e8 70e7 70e7 7907 8107 8127 7908 7908 78e8 7907 78e7 80e8 8108 80e7 8148 89a9 89a9 91aa 99eb a22b b28c c2cd c32d cb8e d3cf dbce dc0e dc2e e44f e46f e48e ecaf ecd0 eccf eccf eccf ecf0 ecf0 ecf0 ecef ecef f4ef f4d0 f50f f50f ed2f f50f ed0f eccf ecae ec6d e42d e3ed e38c db4b d30b caaa ba6b a9c9 9969 914a 99cb b352 cc33 c370 aaad a1c9 9989 9949 a169 a1a9 a1ca b2ae cb50 d3d2 d3f1 cb50 bb30 aaae 89cc 70ea 5888 6109 79cd 718b 6129 6909 58c9 58a8 5067 5087 5909 612a 698b 69ac 69ec 590a 616b 69cd 698c 58c9 58e9 71ee 694d 610d 58ec 58eb 616c 8b33 9c16 9352 9bd4 8af1 8270 8271 8230 8250 8291 8a70 8a4f 8ab1 8ad2 8a71 7a0f 71ae 71ce 71ae 7a0e 8ad0 a3f4 a456 9332 714c 610b 592a 69ad 614d 50a9 590b 696c 8a0e a2cf b32f bb4e c32d d32b db0c e32d e36c e574 e67a eebb eeb9 ee78 e677 de15 d553 b36c 9188 a1ea aa2a 99a9 99aa a20b b30d c471 d595 d5f4 9b4b 58c7 5087 50a8 5087 58a7 60c7 60a7 60a7 60a6 5887 50a7 5087 5886 6086 68e7 7967 7927 68c7 5887 58c8 60c8 6087 60a7 68c7 68c7 68c8 68e7 7108 68c8 68c7 7108 7968 81a9 81a9 70c7 5867 5867 6088 6047 68c7 89e9 9a6c 7928 8989 89c9 920a 91ea 8989 8968 9968 a9a8 b1a8 b9e9 c209 ca69 ca8a d28a d2aa d2aa d2aa d2ca d2eb daca d2aa daaa daab daab daca daeb daeb daec daec e30c e32c db2c db0c e30c e30d e32d db4d e36d e3ae e38e e38d e38e e36d e38d db6c daeb d28b d2ab d28b d2cc d2ac ca8b ca4b c24a c1c9 b9c9 b9c8 b9a9 b9c9 b9c8 c1ea ca09 c9e9 ca2a ca4b d24a ca4b d22a ca6a ca6b c26b ca4b ca4a c22b c22b c22a c24b c24b c22b ca0a d24b d24c d28c daad dacd d2ee d2ee daee db0f d30f d2ce d2ae ca8d caad d30e d32e d36e d32c cb0c d30c db6e db8e db8e d38d d38e cb2c 9189 60a8 5088 50a8 50c8 50c8 50a8 58a7 58c8 58c8 60e7 60e8 58a8 5088 50a7 5088 50a7 58c7 68e8 68a8 60e7 7148 7989 7128 68c8 68c7 7907 89c9 8988 8169 8189 7928 8168 89a8 89a9 8128 70c7 6067 68a7 70e7 81ca 89ca 7108 60a7 5067 5067 58a8 5088 60a8 81aa b32e cc30 d471 bbd0 b32d c3ae cc10 d36b d3ac d40e d3cd dbab dbcc d3ed cbed cbee cbed d44e d44f d44f d44e d44e d42f cc2e cc4f cc2e cc2f cc2e cc2f cc2f cc0f c42f cc2f cc0f cc0f cc0f cc0e cc2f c42f c40f c3ee c3ee c40f c40f c410 c40e c3ef bc0f c40f c42f c40f c40f c40f bbef c3ee c3ee bbef bbee bbef c40e c3ce c3ef c3ee c3ef c3ce c3ce c3ee bbce bbae b3ae bbad bb8d b36d b34d b34d b34d bb8d cc0d dc8e e50e ed70 ed90 f5f0 f611 f632 f653 f652 f673 f674 f674 f674 f674 f673 f673 f674 f673 f673 f673 f673 f653 f653 f673 f654 f653 f653 f654 f654 f674 f674 f674 ee74 ee74 ee73 f674 f674 ee54 ee75 ee75 ee95 ee75 ee75 ee95 ee95 ee95 ee95 ee96 f696 ee95 ee95 ee95 f695 f695 f695 ee75 f695 ee75 f675 
60c7 60c7 68e8 68e7 68c7 70e8 70e8 70e8 7108 7908 78e7 78e7 8127 7927 7928 78e7 78e7 78e7 78e7 8108 8127 8948 91eb 920b 91eb 91ca aa4b b2ad baed cb4e d38d d3ce dbce dbef e42f e44f e46f ec8f ecaf eccf ecef eccf eccf ecf0 eccf eccf ecef eccf f4ee f510 f50f f510 f50f f50f f4f0 ecae ec8e ec4d ec2d e3ee e3ac db4c d30c ca8b ba2b a98a a1ab a24e bb92 cc53 c370 a22b 91c9 9168 9948 9989 a189 a9ca b24d c32f cb91 cbb2 c30f b2ef b30f a28d 89ed 712a 58c9 694b 71ac 6909 6109 692a 58e9 50a8 5067 58c9 612a 58e9 6109 610a 58e9 5909 616b 71ee 696c 58ca 590a 71ee 8211 612c 590c 58cc 592c 8b94 a497 9bf5 9bf5 8ab2 79ef 7a2f 8271 8271 8270 7a30 7a2f 8250 8ab1 8a91 8ab1 8ab1 8251 820f 822f 8a90 8aaf 92ef 8a8f 8250 79ef 614b 594b 71f0 614c 71ef 822f a2f0 c38f dbad e38b e36b e30b db0c dacc d2ac dc4f ee78 f71a f6f9 ee97 de15 d533 bbae a229 9a2a aa6b a1ca 99aa aa4b bb2e d44f ddf5 d5f4 a36b 58c7 4888 50a7 58c7 60c8 58c8 60a7 60a7 60a7 60a7 50a7 50c7 5067 5866 68c7 68e7 7128 7107 7107 6087 5087 60a7 5887 60c7 7108 68e7 6907 68e7 7108 7108 68c8 6908 7148 7969 81a9 7928 5887 5867 6087 6067 60c7 81c9 926d 7928 8189 89c9 89e9 89ca 8168 9168 9168 a9a8 b1c8 b1e9 ba09 c249 ca6a d269 d28a d28a d2ca d2aa d2eb d2aa d28a d2aa daaa daca daca d2cb dacb dacb dacb e2ec db2c db0c db0c e30c db0c e2ed db2c e38d e3ad e38d e38e e3ad e38d e38e e34c db4d db0c db0c daeb e2ca daab dacb dacb d2cb da6b da6b da6b d22b d22a da2a da4b da4a da4a da8b daab e2cd e2ac e2cc e2cd e2ac e2ac e2ed e30f e2ee dace dacd daef db10 e310 e2f0 e330 e351 e392 ebb2 e414 e413 e433 ec54 e453 e3f2 e32f e2ef dace dace d32e d36e d38d d38e db8e db6e db6d db8e db8e d38d cb2d a209 68c7 5088 5088 50a8 50c8 50c8 50c8 58a8 58a7 60e8 6909 58c8 5888 50a8 58a8 58c8 58c8 60c7 6908 6129 6928 7989 7948 68c7 68c8 68e8 7948 920a 8168 8148 7969 8189 8168 89a9 89c9 8169 7108 6087 68a7 7107 89ea 8a4b 7128 60a7 58a8 58a7 5887 5068 60a8 81a9 a2cd cc0f d491 c3f1 b30c cb8d d451 d38b d38c d40f d3ed dbac d3ed d3cd cc0e cc0f cc0d d44e d44f cc4e cc2e cc4e cc2f cc2e cc4e cc0e c42f cc4f cc2e cc2e cc2f c40e c40f cc2f cc2f cc0f cc2f cc2f cc30 c40f c3ef c40e c3ef c3ef bbef c3ce bbee bbef c3ee c40f c40f c40f c40f c3ef c40f bc0f bc0f c3ee bbcf c3ee c3ee c3ef c3ce c3ee c3ee c3ee c3ef bbce bbae bbae bbae b38d b36d ab6d ab2d b34d c3ad d42e dcae e50f ed70 f5b0 f5f1 f612 f632 f653 f673 f673 f674 f674 f673 f674 f673 f674 f654 f653 f674 f673 f674 ee73 f674 f673 f674 f673 f653 f673 ee94 f674 ee54 ee74 ee74 ee75 ee74 ee74 ee75 ee75 ee75 ee95 ee75 f675 ee95 ee75 ee95 ee95 ee95 f675 f695 ee95 ee95 ee75 f675 f675 f675 ee75 ee95 f675 f674 
60c7 60c7 68e8 68e7 68c7 70e8 70e8 70e8 7108 7908 78e7 78e7 8127 7927 7928 78e7 78e7 78e7 78e7 8108 8127 8948 91eb 920b 91eb 91ca aa4b b2ad baed cb4e d38d d3ce dbce dbef e42f e44f e46f ec8f ecaf eccf ecef eccf eccf ecf0 eccf eccf ecef eccf f4ee f510 f50f f510 f50f f50f f4f0 ecae ec8e ec4d ec2d e3ee e3ac db4c d30c ca8b ba2b a98a a1ab a24e bb92 cc53 c370 a22b 91c9 9168 9948 9989 a189 a9ca b24d c32f cb91 cbb2 c30f b2ef b30f a28d 89ed 712a 58c9 694b 71ac 6909 6109 692a 58e9 50a8 5067 58c9 612a 58e9 6109 610a 58e9 5909 616b 71ee 696c 58ca 590a 71ee 8211 612c 590c 58cc 592c 8b94 a497 9bf5 9bf5 8ab2 79ef 7a2f 8271 8271 8270 7a30 7a2f 8250 8ab1 8a91 8ab1 8ab1 8251 820f 822f 8a90 8aaf 92ef 8a8f 8250 79ef 614b 594b 71f0 614c 71ef 822f a2f0 c38f dbad e38b e36b e30b db0c dacc d2ac dc4f ee78 f71a f6f9 ee97 de15 d533 bbae a229 9a2a aa6b a1ca 99aa aa4b bb2e d44f ddf5 d5f4 a36b 58c7 4888 50a7 58c7 60c8 58c8 60a7 60a7 60a7 60a7 50a7 50c7 5067 5866 68c7 68e7 7128 7107 7107 6087 5087 60a7 5887 60c7 7108 68e7 6907 68e7 7108 7108 68c8 6908 7148 7969 81a9 7928 5887 5867 6087 6067 60c7 81c9 926d 7928 8189 89c9 89e9 89ca 8168 9168 9168 a9a8 b1c8 b1e9 ba09 c249 ca6a d269 d28a d28a d2ca d2aa d2eb d2aa d28a d2aa daaa daca daca d2cb dacb dacb dacb e2ec db2c db0c db0c e30c db0c e2ed db2c e38d e3ad e38d e38e e3ad e38d e38e e34c db4d db0c db0c daeb e2ca daab dacb dacb d2cb da6b da6b da6b d22b d22a da2a da4b da4a da4a da8b daab e2cd e2ac e2cc e2cd e2ac e2ac e2ed e30f e2ee dace dacd daef db10 e310 e2f0 e330 e351 e392 ebb2 e414 e413 e433 ec54 e453 e3f2 e32f e2ef dace dace d32e d36e d38d d38e db8e db6e db6d db8e db8e d38d cb2d a209 68c7 5088 5088 50a8 50c8 50c8 50c8 58a8 58a7 60e8 6909 58c8 5888 50a8 58a8 58c8 58c8 60c7 6908 6129 6928 7989 7948 68c7 68c8 68e8 7948 920a 8168 8148 7969 8189 8168 89a9 89c9 8169 7108 6087 68a7 7107 89ea 8a4b 7128 60a7 58a8 58a7 5887 5068 60a8 81a9 a2cd cc0f d491 c3f1 b30c cb8d d451 d38b d38c d40f d3ed dbac d3ed d3cd cc0e cc0f cc0d d44e d44f cc4e cc2e cc4e cc2f cc2e cc4e cc0e c42f cc4f cc2e cc2e cc2f c40e c40f cc2f cc2f cc0f cc2f cc2f cc30 c40f c3ef c40e c3ef c3ef bbef c3ce bbee bbef c3ee c40f c40f c40f c40f c3ef c40f bc0f bc0f c3ee bbcf c3ee c3ee c3ef c3ce c3ee c3ee c3ee c3ef bbce bbae bbae bbae b38d b36d ab6d ab2d b34d c3ad d42e dcae e50f ed70 f5b0 f5f1 f612 f632 f653 f673 f673 f674 f674 f673 f674 f673 f674 f654 f653 f674 f673 f674 ee73 f674 f673 f674 f673 f653 f673 ee94 f674 ee54 ee74 ee74 ee75 ee74 ee74 ee75 ee75 ee75 ee95 ee75 f675 ee95 ee75 ee95 ee95 ee95 f675 f695 ee95 ee95 ee75 f675 f675 f675 ee75 ee95 f675 f674 
68e8 68e8 68c8 6908 7108 68e7 70e7 68c7 70e7 70e7 78e7 78e8 7907 78e7 7907 78e7 78c7 78e7 70e7 7948 8148 8989 89ea 89ea 922b 9a0a a24b b2ac bb0d c34e d36e d3ae dbee dc0e e42f e46e e46e e48e ecae ecef ecd0 eccf eccf eccf ecef ecef ecef ed0f ed0f ed30 ed10 f510 ed0f f510 f4cf ecaf ec8f ec6d e40d e40d dbcd db4d d2ec ca6c ba2c b22c b30f c454 cc53 c34f aa2c 9189 9148 9148 9149 9989 a1aa aa2c baef cb71 cbd2 bb0f b2ae b2ce b2ce 9a2d 920d 798b 692a 696b 694a 6109 716b 718d 690a 58a8 58e9 610a 58a8 5067 58c9 58c9 5089 50c9 614a 7a2f 718c 58ea 60e9 698b 8251 694d 58eb 50ab 594c 8bd5 ad39 a476 a3b3 92b1 718d 614c 71ef 7a0f 7a71 8291 8291 7a51 8290 824f 826f 826f 822e 7a2e 826f 7a0e 614b 612a 696a 82af 92f3 79ae 594b 7a71 7a30 8b12 9b12 b351 dbf0 e3ee ebac e32b daeb db2c d2cc ca6b caec e552 f6d9 eed9 e656 d553 bc0f a24a 99ea aa8b aa4b a20b aa6c c38e d4d1 dd33 ddd4 abed 6128 48a8 50a8 50e8 58c8 60e8 60e8 60e8 60e8 60c7 58c7 50a7 58a7 5067 5067 68c7 7128 6908 70e7 70e7 60a7 5866 6087 60a7 60c7 6908 7908 7128 6908 70e8 7108 68c8 68e7 7107 7968 8189 7928 60a7 58a8 5887 6087 68e8 81ea 922b 7949 7948 8188 89c9 89aa 89a9 8989 9188 9989 a9e9 b209 ba09 c249 ca6a ca69 d26a ca6a caaa d2ca d2ca d28a d2aa d28b d2aa d2cb d2ab d2cb d2cb d2cb dacb dacb db0c daec db2c db4c db2d db2d db4c db8e db6d e3ae db8d db8e e36d e38e e36d e38e e36d e34d db2c dacb daeb dacb daaa daaa daab daaa e2cb dacc e28c e26b e26a e24a e26a e28a e2cb e2cd e2cc e32e e2ee e2ce e2ef eb50 ebd2 ec13 e434 ec34 ec75 ec73 e4b5 ecb6 ec74 ecb5 ed78 ed57 ed97 ed97 ed96 ed96 ecd4 ec33 e370 e30f daee daef db4e d38e d38e d3ae dbae db6d db6d d38d d34d cb4d b249 7107 5888 50a8 5087 58a8 58c8 58a8 50a7 60c8 60a8 60a8 60c7 58c8 58a8 58c8 50a8 50a7 5887 60c7 6908 60e8 6908 7948 68c7 68c8 68e8 6908 8188 8a0a 8168 7928 8189 8168 8169 91ca 8969 8128 7928 68e8 68a7 70e7 81a8 922a 7948 60a7 5067 5866 6087 5888 58c8 81aa a26c c410 ccb2 cc52 bb4d cb8d d450 d3ac d3ac d40e dc0d dbac d3cc d3ec cc0f cc0f cc0d d44e d44e cc4f cc4f cc4e cc2f cc2f cc0e cc0e cc0e cc2f cc2f cc4f cc2f cc0f cc2e cc4f cc2f cc0e cc2e cc2f cc0f cc0f c40f c40e c40f c40f c40e c3ee bbee c3ef c40e bbef c40f c40e c3ee c3ee c3ee c3ef c3ce c40f c40f c40e c3ee c3cf c3ce c3ee c3ee c3ee c3ae bbae bbae b3ce bb8e b36e b36e b34d b32d b32c c38d d40e dcae e52f ed90 f5d0 f5f1 f612 f652 f693 f674 f673 f694 f674 f694 f674 f674 f673 f673 f673 f674 f673 f674 f673 f674 f674 f673 f653 ee54 ee74 ee74 ee74 ee74 ee74 ee75 ee95 ee75 ee95 ee95 ee95 ee95 ee95 ee95 f695 f695 ee95 ee95 ee75 ee95 ee75 ee95 ee75 ee75 ee75 f675 f674 f675 ee74 f674 f673 f674 
68e8 68e8 68e8 68e8 7108 68e8 70e7 70e8 70e7 70e8 7908 7908 7928 8128 7907 8128 78e8 70c7 78c7 7928 8128 8989 89c9 89a9 920a 9a0a a22a b26c bacd c34e cb6e d3ce dbce dc0e e40f e44e e44e e46e ecb0 eccf eccf eccf ecee ecef ecef ecef ecef ed10 ed0f ed0f f510 ed2f ed2f ed0f f50e eccf ec8f e46e e42e e40f dbce db4d cacd ca8d c2ce bb71 cc12 cc52 bb0e 99ea 8968 8948 9148 9969 9969 9989 a1ca b2ae c34f cbf2 c350 aa6d b26c ba8d b28d 9a2d 9a2d 818c 694b 694b 610a 6129 820e 8a71 718b 612a 694a 58c9 5087 4867 58c9 5089 5068 50a9 698c 7a70 79ac 610a 60ea 612a 7a50 7a10 58cb 50ab 596c 93f5 b579 ac55 9bb3 8a91 698d 590b 590b 698d 7a2f 82b1 82d2 82d2 8af2 8ab2 822f 79ce 71ad 79ee 826f 71ed 592b 50eb 590b 71eb 8ad1 92d3 7a0f 82d2 8b13 9333 a373 ab11 cbb1 e3ef e3ad e34b db0b db0b d28b c24c c2cc dc71 ee78 e678 d573 c3cd aa69 a209 a26b aa4a b2ac bb0c cbae e570 ddb3 d5b3 b40d 6948 50c8 50c9 5909 58c9 58c8 60e8 60e8 60c7 60e8 60a7 58a7 5087 5087 5087 5086 6086 60c7 68e7 70e6 68c6 70c7 6087 5866 6086 60a7 60c7 7107 7108 68c7 68c7 7928 68e8 70e7 7107 7929 8169 7928 68a7 5887 6087 60a7 6908 79a9 8a0b 7969 7908 89a9 89a9 89a9 89a9 8168 8928 9148 a1a8 a9c8 b1e9 ba29 c269 ca69 ca6a ca6a ca49 d26a d2cb d28a d28a d28b d28a d2eb d28b d2cb d2ab d2cb d2ec dacc daca daeb daeb db0b db0c db2d db4d db6e e38d e3ae e38d e36e e36e e36d e36d e3ae e3ad e34d e32c daec daeb daec dacb daaa daca dacb e2aa e28a dacb e2ab e28b e24b e24a e24a e28b e28b e28c e2ed e2ce e2ee e36f ebb0 ebf0 ec72 ecd3 ed13 ed34 ecd3 ed54 ed55 ecd3 ecf2 edb5 edb6 f595 edd6 f5d6 f595 ecd3 ebf1 e32f daee db0e db2e d34e d38f d3ce dbae dbcf db6d d36d cb6d cb2d b2ab 8128 5887 5088 5888 5087 5088 50a7 58a8 58c8 60c7 60c7 60c7 68c7 58a7 5087 5087 5087 5886 60e7 60c7 68e8 60c7 68c7 68c7 60a7 60a7 68c8 7128 8188 924b 8988 7927 8168 8988 8968 918a 8949 78c7 70a7 68a7 70e7 7948 7968 8a09 81a9 68c8 5047 5866 6088 5888 60a8 818a a26c c431 ccd1 cc52 bb8e cb8d d430 d3cd d3ab dbee dbed dbab d3cd d3ed cc0e cc0e cc2d cc4f cc4e cc4f cc4f cc6f cc4f cc4e cc4f c42f cc0e cc4f cc50 cc2f cc2e cc0e cc2f cc2e cc2f cc4f cc2f cc0f cc2e cc0f c40f c40e c42e c450 c40e c40e c42f c40f c3ee c42f c40e c40f c3ee c3ee c3ee bbef bbef bbef c42f c40e c3ee c3ee c3ee c3ef c3ee c3cf bbee bbee bbae b38e b38d b38e b36e ab4e ab2d b34d c3ad d42d dcaf e52f ed8f f5f1 f611 f652 f673 f693 f673 f674 f694 f673 f674 f673 f673 f673 f674 f673 f673 f673 f673 f674 f673 f674 f674 f674 ee54 ee74 ee75 f674 f674 f674 f674 ee75 ee95 f674 f695 f675 ee95 ee95 f695 f695 f695 f695 ee95 ee75 ee95 ee95 ee74 ee74 ee74 ee74 f674 f674 f674 f673 f674 f653 f653 
68c7 68c7 68e8 68e7 68e8 68c7 70e7 7108 70e7 70e7 78e7 7908 7907 78c7 7907 7908 7908 70a7 70c7 78e7 8148 8989 89ca 91e9 920a 9a0a a22a b28b bacc c30d cb6d d3ae dbee dbee dc2e e42e e44e e46e ec90 ecaf eccf ecef ecef ecf0 ed0f ecef ecce f4f0 ed0f ed0f ed0f f510 ed0f ecf0 f4ee ecaf ec8f e46f e42f e411 dbd2 cb0f c2cf c2f0 c392 c3f2 bb90 aaad 99a9 8928 8928 8928 9148 9969 996a 99aa aa2c bb0f cbd1 cbd2 b28e aa2b b22b b26d a24c 9a4e 8a0c 712a 714b 712c 60a9 698b 9373 9393 716b 692a 58e8 4887 4867 5088 58a9 5068 5068 590a 722f 8270 71ac 692b 60ca 6109 722e 8291 610c 488a 598c 9456 b579 ac76 9b93 8ab1 698d 50ea 50ca 694d 71ce 7a2f 7a70 8271 8b12 8b54 8af3 8251 79ef 7a2f 8250 698b 592a 616d 590b 696b 820d 8a90 8251 82d1 93b6 9b73 a373 a352 bbd2 dbf1 e38c e34b db2b d2ab ca6b caee cb90 d535 de78 d5f6 b36c a209 9a0a aa8b b28b bacb d3ed dc4e ed0f e570 d532 b3ec 7148 5088 50c8 50e9 58e9 58c9 5909 58e8 58c8 58c8 60c8 60c8 58c8 5887 5887 58c7 5887 6087 5887 60c7 7107 68c6 68e7 68e7 58a7 5887 5887 60a7 68c7 70e8 68c7 6908 7928 6908 7108 7128 7948 8188 7968 70e8 5887 5867 6087 68e7 7948 89c9 8128 70e7 89c9 89a9 89e9 89a9 7907 8107 8948 9988 a9a8 b1e9 ba29 ba49 c249 ca69 ca6a ca49 ca6a caaa ca8a ca8b d2aa d28a d2aa d2ab d2aa d2ab d2aa d2cc dacb daca daec dacb daca daec db2d db0c db2c e36d e34c e36d e36d e36d e38d e38d e38d e38d e36d e34c db2c db0c db0c daec daab daaa daab d28b da6a daab dacb daec e2ac da6b e28c e26a e26b e28b e28c e28c eacc eb4e ebaf ebaf ebcf ebcf ec10 ec51 ec50 ecb1 ec71 ebf0 f3f0 ec30 ec72 ec71 ecb3 ecb2 ec92 ec52 e370 daee daef db6f d36f d38f dbaf dbcf dbcf dbae db6d d36e cb8e bb0c 8968 6087 5087 58a8 5088 50a8 5087 50a8 50a7 58a8 6908 60a7 60a7 68c7 5887 5087 5867 5067 5886 60c7 60c7 6907 7128 7108 60a7 60a7 6087 68c8 7127 89a9 9a8c 8989 7907 89a9 91a8 91a9 91a9 8168 7928 70e8 68c7 7928 7948 7948 8a09 89ea 70e7 5887 5887 6087 5888 58a9 798b 9a4c c430 ccb1 cc51 c3d0 cb8e d40f d3ed dbcb d42e d40f d3ab d3cd d40e d40e cc0e cc2e cc4f cc6f cc6f cc4f cc4f cc4f cc4e cc4e c44f cc4e cc4f cc4f cc2e cc0e cc2e cc2f cc0e cc4f cc2f cc0e c42f cc2e cc2e cc4f cc0e c42f c42f c40f c3ee c42f c42f c40e c3ee c40f bbef c3ee c3ef bbef bbcf bbee bbef c40f c3ee c3ce c3ce c3ce c3ee c3ef bbce bbce bbcf bbce bb8e bb8d b36d ab4d ab4d ab0d b32c c3cd d44e e4cf ed50 f5b0 f611 f631 f652 f673 f693 f694 f694 f674 f674 f673 f673 f673 f674 f694 f653 f653 f673 f674 f674 f674 ee74 f674 ee74 f694 f674 ee94 ee74 f674 f674 f695 f675 f675 f695 f695 ee95 ee95 ee95 f695 ee95 ee95 f694 ee94 ee74 f674 ee74 f674 ee74 ee74 f673 f654 f674 f653 ee53 f653 f653 f653 
68c7 68c7 68e8 68e7 68e8 68c7 70e7 7108 70e7 70e7 78e7 7908 7907 78c7 7907 7908 7908 70a7 70c7 78e7 8148 8989 89ca 91e9 920a 9a0a a22a b28b bacc c30d cb6d d3ae dbee dbee dc2e e42e e44e e46e ec90 ecaf eccf ecef ecef ecf0 ed0f ecef ecce f4f0 ed0f ed0f ed0f f510 ed0f ecf0 f4ee ecaf ec8f e46f e42f e411 dbd2 cb0f c2cf c2f0 c392 c3f2 bb90 aaad 99a9 8928 8928 8928 9148 9969 996a 99aa aa2c bb0f cbd1 cbd2 b28e aa2b b22b b26d a24c 9a4e 8a0c 712a 714b 712c 60a9 698b 9373 9393 716b 692a 58e8 4887 4867 5088 58a9 5068 5068 590a 722f 8270 71ac 692b 60ca 6109 722e 8291 610c 488a 598c 9456 b579 ac76 9b93 8ab1 698d 50ea 50ca 694d 71ce 7a2f 7a70 8271 8b12 8b54 8af3 8251 79ef 7a2f 8250 698b 592a 616d 590b 696b 820d 8a90 8251 82d1 93b6 9b73 a373 a352 bbd2 dbf1 e38c e34b db2b d2ab ca6b caee cb90 d535 de78 d5f6 b36c a209 9a0a aa8b b28b bacb d3ed dc4e ed0f e570 d532 b3ec 7148 5088 50c8 50e9 58e9 58c9 5909 58e8 58c8 58c8 60c8 60c8 58c8 5887 5887 58c7 5887 6087 5887 60c7 7107 68c6 68e7 68e7 58a7 5887 5887 60a7 68c7 70e8 68c7 6908 7928 6908 7108 7128 7948 8188 7968 70e8 5887 5867 6087 68e7 7948 89c9 8128 70e7 89c9 89a9 89e9 89a9 7907 8107 8948 9988 a9a8 b1e9 ba29 ba49 c249 ca69 ca6a ca49 ca6a caaa ca8a ca8b d2aa d28a d2aa d2ab d2aa d2ab d2aa d2cc dacb daca daec dacb daca daec db2d db0c db2c e36d e34c e36d e36d e36d e38d e38d e38d e38d e36d e34c db2c db0c db0c daec daab daaa daab d28b da6a daab dacb daec e2ac da6b e28c e26a e26b e28b e28c e28c eacc eb4e ebaf ebaf ebcf ebcf ec10 ec51 ec50 ecb1 ec71 ebf0 f3f0 ec30 ec72 ec71 ecb3 ecb2 ec92 ec52 e370 daee daef db6f d36f d38f dbaf dbcf dbcf dbae db6d d36e cb8e bb0c 8968 6087 5087 58a8 5088 50a8 5087 50a8 50a7 58a8 6908 60a7 60a7 68c7 5887 5087 5867 5067 5886 60c7 60c7 6907 7128 7108 60a7 60a7 6087 68c8 7127 89a9 9a8c 8989 7907 89a9 91a8 91a9 91a9 8168 7928 70e8 68c7 7928 7948 7948 8a09 89ea 70e7 5887 5887 6087 5888 58a9 798b 9a4c c430 ccb1 cc51 c3d0 cb8e d40f d3ed dbcb d42e d40f d3ab d3cd d40e d40e cc0e cc2e cc4f cc6f cc6f cc4f cc4f cc4f cc4e cc4e c44f cc4e cc4f cc4f cc2e cc0e cc2e cc2f cc0e cc4f cc2f cc0e c42f cc2e cc2e cc4f cc0e c42f c42f c40f c3ee c42f c42f c40e c3ee c40f bbef c3ee c3ef bbef bbcf bbee bbef c40f c3ee c3ce c3ce c3ce c3ee c3ef bbce bbce bbcf bbce bb8e bb8d b36d ab4d ab4d ab0d b32c c3cd d44e e4cf ed50 f5b0 f611 f631 f652 f673 f693 f694 f694 f674 f674 f673 f673 f673 f674 f694 f653 f653 f673 f674 f674 f674 ee74 f674 ee74 f694 f674 ee94 ee74 f674 f674 f695 f675 f675 f695 f695 ee95 ee95 ee95 f695 ee95 ee95 f694 ee94 ee74 f674 ee74 f674 ee74 ee74 f673 f654 f674 f653 ee53 f653 f653 f653 
60e8 60e8 68e8 68c7 68a7 68a7 70c7 68c7 70e7 70e7 70c7 7908 7107 78e7 7907 78e7 78c7 70a7 70c7 78e7 8148 89aa 91a9 91ea 99ea 9a0a a20b b26b baec c30d cb6d d3ae dbce dbee dc2e e44f e44e e48f e48f ecaf eccf ecce ecef ecef ed10 ed0e ecef ed0f f50e f50f ed0f ed10 ed0f f4ef eccf ecd0 ec8f ec70 e491 dcb4 d475 c415 c3b3 c371 c3b1 bb2e aa2c 8948 8107 80e8 8908 8928 8949 9169 998a a22d b2ef c371 cc13 bb50 aa6d aa2b b24b aa4d 9a2d 8a0d 794a 694a 798c 81ae 692a 826f 9c56 9350 79ac 6909 5067 5067 4867 5888 5889 5068 50c9 69cd 8291 8250 692a 718d 694d 60ea 618b 82b1 718e 60ec 6a0e 9c97 ad39 ac75 9b72 9333 8251 612c 50ea 612b 71ee 71ee 71cf 69ad 69cd 7a6f 9353 9354 8af2 8291 7a2f 79ce 71ac 71ee 618d 696b 79cd 81ee 79ef 82b1 9bf6 a3b4 abb3 ab72 bbb2 d413 e3af db0c dacb ca4c c2ac cc51 d576 de58 de58 bc0e 89c9 99ea b2ab b2cc c34e d3cc e4d0 ed30 dc8f cc6f a32a 7168 5088 50a8 50e9 58e9 58a8 5887 58a8 60e8 60e8 6108 6108 60e8 60c7 58c7 5887 5887 5867 6086 5867 60a7 68e7 60c7 68c7 68e7 60c7 58c7 58a7 6087 60a7 68e7 7128 68e8 70e7 6908 7108 7108 7948 7948 7948 7128 68c7 5887 5887 68c8 7128 8168 8949 70e7 89a9 89a9 89a9 8189 78e7 8148 8989 91a9 a9c8 b1e9 b9e8 ba29 c249 c229 c26a ca4a ca8a ca6a ca6a ca8a ca8a ca6a caab caaa d2aa caab d28a d2ab d2cb d2cb d30c daab daab dacb db0c db0c d34c db6d db4c e36d e36d e36c e38d e3ae e38d e36d e36c e34c e32c db4d db2d db0c dacb d2cb daeb d2ab d28a daaa daab daab da8a dacc e2ec e2cc e2ab e2ab ea6b e28b e28c eb0e eb2e eb2f eb4f eb70 eb90 eb6f eb90 ebd1 ebd0 eb90 eb70 eb2f eb4f eb4f eb91 eb90 ebb1 e370 db0f d2ce db2f d36f d38f d38e dbce dbcf dbce db8e d36e cb6d c32c a1c8 6887 5887 5087 5087 5067 50a7 5087 50a8 50a7 58c7 6908 58a7 5887 60a7 5887 58a7 58a7 5066 5887 60a7 6086 68e7 7989 70e7 60a7 6067 6066 68c8 7107 89c9 9a8c 8989 7907 8989 8988 920a 920a 8168 7928 7107 7108 7948 70e7 7948 8a0a 89ca 68c7 60a7 60c7 5887 58c8 58c9 79ab 922c c3d0 ccb2 cc52 cc10 cbce d3ef d42f dbcb dc2e d40e dbcb d3ec d3ee cc0e cbee cc2e cc4e cc4e cc4f cc4e cc4e cc6f cc4f cc6f cc4f cc4f cc6f cc4e cc4e c42f c44f c42f cc2f cc2f c42f cc2e cc2e c42f c42f cc4e c42f c40e c42f c42f c40f c42f c44f c40e c40e c3ef c3ce c3ee c40e bbee c3ef c3ee c40f c3ef bbcf c3ee c3ce c3ef c3ef c3ee bbee bbce bbae bb8e bb8e bb8d b36d b34d ab4d ab0c b32d c3ad d44e dccf ed50 f5d1 f611 f632 f673 f673 f694 f694 f694 f694 f694 f694 f673 f673 f674 f673 f674 f674 f673 f694 f674 f674 f674 f674 f694 f695 f694 ee95 f675 f675 f674 f694 ee94 f694 f695 f695 f694 f695 f675 f695 f674 f674 ee74 ee74 ee73 ee53 f653 ee53 ee53 ee74 ee53 ee33 f653 ee52 ee52 ee32 f633 f652 
6908 6908 68e8 60a7 68c7 68c7 68c7 68e8 70e7 70c7 7087 78e7 70e7 70c7 78e7 70c7 70c7 70a7 70c7 78e7 8128 8989 91a9 91c9 99ea 99ea a1ea b24b bacc c30c cb6e d3ae dbcf dc0e e40e e42f e44e e48f e4af eccf eccf eccf ecef ed10 ecf0 ed0f ed0f ed0f ed0f ed0f ed0f ed0f ed30 ed30 ecf0 ecd1 ecb1 e471 ec71 e4b2 e4f3 dcf3 d410 cb4f bacc aa4a 9969 80e7 80e7 80e7 8908 8928 9169 916a 99cc b2ce c3d2 cc33 c32f b26d aa2c aa0b b24b aa8d 9a6e 816b 60c9 60ea 692b 798c 718b 9373 a435 8a6e 714a 60e9 58a8 58c9 58c8 50a9 50a9 4869 50c9 720d 82b1 820f 60ea 716c 8251 718e 590a 7a91 8230 694d 82b1 a519 ad18 9bb3 92f1 9352 9b95 8210 58eb 58ea 69ad 71ed 720f 71f0 612c 592a 722d 8b52 9bb5 9313 7a2f 8ad2 9333 79ef 7a51 79ee 8292 8271 8251 82b0 9bd5 b476 c434 bbf3 b371 cbf3 dbf2 db2e d26b c22b caed dcf2 e697 e698 d554 9a2a 99ea b2ac c30b cbce e4ae e42e f5f4 e5b1 cc30 a2eb 6108 50c9 50a8 5109 58e9 58e8 58c8 58a8 58c8 60e8 60e8 6108 6108 6908 60e8 60c8 58a7 58a7 5887 60a7 58c8 60e8 68e8 60c7 68e8 60c7 60e7 60c8 60a8 60a8 60a7 60e7 7168 7148 68e8 68c8 68e8 7128 7948 7148 7969 7108 68a7 5887 58a8 60e8 718a 81ca 89ca 7908 8989 91c9 89c9 7948 70e7 8127 8148 8968 99a9 a1c9 b1e9 b22a ba4a ba2a c249 c24a ca6a ca69 ca6a ca69 ca6a ca4a ca8a d28a ca8a caab d2cb d2ab d2aa d2cb d2ec d2ec d2cc daab daec d30c db0c db4c db4d e34d e34d e34d db6e e38e e38e e38d e36d e34c e34c db4d db2c daeb db0c db0c db0b daca d2aa d2aa d2aa d28a d28a daab daaa daeb e2cb e2cb e2ab e28a e28c eaab eaed eaee eb0f eb2f eb2f eb0f eb50 eb70 eb70 eb50 eb30 eb0f eb2f eb0f eb2f e32f e32f e2ee daef d32f d36f d38f dbaf dbae dbef dbee d38e d34d cb6d cb2d aa6a 7908 5888 50a8 58a8 50c8 50a8 50c8 50a8 50a8 50a8 60c8 6908 58a8 58a8 60a7 58c7 60c7 5887 58a7 60e8 60c7 6086 68e7 7948 68c7 6087 60a7 6087 70c8 8128 89c8 9a6c 8928 78e8 8148 8167 920b 91ca 8148 8128 7908 7928 7948 70e8 70e7 89ea 8a2a 68e8 6087 60c7 6087 60c8 58c9 796a 924c c3d0 d492 cc71 d430 d3ee d40f dc2f dbcb dc2e d40e dbcc d3ec d40e cc0e cc0f cc2f cc2e cc4f cc4e cc4e cc4f cc4f cc4f cc2f cc2f cc2f cc4f c42e cc4e c44f c42f cc2f cc2f cc2f cc2f cc2f cc4e cc2f c42f c42e c42e c42f c40f c40f c42e c40e c44f c40f c40f c40f c40e c3ef c3ef c3ee c40f c40f bbef bc0f bbef bbef bbef c3ef c3ef c3cd c3ee c3ee bbce b3ae b38e b3ae b38d b34d ab2e ab0d b32c c3ad d44e e4ce ed8f f5f1 f632 fe73 f673 f693 f694 f694 f694 f694 f694 f694 f694 f673 f674 f673 f674 f674 f674 f673 f674 f695 f695 f694 f675 f695 ee95 ee95 f695 f695 f695 f695 f695 f695 f695 f695 f695 f694 f674 f674 f673 ee73 ee74 ee74 ee53 ee73 ee53 ee53 ee52 ee53 ee52 ee32 f632 f632 ee32 ee32 f632 f632 
68e8 68e8 60a7 60a7 68c7 68e7 68e7 70e7 70c7 70c7 70c7 70c7 70e7 70c7 70c7 70c7 70c7 70c7 70c7 7907 8148 8989 91a8 99c9 920a 9a4c a1e9 aa2a ba8b c30c cb4d d38d dbce dc0e e42e e44e e44e ec6e ec8f ec8f eccf ecef ed0f ed0f ecef f4ef ed0e ecef f50f f50f ed0f ed0f f52f ed10 ecf1 ecb0 ec91 e470 e430 e40f e40f dbae d32d cacc b249 a1e9 9148 8908 8908 8908 9129 9149 916a 99eb aaef bbd2 cc73 c370 aa4c a1eb a9eb b22b b28d aaaf 926d 794a 60e9 610a 60ca 58c8 7a2e 9c35 a3f4 822d 60c8 5067 5067 58a8 58e9 58a9 50a9 50e9 614b 7a50 82d2 718d 58a9 612a 826f 81f0 694c 7a10 7a0f 698d 93b4 ad7a a475 8ad2 8ab2 828f 93f5 9b75 718e 612c 71ad 720f 7a91 82b2 698d 58eb 614b 722e 82f0 9374 9333 9b13 a372 79ee 8334 8b55 9395 9353 92d3 7a0e 9312 bc96 cc74 d475 bc34 bbd2 cbf4 d32e ca4b c22b cb0c dcf2 e5f5 ddf7 bc10 a22b b2ab c32d d3ce eccd ecae f591 f631 d4cf ab4c 7149 50c9 50e9 5909 5909 58e9 5909 5909 58e8 58e8 60e8 6108 6108 60e8 60e8 6108 6108 60e8 58c7 58c8 60c7 6108 60e8 60c8 60c8 58a7 6087 60e7 68e8 60c7 60c7 60c7 60c7 68c7 7127 7107 68e8 6108 7148 7968 7948 7968 7107 60a7 58a8 60a8 68e7 7169 81ca 89ca 7928 8188 89c9 8168 7948 70e7 7908 7928 8948 9168 a1a7 a9c8 b229 ba29 ba29 ba49 c24a c229 c249 c249 ca69 ca6a ca89 ca69 ca8b ca8a caaa caeb d2ca d2aa d2cb d2ec d2eb daec d30c daec db0d db2c db2d db0c db2d db2c db4d db2d e34d e36d e36d e36d e34d e36c e34d db2c db0b db2d db0c db0c daeb daeb daeb d2cb d28a d2cc d2ab d2ab d2ab daab da8a dacb daab e2ac e28b e2ac e2ed e2ed e2ed e30e e2ee eb2f eb2f eb4f e30e eb0f eb2e eb0e e2ee e2ed e2cd daad dace d32f db8e d3cf d3cf dbae dbae dbae d3ce d36d cb4d c32d b28b 91c9 68c8 5067 58a8 50c8 58c8 50c8 58c8 50a8 50c8 58c8 6128 6908 58c8 58c8 60c8 60e8 60c7 58a7 60a8 6908 60c7 60a7 68e7 7128 68e7 60c7 60a7 6087 70c7 8127 91e9 924b 8128 70e7 8149 8168 922a 91c9 8168 8189 7948 7928 7908 70c7 78e7 920a 922b 68c7 6087 60e8 60c8 58a8 58a8 714a 9ace c3ef d491 cc71 d450 d3ed d40e d44f d3cb dc2e d42e d3ec d3ed d42e cc0e cc6e cc4e cc2f cc4f cc6f cc4e cc4e cc4f cc4f cc4f cc0e cc2e cc2f c42f cc4f cc4f cc2e cc2f cc2f cc2e cc4f cc0e cc4f c42f cc4f c40e c42e c42f c40f c40f c42e c40f bc2f c42f c40f c40f c3ef c3ef c40f bbef c3ef c3ef bbef bc0f bbef bbef bbef c3ee bbce c3ce c3ee bbce bbce b3ae b38e b38d b38d ab4d ab2d ab2e b32c c3ad dc4f e4ef ed90 f5f1 f631 fe53 f694 f695 f694 f694 f694 f694 f693 f694 f693 f673 f694 f674 f673 f674 f694 f674 f694 f694 f695 f695 f694 f695 f695 f695 f695 f695 f695 f695 f695 f696 f695 f695 f694 f674 f674 f653 f653 f653 ee73 ee53 ee33 f632 ee33 ee33 ee32 ee32 ee32 ee32 ee32 ee32 ee32 ee33 ee33 ee33 
68e8 68e8 60a7 60a7 68c7 68e7 68e7 70e7 70c7 70c7 70c7 70c7 70e7 70c7 70c7 70c7 70c7 70c7 70c7 7907 8148 8989 91a8 99c9 920a 9a4c a1e9 aa2a ba8b c30c cb4d d38d dbce dc0e e42e e44e e44e ec6e ec8f ec8f eccf ecef ed0f ed0f ecef f4ef ed0e ecef f50f f50f ed0f ed0f f52f ed10 ecf1 ecb0 ec91 e470 e430 e40f e40f dbae d32d cacc b249 a1e9 9148 8908 8908 8908 9129 9149 916a 99eb aaef bbd2 cc73 c370 aa4c a1eb a9eb b22b b28d aaaf 926d 794a 60e9 610a 60ca 58c8 7a2e 9c35 a3f4 822d 60c8 5067 5067 58a8 58e9 58a9 50a9 50e9 614b 7a50 82d2 718d 58a9 612a 826f 81f0 694c 7a10 7a0f 698d 93b4 ad7a a475 8ad2 8ab2 828f 93f5 9b75 718e 612c 71ad 720f 7a91 82b2 698d 58eb 614b 722e 82f0 9374 9333 9b13 a372 79ee 8334 8b55 9395 9353 92d3 7a0e 9312 bc96 cc74 d475 bc34 bbd2 cbf4 d32e ca4b c22b cb0c dcf2 e5f5 ddf7 bc10 a22b b2ab c32d d3ce eccd ecae f591 f631 d4cf ab4c 7149 50c9 50e9 5909 5909 58e9 5909 5909 58e8 58e8 60e8 6108 6108 60e8 60e8 6108 6108 60e8 58c7 58c8 60c7 6108 60e8 60c8 60c8 58a7 6087 60e7 68e8 60c7 60c7 60c7 60c7 68c7 7127 7107 68e8 6108 7148 7968 7948 7968 7107 60a7 58a8 60a8 68e7 7169 81ca 89ca 7928 8188 89c9 8168 7948 70e7 7908 7928 8948 9168 a1a7 a9c8 b229 ba29 ba29 ba49 c24a c229 c249 c249 ca69 ca6a ca89 ca69 ca8b ca8a caaa caeb d2ca d2aa d2cb d2ec d2eb daec d30c daec db0d db2c db2d db0c db2d db2c db4d db2d e34d e36d e36d e36d e34d e36c e34d db2c db0b db2d db0c db0c daeb daeb daeb d2cb d28a d2cc d2ab d2ab d2ab daab da8a dacb daab e2ac e28b e2ac e2ed e2ed e2ed e30e e2ee eb2f eb2f eb4f e30e eb0f eb2e eb0e e2ee e2ed e2cd daad dace d32f db8e d3cf d3cf dbae dbae dbae d3ce d36d cb4d c32d b28b 91c9 68c8 5067 58a8 50c8 58c8 50c8 58c8 50a8 50c8 58c8 6128 6908 58c8 58c8 60c8 60e8 60c7 58a7 60a8 6908 60c7 60a7 68e7 7128 68e7 60c7 60a7 6087 70c7 8127 91e9 924b 8128 70e7 8149 8168 922a 91c9 8168 8189 7948 7928 7908 70c7 78e7 920a 922b 68c7 6087 60e8 60c8 58a8 58a8 714a 9ace c3ef d491 cc71 d450 d3ed d40e d44f d3cb dc2e d42e d3ec d3ed d42e cc0e cc6e cc4e cc2f cc4f cc6f cc4e cc4e cc4f cc4f cc4f cc0e cc2e cc2f c42f cc4f cc4f cc2e cc2f cc2f cc2e cc4f cc0e cc4f c42f cc4f c40e c42e c42f c40f c40f c42e c40f bc2f c42f c40f c40f c3ef c3ef c40f bbef c3ef c3ef bbef bc0f bbef bbef bbef c3ee bbce c3ce c3ee bbce bbce b3ae b38e b38d b38d ab4d ab2d ab2e b32c c3ad dc4f e4ef ed90 f5f1 f631 fe53 f694 f695 f694 f694 f694 f694 f693 f694 f693 f673 f694 f674 f673 f674 f694 f674 f694 f694 f695 f695 f694 f695 f695 f695 f695 f695 f695 f695 f695 f696 f695 f695 f694 f674 f674 f653 f653 f653 ee73 ee53 ee33 f632 ee33 ee33 ee32 ee32 ee32 ee32 ee32 ee32 ee32 ee33 ee33 ee33 
60a7 60a7 60a7 60a7 68a7 68a7 68c7 68a6 68c7 68c7 70c7 70c7 78c7 70c7 70e7 70a7 70a7 70a7 70c7 78e7 8147 9189 99c9 99e9 9a0a 9a0b 99c9 aa2a ba8b c30c cb4d d38d dbad dbce e40d e42e e42e e44e e48f ecaf ecef ecef ecef ed0f ecf0 ecf0 ed0f ed0f f510 ed0f ecef ed0f f52f ed10 ecf0 eccf ecaf e470 e42f e40f dbce d34d d2eb c28a b229 a1a8 9147 8928 8908 8908 8929 9129 916a aa6d bbb1 cc33 c36f aa8e a22c a20b aa2b b28c b2ee a2af 8a0c 716b 60ca 60ea 58aa 612a 8af0 a496 a3f3 81ec 58a8 5087 50a8 58c9 58c9 50a9 5089 50ea 69ce 82d2 82d1 696c 50aa 58e9 616b 7a0f 79ce 79ef 79cf 71ed 9c76 b55a 9bb3 8ad3 8271 698d 8332 9c36 92f4 7a10 79ef 8291 8b32 8b33 7a2f 696d 612c 614c 614a 7a6e 93b4 9b95 92b1 8270 93d6 93b4 9b93 9b72 9b53 8a30 8270 a351 c434 dcf6 d4b3 bb4f bb93 cb51 ca6c ba4c c30e ccd3 d5f7 d5f8 c3cf c32d cbce dc71 e4af e46d edf4 f612 d44c 9a6a 6969 58e9 50e9 58e9 5909 5909 50e9 58e9 58e8 58c8 58e8 6109 6129 6909 60e8 6108 69aa 5929 5909 58c8 58e9 60e8 6109 60e8 6109 60e9 58c8 58a8 6108 6129 6909 6908 6128 6108 60c8 6928 7948 7128 68e7 7128 7168 7969 7969 7949 6928 6109 60a7 60a7 6928 7989 89ca 7928 7128 89e9 81a8 81a9 7928 7108 7948 8989 9168 9947 a1a8 a9e9 b209 ba09 ba09 ba09 c209 c209 c249 ca69 c26a ca8b ca6a cacc caab ca8a caab d2ab d2cb d2cb d30c db0c d30c d30c daec db0c db0c db2c db2d db2d db2d db4d db4d db2d db2c e34d e34c e34c e36d db6d db2d db0c db0c db0c daec daeb db0c daec dacb d2cb d2ec d2cb d2aa d2cb d28a d28a d26a d26a d26a da8a da8a e2ca e2cc daab dacc e2ec e30e e30e e2ec e2ab e2cc e2ac e28b da8c da8c daac d30d d38f d3cf dbce dbce dbae db6d dbae d38e d38e cb6d cb2c aa29 9188 8968 60c8 5067 5067 58c8 50c8 50a7 5088 58a7 58a7 58a8 6108 60a8 5867 58a7 6108 6928 60c7 58a8 68e8 68c7 60a7 60c8 7108 7108 6907 60c8 6087 6066 70e7 8168 89e9 920a 8148 7908 8969 8147 920a 89c9 7907 8988 8188 7908 70c7 70a7 7907 89e9 926b 7128 6087 60a7 60a8 60a9 5888 6909 928d bbaf d491 cc92 d470 cbcd d40e d450 dbcb dc2e d42d d40c d40e cc2e cc0e cc4f cc2e cc4e cc4e cc4f c44e cc4e cc2e cc2f cc4e cc4f c44f cc2f cc2f cc4f cc4f cc6e cc4f cc2e cc4f c44f c42e c42e c42f c42f cc2e c40e c42e c42e c42f c42e c40f c40f c42e c40e c40f c40f bbef bc0e bbef bc0e bbef bbef bbee bbef bbef bbae bbce bbae bbae bbce bbce b3ae b38e b38d b38d b38e ab4d a32d ab0d b32c c3ad d44e e510 edb1 f5f2 f652 f673 f694 f694 f6b5 f6b5 f694 f694 f694 f694 f673 f673 f694 f674 f694 f674 f674 f694 f674 f694 f695 f695 f695 f6b5 f695 f696 f695 f694 f695 f694 f694 f694 f694 f674 f673 f674 ee53 f652 ee32 ee53 ee32 ee32 ee32 ee32 ee32 ee32 ee32 ee32 ee52 ee53 ee53 ee52 ee32 ee32 ee33 ee33 
6129 6129 60c7 60a7 6087 6887 60a7 60a7 68a7 68c7 7108 70e7 70c7 68e7 6907 68a7 68c7 68c7 70a7 78e7 8148 91a8 9a09 9a09 99c9 9189 99a9 aa2a ba8b c2eb d32c d38d dbad dbce dbee dc2e e42e e44e e48f ecce ecef ecef ed0f ed0f ecef ecf0 ecef ed0f f4ef ecef ed0f ed0f f50f f4f0 ecf0 ecd0 ecae ec70 e42e e3ed dbcd db6c d30a c2aa ba4a a1c9 9188 8908 8108 8109 8109 8929 99cb b34f cc34 c3f1 aa6e a20c a20b aa2b aa2b b2ac b2ce 924c 796a 68e9 58ca 60ea 60ca 718b 9330 acd5 9bf3 798b 5067 4867 58c8 58c9 58a9 4848 4848 590a 7a70 82d0 722d 614b 58ca 50c9 50c9 69ad 79cf 7a11 79cf 7a4f ad38 b599 a3d4 9375 7a30 610b 720e 8b73 9bf6 8af2 8291 8af1 9353 9353 8270 696c 696c 612c 612c 590b 724e 8b52 93b5 93f6 93f5 9332 8a8f 928e ab71 a394 8a90 71ab a372 c454 c3b2 b2ad b3d4 bbd4 c2ae baae bbb1 cd15 de58 ddf7 dc50 dbed e470 ed0e e40e f5d4 f6b4 d4ce 9a09 6109 58ea 5109 58e9 58e9 58e9 5909 5909 58e9 60e9 6109 6108 60e8 6108 6908 6929 6908 6108 58e8 58c8 58a7 58c8 60e8 6908 6108 60e8 60c8 60c8 58a7 58c7 6128 7108 7108 7148 6908 60e8 6908 7948 7148 7108 68e7 6928 7948 7948 7949 6908 68e8 60c7 60c8 6908 7148 81aa 7969 7108 89c9 89c9 81a9 7928 68e7 7948 8148 8948 9127 a188 a1a8 a9c8 b209 b229 ba4a ba09 ba29 ba09 c229 c24a c26a c24a ca8a c28b ca8a ca8b d28b caab d2ab d2cb d2ec daeb d2cb dacc daeb db2c db2c db0c db0d db2d db4d db4e db0c db2e db6d e36d e34d e32d db2d e34d db2d db0c db0c db0c daec daeb db0c daeb daeb daec db0c daca d2ca d2cb d2ab ca8a ca8a ca8a d249 d24a d26a d28a d269 d26a da8a da6a d2ab d26a d249 d26a d26b d24a d28c d2cd d34e dbd0 dc0f dbef dbef dbae db6e db6e db8e d38e cb8d c32c b209 78e6 8989 7928 58c8 5088 5087 50a7 5088 5087 5067 5067 5087 58a7 60c7 6087 5887 60a8 6908 68e8 60e8 6908 68e8 60a7 60a7 68c7 68c7 60e7 68e7 68a7 6887 6087 7107 89c9 922b 91ea 8147 8148 89a9 8147 920a 89e8 7927 8988 8147 7907 70c7 70e7 7948 89c8 920a 7907 6886 6087 5887 60a8 58c9 6929 926d c38f d450 d4b2 d430 cbad d40e dc30 dbcc dc0e d40f d3ec d3ee cc0f cc2f cc6e cc2f cc4f cc4e c44e cc2e cc4e cc4e cc50 cc2e cc2f cc2f cc2f cc4f cc4f cc2f cc2e cc4f cc4e cc4f cc2f cc2f cc2f cc2f cc4f cc4e cc2f cc2f c42e c42f c40f bc2f c42f c40f c40e c42f c42e bc0f c3ef c3ee bbef c40f bbee bbef bbef bbee bbcf bbcf bbef bbce bbae bbce b3ae b3ae b38d ab6d ab6d ab2d a30c a2ec b32c c3ad d44e e52f edd0 f611 f653 f694 f6b4 f6b5 f6b5 f6b5 f694 f694 f695 f693 f694 f674 f674 f694 f694 f674 f694 f694 f694 f695 f695 f6b6 f6b5 f6b5 f6b5 f6b5 f6b6 f694 f695 f674 f674 f674 f673 f673 ee53 ee53 ee52 ee32 ee52 ee52 ee33 ee32 ee32 f632 ee33 ee33 ee32 ee53 ee53 ee53 ee53 ee53 ee53 ee54 ee53 ee54 
60e8 60e8 60c7 60a7 60a7 60e7 60c7 68c7 6087 68a7 68e7 68a6 68a7 68c6 68a7 6886 68c7 68c7 70c7 7907 8989 99e9 9a09 9a09 99e9 99a9 99a9 a9e9 ba6b c2eb cb2b d36c dbae db8d dbcd dc0e e42e e42e ec8f ecae eccf ecef ecf0 ed0f ecef ecf0 ecef ecf0 ecef ed0f f50f ed0f f50f ed0f f4ef eccf ec8f e44f e42e e3ed e3ac db4b d30a c2aa ba49 a1a8 9168 8908 80e8 78e9 810a 8949 9a2c bb70 cc74 b330 a22d a1cb a20b aa4c aa6c aa8d 9a6d 818b 60e9 5888 58ca 610b 690a 79ac 9310 a474 9b71 714a 5887 5087 58a8 58c9 50c9 48a9 4088 616c 8290 7a2f 694a 610a 58ca 5089 4869 50c9 618d 79f0 8210 9374 b5ba b578 a414 9bf6 8230 610b 614c 7a90 9c36 9bb6 8ab2 8af2 8b52 9394 8ab1 696c 614c 698d 718f 50eb 616d 7ad2 9416 9c35 9c15 9374 8a92 8a2f 9aad ab70 9a8e 592a 8ad0 a3d4 a332 9a2c ab72 bbb4 c2ae c2ed c433 d5b6 e658 dd53 dc0c e3ad f4ce dc2d ed51 f693 dced 9208 60a8 50a9 50a8 50e9 50c9 58a8 5888 58c8 58e8 58e9 58e9 58e9 60c8 60c7 60e7 68e7 68c7 6908 60c7 58c7 50a7 5087 5866 60a7 68e7 6108 58c7 60c8 60c8 58c8 5929 60e8 68e8 70e8 68e8 7148 7128 68c7 68c7 7148 7128 6907 7128 6907 7128 7928 68e7 68a7 60c7 60c8 68e8 7128 81aa 818a 7108 8168 89ea 8189 7108 70e7 7108 7948 8148 8948 9967 a168 a188 a9e8 b209 ba49 ba29 ba09 ba08 ba08 ba49 c229 c229 c229 ca8a ca8b ca8b caaa ca8a d2cb d2ab d2cb d2eb daeb d2ec d2ec db0c db0c d30c db0c db4e db2d db2d db4d db4d db6e db6d db6d db4d db4d db4d db4d db2d db0d db0d db0c daec daec dacb daec daec daeb d2cb dacc d2ec d2eb d2eb d2ec caeb ca8b ca8a ca6b ca6a ca6a ca8c ca6a ca6a c28c ca8c ca8b caac d2cc d30d d36e db8e dbef dc0f dbef dbcf db8f db4f db2d db6d d38e d38d c38d b289 78c6 70c7 91a9 7108 5067 5087 58a8 50a8 50a8 5067 50a7 5888 58a7 58a7 60a7 6087 58c8 60e8 68e8 60c8 7149 7148 68e7 60c7 6108 68e7 60a7 60c7 68c6 7107 6067 6067 70e7 89c8 9aad 91ea 8108 8928 8989 8147 922a 924b 8188 8168 7948 7907 7907 7908 7907 89a8 89ea 7928 6886 68e8 6169 60e8 60c9 6929 926d bb8f d491 d4f2 d470 cbce d3ed dc50 dbed dc2d d40e d3ed cbed cbed cc6f cc6e cc2e cc4f cc6e cc6e cc4e cc2f c44f cc6f cc4f cc2f cc2f cc2f cc4f cc4f cc0f c42f c44f cc2f cc2f cc2f cc4f cc4f cc4f cc4f cc4f cc4f cc4f c42f c42f c40f c40f c42f bc30 c40f c40f c42f bbee c40f bbef c3ee c3ef bbef bbf0 bbef bbee bbcf bbef bbce bbcf c3ce bbce b3ae b38d b38e b36d ab4d a32d a30d a2cc aaec bb6d d44e e50f edd1 f612 f652 fe94 f6b5 f6b5 f6b5 f6b4 f694 f694 f694 f694 f694 f694 f694 f694 f694 f694 f694 f695 f695 f695 f6b5 f6b5 f6b5 f6b5 f6b5 f6b5 f695 f694 f694 f674 f673 ee74 f673 f673 ee52 ee32 ee52 ee32 ee52 ee32 ee53 ee53 ee53 f653 ee53 ee53 ee73 ee53 f653 ee54 f654 f654 f674 f674 f653 f654 
60e8 60e8 60c7 60a7 60a7 60e7 60c7 68c7 6087 68a7 68e7 68a6 68a7 68c6 68a7 6886 68c7 68c7 70c7 7907 8989 99e9 9a09 9a09 99e9 99a9 99a9 a9e9 ba6b c2eb cb2b d36c dbae db8d dbcd dc0e e42e e42e ec8f ecae eccf ecef ecf0 ed0f ecef ecf0 ecef ecf0 ecef ed0f f50f ed0f f50f ed0f f4ef eccf ec8f e44f e42e e3ed e3ac db4b d30a c2aa ba49 a1a8 9168 8908 80e8 78e9 810a 8949 9a2c bb70 cc74 b330 a22d a1cb a20b aa4c aa6c aa8d 9a6d 818b 60e9 5888 58ca 610b 690a 79ac 9310 a474 9b71 714a 5887 5087 58a8 58c9 50c9 48a9 4088 616c 8290 7a2f 694a 610a 58ca 5089 4869 50c9 618d 79f0 8210 9374 b5ba b578 a414 9bf6 8230 610b 614c 7a90 9c36 9bb6 8ab2 8af2 8b52 9394 8ab1 696c 614c 698d 718f 50eb 616d 7ad2 9416 9c35 9c15 9374 8a92 8a2f 9aad ab70 9a8e 592a 8ad0 a3d4 a332 9a2c ab72 bbb4 c2ae c2ed c433 d5b6 e658 dd53 dc0c e3ad f4ce dc2d ed51 f693 dced 9208 60a8 50a9 50a8 50e9 50c9 58a8 5888 58c8 58e8 58e9 58e9 58e9 60c8 60c7 60e7 68e7 68c7 6908 60c7 58c7 50a7 5087 5866 60a7 68e7 6108 58c7 60c8 60c8 58c8 5929 60e8 68e8 70e8 68e8 7148 7128 68c7 68c7 7148 7128 6907 7128 6907 7128 7928 68e7 68a7 60c7 60c8 68e8 7128 81aa 818a 7108 8168 89ea 8189 7108 70e7 7108 7948 8148 8948 9967 a168 a188 a9e8 b209 ba49 ba29 ba09 ba08 ba08 ba49 c229 c229 c229 ca8a ca8b ca8b caaa ca8a d2cb d2ab d2cb d2eb daeb d2ec d2ec db0c db0c d30c db0c db4e db2d db2d db4d db4d db6e db6d db6d db4d db4d db4d db4d db2d db0d db0d db0c daec daec dacb daec daec daeb d2cb dacc d2ec d2eb d2eb d2ec caeb ca8b ca8a ca6b ca6a ca6a ca8c ca6a ca6a c28c ca8c ca8b caac d2cc d30d d36e db8e dbef dc0f dbef dbcf db8f db4f db2d db6d d38e d38d c38d b289 78c6 70c7 91a9 7108 5067 5087 58a8 50a8 50a8 5067 50a7 5888 58a7 58a7 60a7 6087 58c8 60e8 68e8 60c8 7149 7148 68e7 60c7 6108 68e7 60a7 60c7 68c6 7107 6067 6067 70e7 89c8 9aad 91ea 8108 8928 8989 8147 922a 924b 8188 8168 7948 7907 7907 7908 7907 89a8 89ea 7928 6886 68e8 6169 60e8 60c9 6929 926d bb8f d491 d4f2 d470 cbce d3ed dc50 dbed dc2d d40e d3ed cbed cbed cc6f cc6e cc2e cc4f cc6e cc6e cc4e cc2f c44f cc6f cc4f cc2f cc2f cc2f cc4f cc4f cc0f c42f c44f cc2f cc2f cc2f cc4f cc4f cc4f cc4f cc4f cc4f cc4f c42f c42f c40f c40f c42f bc30 c40f c40f c42f bbee c40f bbef c3ee c3ef bbef bbf0 bbef bbee bbcf bbef bbce bbcf c3ce bbce b3ae b38d b38e b36d ab4d a32d a30d a2cc aaec bb6d d44e e50f edd1 f612 f652 fe94 f6b5 f6b5 f6b5 f6b4 f694 f694 f694 f694 f694 f694 f694 f694 f694 f694 f694 f695 f695 f695 f6b5 f6b5 f6b5 f6b5 f6b5 f6b5 f695 f694 f694 f674 f673 ee74 f673 f673 ee52 ee32 ee52 ee32 ee52 ee32 ee53 ee53 ee53 f653 ee53 ee53 ee73 ee53 f653 ee54 f654 f654 f674 f674 f653 f654 
60c7 60c7 60a7 60a7 60a7 60e7 68e8 68e8 68a7 60a7 68a7 60a7 68a7 6886 6086 6087 6887 68a7 70c7 8168 91e9 9a0a a209 9a2a 9a09 99ea a1ea aa0a b28b c2ec cb0c d36c d38e db8c dbae dc0e e40e e42e ec6f ecaf eccf ecf0 eccf ecef ed0f ecef f4ee f50f f50f f50f f50f f52f f52e ed0f f4cf eccf ecaf ec4e e42e e40d e3ad db6c d30b caaa ba69 a9c9 9168 8908 80e8 80e8 8929 896a a20b bb71 c454 aaef a20c a1ea a20b aa4c aaad 926d 820c 692a 60e9 50c9 58ca 58ea 694b 820e 9b51 a3f3 8a4d 692a 58a8 50a8 50a8 5088 5089 4888 50e9 69cd 8250 7a0e 692b 612b 612b 58ca 50aa 48a9 48ca 612c 8271 9c57 b5bb ac95 9bb3 a476 9334 79cf 590c 6a0e 93d4 a457 9354 8b13 9374 9374 8ad2 79ef 71f0 720f 7a10 71ce 7a92 8b94 8b32 8b32 9394 9bb4 9b73 9313 8a6f 922e 89ee 71ad 8ab1 a393 9b12 89cc 926f b353 ba4d baac d492 e617 de39 d451 cb2d ec8f e48d edb4 ee12 cc2b 89c8 58a8 50a8 50c9 50e9 50c8 58e9 5909 5909 58e8 58e8 58e8 58a8 60e8 60e8 6108 6908 68e8 68e8 7128 6908 60c8 58a7 58c8 58a7 60c8 68e8 68e7 58a8 58a7 60c8 60c8 6129 60c8 60c8 60e8 68e8 6908 7128 68c8 60c8 6908 68e8 6908 7108 68e7 7108 7127 7108 68e8 68e8 60a8 60c8 68e8 7949 7949 68e8 7948 81c9 81ca 7149 7108 68c7 7948 8148 9188 9968 9948 a188 a1c8 a9a8 b1c8 b1e8 ba09 b209 b229 ba4a c229 ba29 ba29 c26a ca6a ca6a ca6a d2aa d2ab d2cb d2cb d2cb d2eb dacb d2eb d30c daec d30d db0d db4d db2d db2d db2d db2d db4d db4d db4d db2d db4d db4d db2e db0c db0d db2d db0c db0d db0c daec db0c db2d daec dacc d2ec db0c db0c db0c d34d d30c d30d d30d d2ec cacc caec cb0d d2ec d2ec d30e d32d db4d db6f db8e dbcf dbaf e3ce dbcf dbcf dbf0 db8f d32f d34e d34d d38e d36d cb6d bb0d 8928 6067 70e7 91a8 68e8 50a8 58a8 50a7 50a8 50a8 50a8 50c8 5087 58a7 58c8 6908 60e8 6108 60e8 60a8 6108 71ca 7148 60e8 60e7 6108 60e7 60c7 68c7 68e8 7128 5867 6087 70c7 8988 a2cd 9a0a 8148 8969 8968 8148 9229 922b 8988 7927 8149 70e7 78e7 7928 7927 8988 922a 7948 68a7 70e8 68e8 60c8 60a9 60e9 922c b38f d4b2 d4f2 d491 d3ee d3ed dc50 d3ee d40e d3cd d3ee cbcd cc0e cc4f cc4f cc2e cc4f cc6f cc6f cc4f c42f cc4f cc6f cc50 cc4f cc2f cc4f cc50 cc4f cc2f c42f cc4f cc4f cc4f cc4f cc4f cc4f cc4f cc4f cc6f cc4f c450 c42f c42f c42f c42e c44f c42f c42f c40f c40f bc0f bc0f bbef bc0e bc0f bbef bbee bbee bbee bbce bbef bbef bbce bbee bbae b3ad b36d ab6d b38d ab4c a32d a30d a2ec ab0c bb6d d42d e50f edd1 f632 f673 f694 f6b5 f6b5 f6b5 f6b4 f6b4 f694 f674 f694 f694 f6b4 f694 f694 f694 f694 f694 f695 f695 f695 f695 f695 f695 f695 f695 f695 f695 f674 f675 f673 ee53 f653 f653 f653 ee52 ee53 ee53 ee53 ee53 ee53 ee73 ee53 ee73 f653 ee74 f674 ee74 ee54 f674 f654 f674 f674 f674 f674 f654 f674 
60c8 60c8 60a7 60a7 60c7 60c7 68c8 68c7 60a7 60a7 68a7 68a7 68c7 68a7 60a7 60a7 6067 6887 78e7 89ca 9a8c a24a a229 a22a a22a a209 a22b b26b baab c2cb cb0c d34c d36c d3ad dbcd dbed e40e e44e ec8e ecaf eccf eccf eccf ecef ecef ecef ecef ed0f f4ef f4ef f510 f50f ed30 f510 f4cf eccf ecaf ec8e e42e e3ed e3cc db8c db0b caca ba6a a9c9 9168 8908 80e8 80e8 88e9 914a 9a2c bb91 bc54 aad0 a1eb a1ca a20b aa2c 920c 81ab 798b 716b 698b 590a 58ca 58ea 696b 7a0c 9351 9330 714a 60e9 58c8 58e9 58c8 5088 4068 4088 50e9 69cd 7a2e 71cc 60e9 58e9 694b 612b 590a 508a 406a 510b 82f2 a4f8 b59b a3d4 8b74 9c55 9bb4 9b75 79f1 614c 728f 9c57 9bf6 9374 9bb5 9353 8af2 8270 7a50 82b2 8b33 9354 8af2 826f 71ee 7a50 8b34 9372 9b32 a373 92af 79ac 696c 71cd 8b12 a3d4 9b94 8ab1 8a90 9b54 a291 aa8f cc11 e5f6 e639 d4f4 e4d0 f50f f592 f693 d46d 8988 50c8 50e9 50e9 5909 58c9 58e9 58e9 58e8 58e8 58c8 58c8 58e8 58c8 60c8 6108 6909 68e8 60e8 6108 7108 6908 60e8 58e8 58c8 58e8 60c8 60e8 6908 60e8 58c8 60e8 68e8 58c8 60e8 60c8 60e8 6108 6929 6908 68e8 68e8 68e8 6908 6908 7128 6907 70e8 7128 7928 6948 6908 60a7 60c7 68c7 7928 7928 68c8 7128 81a9 81a9 7968 6908 60e7 7107 7948 89a8 9988 9148 99a8 a1c8 a9a8 a1a8 a9e8 b1e9 b229 ba09 ba2a ba29 ba49 c24a c24a ca4a ca8a ca8a caab d2ab d2cc d2ec d2ec d2cb d2cb d2ec d30d d30d db0c db0c db0d db0d db4d db4d db0d db4d db4d db2c db2d db2d db4d db2d db2c db4d db2d db0d db2d db2d db2d db4d db2d db0c db0c db2c db4d db4d db6d db8e db6d db8e db6e db8e db8f dbaf dbcf e38e e38f e38e e3af e3af e3af e3ef e3f0 e3cf dbce dc0f dbef dbaf db4e d32e db6e db8e d38d d38d cb4d 99c9 6866 6087 7928 8188 60e8 58c8 58c8 5087 5087 5087 5088 58c8 58a8 5887 58c8 6928 60e8 60c8 68e8 60c8 60e8 6929 7148 60e8 58c8 60c7 60c7 60c7 6086 60a7 70e7 5867 6067 70c7 8968 a2ac 9a0a 8148 8989 8968 8168 9209 920a 8168 7927 8148 7907 7907 7907 78e7 8988 9229 81a9 68a7 6886 6887 60c8 60a8 58c8 8a0b b38f d4b2 d4b2 d471 d40f dbcc dc6f d42e d40e d3cd cbcd cbed cc4e cc4f cc2e cc2f cc4f cc6e cc6f cc4f cc2f cc4e cc4f cc2f c42f c44f c42f cc2f cc4f cc4f cc4f cc2f cc4f cc4f cc2f cc2f cc50 cc2f cc2f c44f c44f c42f c42f c42f c430 c40f c42f c42f c40f c40f c40f bc2f bbef bc0f bc0f bbee bbef b3ef bbee bbee bbef b3ef bbcf bbce bbce b3ae bbad b38e ab6d b36d ab4d ab2d a32d a30c ab0d bb6d d44e e50f edd1 f632 f673 f694 f6b5 f6b5 f6d5 f6b5 f6b4 f6b4 f695 f694 f694 f694 f694 f694 f695 f6b4 f6b5 f695 f695 f695 f695 f694 f6b5 f694 f694 f694 f694 f674 f674 f674 f653 ee53 ee73 ee53 ee54 ee74 ee74 f673 f674 f653 ee54 ee53 ee74 f674 f653 f674 ee74 f675 f674 f674 f674 f674 f674 f674 f674 f674 
6109 6109 60c8 60a7 60a7 60c7 60c7 60c7 60a7 60a7 68a7 6887 60a6 60a7 60a7 60a7 6866 68a7 7928 91c9 a22b aa4a aa6a aa2a a24b a20a aa4b b26a c28b c30c cb2d cb4c d36c d38d dbac dbcd e3ee e42e ec4d e4af ecaf eccf ecef ecee ecf0 ecef ed0f eccf ecd0 f4ef ecf0 f510 ed10 f4ef f4ef ecaf ecaf ec6f e44f e42e e3cc db8b d32b cacb c249 a9c8 9189 8928 80e8 8109 80e9 8929 99eb bb0f bbd3 b311 aa2d a1aa a1ec 9a0c 91cc 8a0d 89ec 79ab 714a 690a 692b 716c 716b 71cb 82af 822d 60c8 60e9 58e9 58c8 50c8 50a9 4868 4888 510a 6a0d 7a6f 71ad 58e9 5909 614b 696c 58ea 50cb 512b 616d 8b32 acd7 b59a a3d4 9395 93b5 8ad0 9bb3 9b75 8251 69cd 8b72 a4b8 9c36 9bb4 9353 82b1 8a91 8270 8b73 93d4 9332 71cd 698d 71cf 720e 8b95 9394 9311 b3b4 b2ce 792a 58ca 592a 828f 9bb4 9b73 92cf 92d0 a3b4 ab11 ab31 c474 e638 ee9a edf5 fd8e f5f3 f652 dc6b a24a 60e8 50a8 50a8 5088 50c8 50a7 58e8 5909 58a8 58a8 58c8 58c8 58c7 58a7 6087 60c7 6908 68e8 68a7 60a7 6907 68e7 58e8 58c8 5087 58a8 58c8 6929 68e8 60a7 60a7 60c8 60c7 60c8 58c7 60c8 58c8 58c7 60e8 68e8 68e7 68e8 6908 68e8 68e7 68e8 70e7 70e7 7128 7107 7128 68e8 6087 5887 60c7 70e7 7128 7108 68e7 7948 7148 7968 7107 68e8 60c8 70e7 8148 8948 8927 9148 9988 a1a8 a1a8 a1a8 a9a8 b208 ba29 b209 ba08 ba29 c249 c24a c24a ca6b ca8a ca8b cacc d2cb d2ec dacb da8a d2eb d30c db2d daec db0c daec d34d db4d db2c db0d db0d db2c db4d db2d db4d db2d db2d db2c db4d db4d db2d db2d db2d db0d db2d db4e db2d db4d db4d db4e e38e e3af e3ce dbaf dbcf e3cf e3f0 e3f0 e410 e430 e42f e410 e3ee e3ef e3f0 e3cf e3ef e3ef e3f0 e3f0 dbef dbef dbae db8f db6f db4e db8e db8e d38d cb6d b269 70c7 5847 60a7 89a9 7928 60c8 5909 5087 5067 5087 5088 50a8 58c8 58a8 50c8 58e8 60e8 58e8 58c7 6928 60e8 60e8 60e7 6928 6908 58c7 60c7 60e7 68c7 6087 68c7 68e8 5887 6087 70e7 89a8 a2cc 9a2a 8148 8989 8168 8148 920a 91e9 8988 8968 8168 7927 7948 7928 7947 8988 91c9 8989 68c7 68a7 60a7 68e8 60c9 5887 81ca b3af cc91 d4d1 dc90 d44f dbec dc4e d44f d3ed d3ac cbcd cc0d cc6f cc4f cc2e cc2e cc6f cc4f cc6f cc6f cc6f cc6e cc4f cc4f c42f c44f c42f c42f cc4f c44f c44f c44f cc4f cc4f cc2f cc2f cc4f cc0f c430 c42f c42f c42f c42f c44f bc10 bc0f c42f c42f c40f bc0f bc0f c42f c40f bc0f bbef bc0f bc0f bbef bbcf b3cf bbef bbef bbef b3ce b3cf b38e b38e b38e ab6e ab4d ab4d a32d a30d a2ed a2ec bb4d d44e e550 edf1 f632 f693 f6b4 f6b5 f6b5 f6b5 f6b5 f6b4 f6b4 f6b4 f694 f694 f694 f695 f694 f695 f6b6 f695 f695 f695 f695 f694 f694 f6b4 f674 f674 f674 f674 f674 f653 f653 ee54 ee74 ee53 ee74 f654 ee74 f674 f674 f674 f674 f674 f654 f673 f674 f673 f654 f674 f674 f674 f674 f674 f673 f674 f654 f653 f653 
6109 6109 60c8 60a7 60a7 60c7 60c7 60c7 60a7 60a7 68a7 6887 60a6 60a7 60a7 60a7 6866 68a7 7928 91c9 a22b aa4a aa6a aa2a a24b a20a aa4b b26a c28b c30c cb2d cb4c d36c d38d dbac dbcd e3ee e42e ec4d e4af ecaf eccf ecef ecee ecf0 ecef ed0f eccf ecd0 f4ef ecf0 f510 ed10 f4ef f4ef ecaf ecaf ec6f e44f e42e e3cc db8b d32b cacb c249 a9c8 9189 8928 80e8 8109 80e9 8929 99eb bb0f bbd3 b311 aa2d a1aa a1ec 9a0c 91cc 8a0d 89ec 79ab 714a 690a 692b 716c 716b 71cb 82af 822d 60c8 60e9 58e9 58c8 50c8 50a9 4868 4888 510a 6a0d 7a6f 71ad 58e9 5909 614b 696c 58ea 50cb 512b 616d 8b32 acd7 b59a a3d4 9395 93b5 8ad0 9bb3 9b75 8251 69cd 8b72 a4b8 9c36 9bb4 9353 82b1 8a91 8270 8b73 93d4 9332 71cd 698d 71cf 720e 8b95 9394 9311 b3b4 b2ce 792a 58ca 592a 828f 9bb4 9b73 92cf 92d0 a3b4 ab11 ab31 c474 e638 ee9a edf5 fd8e f5f3 f652 dc6b a24a 60e8 50a8 50a8 5088 50c8 50a7 58e8 5909 58a8 58a8 58c8 58c8 58c7 58a7 6087 60c7 6908 68e8 68a7 60a7 6907 68e7 58e8 58c8 5087 58a8 58c8 6929 68e8 60a7 60a7 60c8 60c7 60c8 58c7 60c8 58c8 58c7 60e8 68e8 68e7 68e8 6908 68e8 68e7 68e8 70e7 70e7 7128 7107 7128 68e8 6087 5887 60c7 70e7 7128 7108 68e7 7948 7148 7968 7107 68e8 60c8 70e7 8148 8948 8927 9148 9988 a1a8 a1a8 a1a8 a9a8 b208 ba29 b209 ba08 ba29 c249 c24a c24a ca6b ca8a ca8b cacc d2cb d2ec dacb da8a d2eb d30c db2d daec db0c daec d34d db4d db2c db0d db0d db2c db4d db2d db4d db2d db2d db2c db4d db4d db2d db2d db2d db0d db2d db4e db2d db4d db4d db4e e38e e3af e3ce dbaf dbcf e3cf e3f0 e3f0 e410 e430 e42f e410 e3ee e3ef e3f0 e3cf e3ef e3ef e3f0 e3f0 dbef dbef dbae db8f db6f db4e db8e db8e d38d cb6d b269 70c7 5847 60a7 89a9 7928 60c8 5909 5087 5067 5087 5088 50a8 58c8 58a8 50c8 58e8 60e8 58e8 58c7 6928 60e8 60e8 60e7 6928 6908 58c7 60c7 60e7 68c7 6087 68c7 68e8 5887 6087 70e7 89a8 a2cc 9a2a 8148 8989 8168 8148 920a 91e9 8988 8968 8168 7927 7948 7928 7947 8988 91c9 8989 68c7 68a7 60a7 68e8 60c9 5887 81ca b3af cc91 d4d1 dc90 d44f dbec dc4e d44f d3ed d3ac cbcd cc0d cc6f cc4f cc2e cc2e cc6f cc4f cc6f cc6f cc6f cc6e cc4f cc4f c42f c44f c42f c42f cc4f c44f c44f c44f cc4f cc4f cc2f cc2f cc4f cc0f c430 c42f c42f c42f c42f c44f bc10 bc0f c42f c42f c40f bc0f bc0f c42f c40f bc0f bbef bc0f bc0f bbef bbcf b3cf bbef bbef bbef b3ce b3cf b38e b38e b38e ab6e ab4d ab4d a32d a30d a2ed a2ec bb4d d44e e550 edf1 f632 f693 f6b4 f6b5 f6b5 f6b5 f6b5 f6b4 f6b4 f6b4 f694 f694 f694 f695 f694 f695 f6b6 f695 f695 f695 f695 f694 f694 f6b4 f674 f674 f674 f674 f674 f653 f653 ee54 ee74 ee53 ee74 f654 ee74 f674 f674 f674 f674 f674 f654 f673 f674 f673 f654 f674 f674 f674 f674 f674 f673 f674 f654 f653 f653 
60c7 60c7 60c7 60c8 60a7 60c7 60a7 60a7 58a7 60a7 60a7 6087 6086 6066 6087 60a7 6087 68c7 8968 99e9 a24a aa4a aa4a aa4a a24a aa2a aa4b b26a c2cb caec cb2c cb4d d36d db8d db8c dbce dbed e42f ec6e ecaf ecd0 ecaf eccf ecef ecef ecef ecef ecef ecf0 ecef ecef f4f0 f510 f4ef ecf0 ecaf ec8f e46f e44d e42e e3cd db6b d32b caca c269 b1e9 9989 8948 80e8 8108 8929 8929 91aa aaae b351 b311 aa8e aa2c a28e 9a2d 8a0c 8a2c 89ec 716a 692a 694a 79cc 81ed 79ab 71aa 7a4e 718a 58e8 6129 6109 50a8 48a9 4889 4888 4888 592a 722e 822e 718c 50a9 50e9 612a 694b 610b 590b 50ca 58eb 720d a455 b559 9bb3 8b74 9374 7a30 8290 9372 9b95 8291 7a6f 9c56 a4d8 9bd4 8b54 82d1 8ad1 8af1 8b31 8b11 822f 616c 698d 7a51 724f 7a90 8b12 9331 bbb3 c2ee 918a 794b 714b 828f 9394 92f0 79cb 9af1 ab53 b2ce c38f dd96 eeb9 eeda f5f5 fdd3 f672 d46d 91a8 68e8 58e9 50c8 50a8 50a8 50a8 58c8 58e9 5909 58e9 58a8 58c8 58c8 58a8 58a8 60c8 60c8 68e8 6908 68e8 60e8 6928 68e7 60e8 50a7 5067 58a8 58c7 6908 60e7 60a7 58a7 60e7 60e8 6908 60c7 58a7 58a8 60c8 60a8 60c7 6908 7108 6908 6908 68e7 68e8 7108 70e7 7128 7128 7127 68e7 6087 5887 60c7 68e6 7127 7107 68e7 7107 7128 79a9 7127 70e7 60e8 68e7 7948 8148 8107 80c7 9147 9988 a1a8 a1a8 a9a8 a9e8 b229 b229 ba29 ba29 c229 c24a c249 c24a c24a ca6a caab d2cb d2eb d2cb da8a d2cc d30c d30c db0c d32d d30d db4d db4d db2d db0d db2d d32d db2d db2d db2d db6e db4e db4d db4e db4e db4d db6e db4e db4d db6e dbae db8e db6e db8e db8e dbae e3cf e3cf e3ef e410 e430 e451 ec30 e470 ec91 e450 e450 e40f e40f e40f e3ef e3ef e3ef e40f dc10 dbef e3ce dbcf db8f db8e d3af dbaf d38d cbad c32c 8107 5887 5867 68c7 8988 7928 58c8 50a7 5087 5087 50a8 50a8 58a8 58c8 58a8 50c8 58c8 58c8 58c8 60e8 7189 60e8 60e8 6908 6929 7128 60c7 60c7 6908 68c7 5886 60a7 68e8 5887 6087 70e7 91e9 a2ec 9a2a 8128 8968 8168 8147 922a 89c8 8988 8968 8988 8148 8148 8168 8189 89a9 89a8 8168 7108 60a7 60a7 7109 68e9 5888 81aa b38f d490 d4f2 dcd0 d490 dc0d dc6f dc6f d3ed cb8c c3cd cc2e cc4e cc4f cc4e cc6f cc6f cc4f cc6e cc6f cc6f cc6f cc4f cc4f c44f c430 c430 c450 c450 c450 c42f c44f c42f cc2f c42f c40f c40f cc2f c42f c42f c40f c470 c44f c44f c42f bc2f bc30 c42f c40f c40f bc0f bc30 bc0f bbee bbef bbef bbef bc0f bbef bbef b3ef b3cf b3af b3ce b3ce b3ae b3ae ab6d ab4e a34d a34d a32d 9b0d 9b0d a2ed b36d d46e e550 edf1 f652 f673 f695 f6b5 f6b5 f6d5 f6b5 f6d5 f6b4 f6b4 f695 f6b4 f694 f694 f695 f695 f6b4 f693 f694 f694 f694 f673 f674 f694 f674 f695 f674 f674 f674 f674 f674 f674 ee74 f674 f674 f674 f694 f674 f674 f674 f674 f674 f674 f673 f674 f674 f654 f653 f673 f653 f653 f653 f653 f653 f653 f653 f653 
60a7 60a7 58c7 58a7 5887 60c8 60a8 60c7 60c8 60a7 60a7 60a7 60a7 60a7 60c7 60a7 68c8 7908 9188 a209 aa2a aa29 aa4a a24a aa4a a22a aa4a ba6a c2cc cb0c caeb d34c d36c d3ad db8c dbcd e40e e44e ec6f ecae ecaf ecaf ecd0 ecef f4ef ecef ecef eccf eccf ecef f4ef f4ef f510 ecf0 eccf ecaf ec6f ec6e e42f e3cd e3cc db6b d30b caaa c24a b209 a1c9 8969 8928 8908 8109 894a 89aa 9a2c a2d0 ab10 b2cf aa6d a26d 9a6e 89cc 818b 796b 716b 694a 796c 8a4e 926f 820c 79cc 822e 694a 60e9 60e9 58c8 5088 4888 4888 4889 48a8 614a 7a2e 822e 696c 50a9 4888 50c9 694b 692b 60eb 58aa 50cb 618b 93f4 acd8 92f0 82d2 82f1 7a71 82f3 82d1 8b32 92f3 7a30 8312 9c76 a436 9394 8ad1 8af1 9333 82b1 7a70 7a30 71ce 71ce 720f 71ee 71ed 7a6f 9393 a332 bb10 b9ec b1ec aa2d 9b11 9b94 828f 5929 826e a332 a22d b2ac cc6f edf3 ee96 ee56 e612 bc0b 81a8 58c9 58c9 58c9 50c9 50c8 58e9 58e9 58e9 58e9 6109 6129 6129 58c8 58e8 58c8 58a8 60e8 60c7 68e7 6908 6108 6908 7108 68e7 60c7 58c8 5087 58a8 60c7 6108 6907 60c7 58e8 60c7 60e7 7108 60c7 58a8 58c7 58a7 5887 5887 60a7 6908 6908 6907 68e7 68c7 7107 70e7 7128 7948 6907 68c7 68a7 6087 60a7 68c7 7107 7128 7108 6907 7107 7968 7968 68e7 60a7 68a7 7927 8147 8148 78e7 8107 8906 9947 9988 9987 a1e8 aa09 a9e8 b1e8 b229 b229 ba49 ba29 c24a ca49 ca4a d28a d2cb d2cb d2cb d2ec d2cc d2ec d2ec db0c d32d d30c db2c db2c db2d db2d db4d d32d db2d db2d db4d db6d db6e db6e db4e db6e db4d e38e db8e db8f e3cf e3ef e3af e3af db8e dbaf e38e e3ce e3ef e430 e430 e491 ec50 ec70 e490 ec91 ec92 ec91 e450 e42f e42f e40f e3ef e3ef e410 dbef dbf0 dbef dbd0 db8f db8e d3ce d3ce d3cd c38e a209 6066 5847 5867 68c7 8148 68e8 58c8 50a8 50a8 50a8 50a8 50a8 58c8 50c8 50a8 50a8 58c8 6108 60e9 6929 7128 60e8 6929 7969 6908 60e8 60a7 60a6 68e7 60a7 58a7 60a7 68c8 60a8 6087 7908 9a2a a30d 9a2a 8148 8168 8988 8988 9a4b 8988 8168 8168 8148 8128 8127 8988 8168 89c9 89a9 7948 7949 68c7 68c7 6909 68e9 60a8 8169 b36f d490 d513 d4b1 d470 dc0e dc90 dc70 d3ed cb6c cc0e cc4f cc4e cc2f cc8f cc6f cc6f cc4f cc4f cc4f cc4f cc50 cc70 cc4f c44f c430 c42f cc50 cc6f c450 c430 c40f c42f c42f cc30 c42f c40f c42f c42f c42f c450 c470 cc4f c44f c42f c42e c40f c42f c42f c40f c410 bc10 bbef bbee bc10 b40f b3cf bbee bbee b3cf bbcf b3ef b3cf b3ee b3cf b3ae b38e ab6e ab6e a34e a32d a30d a30d a2ed a2ec b38e d48f e570 edf2 f653 f694 f6b5 f6d5 f6b5 f6b5 f6b4 f6b4 f6b5 f6b4 f694 f694 f694 f673 f694 f694 f694 f694 f694 f674 f674 f674 f674 f673 f674 f674 f674 f674 f674 f694 f674 f674 f674 f674 f674 f674 f674 f695 f674 f674 f674 f654 f653 f653 f653 f653 f653 f653 f653 f653 f633 f633 f653 f633 f632 f653 f633 
6087 6087 58a7 60c7 6087 5887 6087 60c7 60e8 60a7 60c8 60a7 60c7 60c8 60c8 60a7 68c7 7908 8988 9a09 a22a aa29 aa4a a24a aa2a a20a aa2a ba6a c2cc cb0c d30b d34c d36c db8c dbce dbee e40e e42d ec6e ecaf eccf ecef eccf eccf ecf0 ecef ecef ecf0 eccf f4cf ecef f50f f4f0 ed11 ecef ecaf ec8e ec6f e44f e3ed e3ac db6b d32b caaa c249 a9e9 99a9 9148 8908 80c8 8908 8949 9189 99eb a26d a2ae aa8e a24d a22c 9a6e 91ee 794b 714a 79ab 714b 79ec 8a4e 8a4d 8a2c 822e 822d 692a 6109 58e9 58c8 50a8 5088 4888 4889 50c8 698b 826f 822e 694b 50a9 4888 50a9 60e9 690b 692c 610c 58eb 616b 93d3 acd8 8a8f 7a51 7a70 720f 82f1 8b33 8b34 8b13 8a92 8290 8b53 9c56 9bd5 9333 8af1 9333 8b13 82b1 8291 8271 7a0f 69ad 618e 698e 720e 9bd4 9bb4 ab12 d22c d1eb dace bb31 a393 8a6f 592a 71ec 9b32 9a6f 9a4d aaef cc2f ddb4 de17 bbcd 6128 50c9 50c9 6109 58e9 50e9 50c9 58c9 58e9 58e9 58e9 58c8 58c8 60e9 58c8 58c8 58e9 58a8 60a7 60c8 68e7 7128 68c8 68c7 7128 6908 60c8 58c8 5087 58a8 60e8 6907 7108 58a7 58c8 60a7 60c7 68e7 68e8 60a7 5887 5887 58a7 6087 60a7 60c7 6908 68e7 68e7 68c8 68c7 68e7 7127 7948 7108 68c7 68a7 6087 60a7 60c7 68e7 7127 7928 68e8 7108 7107 7948 68c7 60a7 60a7 70e7 8147 8988 8127 78c6 7086 78c6 8927 9147 a167 a1a8 a1c8 a9c8 b1e8 b209 ba29 ba29 ba29 c249 c24a ca6a ca8a d2cb d2cb d30c d2eb d30d d2ec daeb d30c d30c d32c d32d db4d db2d db2d db2d db4d db4e db4d db6d db6d db4e db6d db8d e38e e38e dbae dbcf e3ef e3ef e3f0 e40f dbef dbcf e3cf e3ef e410 e471 e471 e450 e471 ec91 ec91 ecb1 ec90 ecb1 ec91 e450 e40f e430 e430 e430 e430 dc10 dc10 dbcf dbb0 dbaf dbaf dbef d3cd cbae baec 70c7 5046 5067 5887 68e8 8168 68c8 50a7 5087 50c8 5087 50a8 58e8 50a8 50c8 58c8 60e9 5909 6908 6929 7128 6908 6908 7128 7149 60c7 58a7 68e7 68e8 7148 68e8 60c7 58a7 68c7 68c7 6887 7908 922a a2cc 9a2b 8148 8989 8989 89a9 9a6b 91a8 89ca 8189 7928 7928 8148 8188 8988 91ea 8188 70e7 8169 7908 70e8 70e8 68c9 5888 81aa b3b0 d4d2 d4f2 d490 d450 d40d dc8f d470 cbcc cb8d cc0e cc4f c42f cc2f cc8f cc6f cc6f cc4e c46f c46f c42f cc4f cc50 cc70 cc4f c450 cc50 cc4f cc4f c44f c42f c42f c42f cc30 cc50 c42f c430 c40f c42f c42f c44f c42f c42f c42f c3ef c40f c42f c42f c40f c44f c40f bc0f bc0f bbef bc10 bbef b3ef bc0f bbcf b3ae b3d0 b3ef b3f0 b3ce b3ae b3ce b3ce ab8e ab6d a36d a32d a32d a30d a2cc a30d bbae d4d0 e5b1 ee12 f673 f694 f6b4 f6b5 f6b5 f6b4 f6b5 f6b4 f6b5 f694 f693 f694 f694 f694 f693 f674 f674 f694 f674 f674 f673 f674 f674 f674 f674 f694 f694 f674 f674 f674 f674 f694 f674 f673 f674 f674 f674 f674 f674 f674 f674 ee54 f653 f653 f653 f653 f653 ee32 f653 f653 f633 f633 f633 f654 f632 f632 f613 
6087 6087 58a7 60c7 6087 5887 6087 60c7 60e8 60a7 60c8 60a7 60c7 60c8 60c8 60a7 68c7 7908 8988 9a09 a22a aa29 aa4a a24a aa2a a20a aa2a ba6a c2cc cb0c d30b d34c d36c db8c dbce dbee e40e e42d ec6e ecaf eccf ecef eccf eccf ecf0 ecef ecef ecf0 eccf f4cf ecef f50f f4f0 ed11 ecef ecaf ec8e ec6f e44f e3ed e3ac db6b d32b caaa c249 a9e9 99a9 9148 8908 80c8 8908 8949 9189 99eb a26d a2ae aa8e a24d a22c 9a6e 91ee 794b 714a 79ab 714b 79ec 8a4e 8a4d 8a2c 822e 822d 692a 6109 58e9 58c8 50a8 5088 4888 4889 50c8 698b 826f 822e 694b 50a9 4888 50a9 60e9 690b 692c 610c 58eb 616b 93d3 acd8 8a8f 7a51 7a70 720f 82f1 8b33 8b34 8b13 8a92 8290 8b53 9c56 9bd5 9333 8af1 9333 8b13 82b1 8291 8271 7a0f 69ad 618e 698e 720e 9bd4 9bb4 ab12 d22c d1eb dace bb31 a393 8a6f 592a 71ec 9b32 9a6f 9a4d aaef cc2f ddb4 de17 bbcd 6128 50c9 50c9 6109 58e9 50e9 50c9 58c9 58e9 58e9 58e9 58c8 58c8 60e9 58c8 58c8 58e9 58a8 60a7 60c8 68e7 7128 68c8 68c7 7128 6908 60c8 58c8 5087 58a8 60e8 6907 7108 58a7 58c8 60a7 60c7 68e7 68e8 60a7 5887 5887 58a7 6087 60a7 60c7 6908 68e7 68e7 68c8 68c7 68e7 7127 7948 7108 68c7 68a7 6087 60a7 60c7 68e7 7127 7928 68e8 7108 7107 7948 68c7 60a7 60a7 70e7 8147 8988 8127 78c6 7086 78c6 8927 9147 a167 a1a8 a1c8 a9c8 b1e8 b209 ba29 ba29 ba29 c249 c24a ca6a ca8a d2cb d2cb d30c d2eb d30d d2ec daeb d30c d30c d32c d32d db4d db2d db2d db2d db4d db4e db4d db6d db6d db4e db6d db8d e38e e38e dbae dbcf e3ef e3ef e3f0 e40f dbef dbcf e3cf e3ef e410 e471 e471 e450 e471 ec91 ec91 ecb1 ec90 ecb1 ec91 e450 e40f e430 e430 e430 e430 dc10 dc10 dbcf dbb0 dbaf dbaf dbef d3cd cbae baec 70c7 5046 5067 5887 68e8 8168 68c8 50a7 5087 50c8 5087 50a8 58e8 50a8 50c8 58c8 60e9 5909 6908 6929 7128 6908 6908 7128 7149 60c7 58a7 68e7 68e8 7148 68e8 60c7 58a7 68c7 68c7 6887 7908 922a a2cc 9a2b 8148 8989 8989 89a9 9a6b 91a8 89ca 8189 7928 7928 8148 8188 8988 91ea 8188 70e7 8169 7908 70e8 70e8 68c9 5888 81aa b3b0 d4d2 d4f2 d490 d450 d40d dc8f d470 cbcc cb8d cc0e cc4f c42f cc2f cc8f cc6f cc6f cc4e c46f c46f c42f cc4f cc50 cc70 cc4f c450 cc50 cc4f cc4f c44f c42f c42f c42f cc30 cc50 c42f c430 c40f c42f c42f c44f c42f c42f c42f c3ef c40f c42f c42f c40f c44f c40f bc0f bc0f bbef bc10 bbef b3ef bc0f bbcf b3ae b3d0 b3ef b3f0 b3ce b3ae b3ce b3ce ab8e ab6d a36d a32d a32d a30d a2cc a30d bbae d4d0 e5b1 ee12 f673 f694 f6b4 f6b5 f6b5 f6b4 f6b5 f6b4 f6b5 f694 f693 f694 f694 f694 f693 f674 f674 f694 f674 f674 f673 f674 f674 f674 f674 f694 f694 f674 f674 f674 f674 f694 f674 f673 f674 f674 f674 f674 f674 f674 f674 ee54 f653 f653 f653 f653 f653 ee32 f653 f653 f633 f633 f633 f654 f632 f632 f613 
5887 5887 6087 60a7 60a7 6087 58a7 60c7 60c8 60a7 60a7 6087 60a7 58c7 58e9 60c8 68c7 78e7 8988 99e9 a24b b26a b26a aa4a a24a a20a aa2a ba8a c2aa cb2c d32c d32b d36c d36d dbce dbef dc0e e44e ec4e ec8f eccf ecef eccf eccf ecd0 eccf ecee ecef ecef ecef ecef eccf f4f0 ecf0 ed0f ecce ec8e ec6e e44e e3ed e3cc db6b d30a caaa c249 a9e9 9989 9148 8108 80e8 8948 9169 9989 99ca 9a2b a28e 9a6e 920c a22c a26e 920d 796b 716a 796b 718b 71cc 798b 79cb 8a2d 8a4e 7a0d 692a 58c9 614a 5909 50c9 50a8 4888 4848 50a8 618b 826f 820e 694b 50a9 48a9 50ca 58c9 60ea 692b 696d 696d 71ac 8b52 a497 8a4f 7a71 82b2 7210 69ce 7a50 82d1 8b12 9354 9334 82f2 8b53 9373 9bb5 8b13 8b53 9394 9354 8b13 8af2 8292 720f 69ae 616e 71cd 9351 ac36 ab33 a9ec c1ca daed bb51 abf4 8a8f 50c9 618c 8ad0 926e a2af b350 c451 d5b6 cdd7 8a8b 48c8 48c8 6129 7149 58c8 50a8 50a8 50a8 58a8 58e8 58a8 58a8 58c8 58c8 58c8 58e8 58c8 58a7 5887 60e7 698a 7169 6928 68c7 70e7 60e8 58a7 5887 5887 58a8 60e8 6907 7108 60c7 5888 60c7 60a7 60c7 7107 60a7 6088 5887 60c7 60c7 60a8 60a8 60a7 68e7 68e7 68c7 68a7 70e7 68c7 68e7 7107 7108 68e8 60c7 68c7 60a7 68c7 7128 7107 68e7 7108 6907 7107 70e7 60c7 60a7 7107 8148 8988 8948 78c6 6886 7086 78c7 80e6 9127 a187 9967 a187 a9a7 a9e8 b209 b1e8 b1e8 ba29 c229 c249 ca6a ca8a d28a d2ab daec db0c d30c d30c d2ec db0c d2ec db0c db0d db4d db4d db2d db2d db4d db6e db8f db8e db4e db4d db8e dbaf e38e e38e e3ef e3f0 e410 e450 e430 e430 e410 e3f0 e410 e410 e430 e471 e491 ecb1 ecb1 ec71 ec70 e450 ec70 ec71 e492 e451 e450 e451 e450 e451 dc50 dc10 dbaf dbaf dbae dbef dbef d3cd cb8d a209 68a8 5888 5887 5887 7969 8988 60c8 50a8 5088 50c8 50a8 50a8 58c8 50c8 50a8 58c8 6109 58e8 6928 7149 68e8 60c8 68e8 7128 6928 60a7 58a7 6907 7969 7948 60a7 6087 6087 68a7 68c7 70a7 8168 9a2a aaec a26b 8148 8989 8988 8989 9a6b 91c8 89ca 8149 7907 8148 7927 8168 8968 91a8 8128 68a7 8189 816a 7908 68a7 60c8 60a8 81aa b3b0 d491 d4f2 d470 d450 d42c dc8f d450 cb8c cbad cbee c42e c42e cc4f cc8f cc8f cc4e cc6f cc6f cc4f cc2f cc2f cc4f cc6f c42f c42f cc50 c44f c42f c42f c42f c42f cc0f c42f c430 c42f c40f c42f cc4f cc4f c44f c42f c42f c430 c42f c44f c44f c42f bc2f bc2f bc0f bc0f bbef bc0f b3ef b3cf b3cf bbee bbce b3ee b3cf b3ce b3af b3ce b3ae b3ae b3ae ab8e a36e ab4d a36e a32e 9b0d 9b0d a32d bbef dd11 edd2 f653 f674 f6b4 f6d5 f6d5 f6d5 f6b4 f6d5 f6d4 f6b4 f694 f694 f694 f674 f694 f674 f674 f673 f674 f674 f674 f673 f674 f674 f674 f694 f694 f695 f695 f694 f694 f694 f694 f674 f673 f674 f673 f674 f653 f653 f653 f653 ee54 f673 f653 f653 f653 ee53 ee53 f654 f653 f633 f633 f633 f653 f633 f632 f612 
58a7 58a7 58a7 58c7 5887 58a7 60a7 58a7 58a7 60a7 5887 58a8 58c8 58a8 58c8 58a7 68a7 7928 91c9 99e9 a22a aa8a b26a aa6a aa4a a22a aa09 b24a c2ab cb0c d34c d32c d36c db6c dbad e3ce e40e e46f ec4f ec8f ecd0 ecef ecee ecee eccf eccf ecee ecef eccf ed10 eccf ecef ecef ecf0 ecef ecae ec8f ec6d ec4d e40e e3cc db6b d2ea caaa ba49 a9c9 9968 8928 8108 80e8 8928 9189 9189 99ca a24b a2ae 9a6d 920c 9a4c a28e 89ab 68e9 6109 716b 79ac 692b 60c9 716a 8a6e 9311 820d 5909 50c8 612a 6109 58ea 58e9 4888 4889 50a8 614a 826e 79ee 694b 50a9 4888 50ca 590a 58ea 612a 718d 79ae 79cd 8b12 9c16 824d 82d1 82d1 698c 58ea 614c 694c 618c 7a2f 8b12 9395 9355 8af3 93b4 9bd6 93b6 9375 9353 9394 9333 8b12 82b2 7210 698e 71ae 8b10 acb7 abd4 9a10 b1cc d2ac cbb2 c455 9acf 5909 592b 7a2c 8a0c a331 ab0e b36c d5d5 cdb7 81eb 50c8 5929 820b 7129 50c9 50a8 50c9 58c9 58e9 58e8 58c9 58e8 6109 58c8 58a8 58e8 58e9 58a8 60c8 6907 71eb 7169 6908 6908 70e7 60e7 58a7 5087 5866 60a7 60e8 68e7 6928 58c7 58a8 5887 58a7 60c7 6907 68e7 60c8 58a7 58a7 58a7 60a8 60c8 60a7 60a7 68c7 68c7 68e7 7107 68c7 68e8 68e7 7908 68c7 60c7 6908 60c7 68c7 7128 7108 68e7 68e7 7128 7127 7127 68e8 60a7 68e7 7948 8188 8988 7907 70a6 6866 6886 70a6 78c6 8907 8927 9147 a187 a1a7 a9e8 a9e8 a9c8 b208 ba08 c249 c24a ca6a ca8a d2cb d2cb d2eb d2cb d2ed dacb d30d d30d d30c db0d db2d db4d db2d db6e db4d db8e db8f db8f db8f db6e db8f e3cf dbcf e3cf e410 e430 e450 e471 e471 e471 e451 e451 ec30 e430 e42f e450 e471 ec91 e490 e451 e450 e431 e450 ec91 ec91 e451 e471 e471 e450 e470 dc30 dc10 db8e db8e dbcf dc0f d3ee d3ae c30c 8107 5867 5087 5888 60c7 81a9 7948 58a8 50a8 50a8 50c8 58e8 58e8 58e8 50c8 50a8 58e8 60e8 58e8 6108 7148 6909 68e8 6907 6948 68e7 5887 58a7 60e7 81ca 7108 5887 60c7 60a7 60a8 70e8 70c8 8188 9a4a ab0d a28b 8968 89ca 8948 8989 9a8c 89a8 89c9 8968 7927 8188 8168 8168 8968 9188 7908 68c7 8188 89ca 78e8 6088 58a8 6088 794a b3d0 d4b2 d4f2 d491 d450 d42e dc4f d450 c3cd cbcd cc30 cc2f cc0e cc4f cc70 cc6f cc6f cc4f cc6f cc4f cc4f cc4f cc50 c40f c40f c40f c42f c430 c42f c430 c42f c40f c410 c430 bc0f c430 bc30 c40f c40f c42f c42f c42f cc2f cc2f c42f c42f c42f c40f c40f c40f bc0f bc10 bbef bbef b3ef b3ef b3ef b3ce bbce b3ce b3ee b3ce b38e b3ae b38e b38e b3ae ab6e ab6e ab6e a36d 9b2d 9aed 9aed ab4e c40f e551 edf2 f653 f674 f6b4 f6d5 f6d5 f6d5 f6b4 f6d5 f6b4 f694 f693 f673 f673 f673 f673 f674 f674 f673 f674 f674 f674 f674 f694 f694 f694 f695 f694 f694 f694 f694 f694 f674 f674 f674 f653 f653 f653 f653 f653 f653 f653 f633 f633 f653 f633 f633 f633 f653 ee33 f653 f634 f633 f634 f653 f633 f632 f612 f612 
6087 6087 58a7 58a7 58a7 60e8 60e8 60a8 58a8 6087 5887 58a8 58a7 58a8 58c8 6087 68c7 8148 91c9 99c9 99c9 a209 a22a a20a a20a a209 aa2a ba6a c2cb caeb d32c d34c d34c db6c dbad e3ed e40d e44e ec8f ecaf ecd0 ecef ecef ecee ecef ecef ecef ecce ecee ecef eccf f4ee ecef f4ef f4ef eccf ec8e ec6e ec4e ec0d e3ab db6b d30a caeb ba8a a9e9 9989 8928 8108 8108 8948 8989 9189 91ca 9a2b a24b 9a2c 920d 91ec 89ec 796a 68e9 6109 718c 716b 60ca 50a9 696a 9310 9b72 79ec 50c9 50e9 6109 612a 612a 5909 48a9 50c9 48c9 594a 7a4e 81ee 694b 50a9 50c9 590a 614b 58ea 50c9 612c 71ce 820e 9353 9c16 7a2d 7a8f 8270 696b 58ca 58ea 58eb 58eb 590a 69ad 8290 8b54 9396 9bd5 9c36 9c36 9bb5 82f2 8b33 9374 9374 8b54 82f3 7a72 7a0f 82b0 b476 b414 a2d3 aa50 c28e cbb2 cc34 c32f 9a2d 79ad 698b 79ca a34f 922c 79a9 9b6c 9b4d 692a 6149 826c 81ca 60e9 50e9 50e9 5909 58c9 58e8 6108 60e9 58c8 58c8 58c8 58c8 58e8 58e8 58c8 6087 68e8 7128 7108 68e8 6908 68e8 6908 58a7 58a8 5887 60a7 68e8 6908 6928 58a7 58a8 58c8 58a8 58a7 60c8 6908 68c8 58a7 58a7 58a7 6087 60c7 60a7 60a7 60c7 68e7 68e7 68c7 7128 68c7 68c7 70e7 68e7 68c7 68e7 68e7 68e8 68e7 70e7 68e7 68e7 6907 7128 7127 7128 60c7 68e7 7927 8168 8188 8167 78e7 6887 6086 6086 6886 7086 78c6 80e6 8927 9147 9987 a1c8 a9a7 b1c7 b1c8 b208 c229 ca6a ca8a caab caab d2cc d2cc d2cc d2eb d30c d32d d32d d32d db0d db2c db2d db4e db6d db8d db8e db8e dbae db8e dbaf e3ce e3cf dbf0 e3ef e40f e430 e472 e492 e4b2 e491 e471 e471 e451 e450 e471 ec71 ec71 e471 e471 e451 e451 e451 e492 e4b2 e4b1 e4d2 ecb2 e491 dc71 dc10 dbf1 db6e db8f dbcf d40f d3cf c36d b1e8 70a7 5067 5087 5888 68c7 8168 6908 58c8 50c8 50c8 5109 58c8 58e8 50e8 50c9 50c8 58e9 6109 58e9 6108 6928 6949 7148 6927 68e7 60a7 5887 60a7 60e7 7148 68e7 58a6 60c7 60a7 60a7 70a7 68c8 8148 922a a32e a28c 89a9 8969 8989 81a9 9aad 81a9 89a9 8989 8107 89a8 89c9 8188 81a8 89c9 8108 68a7 8167 89ca 7907 68c8 68e9 5868 7129 ab8f d4d2 dd13 dcd1 d450 d40f d44f d470 cbee cbad cbef c40e cc4f cc6f cc8f cc4f cc90 cc6f cc6f c46f c46f c44f c44f c40e c42f c44f c42f c430 c42f c430 c430 c42f c44f bc30 c42f bc30 c430 c40f c40f c42f c42f c450 c450 c42f c42f bbef c40f c40f c40f bc0f bc10 bc0f bbef bbee bbef bbef bbef b3cf b3cf b3cf b3cf b3cf b3cf b3cf b3ae b3ae ab8e a36d ab8e ab6e a34d 9b0d 9b0d a2ed ab6e cc4f e571 ee12 f653 f6b4 f6b5 f6d5 f6d5 f6d5 f6d5 f6b4 f693 f694 f673 f673 f674 f673 f673 f674 f673 f674 f674 f674 f694 f694 f694 f694 f694 f695 f694 f695 f694 f695 f674 f673 f674 f673 f653 f652 f653 f632 f633 ee32 f652 f632 f632 f633 f633 f632 f632 f632 ee32 f632 f632 f612 f612 f612 f612 f5f1 edd1 f5d1 
6087 6087 58a7 58a7 58a7 60e8 60e8 60a8 58a8 6087 5887 58a8 58a7 58a8 58c8 6087 68c7 8148 91c9 99c9 99c9 a209 a22a a20a a20a a209 aa2a ba6a c2cb caeb d32c d34c d34c db6c dbad e3ed e40d e44e ec8f ecaf ecd0 ecef ecef ecee ecef ecef ecef ecce ecee ecef eccf f4ee ecef f4ef f4ef eccf ec8e ec6e ec4e ec0d e3ab db6b d30a caeb ba8a a9e9 9989 8928 8108 8108 8948 8989 9189 91ca 9a2b a24b 9a2c 920d 91ec 89ec 796a 68e9 6109 718c 716b 60ca 50a9 696a 9310 9b72 79ec 50c9 50e9 6109 612a 612a 5909 48a9 50c9 48c9 594a 7a4e 81ee 694b 50a9 50c9 590a 614b 58ea 50c9 612c 71ce 820e 9353 9c16 7a2d 7a8f 8270 696b 58ca 58ea 58eb 58eb 590a 69ad 8290 8b54 9396 9bd5 9c36 9c36 9bb5 82f2 8b33 9374 9374 8b54 82f3 7a72 7a0f 82b0 b476 b414 a2d3 aa50 c28e cbb2 cc34 c32f 9a2d 79ad 698b 79ca a34f 922c 79a9 9b6c 9b4d 692a 6149 826c 81ca 60e9 50e9 50e9 5909 58c9 58e8 6108 60e9 58c8 58c8 58c8 58c8 58e8 58e8 58c8 6087 68e8 7128 7108 68e8 6908 68e8 6908 58a7 58a8 5887 60a7 68e8 6908 6928 58a7 58a8 58c8 58a8 58a7 60c8 6908 68c8 58a7 58a7 58a7 6087 60c7 60a7 60a7 60c7 68e7 68e7 68c7 7128 68c7 68c7 70e7 68e7 68c7 68e7 68e7 68e8 68e7 70e7 68e7 68e7 6907 7128 7127 7128 60c7 68e7 7927 8168 8188 8167 78e7 6887 6086 6086 6886 7086 78c6 80e6 8927 9147 9987 a1c8 a9a7 b1c7 b1c8 b208 c229 ca6a ca8a caab caab d2cc d2cc d2cc d2eb d30c d32d d32d d32d db0d db2c db2d db4e db6d db8d db8e db8e dbae db8e dbaf e3ce e3cf dbf0 e3ef e40f e430 e472 e492 e4b2 e491 e471 e471 e451 e450 e471 ec71 ec71 e471 e471 e451 e451 e451 e492 e4b2 e4b1 e4d2 ecb2 e491 dc71 dc10 dbf1 db6e db8f dbcf d40f d3cf c36d b1e8 70a7 5067 5087 5888 68c7 8168 6908 58c8 50c8 50c8 5109 58c8 58e8 50e8 50c9 50c8 58e9 6109 58e9 6108 6928 6949 7148 6927 68e7 60a7 5887 60a7 60e7 7148 68e7 58a6 60c7 60a7 60a7 70a7 68c8 8148 922a a32e a28c 89a9 8969 8989 81a9 9aad 81a9 89a9 8989 8107 89a8 89c9 8188 81a8 89c9 8108 68a7 8167 89ca 7907 68c8 68e9 5868 7129 ab8f d4d2 dd13 dcd1 d450 d40f d44f d470 cbee cbad cbef c40e cc4f cc6f cc8f cc4f cc90 cc6f cc6f c46f c46f c44f c44f c40e c42f c44f c42f c430 c42f c430 c430 c42f c44f bc30 c42f bc30 c430 c40f c40f c42f c42f c450 c450 c42f c42f bbef c40f c40f c40f bc0f bc10 bc0f bbef bbee bbef bbef bbef b3cf b3cf b3cf b3cf b3cf b3cf b3cf b3ae b3ae ab8e a36d ab8e ab6e a34d 9b0d 9b0d a2ed ab6e cc4f e571 ee12 f653 f6b4 f6b5 f6d5 f6d5 f6d5 f6d5 f6b4 f693 f694 f673 f673 f674 f673 f673 f674 f673 f674 f674 f674 f694 f694 f694 f694 f694 f695 f694 f695 f694 f695 f674 f673 f674 f673 f653 f652 f653 f632 f633 ee32 f652 f632 f632 f633 f633 f632 f632 f632 ee32 f632 f632 f612 f612 f612 f612 f5f1 edd1 f5d1 
58a7 58a7 5887 58a7 60c7 60e8 60e8 60c8 58a7 5867 5887 5887 58a8 60e8 58c8 60c9 6928 7928 89a9 9188 91c9 99e9 9a0a 9a09 9a09 a209 aa09 ba6a c2ab cb0b d32c d34b d34c db8d dbad dbed e40d e44e ec8e ecaf ecaf eccf ecce ecce ecef ecce eccf eccf ed0e ecef eccf ed0f ed0f ed0f ecef ecce ec8e ec6d ec4e ec2d e3cb db6b d30b caca c269 a9c9 9168 8928 8108 8108 8948 8969 9189 91ea 9a4c a22a a28d a2af 89cb 68e9 6909 60e9 60e9 690a 610a 58ea 50c9 71cb 9b71 9330 81ec 58c9 50c9 5929 58e9 612a 60e9 50c9 50c9 50c9 592a 71cc 79ac 694b 50a9 50a9 50c9 612b 58ca 48a9 590b 718e 824f 9bd4 a456 8a90 82d1 8af2 71ae 58c9 50c9 592b 610c 58eb 614d 69ce 722f 8af2 8b53 93b5 9bb5 9354 82d3 82d2 9374 93d5 93f6 9395 8af3 82d3 82b1 9b93 abd4 a312 b353 c393 c3b2 bb92 aa2b a9eb a290 8a2e 79ca 92cd 9aad 718a 5908 5908 6129 718a 79ea 6929 50e9 5109 50e9 58c8 58e9 58e8 6948 6908 58e8 58a8 58a8 58e8 58e8 58e8 58e8 60c8 68e8 7928 7109 7108 7128 7108 60e8 58a8 58a7 58a8 58c8 60e8 7168 6908 58a7 60c8 58e8 60c8 60c7 60c8 6907 6908 60c7 5887 58a7 5887 60a7 60a7 58a7 60c7 6908 68e7 68c7 6908 7107 68c7 68a7 68e7 68e8 68e8 68e8 68c8 6908 7149 7108 68a7 68c7 7148 7148 7148 68e7 60c7 70e7 8188 7947 8168 7907 68a7 6087 6086 6087 6066 6866 70a7 78e7 8107 9147 9947 a167 a167 a9a8 b1c8 ba08 c249 ca8a ca6a ca8b caab caac d2ec d2eb d2ec d2ec d30d db2d db0d db2d db2e db2d db6d db4d db6e db8e db8f d38e db8e db8f dbaf e3ae e3cf e3cf e3ef e430 e492 e4b2 e471 e450 e471 e471 e471 e471 ec91 e451 e451 e471 e471 e451 ec71 ec71 ecb2 e491 ecd2 e4d2 e490 dc50 dc10 dbd0 d38e dbcf dbef d3ce cbaf baeb a168 7087 5088 5887 60c8 7128 7928 60e8 58e9 5909 5909 6109 5909 5909 50e9 5909 58e9 58e9 60e9 58e8 6109 7128 6908 7989 68e7 60c7 60a7 5887 60a7 68e7 6907 68e8 6067 60a7 60c8 60a7 70e7 70e8 8168 9a4a a30c 9a6b 8948 8989 89a9 89c9 9aad 8189 8989 8989 8127 89a8 89c9 8968 8188 8989 8128 68c7 81a9 91ca 7928 68e8 7129 5888 794a b34f d4f2 dd13 dcb0 dc4f dc2f d44f d491 cbee c3ad c3ef c40e cc2f cc4f cc6f cc4e cc50 cc70 cc6f cc6f cc6f c42f c44e c42f c40f c40f c40f c430 c42f c430 c430 c430 c44f bc30 bc50 c42f bc30 bc0f bc0f bc0f bc2f c430 c410 bc0f c44f c40f c40f c42f bc2f bc0f bc10 bc0f b3f0 b3ee bbef bbcf b3ef b3cf b3ce b3cf b3ce b3ae b3cf b3ce abae abce abae a38d a36e ab4d a32d a2ed 9b0d a32e ab8e cc8f e571 f612 f673 f6b4 f6d5 f6d5 f6f6 f6d6 f6b4 f6b4 f693 f693 f672 f673 f673 f652 f672 f673 f673 f673 f694 f694 f694 f694 f694 f695 f695 f695 f695 f694 f695 f694 f674 f673 f652 f652 f653 f653 f633 f632 f632 f652 f652 f632 f632 ee32 ee12 f631 f612 f612 f632 f612 f611 f5f1 f5f2 edb1 edb0 ed91 ed50 ed0f 
58a8 58a8 5887 5887 60c8 60e8 60e8 58e8 58c8 58c8 58a8 58a8 58a8 58a7 5887 58c8 6908 70e8 8168 8988 91a9 99e9 a209 a20a a22a aa2a b24a ba8b cacb cb2c d34c d34c d36c db8d dbad dc0d e42e e44f e48e e4af eccf eccf ecef eccf ecd0 eccf ecef ecef ecef ecef ecef ecef ecef ed0f ecef eccf ecae ec6e ec2d ec2d e3cc db4b d30b caca ba49 a9a8 9168 8948 8108 8108 8128 8969 9189 91ca 9a0b a24b b2ed 9a4c 7109 58c8 58c9 58e9 60e9 6109 58ea 5089 50e9 71ec 9b71 92cf 8a4e 694a 50a9 58c9 6109 612a 696b 610a 50c9 50a9 612a 79cc 716b 694b 58c9 4888 50c9 610a 58a9 4889 4889 612c 8270 9b94 a415 9312 8b73 93b4 822f 60c9 50c9 590a 696c 692c 614c 7230 7a50 7a2f 82b1 82f1 8b53 9334 9334 9374 93b5 9c16 9bd5 93b5 8af2 82b1 8ad2 8af2 9b33 a312 b394 c3d3 bbd2 abf4 9a70 818a 9a4e 9a4e 81eb 92cd 9b2d 89ca 5909 5909 696a 7169 60e8 5909 5909 5109 50c8 50a8 58c8 58e8 60e8 60e8 58e8 58e8 58c8 58a8 58c8 58c8 58a8 60c8 68e7 7908 70e8 70e7 7128 7108 60c8 58a8 50a7 58a7 60e8 60e8 7968 7128 60c8 58a8 58c8 60c8 60e8 58a8 6928 6949 60e8 58c8 58a8 5888 60a7 60a7 58a7 58a7 60c7 60a7 68e8 6928 6908 68e8 60a7 68e7 7128 60e7 60a7 60c7 68e8 7108 6908 6908 68e7 7108 7148 7108 68e8 60a7 68c7 7948 7948 8148 8148 7928 68a7 60a7 60a7 5886 5866 6087 7087 78a6 80c7 8907 9147 9968 a188 a188 a9c8 ba29 c249 c26a caab caaa caab caab caab d2ab d2ec d2eb d30c db0d db0c db2d db0d db2d db2d db6d dbae db8f db6e db8e db8e dbcf dbaf dbcf dbae e3af e3ef e451 e450 e450 e430 e451 e471 e471 e491 e4b1 e4b2 e471 e491 e471 e451 e471 ec71 e471 e471 e491 e471 e470 dc0f dc11 db8f d38f dbae dbef cb8e c34d ba89 9968 6067 5067 5087 60c7 7128 7109 58c8 58e9 5909 5109 5929 6129 5929 5109 5109 50e9 58e9 5909 5908 6109 6908 7128 79a9 6928 60c7 6087 60c7 60e7 68e7 60a7 68e7 68c7 60a7 68c7 6087 70e8 7908 8988 9a8b a2ec 9a6b 8967 8948 9168 89a9 9a8c 8168 8189 8148 8127 8988 91c9 8988 8168 8988 8948 70c7 8149 91ca 8148 68c8 68c9 5888 7949 bb6f d4f1 dcf2 d490 dc4f dc2e d44f d491 cbee c3ce c40f cc0f c42e c42f c42f c42f c44f cc6f cc4f c44f c44f c42f c430 c430 c40f c40f c42f c450 c42f c430 cc2f c42f c430 c430 c450 bc2f bc2f bc0f bc0f c42f c44f c40f c40f bc30 c42f bc2f bc0f c40f bbef b3ef bbef bbef b3ef b3ce b3ef b3cf b3ce b3ae b3ce b3ae bbce b3ae b3ae abce abae ab8e ab6e ab6d a34d ab4d a32d a2ed 9b0d a32d bbae d4cf edb1 f632 f673 f6b4 f6f5 f6d6 f6d5 f6d5 f6b5 f6b4 f694 f673 f673 f673 f672 f673 f673 f673 f673 f693 f693 f694 f694 f694 f694 f695 f695 f695 f695 f694 f674 f674 f674 f653 f653 f652 f652 f633 f632 f632 f633 f653 f632 f612 f612 f612 ee12 f5f1 edf1 edd1 edf1 edd0 edb0 ed70 ed50 e50f e4ee dc8d dc0b cb6a 
58c8 58c8 58a8 58a8 60c8 60c8 60c8 58c7 58a7 58a7 5888 58a7 58a7 58e7 58c8 58a7 60a7 68a7 7108 8189 89a9 99c9 a209 a22a aa2a aa4a ba8b c2cc cb0c cb2c d32b d32c db4c db8d dbce e40e e42e ec4e ec8f e4af ecaf eccf eccf eccf ecaf ecaf eccf ecee ecef ecef ecf0 f50f ecef f4ef f4cf ecef eccf ec8e ec4e ec0e e3cc db6b d32b cacb ba4a a1c9 9168 8108 70e8 78e8 7928 8149 8949 91a9 9a2b aaef a28c 7989 6108 58c8 58a8 58a8 58c9 58c9 612b 58aa 5109 7a4f 92ef 8a2c 8a4d 794b 58a9 50c9 610a 6129 696a 714b 60c9 58c9 696c 71ac 694b 616b 50c9 4888 50c8 58ea 50c9 48a9 4069 50ca 71ee 9394 a416 9394 8b72 93d4 8ad1 694c 58ea 58ca 718d 718e 698d 722f 82b2 7a2f 82b1 8af3 7a70 82b1 9334 9374 93b4 9c16 9c37 9c37 9354 8b34 9376 9375 8af2 9312 a394 abb4 abb3 bc33 b434 92d0 81ac 796a 718a 7a2b 8a6b 89eb 71ab 696a 6949 6109 5109 512a 5929 5109 50e9 50c9 58e9 58e8 58e9 58e9 58e9 58e8 58c8 50a8 50c8 58c8 58e8 68e8 6908 7128 7108 7948 8148 7108 60c7 60a7 50a8 5087 58a7 60e7 7948 7128 58a8 5887 60a7 60c8 60e8 60a7 60c7 68c8 60e8 58c7 5887 58a7 60a7 60e8 60a7 60a7 60a7 58a7 60c7 6908 6927 68e8 60c7 68e7 6907 6927 6908 60e7 60a7 68e7 6928 6929 6908 7107 7148 7108 68e8 60c8 6908 7948 8189 7948 8968 8968 7908 68e8 60c7 58a8 60a7 6086 6066 6866 70a7 78e7 78c7 8107 9168 9188 a1a8 a9e8 ba08 ba48 ba4a ba4a c26a c28b ca6a caaa cacc caec cacc d30d d30c d30d d2ed d32d db4d db6d db4d db8e db8e dbae dbae dbaf db8f dbaf dbaf e3af e3ef e410 e40f e430 e451 e471 e471 e471 e471 e491 ecb1 ec91 e471 e450 e470 e450 e470 e470 e451 e450 e430 dc30 dbef dbf0 dbb0 d3af d3ae d3ce c38f c30b ba6a 9989 60a8 5068 58a8 60c8 7109 68e9 58e9 58e9 5929 594a 592a 5909 592a 592a 592a 5909 5909 6109 6109 58e9 6907 7148 79a9 6928 60c8 60a8 68e8 6908 60a7 6087 60c7 68e8 68c8 68c8 60c7 68e8 7949 89c9 9a6b a2cc 9a4b 89a9 89a9 89a9 89a9 926b 8188 8989 8168 8188 8988 91ea 89a9 89a9 91e9 8968 70e8 8189 920a 8149 68e8 68a8 5888 7149 b36e d4f2 dcf1 d46f dc2f dc0e dc6f d450 cbee c3ee c3ef c3ce bbee c3ee bc0f c42e c40e c42e c42f c40f c40f c42f c42f c40f c430 c40f c430 c450 bc0f c410 c430 c42f c430 c410 c42f c42f bc2f bc0f bc0f c40f c40f c40f c42f c430 bc0f bc0f bc2f bbef bc0f bc10 bbef bbef bc0f bbef b3ef b3cf b3cf b3cf b3cf b3ce b3ce b3af b3af b3ae abaf ab8e ab8e a36e a34d a34d a32d 9b0e a30d a32e c3ef dd10 edd1 f652 f673 f6b4 f6d5 f6d5 f6d5 f6d5 f6b4 f6b5 f693 f673 f673 f653 f672 f673 f694 f673 f694 f693 f673 f694 f694 f693 f694 f694 f694 f694 f673 f694 f674 f674 f653 f653 f653 f653 f632 f633 f632 f632 f633 f632 f612 f612 f612 f612 edf1 edd1 ed8f ed70 ed50 e50e e4cd e46c dc0c cbab bb09 aa68 91c7 8967 
58c8 58c8 58a8 58a8 60c8 60c8 60c8 58c7 58a7 58a7 5888 58a7 58a7 58e7 58c8 58a7 60a7 68a7 7108 8189 89a9 99c9 a209 a22a aa2a aa4a ba8b c2cc cb0c cb2c d32b d32c db4c db8d dbce e40e e42e ec4e ec8f e4af ecaf eccf eccf eccf ecaf ecaf eccf ecee ecef ecef ecf0 f50f ecef f4ef f4cf ecef eccf ec8e ec4e ec0e e3cc db6b d32b cacb ba4a a1c9 9168 8108 70e8 78e8 7928 8149 8949 91a9 9a2b aaef a28c 7989 6108 58c8 58a8 58a8 58c9 58c9 612b 58aa 5109 7a4f 92ef 8a2c 8a4d 794b 58a9 50c9 610a 6129 696a 714b 60c9 58c9 696c 71ac 694b 616b 50c9 4888 50c8 58ea 50c9 48a9 4069 50ca 71ee 9394 a416 9394 8b72 93d4 8ad1 694c 58ea 58ca 718d 718e 698d 722f 82b2 7a2f 82b1 8af3 7a70 82b1 9334 9374 93b4 9c16 9c37 9c37 9354 8b34 9376 9375 8af2 9312 a394 abb4 abb3 bc33 b434 92d0 81ac 796a 718a 7a2b 8a6b 89eb 71ab 696a 6949 6109 5109 512a 5929 5109 50e9 50c9 58e9 58e8 58e9 58e9 58e9 58e8 58c8 50a8 50c8 58c8 58e8 68e8 6908 7128 7108 7948 8148 7108 60c7 60a7 50a8 5087 58a7 60e7 7948 7128 58a8 5887 60a7 60c8 60e8 60a7 60c7 68c8 60e8 58c7 5887 58a7 60a7 60e8 60a7 60a7 60a7 58a7 60c7 6908 6927 68e8 60c7 68e7 6907 6927 6908 60e7 60a7 68e7 6928 6929 6908 7107 7148 7108 68e8 60c8 6908 7948 8189 7948 8968 8968 7908 68e8 60c7 58a8 60a7 6086 6066 6866 70a7 78e7 78c7 8107 9168 9188 a1a8 a9e8 ba08 ba48 ba4a ba4a c26a c28b ca6a caaa cacc caec cacc d30d d30c d30d d2ed d32d db4d db6d db4d db8e db8e dbae dbae dbaf db8f dbaf dbaf e3af e3ef e410 e40f e430 e451 e471 e471 e471 e471 e491 ecb1 ec91 e471 e450 e470 e450 e470 e470 e451 e450 e430 dc30 dbef dbf0 dbb0 d3af d3ae d3ce c38f c30b ba6a 9989 60a8 5068 58a8 60c8 7109 68e9 58e9 58e9 5929 594a 592a 5909 592a 592a 592a 5909 5909 6109 6109 58e9 6907 7148 79a9 6928 60c8 60a8 68e8 6908 60a7 6087 60c7 68e8 68c8 68c8 60c7 68e8 7949 89c9 9a6b a2cc 9a4b 89a9 89a9 89a9 89a9 926b 8188 8989 8168 8188 8988 91ea 89a9 89a9 91e9 8968 70e8 8189 920a 8149 68e8 68a8 5888 7149 b36e d4f2 dcf1 d46f dc2f dc0e dc6f d450 cbee c3ee c3ef c3ce bbee c3ee bc0f c42e c40e c42e c42f c40f c40f c42f c42f c40f c430 c40f c430 c450 bc0f c410 c430 c42f c430 c410 c42f c42f bc2f bc0f bc0f c40f c40f c40f c42f c430 bc0f bc0f bc2f bbef bc0f bc10 bbef bbef bc0f bbef b3ef b3cf b3cf b3cf b3cf b3ce b3ce b3af b3af b3ae abaf ab8e ab8e a36e a34d a34d a32d 9b0e a30d a32e c3ef dd10 edd1 f652 f673 f6b4 f6d5 f6d5 f6d5 f6d5 f6b4 f6b5 f693 f673 f673 f653 f672 f673 f694 f673 f694 f693 f673 f694 f694 f693 f694 f694 f694 f694 f673 f694 f674 f674 f653 f653 f653 f653 f632 f633 f632 f632 f633 f632 f612 f612 f612 f612 edf1 edd1 ed8f ed70 ed50 e50e e4cd e46c dc0c cbab bb09 aa68 91c7 8967 
60a7 60a7 58a7 58a7 5887 5887 58a7 58a7 58a7 5887 5887 5067 5887 58a7 58e8 58e8 60c8 60c8 68e7 8128 8968 99c9 9a09 9a2a a24a aa4a b28b c2ca cb0c cb0c d2eb d34c d36d dbad dbcd e3ce e40f e44e ec8f ec8f ecb0 eccf ecaf ecae ecae eccf eccf ecef eccf ecef ecf0 ecf0 f4ef ecef f4f0 eccf ecce ec6e ec6f e40d e3cc db8c d32b caca ba49 99c9 8989 8128 78e8 7109 7908 7928 8149 920a a2ee a2ce 89cb 6929 6108 6109 60e8 5088 50a8 58e9 694b 696b 698b 8a8f 81ec 716a 81ec 794b 60c9 50c9 610a 614a 692a 694b 692b 612a 718c 694a 696b 694b 58c9 48a8 48a8 5909 590a 50ca 486a 4889 616b 9394 a4b8 9bb4 8b52 93f4 9353 81ef 610b 58ea 698c 7a0f 71ae 69ad 71ee 79ee 7a4f 8b13 8a91 7a50 8b54 8ad2 8270 8b12 9bd4 9c77 9c57 9c77 9c77 9393 8b13 8af2 9353 a3d4 abf5 c454 d535 bc55 8a0e 696b 69cc 828f 928d 8a8c 9aee 820b 5909 48e9 5109 50e9 5109 50e9 50e9 50e9 58e9 58e9 58e9 58c8 58e9 58e9 5909 58e9 58e8 5909 6109 60e9 6908 7129 7149 7989 81a9 7128 60e8 60e8 58c8 50a8 58c8 6907 7968 7128 58e8 58a7 58c8 58e8 6129 60e8 68e8 60e8 6908 6108 58c8 58c8 60c8 60c7 60e8 60e8 58c8 60c8 60a8 60c7 6907 68e8 68e8 6908 6928 7148 6948 6908 68c7 68c7 68e8 70e8 7108 6908 7128 6908 68e8 60c8 60e8 7128 8169 8168 8148 8148 8148 70c7 68a7 68a7 60a7 60a7 60a7 6087 6066 68a7 70a7 78c7 8127 8988 9147 9947 a167 a9c8 a1a8 a9c8 a9c8 a9c8 b209 ba49 ba8a c2ab c26a c28b c2cc c2cc c2ac caec cb0c d2ed cb0d d32d db2c db4d db6e db6d db8e dbae dbaf e3ae e3f0 e3cf dbcf e3d0 e410 e451 e451 e471 e450 e471 ec91 e491 e450 e42f e410 e410 e410 e430 e450 dbef dc30 dc10 dbcf dbaf d38f d38e d38e cb8e cb6e c2ea b24a 91a8 58a8 5088 5888 60c8 6929 6129 5929 594a 5929 5909 5929 5929 5909 5129 5929 5908 5909 6129 6109 58e8 6928 79a9 7989 6908 6108 60e8 6908 7169 58c8 60c8 60e8 60e8 68c8 60a8 60e8 68e8 7908 89c9 9a4a a2ac 9a6b 8989 91ca 91c9 81c9 922a 8988 89e9 8188 8168 89a8 920a 89c9 91c9 91a9 8968 7128 89a9 920a 8169 7109 68e9 58a9 81aa b38f d4f3 dcd2 d44f dc0f d40e d44f cc2f c3ce c3ad bbad bb8d b36d b3ae b3ce bbce c3ee c3ce bbef c3ef c3ee c3ef c3ee c40f c40f c40f c430 c410 c40f bbef bc30 c430 bc2f c410 c42f c40f c42f c40f bc10 c40f bc0f bc0f c40f c40f c42f bc0f bc0f bc0f bc0f bbef b3f0 b3ef b3ef b3ef b3ce b3cf abaf b3cf b3ce b3cf b3af abae b3ae b3ae b3af abae ab6d ab6d a34d a32d a32d 9b0d 9b0d ab6e cc4e e550 edf1 f652 f694 f6b4 f6d5 f6d5 f6d5 f6b5 f6b4 f6b4 f694 f673 f673 f673 f673 f673 f674 f694 f693 f673 f693 f674 f694 f674 f694 f694 f694 f694 f673 f673 f673 f673 f653 f633 f653 f633 f633 f632 f632 f632 f612 f611 f5f2 f5f2 f5f1 edb0 ed90 ed50 e4ce e48d dc2c cb8a c2e9 aa48 99c7 8168 7127 68c7 58a7 58a7 
5887 5887 5887 58a8 58a8 58a8 58a7 58c8 58c8 58a7 58a7 5087 5067 5087 50c8 58e8 60a8 60a8 68c7 70e7 8948 91c8 9a0a a22a a22a aa4a aa4a ba8a c2cb cb0c cb0b d36c d36d dbcd dbee e40e e42f e46e ec6e ec8f ecaf eccf ecaf ecaf eccf eccf ecb0 eccf ecef ecef f4ef ecef ecef f4ef f4cf ecae ecae ec8d ec4e e3ed e3ab db6c d30a caca ba29 a1c9 8988 7908 68c8 68c8 7109 8169 9a4c ab30 ab93 9a2d 89ac 796a 822d 8a4e 60e9 48a9 4889 50a9 614a 79ac 8a4e 8a8f 718b 6929 798b 798b 6929 60c9 610a 694b 694b 6109 6909 696b 71ac 692a 612a 692b 58c9 4888 48a8 58e9 58ea 590a 4869 404a 50ea 8b73 a4d8 9bf5 9353 9bf5 9394 820e 692b 590a 614b 71cd 71ae 698d 696c 614c 79ee 8ab0 9313 82d0 8b74 8af3 7a30 7a0f 828f 93d3 a477 9bb4 82d1 8ad2 9354 9375 9354 a3d5 ac56 b476 cc74 c475 9b13 92f3 9353 a3b4 a331 9b0e ab70 9aee 698a 5109 48e9 48c8 48a8 48a8 50c8 50e9 5909 58c9 58c8 58e8 58c8 58e8 60e8 58e8 50c8 60e8 68c8 68e8 7108 7948 7948 81a9 81a9 68c8 5887 50c7 58a7 58a7 60e8 6928 7989 7128 58e8 60c8 58c8 58c8 60c7 60a7 68e8 60e8 6908 68e8 60c8 58a8 60c7 58c7 60e8 60a7 5887 5887 58a8 60a7 60e7 68c7 60c8 68e8 7108 7108 6908 68e8 68e8 68c8 6908 7128 7128 6908 7128 6928 68e8 60c8 68e8 68e8 7928 8189 8168 8148 8968 8128 7908 78e7 70c7 70e8 68a7 68c7 6087 68a7 70e7 78e7 78e7 78e6 8107 8107 80e7 8927 8106 8907 8107 8927 9147 9987 99e8 a1c9 a9e8 aa09 aa6b aa8b b28c baab c2cc c2cb c2cb cb0c cb2d d30d d34d d34e d36e d38e d3af dbcf dbcf e3af dbaf db8f e3cf e410 e430 e451 e451 e450 e450 e471 e430 e410 dbcf e3ef e3ce e3cf e3ef dbef dc0f dbcf db8e d38f d36e d38d cb4d cb6c d34b c2a9 a9e8 8128 58a7 50a8 50a7 58a8 60e8 58e9 58e9 5909 5929 60e9 58e9 58e9 5109 5909 592a 6109 60e9 6109 58c8 5909 6128 7989 7129 60c8 60c8 60e8 60e8 6908 60e8 60e8 60c7 60a7 68c8 60e8 6929 7109 7929 89c9 9a2b a2cc 9a6c 89a9 91ea 91c9 81a9 922b 89a9 89ea 8168 8968 89c9 922a 89a9 920a 91e9 8948 78e7 8988 91e9 8169 7109 68e9 58a8 89eb bbd0 d513 dcd3 d42e d40e d450 d42f cc0f bbce bb6d bb6d b34c b34c b34d b36d bb8d bbad bbad bbae c3ee bbae bbae bbcf c3ee bbef c40f c40f bbcf bc0f bc0f bc30 bc30 bc2f c40f c410 c42f c450 c450 c40f c430 c42f c42f c40f c40f bc0f bc0f bc0f bc0f c40e bbef b3f0 b410 b3ef b3ef bbcf b3ef b3ce b3ef b3cf b3cf b3cf b3ae abae b3cf b3af ab8e ab6e a36d a32e a30d a30d 9b0d a32e b3ae d4cf e591 ee12 f653 f694 f6b4 f6d5 f6d5 f6d5 f6b4 f694 f694 f693 f673 f673 f673 f673 f673 f673 f673 f673 f693 f694 f673 f673 f674 f694 f674 f674 f653 f653 f673 f653 f653 f653 f653 f652 f632 f632 f612 f5f1 f5f1 f5d1 edd1 edb0 ed70 ed4f e50e e48d dc4f cb8b bac9 a228 8988 7907 68a6 60a7 5887 50a8 50a7 5087 5087 
5087 5087 58a8 5887 58a7 58a7 58a8 58a7 5887 5887 5887 5087 5887 5087 50c8 50a7 5867 60c7 68e9 7108 8128 91c9 9a09 9a2a 9a09 a20a a1e9 aa29 ba8b c2ec d30c d34c db6c dbcd dbee e42f e44e e44e ec6e ec8f ecaf e4cf ecaf e4af e4b0 ecb0 ecaf ecef ecef ecef ecef ed0f ecf0 f50f f4ef ecaf ec6e ec4d ec2d e3ed e3ac db6b caea c289 b249 a1c9 8928 70c8 60e9 70e9 89cc a2ef bc54 cd58 bc52 9a0d 920d 9a8e abf4 9b0f 60c8 50a9 48a8 48a8 58e9 796b 89ec 820c 716a 6909 6929 714a 694a 6909 6909 690a 60ea 58e9 6149 718b 692a 58e9 58c9 612a 58e9 5088 48a8 58c9 50a9 58ca 5089 486a 48c9 7b11 a4d8 9c36 9bd4 9c55 9c35 8ad1 71cd 694c 718d 7a4f 7a2f 71ae 614c 610c 696d 822f 9332 9353 8b32 9394 82b2 71ce 71ed 82f1 93f5 8af3 71ef 82b3 9375 93d6 9bd6 9bf5 acb7 ac76 abf5 abf5 a3b5 a3b4 ac55 b4d7 b477 abf4 ac13 ac32 9b10 618a 48e9 48c9 48a9 48a8 48a8 50a8 50a8 50e9 58e9 58c8 58e8 5909 6109 58c8 58e9 58c8 60c8 7928 8149 8948 7948 81a9 8988 68c8 58a7 5067 5087 5087 58c7 6948 81e9 7108 58c7 60a7 58a7 60e8 58c7 58a7 60c7 60e8 6908 68e8 60c7 5887 58a7 60a7 60c7 60a7 5887 58a7 60a8 60c7 60e7 60c7 60a7 60e7 68e7 6908 7108 7128 7128 68e8 7148 7189 7148 7149 7129 7148 7128 68c8 68e8 6908 6908 8168 8149 8148 8988 91a8 8148 7908 7928 78c6 7107 7908 70e7 70e7 7107 78e7 70c7 78e6 7907 78e7 78e7 7907 8107 8148 89a9 9188 9989 99a9 99e9 a1c9 a209 a1ca a20a a24a b26c bacc bacd c28b ca8b caec cb0c d30d d30d d32d d32e cb2f d36e dbce dbce db8e db8f db8f e3af e3cf e410 e431 e430 e450 e430 e430 e411 dbcf dbaf dbae db8e dbcf dbae dbae dbae d38e d34d cb2d cb6e cb4c c32c cb6b d30a b269 99c9 7928 5909 50e8 58c8 60e9 58c8 58c8 58e9 5929 5929 5909 50e9 5909 592a 5909 592a 6109 6109 6109 6109 5909 6128 79aa 7148 60c7 60e8 68e8 68e8 60c7 60a7 60e8 60c7 5887 60a7 6908 6928 7128 7929 89a9 9a0b a2cc 9aad 89c9 91ea 91ea 89c9 922a 89c9 89c9 8169 89a9 8189 89ea 89a9 91ea 922a 8168 7928 8148 89a8 8989 7129 712a 60c9 89cb bbcf d533 dd12 d40d d40f d471 d3ee cbce bbae b34d b32d aaeb aacb aaeb ab2c b32d bb4c bb6d b36d b36d b38e bb8e bb8e bbae bbce bbce bbcf bbce bbef bbef bbef bbef c42f c40f bc10 c40f bc0f c410 c40f c430 bc30 bc2f bc0f bc10 bc0f bc10 bc10 bc10 bc0f bc0f b3ef b3f0 bbef b3cf b3cf b40f b410 b3ef abae abae ab8f ab8e ab8e abcf ab8e a34d a34e a34e 9b2e a30d 9aed 9b0d ab2d bc0f dd30 edd1 f632 f673 f694 f6d5 f6d4 f6d4 f6b4 f694 f694 f693 f673 f674 f673 f673 f673 f673 f693 f672 f673 f673 f673 f673 f673 f673 f673 f673 f653 f653 f653 f653 f652 f633 f633 f632 f632 f612 f5f2 f5f1 edb0 ed90 ed4f ed0f eccd e4ad dc0c cb6b bac9 a229 8988 70e7 6086 5886 5066 5066 5087 5087 5087 5887 5087 5087 
5087 5087 58a8 5887 58a7 58a7 58a8 58a7 5887 5887 5887 5087 5887 5087 50c8 50a7 5867 60c7 68e9 7108 8128 91c9 9a09 9a2a 9a09 a20a a1e9 aa29 ba8b c2ec d30c d34c db6c dbcd dbee e42f e44e e44e ec6e ec8f ecaf e4cf ecaf e4af e4b0 ecb0 ecaf ecef ecef ecef ecef ed0f ecf0 f50f f4ef ecaf ec6e ec4d ec2d e3ed e3ac db6b caea c289 b249 a1c9 8928 70c8 60e9 70e9 89cc a2ef bc54 cd58 bc52 9a0d 920d 9a8e abf4 9b0f 60c8 50a9 48a8 48a8 58e9 796b 89ec 820c 716a 6909 6929 714a 694a 6909 6909 690a 60ea 58e9 6149 718b 692a 58e9 58c9 612a 58e9 5088 48a8 58c9 50a9 58ca 5089 486a 48c9 7b11 a4d8 9c36 9bd4 9c55 9c35 8ad1 71cd 694c 718d 7a4f 7a2f 71ae 614c 610c 696d 822f 9332 9353 8b32 9394 82b2 71ce 71ed 82f1 93f5 8af3 71ef 82b3 9375 93d6 9bd6 9bf5 acb7 ac76 abf5 abf5 a3b5 a3b4 ac55 b4d7 b477 abf4 ac13 ac32 9b10 618a 48e9 48c9 48a9 48a8 48a8 50a8 50a8 50e9 58e9 58c8 58e8 5909 6109 58c8 58e9 58c8 60c8 7928 8149 8948 7948 81a9 8988 68c8 58a7 5067 5087 5087 58c7 6948 81e9 7108 58c7 60a7 58a7 60e8 58c7 58a7 60c7 60e8 6908 68e8 60c7 5887 58a7 60a7 60c7 60a7 5887 58a7 60a8 60c7 60e7 60c7 60a7 60e7 68e7 6908 7108 7128 7128 68e8 7148 7189 7148 7149 7129 7148 7128 68c8 68e8 6908 6908 8168 8149 8148 8988 91a8 8148 7908 7928 78c6 7107 7908 70e7 70e7 7107 78e7 70c7 78e6 7907 78e7 78e7 7907 8107 8148 89a9 9188 9989 99a9 99e9 a1c9 a209 a1ca a20a a24a b26c bacc bacd c28b ca8b caec cb0c d30d d30d d32d d32e cb2f d36e dbce dbce db8e db8f db8f e3af e3cf e410 e431 e430 e450 e430 e430 e411 dbcf dbaf dbae db8e dbcf dbae dbae dbae d38e d34d cb2d cb6e cb4c c32c cb6b d30a b269 99c9 7928 5909 50e8 58c8 60e9 58c8 58c8 58e9 5929 5929 5909 50e9 5909 592a 5909 592a 6109 6109 6109 6109 5909 6128 79aa 7148 60c7 60e8 68e8 68e8 60c7 60a7 60e8 60c7 5887 60a7 6908 6928 7128 7929 89a9 9a0b a2cc 9aad 89c9 91ea 91ea 89c9 922a 89c9 89c9 8169 89a9 8189 89ea 89a9 91ea 922a 8168 7928 8148 89a8 8989 7129 712a 60c9 89cb bbcf d533 dd12 d40d d40f d471 d3ee cbce bbae b34d b32d aaeb aacb aaeb ab2c b32d bb4c bb6d b36d b36d b38e bb8e bb8e bbae bbce bbce bbcf bbce bbef bbef bbef bbef c42f c40f bc10 c40f bc0f c410 c40f c430 bc30 bc2f bc0f bc10 bc0f bc10 bc10 bc10 bc0f bc0f b3ef b3f0 bbef b3cf b3cf b40f b410 b3ef abae abae ab8f ab8e ab8e abcf ab8e a34d a34e a34e 9b2e a30d 9aed 9b0d ab2d bc0f dd30 edd1 f632 f673 f694 f6d5 f6d4 f6d4 f6b4 f694 f694 f693 f673 f674 f673 f673 f673 f673 f693 f672 f673 f673 f673 f673 f673 f673 f673 f673 f653 f653 f653 f653 f652 f633 f633 f632 f632 f612 f5f2 f5f1 edb0 ed90 ed4f ed0f eccd e4ad dc0c cb6b bac9 a229 8988 70e7 6086 5886 5066 5066 5087 5087 5087 5887 5087 5087 
58a8 58a8 5888 5887 5887 60e8 58c8 58a7 5887 5867 5887 5887 58a8 5087 50a7 5067 5867 58a7 68c8 7107 7948 8988 91e9 9a2a 9a2a 99e9 99e9 aa29 ba6a c2ca cb0b d32c db4b dbad dbce e42e e42e e44e e46e ecaf ecaf ecb0 eccf ecd0 eccf ecaf ecae eccf eccf eccf eccf ecef ecf0 f4f0 f4d0 ecaf ec8f ec2e e42d e40d db8c d34b caca c269 aa09 9989 8108 68e9 796a 9a6f bc13 d577 de38 d4f1 aa4c 99ee 920c b370 c493 a2ad 58c9 4888 4888 5089 50a8 692a 79ac 79cc 79ec 694a 60c9 60c8 6909 696a 692a 690a 60e9 612a 716b 716b 60c9 50a8 58a9 60e9 58c9 50a8 48c8 50c9 50a8 58c9 4889 486a 50ea 726f 9c77 9c36 9bb4 9c15 a476 a3f5 92f3 8250 7a50 82b1 824f 71ad 614c 58eb 610b 7a2f 8ad1 9bb4 93b3 9c36 8b13 71ae 614c 720e 82f1 82f2 7a92 7ab2 8312 93b4 a437 a456 acb7 ac56 a3d4 9b93 a3b4 9b32 9b92 b474 bd16 bcb6 b496 b4d6 ac55 8aaf 618b 512a 48e9 5109 50e9 50e9 50e9 5109 50e9 50c9 58e9 58e9 58e9 58c8 58e9 58e9 60e8 7928 81a9 89a9 7948 89c9 81a9 68e8 58c7 50c8 50a7 5087 58a7 7128 81a8 7108 58c8 60c7 58a7 6108 58c8 58a7 58a7 60c7 6908 60e8 60e8 58a7 58c7 60a8 60c7 60e7 60c8 58a7 6087 60a7 60c8 60e8 60a8 68e8 6908 6928 6928 7128 7128 6908 6908 6908 6928 7128 7107 7128 7128 68e7 60a7 68e7 68c8 7128 8148 8127 8988 99e9 91a8 8948 8107 7907 7908 78e8 8107 8148 89aa 91ca 91aa 91aa 91ca 920b 99eb 99ea a22c aa4c aa6c b26c b26c b2ad b28c b2ad baad b26d ba8d b2ad baae c2cd c2ee c30e caee caad cacc d32e d32e d32f d32f d32f dbb1 dbf0 dbb0 dbb0 dc11 dc10 dbf0 dbf0 e411 e410 e451 e472 e472 e451 e451 e411 e411 e411 e3f1 e432 dc31 dbf1 d3b0 d36f c36f c34e c34f c34e cb6d d36c caeb aa6a 99e9 6928 50e8 50c7 58c8 5908 58e9 590a 5909 5929 596a 5929 594a 596a 58e9 5909 6129 6129 5929 5909 58c8 58e9 6109 79a9 7169 60e8 6108 6908 68e8 58a7 58c8 6108 58e8 58a8 5887 68e8 7148 68e8 7108 8189 920b a2cc 9a8c 8989 89c9 920a 8a0a 922a 81ea 89ca 8169 81ca 8189 89a9 89a9 91c9 91c9 8148 7108 8168 8949 8989 7129 716a 68e9 89cb c3af dd33 dd12 d3ec dc2e d450 cbee c38e ab4d aaeb b32d aacb aaab aacb aacb aacb b2cb b32c b34e b32d b34d b36d bb4d bb6d b38e b3ae bb8e bb8d b38f b38e b3ae b3af bbcf bbef bbef bc10 bbcf bbcf c3ef c3ce bbf0 bc0f c430 bc30 bc30 bbef b410 b3f0 bc0f bbef bbef bbf0 b3ef bbee b3cf b3cf b3cf b3ae abae abae abae ab8e abae abae ab6e ab4d a34e a34e 9b2d 9b0d 9b0d a2ed ab4d cc6f dd50 edf2 f632 f673 f694 f6d5 f6b4 f6b4 f6b4 f694 f673 f673 f673 f653 f673 f673 f673 f673 f673 f653 f673 f673 f653 f673 f653 f653 f652 f653 f652 f653 f652 f653 f632 f632 f632 f5f1 edd1 edd2 edb1 ed91 ed50 e50e dc8d dc2c d38b bb09 aa48 89a8 7948 68e7 5887 50a7 50c7 5087 5046 5067 5067 58a7 58a7 58a7 5887 60a7 
58a8 5888 58a7 58a7 60a8 58c8 58a7 58a7 5887 5087 5067 5067 5887 5087 5087 5067 5067 5887 68a6 7907 8148 8968 91c8 9a09 9a0a 99c9 99e9 a1e9 b20a c28a caeb d32b d38c db8c dbce e40d e42e e44f e46f e48e eccf ecaf eccf eccf ecaf ecae ecae ecef eccf ecce eccf ecf0 eccf ecaf ecaf ecaf ec6e ec2d e42d e3ed db8c d32b caa9 ba69 a9c9 9969 894a 91ec ab51 cd16 e679 e635 bc0c 89a8 812a 812b 8189 b370 bc53 8a0c 58c9 48a8 4868 4868 4888 5909 718c 822d 7a0d 694a 58e9 58c8 60e9 716a 696a 6109 60e9 692a 718b 692a 60e9 50a8 58e8 58e9 50a8 4888 50a8 50a8 5088 50a9 4869 4869 50a9 6a4f 9c36 9bb4 9b95 9373 a434 ac96 a3f5 8ab1 71cc 71ed 79ed 71ad 694d 58eb 58eb 614c 7a0d 8b10 9bf3 9c15 8b12 694d 612c 71ef 7ab1 8bb5 93b6 82d3 71ef 7a4f 93b4 a497 a456 ac96 a435 9b93 9332 79ee 696b 8a2c 9aad a350 ac13 b517 b4d7 a415 92f2 7a2e 616a 58e8 50a8 48a8 4888 5087 50a8 50a8 50c8 58c8 58c8 50e8 50a8 58c8 60c8 7128 89a9 8168 7968 89e9 8189 68e8 58a7 5087 5087 5087 58c8 7128 8148 68e8 60c8 58c8 58c8 60c7 60c7 58c8 58a8 60c8 60e7 68e8 60e8 58a7 5887 60c8 60c7 60e8 60c8 5887 5887 60c7 60c8 60c8 60a7 60c8 68e7 6908 6908 6928 6908 6928 6908 60e7 6928 68e8 68e7 6908 6908 6908 60e8 68a7 68c7 6907 7927 8147 8988 9188 9188 8948 8948 8988 9148 9189 99c9 a1e9 aa6b b26b b26b b26c b28c ba8b baac c2ed c32e caed caec d32e d32e cb2e cb4e cbaf cb8f cb6e cb4d cb4e cb4e cb4d cb4d c36e cb90 cb4f cb4d d38f d3af d3af d38f dbd0 dc50 dc50 dc10 dc10 dc50 dc50 dc2f dc30 e450 dc2f dc50 e470 e471 e490 dc91 dc92 dcb1 e4d2 e4b1 e4d2 e4d1 dcb1 dc91 d472 d472 d493 cc93 d4b3 d4b3 d472 c432 b3b0 aaee 81eb 698a 6949 5928 5108 5108 58e9 5909 594a 596a 5929 592a 5949 5929 5909 58e8 5929 5929 5909 58e8 6109 6108 7148 6949 60e8 6108 6908 60e8 58a7 58c8 6108 58c8 60e8 58a7 60e8 7968 68c8 70e8 8189 920a a2cc 9aac 91c9 89a9 91ea 91ea 924b 89ea 89ea 8189 8189 8189 89e9 89ca 91c9 91a9 8128 7107 8169 8169 8169 7929 796b 6909 922c c410 dd53 dcf2 d3ab dc2e d430 cbad bb4d aaec a2aa ab2c a2ec a2ab a28a aaab a2cc aacb b2cb b30d b32d b30c b32d b32c ab2c ab2d ab4e b3ae bb4d b34e b34d ab6e b38e b3ae b3ae b3ae bbcf bbce b3af bbcf bbce bbcf c40f c40f c42f bc30 bc0f bc0f bc10 bbef bbef bbef bbef bbef bbef b3ce b3cf b3cf abaf abae abae abae ab8e ab8d ab8e a36e ab6e a34e a32d 9b0d 9b0c 9aed a2ed b3ae d4d0 e5b1 ee12 f653 f694 f6b5 f6b5 f6b4 f6b3 f693 f673 f672 f652 f672 f672 f673 f652 f673 f653 f673 f673 f653 f653 f653 f653 f652 f652 f652 f652 f632 f652 f652 f632 f612 f611 f5f1 edb1 ed91 ed50 e52f e4f0 dcae d42d cb6b bac9 a208 8967 70e7 60a7 58a7 5087 5086 5087 4887 4887 4887 5087 5887 60a7 68a7 68c7 68c7 68c7 
58a8 58a8 60e8 6108 60e8 60c8 60c7 60e8 58c8 58a7 5067 5067 5087 5087 5087 5087 5087 5887 68c7 7108 8147 8968 91a8 91c8 91a9 9188 9168 99a9 b20a c2aa caec d32c d36c db8c dbee dc0e e40f e42e e46f e48f ecaf ecaf ecaf eccf eccf ecaf ecae eccf eccf ecae ecaf ecb0 ecd0 eccf eccf eccf ec6e ec6d e40d e3cc db8c d30b c2aa b24b a1eb a1cc aa8f c413 ddd7 eef9 ddd3 a2ea 79aa 798b 70eb 70e9 8a0c bcb4 b452 798b 5909 50e9 510a 48a9 4888 58c8 718b 824d 81ec 718b 694a 612a 692a 692a 694a 6129 6129 718b 6929 60c8 58c8 58e9 6109 612a 58c9 4888 50a8 58c9 50a8 50c9 508a 4869 58ca 7a70 9c16 9353 9354 9312 9351 a475 a436 92f2 79cd 696b 71ac 79ed 71ad 612b 58ea 58ea 614b 71ec 82ae 82f0 7a4f 696d 698e 7a72 8b95 9cd8 a4b7 9395 7a11 696d 724f 93b4 a457 a4b8 acb7 9bf4 9394 8292 612a 612a 694a 694a 7a0c a3d1 bcf7 b518 b475 ac35 9352 7a0d 50e9 4088 4088 4887 48a8 50a8 5087 50a8 58c8 58e8 58a8 58a8 68a8 70e8 8969 8148 8169 89e9 8169 60c7 5087 4867 5067 50a7 58e8 7148 8168 68e8 58a8 58c8 58a7 60c8 58a7 58a7 58a8 60c7 60c7 60e8 60a7 60a7 5887 58c7 58c7 60c7 60a7 60a7 5887 58a7 60c7 60c8 60a7 58a8 60c7 6108 6908 6908 6908 68e8 68c7 60c7 7108 7107 68e8 6908 68e7 68c7 68a7 6087 60a6 60a6 70e7 7948 7928 8128 9188 91a9 91c8 91a9 99a8 aa0a aa4b b22a ba4a ba4a c2ab c2ab c2ac cacb d30c d30b d30c d30d d30c db2d db2d d32d d38e db8d db8e db6d d34c d34d d36d d34d cb4d cb6d db8e d38e d34d db6d db6e db6f db6e dbcf dbef dbef dc0f dc0f dc2f dc2f dbef dbef dbef dbef dbef dc30 dc2f dc50 dc30 dc50 dc50 dc4f e470 e491 e470 e470 e491 e4d1 e4f2 e533 e533 e554 e593 e594 ddb4 ddb5 cd34 bcb3 ac32 9b90 8acf 7a2c 618b 5929 5129 5129 5149 5109 50e9 5909 5909 5909 5929 5909 5909 58e9 58e9 60e9 6908 68e8 6928 6108 60e7 60c8 58e8 58a7 50a8 58e8 60e8 60c8 58a7 6108 7969 7108 68e8 8189 920a a2ac 9a8c 89c9 89a9 89a9 89ea 926b 89c9 89ca 8189 8189 89a9 89e9 89c9 920a 9a0a 8169 7928 8148 8968 8149 814a 712a 7129 926c c450 dd13 d490 d3ab dc4f d42f bb6c bb2d aacb a26a b30b b2eb a2ab a26a aa6a aaac aaca aa8a aaab aacb aacb b30c b30c aaeb b30c ab0c b32c b32d b2ec ab0d ab4e b34d ab4e b34d b34d b34d b38e b38e b38e bb8e b3ae bbef c3cf bbef bbef bbef bbef bc0f bbef bbee b3ef b3ef b3ef b3ef b3cf b3cf b3af b3cf abce b3cf b3ae abae ab6e ab6d a36d a34e a34d 9b4d 9b2d 9aec 9aed a32d c3ef dd30 edd1 f612 f673 f694 f694 feb4 feb4 fe93 f672 f672 f652 f652 f653 f672 f672 f652 f652 f653 f673 f673 f653 f652 f652 f652 f652 f652 f652 f652 f632 f632 f632 f612 f611 edf0 edb0 ed71 e530 e50f dcef d44e cbed bb2b a269 91c9 7907 68a7 5887 5087 5087 5088 50a7 50a7 50c8 5067 5866 5887 60a7 68e7 7907 7128 7907 7928 
58a8 58a8 60e8 6108 60e8 60c8 60c7 60e8 58c8 58a7 5067 5067 5087 5087 5087 5087 5087 5887 68c7 7108 8147 8968 91a8 91c8 91a9 9188 9168 99a9 b20a c2aa caec d32c d36c db8c dbee dc0e e40f e42e e46f e48f ecaf ecaf ecaf eccf eccf ecaf ecae eccf eccf ecae ecaf ecb0 ecd0 eccf eccf eccf ec6e ec6d e40d e3cc db8c d30b c2aa b24b a1eb a1cc aa8f c413 ddd7 eef9 ddd3 a2ea 79aa 798b 70eb 70e9 8a0c bcb4 b452 798b 5909 50e9 510a 48a9 4888 58c8 718b 824d 81ec 718b 694a 612a 692a 692a 694a 6129 6129 718b 6929 60c8 58c8 58e9 6109 612a 58c9 4888 50a8 58c9 50a8 50c9 508a 4869 58ca 7a70 9c16 9353 9354 9312 9351 a475 a436 92f2 79cd 696b 71ac 79ed 71ad 612b 58ea 58ea 614b 71ec 82ae 82f0 7a4f 696d 698e 7a72 8b95 9cd8 a4b7 9395 7a11 696d 724f 93b4 a457 a4b8 acb7 9bf4 9394 8292 612a 612a 694a 694a 7a0c a3d1 bcf7 b518 b475 ac35 9352 7a0d 50e9 4088 4088 4887 48a8 50a8 5087 50a8 58c8 58e8 58a8 58a8 68a8 70e8 8969 8148 8169 89e9 8169 60c7 5087 4867 5067 50a7 58e8 7148 8168 68e8 58a8 58c8 58a7 60c8 58a7 58a7 58a8 60c7 60c7 60e8 60a7 60a7 5887 58c7 58c7 60c7 60a7 60a7 5887 58a7 60c7 60c8 60a7 58a8 60c7 6108 6908 6908 6908 68e8 68c7 60c7 7108 7107 68e8 6908 68e7 68c7 68a7 6087 60a6 60a6 70e7 7948 7928 8128 9188 91a9 91c8 91a9 99a8 aa0a aa4b b22a ba4a ba4a c2ab c2ab c2ac cacb d30c d30b d30c d30d d30c db2d db2d d32d d38e db8d db8e db6d d34c d34d d36d d34d cb4d cb6d db8e d38e d34d db6d db6e db6f db6e dbcf dbef dbef dc0f dc0f dc2f dc2f dbef dbef dbef dbef dbef dc30 dc2f dc50 dc30 dc50 dc50 dc4f e470 e491 e470 e470 e491 e4d1 e4f2 e533 e533 e554 e593 e594 ddb4 ddb5 cd34 bcb3 ac32 9b90 8acf 7a2c 618b 5929 5129 5129 5149 5109 50e9 5909 5909 5909 5929 5909 5909 58e9 58e9 60e9 6908 68e8 6928 6108 60e7 60c8 58e8 58a7 50a8 58e8 60e8 60c8 58a7 6108 7969 7108 68e8 8189 920a a2ac 9a8c 89c9 89a9 89a9 89ea 926b 89c9 89ca 8189 8189 89a9 89e9 89c9 920a 9a0a 8169 7928 8148 8968 8149 814a 712a 7129 926c c450 dd13 d490 d3ab dc4f d42f bb6c bb2d aacb a26a b30b b2eb a2ab a26a aa6a aaac aaca aa8a aaab aacb aacb b30c b30c aaeb b30c ab0c b32c b32d b2ec ab0d ab4e b34d ab4e b34d b34d b34d b38e b38e b38e bb8e b3ae bbef c3cf bbef bbef bbef bbef bc0f bbef bbee b3ef b3ef b3ef b3ef b3cf b3cf b3af b3cf abce b3cf b3ae abae ab6e ab6d a36d a34e a34d 9b4d 9b2d 9aec 9aed a32d c3ef dd30 edd1 f612 f673 f694 f694 feb4 feb4 fe93 f672 f672 f652 f652 f653 f672 f672 f652 f652 f653 f673 f673 f653 f652 f652 f652 f652 f652 f652 f652 f632 f632 f632 f612 f611 edf0 edb0 ed71 e530 e50f dcef d44e cbed bb2b a269 91c9 7907 68a7 5887 5087 5087 5088 50a7 50a7 50c8 5067 5866 5887 60a7 68e7 7907 7128 7907 7928 
60e8 60e8 60e8 60e8 60e8 68e8 6908 60e8 58a7 58a7 58a7 5067 5087 5067 5067 5087 5887 5867 60c7 7907 7927 8147 8967 89a8 8988 8968 8968 91a8 aa2a bacb c30c cb4c d36b db8c dbce dbee e40e e44e e48e e4b0 e4af eccf eccf eccf eccf eccf eccf eccf ecaf ecaf eccf ecaf ecb0 eccf ecd0 ecae ec8e e44e e40c e38c db4b d32c c28c b26d b26e bb72 ccf6 e679 ee96 d4ce 9228 7148 8aae 8a6d 796b 6909 81ea abef a2cc 718a 5909 50c8 5929 48a8 4888 5088 696a 8a4e 820d 718b 718b 692a 610a 692a 692a 716b 71ac 718b 60e9 58c9 58c9 60e9 71ac 718b 58c9 50a8 5088 58a9 58c9 58a9 58aa 5089 614c 8af1 9bf6 9374 9313 9334 8ab0 9372 a456 9bf5 9333 8250 71ac 71cc 71cd 612b 58a9 58a9 58ea 610a 698b 7a91 7a72 71ef 7a71 93b5 9c56 a4b7 9bf4 82d0 7a0f 71cf 69cf 8313 93f5 a477 acf8 ac76 a414 9bb3 8ad2 7a10 694b 50a9 58a9 81ec a3b0 c537 c558 c597 bd17 a3f5 8290 592a 40a8 4088 48a8 48c9 50c8 50a9 50c8 50c8 60e8 60a8 68c7 7107 7969 7969 81a9 89c9 8148 60c7 58a8 4887 5067 5067 6108 81c9 89c9 68c7 5887 58a8 58c8 58a8 60a8 58a8 58a7 58c7 60c8 6108 68e7 60e7 58a7 58c7 60c7 58c7 58c7 60c8 5887 58a7 58c7 60c8 60c7 60a8 6108 6108 6908 60e8 6907 7128 68e7 60c7 68e7 7947 7108 68c7 68c7 60c7 60a6 60a6 60a7 60a6 68c6 7968 8168 8968 8988 9188 91a8 91a9 a1e9 aa2a b24b ba6a ba8b ba8c c2ed caed caec caeb cb0d d30c caec caec d30b d2ec d30c d30c d34c d32c d34c d34c d34c d32c d34d cb4d cb2c cb6d d36d d38d d34d d34d d36e d36e db8e dbcf dbef dbce dbce dbef dc0f dbef dbef dbcf dbcf dbcf dbef dc10 dbee dbee dc0f dbef dc0f dc0e dc0f dbf0 dc0f dc71 dc90 e491 e4b1 e4f2 e513 e553 ed73 edb3 edd4 edd4 edf4 edf4 e5f5 ddb4 cd74 bcf4 a3f2 8b10 7a6e 61ab 5129 48e8 5129 50e9 50e9 5109 5129 5909 58e8 58c8 58c8 58c8 60c8 68e7 60e7 60e7 58a7 60e8 58c8 5087 50a8 58e8 6948 68c8 60a7 60a8 6908 7149 7108 8168 89e9 9aac 9aac 89ca 89aa 89c9 922b 922b 89a9 89eb 8189 8189 89a9 8988 8189 9209 9a09 8169 8148 8989 8989 8128 8149 6909 7129 9a8c cc50 dcf3 d42e dbec dc4f cbef bb2c b32c aaab a26a aacb bacb b30b aaab a24a aa8c aa8b aa8a aa8b a2ac aacc b2cb aacc b2cb aacc aaec aaec aacd aaab aaed aaec ab0d a2ec ab0c ab0c ab2d ab2d ab4d ab4d ab4d ab6e b36d b38e b38e b3ae b3cf bbae bbce bbae bbaf b3af b3cf b3ce b3cf b3cf b3cf abaf b3cf b3cf b3cf b3ae ab8e ab8f a36d a34e a34d a32d a32d 9b2d 9acc 9b0d ab4d cc4f dd50 edd2 f633 f674 f694 f6b4 feb4 f693 f673 f652 f652 f632 f652 f652 f652 f652 f652 f653 f673 f673 f653 f653 f653 f653 f653 f632 f652 f652 f632 f632 f632 f612 ee12 edf1 edd1 e591 e531 e4f0 dcaf d46f cc0d bb6c a2aa 89e9 7948 68c7 5887 50a7 5067 5087 5087 5087 5087 58e8 58a7 60a7 68a7 7107 8148 8188 8189 8168 8169 
68e7 68e7 60e8 60e8 60e8 6929 6149 60e8 60e8 60a8 60a8 5887 58a7 5087 5087 5067 5067 5067 60c7 70e7 78e7 7927 8147 8188 8188 8188 8148 91a8 a209 baaa cb0c d34c d34c db8c dbcd dbee e40e ec4e ec6f ec8f ecaf e4af ecb0 ecaf ecaf ecaf ecce ecd0 ecaf ecaf ecf0 eccf ecef ecd0 eccf ecaf ec8e e42e e3ed dbad db6d d32d caee c30f cc53 e5d7 eeb7 e5f1 bbcb 8187 7108 81aa 81aa 714a 690a 58e9 79eb 930f 81eb 58e9 5087 48a8 50a8 4868 48a8 50a8 614a 8a6d 8a2d 79ec 718b 692a 60e9 60e9 6929 718b 79ab 6909 58e9 610a 60eb 58e9 7a0d 820d 612a 50c9 50c8 58e9 58c9 58ea 58ca 50aa 610b 828f 9372 9bb5 9373 9374 92f3 8a70 9bb2 a455 9c35 93b4 824f 698b 616b 592a 5089 4889 50aa 612b 71ee 8b54 9375 82b1 8b12 9c56 a4b7 a455 8af0 8291 7a10 71ef 7230 8312 8b53 9392 9c55 a435 9b11 92ad 9b71 9b94 8a71 718c 60ea 6109 7a0c bc72 ccd4 cd15 c515 b4d7 ac76 9333 618c 48c8 48c9 48e9 50e9 50c8 50e8 50c8 60e8 60e8 68e8 7929 7948 8989 89e9 89a9 7928 60c8 58c8 50a8 58c8 5087 6128 81c9 8a09 60e8 58a8 58a8 58a8 58c8 60c8 60c8 58c8 58a8 58c8 6108 60e8 60e8 60c8 5887 5887 58a7 58a7 60c7 60a8 58a7 60c8 58a7 60a8 60c8 60e8 6108 68e8 68e8 6908 7128 68e8 60a7 68a7 7107 7928 6907 60c7 60e8 60a7 60a7 60c8 6087 60a7 7107 8148 8968 9189 9188 99a8 a1e9 aa09 ba4a ba6b c28a c2ab cacc cb0d d30d d30c d2ec caec cb0d cacc cacb caec caec d2eb d30c d30c d30c d32c d32c d32c d32c cb4d cb2d cb4c d34d d34d d36e db6e db6d d36e dbae dbae dbcf dbcf dbae dbcf dbef dbef dbef dbcf dbce dbce dbce dbce dbae dbae dbae dbce d3ce dbcf dbce dbcf dc10 dc30 dc50 dc90 e4b1 e4d1 e511 e511 e573 e5b4 e5b4 edb4 edd4 edd4 edd4 f5f4 edf4 edf4 ee15 e5f5 d5b5 bcf4 a433 8b10 722d 61ab 5949 5109 5129 5129 5929 58e8 58e8 58c8 60c8 60c8 68e8 6108 60e8 58a8 60c8 58a7 5088 58a8 58a8 58e8 60a8 60c8 60a8 68e7 81aa 7949 8189 91e9 9a8b 9acd 89ca 8169 89c9 89ca 89e9 81ca 924c 8189 89a9 8189 8148 8989 9209 99ea 8168 8968 8989 81a9 7928 794a 714a 7129 a2ac d471 dcf2 d40e dc0d dc2f cbef bb2c b30c a2ec aa8b b2ed aaab baeb b32c aacc aa8b aaab aaaa aaab aacc aaab aa8b aaec aacb aaab aacc aacb aaac aacc aacc aacb aaec a2cc a2ec aaec aaec a2ed aaec a30c ab2d ab2d ab2d b36e b34d ab4e ab6e b36d ab6e b38e b38f ab8f b3ae b3ce b3af b3af b3af ab8f abae b3cf b3ae ab8e ab8e ab6e ab6d a34e a36e a34e 9b0e 9b0d 9aed 9aed b34d cc6f e550 edf2 f652 f673 f693 f693 f694 fe73 f673 f652 f631 f651 f652 fe31 f632 f652 f653 f673 f653 f653 f653 f653 f653 f653 f653 f633 f652 f611 f631 f631 f612 edf2 edf2 edd1 edb1 e571 e511 dcf0 d46f cbee bb6c aaaa 9209 7948 68c7 60a7 58a8 5087 5067 5067 5067 5867 58a7 60c7 6908 7108 7948 8968 8989 89a8 8988 8989 8168 
6908 6908 6929 7149 7149 7148 6908 60e8 60c8 60a7 60a7 60c7 58c7 58c8 58a7 5067 5067 5066 6087 68c7 70e7 7907 8168 8188 8168 8127 8948 8988 99e9 ba6a c2eb cb0b d32c d36c db8c dbcd e3ee e42e e44e e48e ecaf ecaf ecd0 ecaf ecaf e4af ecaf ecb0 ecb0 eccf ecaf eccf ecee eccf ecae ecaf ec6e ec2e e40d e3ce db8e d32e d3b1 dcd4 ee16 e5f3 cc2c 9a27 70e7 70e8 816a 81cb 712a 58a8 5888 696a a390 a34f 7149 50a8 4867 4888 48a8 4868 4888 4868 6129 820c 8a0d 81ec 716a 716a 694a 60e9 6109 692a 694a 60e9 58c9 5909 60ea 60e9 69aa 92d0 81ed 60e9 5909 612a 58c8 58e9 58a9 50ca 60eb 696c 7a4f 8b31 9bb4 9393 9b94 92f3 8ab0 9371 a415 a415 9373 8270 614b 48a8 4888 48a9 590b 71ee 7a4f 8b32 9bb4 9353 93d5 a4b7 a4d7 9373 69ac 71ee 7a91 7a51 71ee 7a70 8290 82b0 8b52 9b93 9333 8a50 820b 8b0f 9331 822f 692b 50c9 698a 92ed abb1 b475 b3f1 a453 acf6 acb7 9b94 69ed 48c8 48c8 50c8 50c8 50c8 50a8 58e8 6908 714a 7129 7948 8988 9209 89a9 7108 60c8 58a8 50a8 58a8 58c8 6128 7948 81a9 6108 60e9 60c8 58a8 58e9 60e8 60e8 58c8 58a8 58a7 58c7 60c8 60c7 60e8 60c8 60c7 60c7 60a7 58c7 60c8 58a7 58c8 60e8 60e8 60c9 60e8 58c7 60e8 6908 7129 7129 7129 6949 68e8 6908 6908 68e8 60a7 60e8 68e8 68c8 60c8 60a8 68c8 7108 8169 89a9 91a9 9988 99a8 a1e9 aa0a ba6b c2ab c2ac caab cacc d2ec d2eb cb0c cb0d cacc caac cacb cacb caec caec caec cb0c cb2c cb2d d30c d32c d32d cb0d cb2d d32d d34d cb2d d32d d34d d34e db6d db6e db8e db8e db8e dbae dbae dbcf dbae dbce d3af db8e db8e d3ae d38e db8e d3ae d38e d3af db8e d3af d3ae d3ae dbcf dc50 dc50 dc50 e4b1 e4d1 e4d1 e511 e532 e553 e5b3 e5d4 e5d4 edf4 edd4 edd4 edd4 edf4 edf5 ee15 f635 ee36 ee36 e636 cdb6 bcf5 ac33 8b10 7a4d 61aa 596a 5149 5109 5109 5929 58e9 60e9 60e9 6109 6109 6109 58c8 58c9 50c8 58e9 58e9 5929 58e9 6109 60e9 6929 79aa 89ca 89ea 920a 9aab 9aed 920b 8169 89a9 81aa 8a09 89ea 8a2b 8189 81ca 89aa 8189 8989 9a0a 99ea 8189 8189 89a9 81aa 818a 79ab 692a 796a a2cd d4d2 dcd2 d3ed dc0d d3ee c3ae bb2c b30c ab2d aaec b34e b30d b30c bb4d b36e b30d aacc aaab aaec aaec aaab b2ab aacc aacb aacb aaab aaac aaab aacb a2ac a2ac aaab a2ac a28b a2ac a2ac a2cc a2ac a2cc a2cc a2cc a30c ab0d aaec ab0d ab4d ab2d ab2d ab2d ab2d ab4e ab4e ab6d ab4e ab6e b38e ab8e ab8e ab8e ab8f ab8e ab8e ab8e a36e a34e a36e 9b4e 9b2e 9b0d 9b0e 9aed b36e d48f e591 edf2 f652 f672 f693 f693 f693 fe72 f651 f631 f632 f631 f631 f632 f632 f632 f633 f653 f653 f653 f653 f653 f653 f653 f653 f653 f633 f611 f611 f5f0 f5b1 edb1 edb1 ed91 ed71 e531 e4f1 dcae cc2e bb6d aaab 91c9 7928 60e8 6088 5867 50a8 5887 5087 58a7 58c8 68c8 68e8 7108 7908 8148 8989 91c9 8989 89c9 89a9 8168 8168 
6908 6908 6929 7149 7149 7148 6908 60e8 60c8 60a7 60a7 60c7 58c7 58c8 58a7 5067 5067 5066 6087 68c7 70e7 7907 8168 8188 8168 8127 8948 8988 99e9 ba6a c2eb cb0b d32c d36c db8c dbcd e3ee e42e e44e e48e ecaf ecaf ecd0 ecaf ecaf e4af ecaf ecb0 ecb0 eccf ecaf eccf ecee eccf ecae ecaf ec6e ec2e e40d e3ce db8e d32e d3b1 dcd4 ee16 e5f3 cc2c 9a27 70e7 70e8 816a 81cb 712a 58a8 5888 696a a390 a34f 7149 50a8 4867 4888 48a8 4868 4888 4868 6129 820c 8a0d 81ec 716a 716a 694a 60e9 6109 692a 694a 60e9 58c9 5909 60ea 60e9 69aa 92d0 81ed 60e9 5909 612a 58c8 58e9 58a9 50ca 60eb 696c 7a4f 8b31 9bb4 9393 9b94 92f3 8ab0 9371 a415 a415 9373 8270 614b 48a8 4888 48a9 590b 71ee 7a4f 8b32 9bb4 9353 93d5 a4b7 a4d7 9373 69ac 71ee 7a91 7a51 71ee 7a70 8290 82b0 8b52 9b93 9333 8a50 820b 8b0f 9331 822f 692b 50c9 698a 92ed abb1 b475 b3f1 a453 acf6 acb7 9b94 69ed 48c8 48c8 50c8 50c8 50c8 50a8 58e8 6908 714a 7129 7948 8988 9209 89a9 7108 60c8 58a8 50a8 58a8 58c8 6128 7948 81a9 6108 60e9 60c8 58a8 58e9 60e8 60e8 58c8 58a8 58a7 58c7 60c8 60c7 60e8 60c8 60c7 60c7 60a7 58c7 60c8 58a7 58c8 60e8 60e8 60c9 60e8 58c7 60e8 6908 7129 7129 7129 6949 68e8 6908 6908 68e8 60a7 60e8 68e8 68c8 60c8 60a8 68c8 7108 8169 89a9 91a9 9988 99a8 a1e9 aa0a ba6b c2ab c2ac caab cacc d2ec d2eb cb0c cb0d cacc caac cacb cacb caec caec caec cb0c cb2c cb2d d30c d32c d32d cb0d cb2d d32d d34d cb2d d32d d34d d34e db6d db6e db8e db8e db8e dbae dbae dbcf dbae dbce d3af db8e db8e d3ae d38e db8e d3ae d38e d3af db8e d3af d3ae d3ae dbcf dc50 dc50 dc50 e4b1 e4d1 e4d1 e511 e532 e553 e5b3 e5d4 e5d4 edf4 edd4 edd4 edd4 edf4 edf5 ee15 f635 ee36 ee36 e636 cdb6 bcf5 ac33 8b10 7a4d 61aa 596a 5149 5109 5109 5929 58e9 60e9 60e9 6109 6109 6109 58c8 58c9 50c8 58e9 58e9 5929 58e9 6109 60e9 6929 79aa 89ca 89ea 920a 9aab 9aed 920b 8169 89a9 81aa 8a09 89ea 8a2b 8189 81ca 89aa 8189 8989 9a0a 99ea 8189 8189 89a9 81aa 818a 79ab 692a 796a a2cd d4d2 dcd2 d3ed dc0d d3ee c3ae bb2c b30c ab2d aaec b34e b30d b30c bb4d b36e b30d aacc aaab aaec aaec aaab b2ab aacc aacb aacb aaab aaac aaab aacb a2ac a2ac aaab a2ac a28b a2ac a2ac a2cc a2ac a2cc a2cc a2cc a30c ab0d aaec ab0d ab4d ab2d ab2d ab2d ab2d ab4e ab4e ab6d ab4e ab6e b38e ab8e ab8e ab8e ab8f ab8e ab8e ab8e a36e a34e a36e 9b4e 9b2e 9b0d 9b0e 9aed b36e d48f e591 edf2 f652 f672 f693 f693 f693 fe72 f651 f631 f632 f631 f631 f632 f632 f632 f633 f653 f653 f653 f653 f653 f653 f653 f653 f653 f633 f611 f611 f5f0 f5b1 edb1 edb1 ed91 ed71 e531 e4f1 dcae cc2e bb6d aaab 91c9 7928 60e8 6088 5867 50a8 5887 5087 58a7 58c8 68c8 68e8 7108 7908 8148 8989 91c9 8989 89c9 89a9 8168 8168 
7969 7969 7149 7969 7149 6928 7149 6908 6908 60e8 60e8 60c8 60c8 58e8 58e8 50a7 58a8 58a8 6087 68e8 7908 7928 8128 8127 8127 8107 8128 8968 99e9 aa29 ba6a cacb d30b d34c db6c dbcd e3ee e42e e44f e48e e48f ecaf ecaf ec8f ecaf e4ae e4af ec6f ec8f ecaf ecb0 ecaf ecce eccf ec8f ec8e ec6d e42f e40f dbcf dbf1 dcb4 e5b7 e5f5 dcef b30a 9188 7109 68e8 818a 89eb 798b 692b 58c9 6929 a350 bcf4 a2cd 58c9 4888 48a8 48a8 48a8 4868 4868 5088 58e9 79ab 8a6e 820c 798b 6909 60e9 58c8 6109 696b 696b 60e9 58e9 60ea 60ea 60ea 696a 8ad0 8a8f 718b 612a 610a 58e9 610a 60ea 58c9 60ea 696c 696d 69ed 82f1 9394 9b93 9bb5 8ad2 7a2f 82b0 9393 9c15 9bf6 8ad2 698f 618e 69ae 71ce 7a10 8230 8ad2 9394 9c35 a4b7 a4d7 93f3 7a2e 698d 616d 69cd 7ab1 82b2 7a0f 71ef 7a30 82b0 8b73 9bf4 9bb5 8a90 71ac 71cc 71ac 7a30 7210 79cc 92ce ac33 ac53 a32f 9b10 9bb0 acb5 b558 a3b5 69ac 48c8 48a8 50a8 50e9 58c8 60e8 6908 712a 7149 7929 8189 91e9 8969 6908 60e8 58c8 5088 5088 58c8 60e8 7169 89ca 6929 6909 60c8 58a8 5909 6109 60e8 58c8 58a8 58a8 58a7 60c8 60c8 6908 6929 60e8 58c8 6087 58c8 60e8 60e8 60e8 60e8 60e8 60c8 60c8 58a8 60a7 6108 6908 6928 6928 6928 60e8 68e8 68e8 6908 60e8 60e7 68e8 6108 60c7 6087 68c7 7107 8168 89a9 91c9 99a9 99a9 a9e9 b22a ba6c c28b c2ab c2cb caeb d2ec cacc caeb caec d2ec caab cacb caec caec caec cb0c cb0c cb2c cb2d d30c d30c cb4e cb2c cb4d d32d d34d d36e d34e d34d d32d db2d db4e db6e db6d db8e dbae dbae dbae dbae db8e db8d db8e db8e d36d d38e d38e d38e d36e d38e db8e dbae dbae dbae dbef dc0e dc50 dc91 e4d1 e4d1 e4f1 e511 e552 e552 e593 e5b3 e5d4 e5d4 e5d4 edd4 edd4 edf4 edf5 edf4 ee15 edf5 ee15 f635 ee35 e615 de15 d595 bcd3 9bf1 82ef 722d 618a 5149 5108 50e8 58e8 58e8 50c8 58e8 6129 58c8 50a7 50e8 5108 50a7 58c8 50a8 58c8 6908 6908 7148 89ea 89ea 89ea 9a8b a2cd 920a 8169 89ca 81ca 8a0a 81c9 89ca 7969 8189 81a9 8168 89c9 9a0a 91c9 8969 8149 8148 81ca 81eb 81ab 6909 7969 ab2e d533 d4b1 d3ed dc0d d3ce c36d b34c aaec b32d b30c bb8d bb4d b34d bb4c bb6d bb4d b2ec b2eb b30c ab0c b2ec b2cb b2cb aacb aacc aa8a a28b aaab aaab a26b aa8b a28b a26b a26b a28b a28b 9a8b 9a8b a28b 9aac 9a8b a2ac a28b a28b a2cc a2ec a2cc a2ec a2ec a2ec a30d a2ed a30d a30c ab0d ab4d ab4d a32d a34d ab4d ab4d a34e a32d a34e a32d a32d 9b2d 9b0d 9aed 9aed a2ed ab6e d48e e570 f5f1 f632 f652 f693 f693 f672 f652 f631 f631 f632 f631 f611 f632 f652 f652 f653 f652 f654 f653 f653 f653 f673 f653 f652 f653 f652 f612 edf1 edd1 edb1 ed90 e550 e530 e510 dcaf dc6f cbec bb6c a26a 89c9 70e7 6087 5866 5866 5066 5887 6087 60c8 68e8 68e8 70e7 7928 8168 8188 8988 9189 91c9 91c9 91c9 8989 89a9 81c9 
924b 922b 89ea 89ca 7969 7968 7969 7128 7108 7108 68c7 60c7 60c7 60e8 60c8 58a8 58c8 60a8 68a7 7128 7948 7907 7948 7907 70c7 7107 78e7 8127 9188 a1e9 ba4a c2aa caea d32b d38d dbcd e3ee e42e e46f ec8e eccf e4af ecae ecaf ec8f ec8f ec8f ecaf ecae ecaf ecaf ec8e ecce eccf ecaf ec8e ec6f e450 e431 e431 e554 ee35 edd2 d44d b2aa 91a9 8128 78e8 70e8 7969 796a 796b 68c9 714a 92ce ccd2 c490 81ca 50a8 4088 4087 4888 48a8 4888 4867 4847 50c8 696a 81ec 81ed 818b 690a 5088 5087 58e8 694a 6929 58a8 58c9 60e9 58ea 60c9 698a 92f0 92b0 820d 716b 690a 610a 698b 694a 6109 58ea 612b 58ca 58ea 616b 82b0 9bb5 9bd4 9b54 8271 71ce 7a4e 9393 9c15 93b5 9355 9376 9355 9376 9376 9375 9bb5 a477 a4b6 a517 9bf4 720d 696c 71cf 71cf 69ae 720e 8311 8ad3 7a30 7a30 7a2f 82b0 9392 9c14 9353 79ef 694c 612b 7a6f 9bf7 9b54 a350 b4b6 b433 a330 9af0 81cc 722b acd4 b579 9bd5 69cc 5129 48a8 50a8 58a8 60c9 60e9 70e8 68e8 7128 8168 89a9 8148 60c8 5887 5088 5088 50a8 5088 6108 79a9 89ea 7129 60e8 58a8 58a7 58e8 6109 60c8 58a8 58c8 58a7 58c8 58a7 60c8 6908 6908 60c8 58c8 58c8 60c8 60e8 60e8 58c8 60c8 6087 60c7 60e8 60c8 60a7 60c8 6907 6927 6908 68e8 68e8 6908 68e8 7108 6908 60e8 60c7 6908 68e8 6087 68a7 70c7 7928 8168 89a9 99c9 a1c9 aa09 ba29 c28b c26b c28b cacb caca cacb caab cacb caec d2cb cacb caec cacb cacc caec cacb caec d2cb cb0d d30c d30d d32d d30d d34d d34d d34d d34e d34e d34c d36d db4d db4d db6e db6d dbae dbae db8e db8d db8e d34d d36d d38d d38e d36d d36d d38e d38d db8d d38e d38e dbad dbce dbce dbce dc2f dc70 e4d1 e4b1 e4d0 e511 e511 e552 e572 e593 e5b4 e5b4 e5d4 e5d4 edd4 edf4 edf4 edf4 ee14 edf4 edf4 ee15 ee14 ee15 edf4 f614 f635 ee15 ddf5 cd94 bcd4 9bb2 82ad 69aa 5928 50c7 50a7 48a7 58c8 60e7 5087 4887 5087 50a8 4887 5067 4867 58a7 60c8 68e8 7128 81ca 89ea 8188 922a a2ed 920a 8149 8189 8189 8a0b 81a9 81ca 8169 8169 81aa 7948 89c9 9a0a 91a9 8989 8128 7928 8189 81eb 796a 68c8 7989 b38e dd33 d490 d3ed d40d cbee c36d b32c b30d b34d b36c c3ad bb6d bb6d bb6d bb6d c38e bb6c bb4c bb2c b30c b32c b32c b30c b2ec ab0c b2cc aacb aacb aaac aa6b a28b a2ac a28b a26b a26b a28b a28b a26a a26b a28b 9a6a 9a6b 9a8b 9a4b a28b a28b a2cc a2ac a2ab a2ec a30d 9acc a2ec 9acc a2ec 9acc a2ec a2ec a2ec a30d a30d a2ed 9aec 9b0d 9b0e 9acc 9aec 9acc 92ac 9acd a2ed ab4d d490 e590 f5f1 f632 f652 f673 f672 f652 f631 f611 f611 f631 f631 f631 f632 f632 f653 f653 f653 f653 f673 f653 f653 f653 f653 f653 f653 f633 f632 edf2 edd1 ed90 e570 e530 e4ef dc8e d3cc c34a aa89 9208 8148 68c7 5866 5866 5066 5866 5887 60a7 68c7 6908 6908 7908 7908 8168 8968 8988 91a9 91c9 91c9 91a9 91a9 9189 9209 9209 
a30e 9aee 9aad 9a8d 922b 8a2a 81ca 7969 7989 7968 7148 6907 68e7 68c8 60c8 60a7 60c7 68c8 68c7 7128 7907 78c7 78e7 70e7 70a7 68a7 70c6 7907 8128 9168 aa09 ba6a caca d30a d36c dbad e3ed e42e e44f ec8e ecae ecaf e48f ec8f ecaf ecaf ec8f ecae ecaf ec8e ecaf ec8e ecaf ecd0 ecb1 ecb2 e4b3 e514 e512 e512 ed50 ecce d36c baaa a24a 99a9 8929 7908 7929 7909 81ad 89ec 796a 9aef b452 c42f a28b 58c8 4868 4067 4888 4888 48c8 48a8 4868 4868 5088 58a8 6929 79cc 81cc 79ab 60c9 50a7 612a 698b 58c9 5088 50a8 58a9 58a9 58a9 696a 826e 92cf 928f 79ad 690a 692b 696c 692b 6109 696b 696c 5089 4848 4889 618b 8b72 a436 9bb3 9312 8290 7a0e 7a4e 720d 720d 7a90 8b11 9373 9bb4 9b94 9bd4 a456 a4d6 a4d7 9c55 7a4f 610b 614c 71ce 8291 8271 71ef 71ed 8290 8af2 82b2 8291 7a70 82d1 8b11 9312 8271 7a10 79f0 82b2 9bd4 ac56 bcd7 cdb8 bc94 ab71 a351 89ce 58ea 7a6b ad14 bd98 a3d5 69ab 48a8 4888 5888 58a8 68e8 68a7 68a8 7908 8168 91c9 8169 68e8 5888 50a8 48a8 50e8 58c8 6108 89e9 89ea 7108 60a8 58a8 58a8 6108 60e8 58a8 5887 58c7 58a7 58a7 5087 60c7 68c7 68c8 68c7 60e8 58c8 58a7 5887 60a7 58c7 60c7 60a7 60c7 58c8 58c8 58a7 60c8 6908 7128 6928 7148 68e8 6908 68e8 7108 68e8 60e8 60e7 68e8 68e8 60a7 60a7 68c7 7928 8189 8989 91ca a1c9 a9e9 b24a c2ab c2ac c2ab c2cc c2cb c28b c2ab cacc d2eb d2cc d2eb caec cacb cacc cacc d2ac cacc d2cc caec cb0d d30d d34e d32d d34e cb4c d32d d30d db2c d34d db6d db2d db4c db6d db4d db6e db6e db6e db4d d34d d34e d36d d38d d36e d34d d38d d36d d36e d38e db8e db8e db8d dbce dbef dbef e42f e46f e4b0 e4b1 e4b1 e511 e552 e552 e572 e593 edb3 e5d4 e5d4 e5d3 edf3 edf4 edf4 edf4 edf4 edf5 edf4 edf4 ee15 ee14 edf5 edf5 f5f4 f615 f615 f655 ee56 ddf5 cd74 ac53 9350 7a2d 6149 48e7 50c7 50c7 5087 4887 4866 4867 4867 4867 4846 5086 68a7 68c8 7928 89c9 89ca 8168 89c9 a2ed 920b 8149 8189 81a9 8a0a 81a9 89ca 8169 8189 89a9 7928 89c9 920a 8988 8968 7928 7948 7948 7949 7149 68c8 81aa bbae dd13 d44e d3ed d3ee d3ee c34c b32c bb4d b34d bb8d c3ad bb6d bb4c bb6d bb6d cb8d c3ae c36d bb4c b32c bb2c bb4c b34d b30c b30c b2ec b2ec b30c aacc aacc aacc a2ac a28b a26b a26b a28b a28b a26a a24a a24a 9a2a 9a4a 9a6b 9a4b 9a4a 9a6a 924b 9a4a 9a6a a2ab 9aac 9aab 9a8b 9a6b 9a8b 9a8b 9a8b 9aab 9aac 9a8b 9aac 9aac 9aab 9acc 9aac 9a8c 928b 926b 928c 924b 9a6b b36d d48f e550 edd0 f611 f632 f653 f652 f652 f631 f631 f611 f611 f611 f632 f652 f633 f652 f632 f652 f653 f652 f653 f653 f653 f653 f653 f653 f653 f632 edf2 edb2 ed70 e550 dcef d48e c38b b28a 91a8 7908 68c7 60a6 60a7 58a7 5887 6087 60a7 68c7 7108 70e7 7107 7107 7928 7928 8168 89a9 91a9 91a8 91a9 91a9 89a9 89a9 91c9 91c9 91ea 
a30e 9aee 9aad 9a8d 922b 8a2a 81ca 7969 7989 7968 7148 6907 68e7 68c8 60c8 60a7 60c7 68c8 68c7 7128 7907 78c7 78e7 70e7 70a7 68a7 70c6 7907 8128 9168 aa09 ba6a caca d30a d36c dbad e3ed e42e e44f ec8e ecae ecaf e48f ec8f ecaf ecaf ec8f ecae ecaf ec8e ecaf ec8e ecaf ecd0 ecb1 ecb2 e4b3 e514 e512 e512 ed50 ecce d36c baaa a24a 99a9 8929 7908 7929 7909 81ad 89ec 796a 9aef b452 c42f a28b 58c8 4868 4067 4888 4888 48c8 48a8 4868 4868 5088 58a8 6929 79cc 81cc 79ab 60c9 50a7 612a 698b 58c9 5088 50a8 58a9 58a9 58a9 696a 826e 92cf 928f 79ad 690a 692b 696c 692b 6109 696b 696c 5089 4848 4889 618b 8b72 a436 9bb3 9312 8290 7a0e 7a4e 720d 720d 7a90 8b11 9373 9bb4 9b94 9bd4 a456 a4d6 a4d7 9c55 7a4f 610b 614c 71ce 8291 8271 71ef 71ed 8290 8af2 82b2 8291 7a70 82d1 8b11 9312 8271 7a10 79f0 82b2 9bd4 ac56 bcd7 cdb8 bc94 ab71 a351 89ce 58ea 7a6b ad14 bd98 a3d5 69ab 48a8 4888 5888 58a8 68e8 68a7 68a8 7908 8168 91c9 8169 68e8 5888 50a8 48a8 50e8 58c8 6108 89e9 89ea 7108 60a8 58a8 58a8 6108 60e8 58a8 5887 58c7 58a7 58a7 5087 60c7 68c7 68c8 68c7 60e8 58c8 58a7 5887 60a7 58c7 60c7 60a7 60c7 58c8 58c8 58a7 60c8 6908 7128 6928 7148 68e8 6908 68e8 7108 68e8 60e8 60e7 68e8 68e8 60a7 60a7 68c7 7928 8189 8989 91ca a1c9 a9e9 b24a c2ab c2ac c2ab c2cc c2cb c28b c2ab cacc d2eb d2cc d2eb caec cacb cacc cacc d2ac cacc d2cc caec cb0d d30d d34e d32d d34e cb4c d32d d30d db2c d34d db6d db2d db4c db6d db4d db6e db6e db6e db4d d34d d34e d36d d38d d36e d34d d38d d36d d36e d38e db8e db8e db8d dbce dbef dbef e42f e46f e4b0 e4b1 e4b1 e511 e552 e552 e572 e593 edb3 e5d4 e5d4 e5d3 edf3 edf4 edf4 edf4 edf4 edf5 edf4 edf4 ee15 ee14 edf5 edf5 f5f4 f615 f615 f655 ee56 ddf5 cd74 ac53 9350 7a2d 6149 48e7 50c7 50c7 5087 4887 4866 4867 4867 4867 4846 5086 68a7 68c8 7928 89c9 89ca 8168 89c9 a2ed 920b 8149 8189 81a9 8a0a 81a9 89ca 8169 8189 89a9 7928 89c9 920a 8988 8968 7928 7948 7948 7949 7149 68c8 81aa bbae dd13 d44e d3ed d3ee d3ee c34c b32c bb4d b34d bb8d c3ad bb6d bb4c bb6d bb6d cb8d c3ae c36d bb4c b32c bb2c bb4c b34d b30c b30c b2ec b2ec b30c aacc aacc aacc a2ac a28b a26b a26b a28b a28b a26a a24a a24a 9a2a 9a4a 9a6b 9a4b 9a4a 9a6a 924b 9a4a 9a6a a2ab 9aac 9aab 9a8b 9a6b 9a8b 9a8b 9a8b 9aab 9aac 9a8b 9aac 9aac 9aab 9acc 9aac 9a8c 928b 926b 928c 924b 9a6b b36d d48f e550 edd0 f611 f632 f653 f652 f652 f631 f631 f611 f611 f611 f632 f652 f633 f652 f632 f652 f653 f652 f653 f653 f653 f653 f653 f653 f653 f632 edf2 edb2 ed70 e550 dcef d48e c38b b28a 91a8 7908 68c7 60a6 60a7 58a7 5887 6087 60a7 68c7 7108 70e7 7107 7107 7928 7928 8168 89a9 91a9 91a8 91a9 91a9 89a9 89a9 91c9 91c9 91ea 
a36f a36f a34f a32e a2cd 9aad 926c 89ea 89ca 8189 8189 7989 7969 7108 68e8 68c7 68c8 6908 7927 7908 78e7 70a7 70a7 7107 70c6 6886 68c7 70e7 8108 9168 a1c8 b229 c289 caea d34c dbad e3ed e42e ec4f ec8f e490 ecaf ecaf ecaf ecb0 ecb0 ec8e ecae ecaf ecaf ecb0 ecb0 e491 ecd2 ed14 ed55 edb5 edb2 ed31 e46f e40d db6c caeb c2aa aa4a a1c9 8949 8109 7949 81ac 9ab0 9a4b a371 bcb3 bc0f 9a4b 7129 50a8 4888 4888 50a8 4888 5088 4867 4888 5088 58a8 58a8 58c9 692a 79ab 820d 798c 696a 7a0d 79ec 5067 4027 4867 50a8 60c9 58a9 610a 79cc 92b0 926e 8a0e 718c 718c 718c 694a 6929 720e 71ed 5089 4028 4028 50ca 69ec 93b2 a415 9b72 9392 92f1 7a2f 694b 50c9 592a 698a 71ec 822f 71ec 7a4e 9bf3 a475 9c34 722c 698c 71ef 71f0 720f 7a70 82d0 8250 79cf 7a0f 82b0 9394 9374 8ad2 82b2 82d1 8b12 8ab1 8a91 8ad1 9333 9312 9b4f c556 d577 b370 924c 822c 820d 716c 612b 722b 9bef b4f5 9312 58e9 5087 58a8 60a8 68e8 68e8 68e8 7928 8168 91c9 7969 60a8 58a7 50c8 48a8 5088 58a8 6907 89c9 920a 7128 5887 58a8 58a8 60e8 60c8 58a7 5888 5887 60e8 50c8 50a8 60a7 68e8 6909 60e7 60c7 60c7 58c7 58a8 60c8 58c7 58a7 5887 58a8 58a7 60c7 60e8 6909 6908 6929 6928 6928 60e8 6908 7108 7108 7107 6908 68e7 68e7 68e7 60a7 6087 60a7 70e7 8189 8988 89c9 99c9 a1e9 b24a c26a c2ab c2ec c2cc c2ab c2ab cacb cacb d2cb cacb cacc caec cacb caec cacc caec cacc cacc cb0d caec d30d d34d d34d d34d d32c d32d d32c db2c d32d db4d db2d db4d db4d db4d d36e d36d db4d d34e d36e d36e d36d db4d db4d d36e d36e d38d d38d d38e db8d dbae dbad dbce dbee dc0f dc4f e490 e4b0 e4d1 e4d1 e511 e552 e573 e573 ed93 edb3 e5b4 edd4 e5b4 edd4 edd4 edd4 edd4 edf4 ee15 edf5 edf4 ee14 ee15 ee15 edf4 edf4 edf5 ee15 f615 f615 f635 f655 e635 d5f5 bd15 a3d2 7a6e 6189 50c7 4887 4866 4867 4887 4867 4846 4866 5067 6887 60a7 7128 8188 8169 81ea 89e9 9aac 922b 7928 8149 81a9 89e9 81a9 89ea 8189 8189 8989 7948 89a8 91c9 8168 8148 7928 8169 8148 7108 796b 60c8 89eb c3af dcf2 d42d d40e d3ad cbce c36e b32d bb8e bbae bbad c3ae bb8e bb8d bbae bb8d c3ad cbce c38e bb6c b36c bb6d bb4c b34d b36d b34d b32d b32d b32d ab0d aaec aacc aacc aaec aacc aaab a28c a28b a24a a24a a26a a24a 9a4a a22a a24a 9a4a 9a6b 922a 9a2a 9a2a 9a4b 9a6a 926b 924b 924a 924b 924a 924b 926c 9a4a 9a4b 9aab a2ab 9aab 9acb 9aac 926a 8a2a 8a2a 8a0b 89ea 8a0b ab0c cc2d dcef edb0 f611 f632 f652 f652 fe31 f630 f631 f611 f611 f631 f632 f633 f653 f652 f633 f633 f653 f652 f653 f652 f653 f652 f632 f632 f632 ee12 edd1 e591 e530 dcef d44d c38c a249 8167 68c7 5887 5887 58a7 5887 60a7 68c7 68e7 70e8 7928 7928 7948 7928 7947 8149 8148 8968 91a9 91c9 91a8 9189 9188 91a9 91c9 91c9 91c9 91ea 
a38f a38f a370 a38f ab6f a32e a2ed 9aad 924b 91ea 89e9 89c9 81a9 7948 7148 7108 7108 7128 8148 8148 78e7 70e7 70a7 70e7 68a6 68a6 68a6 70e7 7927 8947 99a8 b229 c269 cacb d34b db8c e3cd e40e e44e e490 ec8f ec8e ecaf ec90 ecaf ecaf ecce ecaf ecaf ecaf ec90 e4b1 e4d2 ed12 ed53 f592 f570 ecaf e44f e42e dbee d36b d30b c2ca b24a a1c9 8969 8129 81ab a2b0 aacd ab0d cd76 cd12 9a09 6908 5888 5067 4867 4887 4887 4887 4887 4887 4867 5067 50a8 50a8 5089 50a8 6129 81ec 8a4e 8a8f 8ad1 71ab 4827 4026 4067 50a8 58a9 60ca 60ea 718c 92f0 92d0 8a6f 81ed 718c 798c 716a 71ed 82b1 696b 4847 4048 4047 4869 58ca 69ab 8b31 9b94 9bd5 9b94 9333 8ab2 722f 69ad 69ac 7a0e 7a0f 696b 71cd 8b71 9c14 8b31 590a 592a 7a90 8af4 82b2 7a50 8270 7a50 8270 8292 8270 828e 8b32 9394 8b13 8b12 8af1 8af2 8ad1 8ad1 92f1 92f2 8a6e ac31 bd35 abd5 820d 7169 820d 79ab 716c 718d 71cc 8acc a454 8ad1 6109 58a7 60c8 68e8 68c8 68a7 7908 8169 91ca 7928 60c8 58a7 58a8 5087 5047 5887 6908 89a8 91e9 6907 60a7 5887 5887 60c8 60a8 60a8 5888 50a7 60c8 50a8 50a8 58a7 68c8 6908 60e8 6108 60e7 60e8 58c8 60c8 58c8 58a8 5887 58a7 58a7 6108 6107 6908 60e8 60e8 6928 6908 68e8 6908 7169 7968 7128 68e7 68c7 68e7 68e7 60a7 60a7 60a7 68c7 7947 8168 89a9 99e9 a9e8 b24a ba49 c26a c28a c28b c28b cacb cacb cacb cacb caaa cacc cacb caab cacc cacd d2cc cacc caec d30c d2ec d30c d32d d34c d32c d34d db0c db2c db0d d30c db2d db4d db4d db4d db6d db6d db4d d34e db8f db6e d36e d34d d34d db4d d36d d36d d3ae d36d d38e dbaf dbae dbae dbef dc2f e42f e450 dcb0 e4d1 e4f0 e531 e552 e572 e572 e593 ed93 e592 e5b3 e5b3 e5b3 edd3 edb4 edb3 edd3 edf4 edf4 edf4 edf4 edf4 ee14 ee15 ee15 edf5 ee14 edf4 f615 f615 f615 f635 f635 f675 ee76 de16 c575 a433 82ae 596a 4907 48a7 4087 4867 4847 4867 5067 60a7 60e7 7969 8169 8189 8a0a 81e9 9a8c 924c 7949 7989 8189 89e9 7989 89aa 7989 7989 8168 7928 89a9 91a8 8168 8168 8148 8169 8169 7129 796a 60c8 920b c3cf dcd2 d40e d3ce d3ce c3ef c38e bb6d c3f0 c3ee c3ce bbae bbae bbae bbad c3ad c3ad c3ad c3ef bbad bb8d bb8e bb8e b36d bb6d bb6d bb4e bb4d b34d b34e b32d b32c b30d b30c ab0d aaac aaac a2ac a28b a28b a2ac a28b 9a6b 9a4a a24a 9a4a 9a2a 9a2a 9a2a 9a2a 920a 924a 924a 8a4a 924a 8a0a 8a0a 924a 924b 922a 9a6b a2ab a2ab a2cb a2ab 9a8a 9a6a 922a 81ca 8189 8189 89ca a28b c3ce dcee edb0 f611 f632 f652 f652 f631 f631 f631 f611 f631 f632 f652 f653 f653 f653 f653 f633 f653 f633 f652 f632 f652 f632 f612 ee12 f5f1 edd1 ed91 e531 dcaf d44d bb8c a269 8148 6086 5866 5887 5887 60a7 70e8 7948 7908 7948 7947 8148 8148 7948 8148 8188 8989 89a9 9188 91c9 91a9 91a8 91a9 91a9 99c9 91c9 91a8 91a9 91a9 
abd0 abd0 a3b0 abb0 ab90 a36f a38e a34f 9acd 928c 924b 920a 89ea 81ca 8189 7969 7948 7928 8189 8189 7928 7907 70c7 70c7 68c7 60c8 6086 68a7 7908 8948 99c8 aa08 c269 caeb d34c dbad e3ed e42e e42f ec6e ec6e e48f ec8f ec8f ec8e ecaf ecb0 ecaf ec8f ecae ec8f ecb0 ed10 ecf0 ecf0 f4cf ecae e46e ec2e e42e e3cc db6c d30b c2ab b22a a1ca 898a 89ec a2b0 bb31 a24b c492 e657 c40f 68e8 5088 50a8 4887 4888 50a8 4887 4887 50a8 4887 4887 50a8 58a8 5088 4868 4888 58c9 716a 820c 9b72 9352 718a 4047 4026 4847 4867 4868 5889 60c9 694a 9310 9b52 92b0 79cd 716c 798c 79ab 8ad1 8b32 696b 48a8 4888 4888 4848 4868 58ea 616b 828f 9bd4 a416 a3d4 a415 9bb5 8af2 8270 8291 7a0f 718d 8290 93d3 9c15 7a2e 612c 590c 618c 7ad0 9394 8b14 82b1 7a70 82b0 8b12 92f3 79ee 71cd 8b73 9c16 93b5 8af2 8af2 8af3 8af2 9353 9b95 9b12 b36f b451 ac95 ac16 92af 81ec 68e9 58a8 718c 8250 7a2d 938e b517 92d0 60c8 60c8 60c8 60a8 68c8 7908 8148 81a9 7908 60c8 58a7 50a7 5087 4867 5087 6908 89c8 8188 68c8 60c8 60a7 58a7 60e8 60e8 58a7 5887 58a8 58c8 58a8 5087 5087 60c8 68e8 6108 6928 68e8 60c8 60e8 58c8 60e8 58c8 58a8 58c8 60c8 60c8 60e8 6908 60e8 60c8 6908 6908 7129 7149 7988 8189 7928 68e8 68c8 68e8 68e8 60a7 60a7 60c7 68e8 7108 8148 89c9 9a2a aa29 b22a b22a ba8a ba8b ba6a c26a caaa ca8a c2cb cacb c2cb cacb cacb cacb caec caec caec d30c d30d d2ec caed caed cb0d cb4d d32c d32d db0c db2d db4d db4c db2d db2d db4d db6d db4d db6e db2d d36e db6e d36d db6d d32d d34d db4d db6d db8e db8d dbae dbaf dbae dbce dbef dc0f dc2f e44f e470 dc91 e4b1 e4d1 e511 e551 e551 e572 e593 e592 e592 e5b3 e593 e593 ed93 e593 e5b2 e5b3 edd3 edd4 edd3 edd4 edf4 edf4 ee14 ee14 f614 ee15 edf5 edf4 f635 f615 f635 f635 f655 f656 f676 f676 de36 bd75 a433 82ae 5949 40c7 40a7 4067 4847 4867 60e7 6108 7989 7949 7128 89ea 89e9 9a6b 924b 7949 7949 8169 89c9 7989 81a9 7969 7948 8148 7108 8188 8989 8128 8148 8189 81aa 7969 6909 794a 68e8 924c cbcf dcb0 d44f d3cd cbae c3ae bb8e bb8f c430 c3ef c3ee bbef bbce bbae bbae bbce bb8d c3ce c3ee bbce bb8e bb8d bb6e bb6e b38e bb6d bb8e bb6d bb6d b36d b34d b34d bb4c b32d b32d ab0c ab0c aaed aacd aacb aacc a2ac a28b a28b a28b a24a 9a4a 9a2a 9a2a 9a4b 920a 922a 924a 924a 920a 8a0a 8a0b 8a2a 920a 9a4a a28b aacb aaec aacb aaeb a2cb a28a 9a29 89c9 8189 7969 81a9 9a6b c3ad dcef edb1 f611 f631 f652 f651 f651 f631 f611 f611 f632 f632 f653 f673 f674 f653 f652 f633 f632 f632 f632 f632 f632 f612 f5d1 edb1 ed90 ed4f e50f dc8e d3ec bb4b 9a49 8168 68c7 5887 5887 60c7 68e7 7128 8168 89a9 8988 81a9 81a9 8169 8168 8188 8188 8168 89a9 91a9 91a8 91c9 91a9 91a9 91e9 91a9 99e9 91ea 91ea 91e9 91ca 
abd0 abd0 a3b0 abb0 ab90 a36f a38e a34f 9acd 928c 924b 920a 89ea 81ca 8189 7969 7948 7928 8189 8189 7928 7907 70c7 70c7 68c7 60c8 6086 68a7 7908 8948 99c8 aa08 c269 caeb d34c dbad e3ed e42e e42f ec6e ec6e e48f ec8f ec8f ec8e ecaf ecb0 ecaf ec8f ecae ec8f ecb0 ed10 ecf0 ecf0 f4cf ecae e46e ec2e e42e e3cc db6c d30b c2ab b22a a1ca 898a 89ec a2b0 bb31 a24b c492 e657 c40f 68e8 5088 50a8 4887 4888 50a8 4887 4887 50a8 4887 4887 50a8 58a8 5088 4868 4888 58c9 716a 820c 9b72 9352 718a 4047 4026 4847 4867 4868 5889 60c9 694a 9310 9b52 92b0 79cd 716c 798c 79ab 8ad1 8b32 696b 48a8 4888 4888 4848 4868 58ea 616b 828f 9bd4 a416 a3d4 a415 9bb5 8af2 8270 8291 7a0f 718d 8290 93d3 9c15 7a2e 612c 590c 618c 7ad0 9394 8b14 82b1 7a70 82b0 8b12 92f3 79ee 71cd 8b73 9c16 93b5 8af2 8af2 8af3 8af2 9353 9b95 9b12 b36f b451 ac95 ac16 92af 81ec 68e9 58a8 718c 8250 7a2d 938e b517 92d0 60c8 60c8 60c8 60a8 68c8 7908 8148 81a9 7908 60c8 58a7 50a7 5087 4867 5087 6908 89c8 8188 68c8 60c8 60a7 58a7 60e8 60e8 58a7 5887 58a8 58c8 58a8 5087 5087 60c8 68e8 6108 6928 68e8 60c8 60e8 58c8 60e8 58c8 58a8 58c8 60c8 60c8 60e8 6908 60e8 60c8 6908 6908 7129 7149 7988 8189 7928 68e8 68c8 68e8 68e8 60a7 60a7 60c7 68e8 7108 8148 89c9 9a2a aa29 b22a b22a ba8a ba8b ba6a c26a caaa ca8a c2cb cacb c2cb cacb cacb cacb caec caec caec d30c d30d d2ec caed caed cb0d cb4d d32c d32d db0c db2d db4d db4c db2d db2d db4d db6d db4d db6e db2d d36e db6e d36d db6d d32d d34d db4d db6d db8e db8d dbae dbaf dbae dbce dbef dc0f dc2f e44f e470 dc91 e4b1 e4d1 e511 e551 e551 e572 e593 e592 e592 e5b3 e593 e593 ed93 e593 e5b2 e5b3 edd3 edd4 edd3 edd4 edf4 edf4 ee14 ee14 f614 ee15 edf5 edf4 f635 f615 f635 f635 f655 f656 f676 f676 de36 bd75 a433 82ae 5949 40c7 40a7 4067 4847 4867 60e7 6108 7989 7949 7128 89ea 89e9 9a6b 924b 7949 7949 8169 89c9 7989 81a9 7969 7948 8148 7108 8188 8989 8128 8148 8189 81aa 7969 6909 794a 68e8 924c cbcf dcb0 d44f d3cd cbae c3ae bb8e bb8f c430 c3ef c3ee bbef bbce bbae bbae bbce bb8d c3ce c3ee bbce bb8e bb8d bb6e bb6e b38e bb6d bb8e bb6d bb6d b36d b34d b34d bb4c b32d b32d ab0c ab0c aaed aacd aacb aacc a2ac a28b a28b a28b a24a 9a4a 9a2a 9a2a 9a4b 920a 922a 924a 924a 920a 8a0a 8a0b 8a2a 920a 9a4a a28b aacb aaec aacb aaeb a2cb a28a 9a29 89c9 8189 7969 81a9 9a6b c3ad dcef edb1 f611 f631 f652 f651 f651 f631 f611 f611 f632 f632 f653 f673 f674 f653 f652 f633 f632 f632 f632 f632 f632 f612 f5d1 edb1 ed90 ed4f e50f dc8e d3ec bb4b 9a49 8168 68c7 5887 5887 60c7 68e7 7128 8168 89a9 8988 81a9 81a9 8169 8168 8188 8188 8168 89a9 91a9 91a8 91c9 91a9 91a9 91e9 91a9 99e9 91ea 91ea 91e9 91ca 
abf0 abd0 abb0 a3b0 abd1 abb0 abaf a38f a34f a32e a2ee 9a8c 922b 920b 89c9 89a9 8189 81a9 89a9 8989 8169 7928 7107 70e7 60a7 60c7 60a7 68a7 7908 8968 99c8 b229 c249 d2ca d34b dbac e3ed e42f e44e e46e ec6f e48f ecae ec8f ec8f ec8f ec8f ecaf ecaf ec8f ec8f ec8f eccf ecd0 ecaf ec8e ecae ec8e ec4e e40d e3ac db8c d32c c2ab aa4b 99eb 99eb a2ae bc13 aa6d 9a4b e594 e5d4 a24a 5887 5087 50c8 48a8 4888 4887 50a8 5088 50c7 4888 50a8 58a8 5088 5087 58c9 610b 612a 714a 71aa 9351 9310 694a 4867 4046 4067 4067 4067 50a9 60c9 71ac 9b72 a3d4 92d1 718b 716b 79ac 824e 9331 828f 6129 50c8 58e9 50a8 4868 4868 58c9 694b 71cc 824e 826e 822d 8b10 9bf4 9bb5 9313 8250 8270 8b54 9c35 9c34 9372 696b 614c 69af 612d 616b 724e 8b93 9374 82b1 8ad1 8af1 9332 8a72 718d 722e 93f4 a498 9bf6 8b33 8b32 9373 9bd3 a3d4 a332 a2ad a2ad 9b2e acb4 ac56 8a4e 60c9 5069 60c8 822d 9af2 928d b492 b476 79ec 60c8 58a8 60e8 68e8 8128 8168 7989 68c7 60c8 5888 5087 4867 4867 5067 6928 8a2a 81e9 6928 60e8 60c8 58a8 60e8 6928 6108 58a8 58c7 60e8 58c8 50a7 5887 58e8 6929 60e8 60c8 6908 69aa 6969 58c8 60e8 60c8 58c8 58c8 58e7 60c8 60c8 68a8 60e8 60c8 60e8 6908 7128 6928 7148 7969 8169 7928 68e8 7128 68e8 68e8 60c8 60a7 68e7 7128 8189 89c9 920a a22b aa2a b26a ba6a ba6b ba6a c28a c28b c28b c2cb cacb caab caeb cacb cacc cacc d2ec d30c d30c d2ec caeb c2ec c2ed caec d30c d32c db2c db0c db4e db6d db4d db4d db6d db8d db6d db4d d34d db4d db6d db4d db6d d36d d34d d36d db8d db8e db8e d36d db8e dbae dbce dbce dc0f dc0f dc0f e44f e490 e4d0 e4d1 e4f0 e511 e532 e532 e572 e572 e592 e572 e593 e593 e592 ed73 e592 edb3 e5b3 edd3 edd3 edb3 edd3 edd3 edf4 edf4 edf4 edf4 f614 f5f4 f614 f5f4 f5f4 f614 f635 f635 f655 f636 f655 f676 ee76 de36 bd76 9bd2 724d 5109 48a7 4066 4867 5887 60a7 7128 7908 68a7 7948 8a09 926b 924b 7929 7108 7969 8189 7989 81a9 7948 7948 8168 7948 8968 91a9 8948 8148 7968 8169 7908 68e8 712a 6909 9aad cc50 d490 d44f d3ee cbad c38d bb6d bbae c40f c3ef c3ef c40f c3cf c3ce bbce c3cf c3ce c3ce c3ce c3ee bbaf bbae bb8e bbae b38f b38e b3ae bb8e bb8e bb8d bb6e bb6e bb6e b36e b34d ab2d b34d b32d ab0c b30d aaec aacc aaec aacc aacc a28b a28c a28b 9a6b 9a4b 920a 924b 924b 922a 89e9 89ea 89ea 922a 924a a26b aaec b30b b32c b30b b30b b2cb aaab 9a4a 89ea 81a9 8169 8189 a22a cbcc dd0f edd1 f611 f632 f652 f652 f631 f631 f631 f631 f652 f653 f673 f673 f673 f653 f653 f653 f632 f652 f632 f632 f632 f5f1 ed70 ed2f e4ed dcad d40b c36b aa48 91a8 7107 60a7 6087 60a7 60a7 7108 7948 7949 8168 8989 89aa 89a9 8188 8189 8189 81a9 89a9 89a9 89c9 91a9 91c9 91e9 91e9 99e9 99e9 91a9 91a8 91e9 91ea 91a9 91c9 
abd1 abd1 a3b1 abd0 abf1 abf0 a3d0 abb0 a390 a38f a34e a30e a2ad 9a8c 9a4b 920a 8a0a 89ca 89e9 89c9 81a9 8168 8148 70e7 68a6 6087 6066 6886 7907 8168 99a8 b229 c269 caca d34b db8c dbed e42f e44e e46f ec8f ec8f e48e ec8f ecaf ec6f ec8e ecae ec8f ec8f ecaf ecaf ecaf ec8f ecaf ecaf ec8f ec6e ec4d ec0d e3cc d36c cb0c c2ab b2ad b30f aace bbf3 c452 99ec a2ad dd52 bc30 6908 50a8 50a8 5088 4887 50a8 4888 5087 5087 5087 4888 5088 5068 5068 4888 614b 8a91 9291 8a2f 8a2e 9310 8a8f 696b 5088 4026 3847 3827 4048 50a9 718d 9312 a3f4 a3d3 8a2e 692a 716b 7a0d 8ab0 824e 696a 50c8 58c9 5909 50a9 4848 50a9 698c 8270 822e 81ed 692a 60ea 694a 720d 82f1 8ad1 92d1 9373 9c75 9391 7a4d 698c 612b 614c 71ce 71cf 696d 592b 722e 8b53 9374 8b32 8b32 8b11 92f2 8a31 79ee 8ad1 9c35 acd8 9bd5 9313 9373 9b93 9bb4 9b32 920c 922b 9acd 9b6e a493 a476 8a91 58c9 4848 58c9 71ab 8a2e 9aed b493 a3d4 718b 58c8 60e8 68e8 7928 7948 7108 68a7 58c8 50a8 50a8 5087 50a7 58a7 6908 9209 81a9 7148 68c7 60a7 58c8 60e8 60e8 60e8 60e8 58c8 60e8 58c8 58c8 50a8 58c8 60c8 68e8 60e8 6108 6989 698a 6108 58c7 60e7 58e8 58e8 58c8 58c8 60e8 60e8 68e8 60c8 60e7 6929 7108 6908 7148 8189 89a9 8189 7108 6908 68e8 60e8 60c7 60a8 68e8 7128 89a9 89a9 91ea 9a2a aa2a b24a ba8b c28b c28b c28a c28b c28a c28a c2cb caab cacb cacb caec cacc caec d30d d2cc cacb c2cc c2ec cb0d d32d d30c db2c db4d db2d db6d db6d db6e db4d db6d db8d db4d db6e db2c db4d db2c db4d db4d db2c db2c d34e d36e db8e dbae d38e db8e dbae dbce dbef dc0e dc0f dc4f e46f e4d1 dcd0 e4d1 e4f1 e531 e532 e552 e552 e572 e593 e593 e592 e592 e593 ed53 ed72 ed93 e5b3 edd3 edb3 edb4 edb3 edb3 edd4 edf4 edf4 edf4 edf4 f614 f614 f614 f614 f615 f635 ee36 f636 f635 f635 f656 f676 f676 ee76 d636 b515 9371 69cb 50e7 48a8 50c8 60a7 68e8 68e8 60a8 6908 8a0a 926b 8a4b 7969 7129 79a9 7989 79a9 81aa 7949 7948 89a9 8169 89c9 89c9 8168 7928 7968 8149 70e8 68c9 712a 7129 a2ee d491 d46f d42f d3ee cb8c c36e bb8e c3ae cc0f c3ee cc0e c3ef c3ce c3ef c3ef c40e c3ce c3ce c3cf c3ce bbae bbae bbae bbcf bb8e b38f bb8e bbae bb8e bb8e bbaf bb8e bb8f bb8e bb6e b34d b32d b34e ab0c b30d ab0d ab0c ab2d aaec aacc a2cc a2cc a28b a26b 9a6b a2ab 9acc 926b 922a 920a 91ca 920a 9a6b a28b aa8b b2cb bb4b bb6c bb2b bb0b baaa b289 9a6b 89e9 8169 7949 8989 a28a cc0d e530 edd0 f611 f652 f652 f652 f652 f652 f632 f632 f652 f673 f694 f673 f673 f673 f653 f653 f653 f652 f632 f632 ee12 edd0 e50f e48e dc0b cb6b b2a9 91a8 78e7 6086 5886 5866 60a7 68c7 7108 8148 8188 89a9 89a9 89a8 8969 8989 8989 89a9 8989 89c9 89c9 91c9 99c9 99c9 9a0a 99c9 9a2a 9a2a 91e9 91a9 91a9 9189 91a9 91a9 99c9 
a3d0 a3b0 a390 abd1 abf1 abf2 abf1 a3d1 abd1 a3d1 ab90 a36f a32e a2cd 9aed 9a6c 924b 922a 924a 920a 89c9 81a8 8168 78e7 6886 6066 6066 68a7 70e7 8148 99a8 b208 c269 caca d32c db8d dbcd e40e e44f ec4f ec8f ec8f ec8e ecaf ec8f ec8f ec8e ec8f ecaf ecaf ecaf eccf eccf ecaf ecaf ecaf ec8f ec4e ec2d e3ed e3ac db4c cacb bacb c371 c3d1 c3b1 dd56 bb4d 9a2c ab0e bb8e 9a4b 58c8 4888 50a8 50a8 50a8 50a8 48a8 5087 5067 4867 4887 4867 4826 4048 4888 50c9 79ed 9af1 a374 a374 a354 9313 8a92 8210 698e 614d 612d 698e 8271 9b73 a3d3 9b71 824d 692a 692b 716c 79ed 71ac 696b 698b 69ad 58ea 4888 4889 50a9 71ad 8af1 9311 820d 714b 610b 60eb 610b 698c 82d1 8b53 93d4 9372 82ae 71cd 694b 590a 592b 69ad 71ad 71ce 71cf 698d 614c 720e 8b32 9353 9352 9333 9313 8ad2 92f2 9354 a415 a456 a476 9bb5 9374 9372 9bd2 a3d4 928f 7949 81ea 81aa 7a4b 9c32 a456 826f 50a9 4889 50c9 694b 9290 a30d b516 9b52 6129 60c8 60c8 7108 7108 7129 68e9 58e8 50e9 50c9 50c8 50a8 58c8 7129 91e9 8189 7969 6908 60c8 60e8 6929 6109 58e8 60e8 60c8 60c8 58c8 58c8 58e8 5909 58e8 6109 60e9 60e8 6929 6989 6949 60e8 58e8 58e8 60e8 60e8 58c8 60c8 6108 6928 6929 6108 6929 7129 68c8 70e8 8168 89a9 89a8 7948 68e8 60e7 60c8 6108 60e8 60c8 70e8 89a9 89c9 920a 9a0b a22a b26b ba6a c28a c28b c28b caab ca8b c28b c2ab caab caec d2ec d2ec cacc cacc cacb caec baec c30d cb0c d30c d30d d32c db4d db4d db4d db4d db6d db8e db6d db6d db8e db6d db6d d36e db2c db0c db2d db4e db2d db2c db4d d38e db8e db8e d3ae dbad dbcf dbee dc0e dc2f dc4f e46f e470 e490 e4b0 e4d1 e4d1 e4f1 e511 e532 e551 e572 ed93 e572 e572 e572 e593 e572 e592 e592 ed92 edb3 edb3 edb4 edb3 edb3 edd4 edd4 edf3 edf4 edf5 ee14 ee15 f614 f614 f614 f614 f635 f635 f635 f635 f636 f656 f656 f676 f676 e675 cdd6 a473 826d 5929 50a7 58c7 60e8 58a7 5888 60c8 81ca 924b 8a2b 7949 7128 7989 7969 7969 7969 7908 7128 8168 7928 8988 89a9 7948 7928 7948 8128 68a7 60c9 714a 7128 ab4d dcb2 dc0d dc0f d3ce cb8d c38d bbae cbee cc4f c3ee cc2f cc0f c3ce c3ef bbee c40e c3ef c3ce c3cf bbae c3cf bbae bbae c3cf bbae bbce bbaf bbaf bbce bbaf bb8e bbaf b36e b38e bb8e bb6e b34d b36e ab4d b32d b32d ab2d ab0d ab0d ab2d aaed aaed a2ec a2cd a2cc a2ac 9aac 9a8c 926b 9a6b 920a 920a 9a2a a2ab aacb bb0b c32a c36b cb6b bb2b baca b289 9a29 89e9 8989 8149 91ea bb2b d44e e570 edf1 f612 f652 f653 f652 f653 f653 f652 f653 f673 f673 f673 fe73 fe73 f673 f653 f653 fe53 f652 f632 f632 ee11 ed90 dcce d3ec bb0a a209 8148 6908 5867 5046 5067 5887 68c7 7948 89c9 89a9 89a8 91c9 91c9 89a8 8968 8988 8969 8968 8988 91c9 91e9 99e9 99e9 99e9 9a09 9a0a 9a09 99e9 99e8 91a9 91c9 9168 9188 91a9 99ca 
a3d0 a3b0 a390 abd1 abf1 abf2 abf1 a3d1 abd1 a3d1 ab90 a36f a32e a2cd 9aed 9a6c 924b 922a 924a 920a 89c9 81a8 8168 78e7 6886 6066 6066 68a7 70e7 8148 99a8 b208 c269 caca d32c db8d dbcd e40e e44f ec4f ec8f ec8f ec8e ecaf ec8f ec8f ec8e ec8f ecaf ecaf ecaf eccf eccf ecaf ecaf ecaf ec8f ec4e ec2d e3ed e3ac db4c cacb bacb c371 c3d1 c3b1 dd56 bb4d 9a2c ab0e bb8e 9a4b 58c8 4888 50a8 50a8 50a8 50a8 48a8 5087 5067 4867 4887 4867 4826 4048 4888 50c9 79ed 9af1 a374 a374 a354 9313 8a92 8210 698e 614d 612d 698e 8271 9b73 a3d3 9b71 824d 692a 692b 716c 79ed 71ac 696b 698b 69ad 58ea 4888 4889 50a9 71ad 8af1 9311 820d 714b 610b 60eb 610b 698c 82d1 8b53 93d4 9372 82ae 71cd 694b 590a 592b 69ad 71ad 71ce 71cf 698d 614c 720e 8b32 9353 9352 9333 9313 8ad2 92f2 9354 a415 a456 a476 9bb5 9374 9372 9bd2 a3d4 928f 7949 81ea 81aa 7a4b 9c32 a456 826f 50a9 4889 50c9 694b 9290 a30d b516 9b52 6129 60c8 60c8 7108 7108 7129 68e9 58e8 50e9 50c9 50c8 50a8 58c8 7129 91e9 8189 7969 6908 60c8 60e8 6929 6109 58e8 60e8 60c8 60c8 58c8 58c8 58e8 5909 58e8 6109 60e9 60e8 6929 6989 6949 60e8 58e8 58e8 60e8 60e8 58c8 60c8 6108 6928 6929 6108 6929 7129 68c8 70e8 8168 89a9 89a8 7948 68e8 60e7 60c8 6108 60e8 60c8 70e8 89a9 89c9 920a 9a0b a22a b26b ba6a c28a c28b c28b caab ca8b c28b c2ab caab caec d2ec d2ec cacc cacc cacb caec baec c30d cb0c d30c d30d d32c db4d db4d db4d db4d db6d db8e db6d db6d db8e db6d db6d d36e db2c db0c db2d db4e db2d db2c db4d d38e db8e db8e d3ae dbad dbcf dbee dc0e dc2f dc4f e46f e470 e490 e4b0 e4d1 e4d1 e4f1 e511 e532 e551 e572 ed93 e572 e572 e572 e593 e572 e592 e592 ed92 edb3 edb3 edb4 edb3 edb3 edd4 edd4 edf3 edf4 edf5 ee14 ee15 f614 f614 f614 f614 f635 f635 f635 f635 f636 f656 f656 f676 f676 e675 cdd6 a473 826d 5929 50a7 58c7 60e8 58a7 5888 60c8 81ca 924b 8a2b 7949 7128 7989 7969 7969 7969 7908 7128 8168 7928 8988 89a9 7948 7928 7948 8128 68a7 60c9 714a 7128 ab4d dcb2 dc0d dc0f d3ce cb8d c38d bbae cbee cc4f c3ee cc2f cc0f c3ce c3ef bbee c40e c3ef c3ce c3cf bbae c3cf bbae bbae c3cf bbae bbce bbaf bbaf bbce bbaf bb8e bbaf b36e b38e bb8e bb6e b34d b36e ab4d b32d b32d ab2d ab0d ab0d ab2d aaed aaed a2ec a2cd a2cc a2ac 9aac 9a8c 926b 9a6b 920a 920a 9a2a a2ab aacb bb0b c32a c36b cb6b bb2b baca b289 9a29 89e9 8989 8149 91ea bb2b d44e e570 edf1 f612 f652 f653 f652 f653 f653 f652 f653 f673 f673 f673 fe73 fe73 f673 f653 f653 fe53 f652 f632 f632 ee11 ed90 dcce d3ec bb0a a209 8148 6908 5867 5046 5067 5887 68c7 7948 89c9 89a9 89a8 91c9 91c9 89a8 8968 8988 8969 8968 8988 91c9 91e9 99e9 99e9 99e9 9a09 9a0a 9a09 99e9 99e8 91a9 91c9 9168 9188 91a9 99ca 
a3b0 a3b0 a38f a3b0 abf0 abf1 ac32 ac32 ac51 ac32 abf1 abd0 ab8f a36f a32e a2cd 9a6b 9a8b 9a6b 91ea 89ca 8188 8147 7108 68c7 6087 6066 68a7 70c7 8108 99a9 b209 c28a d2eb d36d dbad dbcd e42f e46f e490 ec6e ec90 ecaf ecae ecae ecaf ec8f ecaf eccf ecaf ecaf eccf eccf eccf ecaf f48f ec8e ec6d e42d e3cd db8c db4c d2ec c30e d453 d4b3 e534 dd73 9a0a 920c a2ce a2ce 89eb 6109 5088 50a8 50a8 48a7 48a7 50a8 50c8 50a7 4866 4887 4887 4867 4847 4847 4867 50a8 716a 8a6e 92d0 92f1 9b73 a3d5 a395 a354 9b33 9b53 a394 ac14 a392 92ae 79ab 716b 716d 79ad 692b 696b 694a 698b 71ee 696c 5089 4889 590b 7a2f 9332 9b51 8a6e 694b 60e9 610a 612c 696c 7a90 93f5 9392 8aaf 71cc 614a 69ad 696c 610b 590b 614b 698c 720e 722e 7a2f 69ae 618c 720e 8af2 9313 9353 9b74 9333 9b53 a3f5 ac97 9bb4 9c15 9c16 9c16 9394 9392 9c13 9b93 71cc 58a8 5889 50a9 69ca 9c12 a496 7a90 50e9 4088 50a9 79cd 926d ac10 b517 8a8e 58c8 58c8 7108 7109 6908 60e9 58e9 50e9 50c8 50c8 50c8 50e9 6949 920a 81a9 7128 6908 60c8 60c8 6909 6109 60e8 60e9 60a8 60c8 58c8 50a8 58a8 5909 58e8 6108 68e8 6108 6949 6109 6108 6129 6108 60e8 60c8 60c8 58c8 58a7 60c7 6908 7128 6108 6949 7949 7908 68e7 8168 89c9 8988 8989 68c7 60c7 60e8 68e8 60e8 60a7 7128 89c9 89a9 91c9 a20a aa4a b26b c28a c2aa c2ab c28b ca8b caab caab caab cacb d30c caeb d2ec caec cacc c2cb c2eb c30d cb0d d30c d30c d32d db2c db4c db4d db6d db8e db8e db8d db6d db4d db4e db4d d36d d36d db2c db2c db2c d34e d32d d32c db6d db8e db8d db8d dbad dbad dc0e dc0f dc2f dc0f dc50 e44f e44f dc70 e490 e490 e490 e4d1 e511 e532 e532 e552 e572 e572 e552 e553 e572 e571 e592 e5b3 ed93 e592 ed92 ed92 ed92 ed93 edb2 edd3 edd4 edd4 edf4 edf4 ee14 f5f5 f614 f614 f614 f635 f635 f635 f635 f656 f655 f656 f656 f657 f676 ee95 de55 bd35 9350 698a 50c7 58a7 5888 5088 58a7 7969 8a2a 89ca 7129 68e8 7128 7148 7969 7948 7108 7108 8148 7948 89a9 8989 7928 8168 8148 8128 60a7 60a8 68e9 7128 b36e d4d2 d40d d40e cbce c38d bbae c3ad cc0f cc4e c40f cc0f c3ef c3ee c40f c3ce c3ef cbef c3ef c3ce bbee c3ef bbcf bbcf bbef bbcf bbae bbaf bbae bbcf bbaf bb8e bb8e bb8e bbae bbaf bb8e bb8e b38e b36d b36e b36d b36d b34d ab2d ab0c ab0c aaec ab0c a30d a2ec a2cb a2cd a2cc 9aac 9a8b 9a4b 9a2a 9a4a aaab b2cb bb0b c34a cb6a c38c c32a bae9 b2aa a24a 99e9 9189 91a9 aa6a cbac dcaf e5b0 f611 f632 f652 f673 f652 f653 f652 f673 fe73 f653 f673 f673 f673 fe73 f653 f652 f652 f632 f632 f632 f612 edd1 e52f d44c bb4b a209 8147 60a7 58c7 50a8 5887 60a7 70e8 8168 91a9 9a09 91e9 91c9 91c9 8988 8988 8988 89a9 8968 8989 91a9 91c9 99e9 9a0a 99e9 a20a a22a a22a 9a0a 99e9 99e9 91c9 89a9 9188 9188 91a9 99c9 
a370 a370 a38f a3d1 a3f1 ac11 ac32 ac52 b472 ac52 ac32 ac11 abf0 abd0 a36f a34e a2ed 9aec 9a8c 922a 91e9 89a8 8947 7928 68e7 6087 5867 6066 68c7 8128 91a9 b229 c2aa caea d34d db8d dbcd e44f e46f ecaf ec8f ecaf eccf eccf ecae ecaf ecaf ecaf ecae ecae eccf ecae eccf ecef ecce ecae ec8d ec4d e42e e3cd db6d db2d d32e d432 e5b6 e637 edf5 c3ed 8169 9a6d 920b 926c 89cc 714b 610a 58e9 50c8 4887 4887 5067 5088 5087 4866 5087 50a8 5088 4867 5088 4887 50c8 6109 694a 694a 6109 696a 71cb 820c 8a6e 92f0 9b50 9b0f 92ce 820d 716a 694b 71ac 79cd 79ee 612a 58ea 590a 614b 696c 612b 616d 71cf 8ab1 9b93 9b91 8a6e 6909 5889 5089 58a9 610a 71cc 8b73 9c14 7a0c 696b 610a 590a 616b 696c 610b 590b 58eb 592b 69ad 7a70 8290 7a50 69ae 69cd 7a6f 8af2 8b12 9373 9b74 9b74 9bb4 a415 9bd5 93b5 9394 a436 9c16 9bb4 9c34 a475 92d1 60ea 4868 4049 50e9 9bb0 bd76 acd7 82b1 50c9 4888 692a 81ed 8a6b bd34 b475 718a 58a8 68e8 70e8 68e8 58e8 50a8 50a8 50a8 5088 50a8 50a8 60e8 9209 8989 7148 6929 60a8 60a7 6908 60c8 60c8 60e8 6108 60e8 58e8 50a8 50c8 58e8 58a7 60c7 6928 6949 6949 6929 6928 6109 60e8 60e8 60e8 58c8 58e8 58c8 60a7 6908 7948 68e8 6929 7969 7109 7108 8189 91c9 99e9 9a09 7928 6908 60e8 60a7 68c7 60a7 7108 89ca 89a9 91a9 99e9 aa6a b26b c28a c28a c28b ca8a ca8b cacb caec cacb d2cb d2eb caeb cacc caab c2aa c2cc caeb d32c d32d d34d db2d db2d d32d db2c db2d db4e db4d db6d db6e db6d db4d db4d db6d db6e db6d db4c db2c db4d db4d d34d d34d db4d db6d db8d dbad dbae e3ee dc0f e40f e42f e42f dc4f e450 e470 e490 e490 e490 e490 e4b1 e4f1 e531 e511 e511 e531 e572 e552 e532 e552 e551 ed92 ed92 e592 e571 ed92 e591 e593 e5b3 edb3 edd3 edd3 edd4 edd3 edd3 f613 f614 f5f4 f614 ee14 f635 f636 f635 f635 f656 f656 f656 f656 f656 f676 f676 f696 e676 cdd5 a412 7a2c 6108 5087 5067 60a8 7128 89e9 89c9 6928 60a7 68e7 6927 7168 7108 68e8 70e8 8168 8168 89a9 8148 7907 8188 7928 7908 6067 5888 68a8 7969 bb6e d492 d40d d42f cbee c36e bb6d c3ce cc0f c40f c3ef c40f c40f c3ee c3ef c3cf c3ef c3ee c3ee c3ee bbce bbee bbef c3ce bbee c3ef bbcf bbaf bbef bbef bbae bbae bbae bbae bbae b38e b38e bbae b38e b36e b36d b34d b36e b34d b34d ab2d ab2d ab2d ab0d a30d ab0d aaed a30d a2ec a32e a2cc 9a8b 9a8b a2ab aacb b2ea bb2a c34b cb6a cb6b c32a baea b289 a24a 99e9 99a9 a1e9 c30b d42d e52f edf1 f632 f653 f673 f673 f673 f673 f673 f673 f673 f673 f673 f673 f673 f673 f653 f652 f631 f611 f612 f611 edd1 e56f dcaf cbcb b2cb 89a9 68e8 5867 5067 5887 60e8 7108 8189 91e9 99e9 99e9 9a09 91e9 91c9 91c9 91c9 89a9 89a9 8989 8989 91e9 9a2a 9a0a a22a a229 aa4a a22a a229 9a0a 9a0a 91ea 91c9 91a9 91a9 91a8 99e9 a1e9 
9b4f 9b6f a3b0 a3d1 a3f2 ac11 ac32 ac52 ac73 ac72 ac53 ac11 ac31 ac11 abd0 ab90 a36f a32d a2ed 9a6b 922a 89c9 8148 7927 7107 60c7 5867 5846 68a7 8148 99a9 b229 c28a cacb d32c dbad e3ee e42f e46f ecae ecd0 eccf eccf eccf eccf ecaf ecaf ecd0 eccf ecae ecaf ecae ecef ed0f f4ce ec8f ec8d ec6f ec2e e3cc db6c db2d d36e ed54 f696 f6d8 dd32 a24b 818a 922b 8148 89ca 7969 714a 694a 692a 58e9 58a9 58a8 5067 5888 5887 5087 5087 5087 4867 5088 50a8 58a8 6109 718b 71ac 6109 4847 4047 4867 58c8 696a 71cc 71aa 7149 714a 692a 692a 610a 612a 612a 694a 610b 692c 718d 71ce 7a2f 8271 8af2 9311 9310 92ee 822c 692a 5888 4848 4849 5089 696c 8b11 9c56 9352 60ea 50a9 58ea 592b 612a 698c 71ad 612b 610b 590c 614b 71ee 8291 82b1 7a50 71ee 720f 7a4f 7a6f 82b2 9332 9373 9b94 9b94 9bb4 9bb5 9373 9bf5 a4b8 a435 9c13 ad16 a435 820e 4888 3848 4868 81e9 bc70 cd76 b518 8a90 58a9 58c9 79ce 79ec a38e bd77 92ef 60c8 60a8 68c8 60c7 50e8 50c8 5087 50a8 5088 48a8 5088 6108 81ca 89a9 7128 68e8 60c8 60c8 68e8 58c8 58c8 60e9 60e9 60e9 58e9 5109 5109 5909 60c8 60a7 6908 6129 7149 6929 7128 60c8 5887 58a8 60e8 60c9 6108 58c9 60e8 6908 8189 6908 7149 7108 7908 7948 89c9 91c9 a1e9 aa09 9188 7108 60c8 5887 6087 5887 68c7 89a9 89c9 89a9 9a0a b28b baab c28a c26a c26a ca8b caaa d2cb d32b cb0c caec caab caab ba6b ba6a c2ab caec d2ec db2d d34d d34d db4d db2d d34d db2c db0c db2d db2d db4d db6d db4d d34d db6d db6d db4d db2c db2c db2c db2d db4d db4d db4e db4c db6e dbad dbae dbef dbef e3ee e40f dc2f dc30 dc50 e42f e44f e470 e470 e490 e4b0 e4b0 e4d1 e511 e511 e512 e531 e531 e532 e532 e552 e552 ed72 e572 e572 e552 ed93 e572 e592 edb3 edb3 edd3 edd3 edd3 edb3 edb3 f5d4 f5f4 f5f4 f614 f614 f635 f635 f615 f615 f636 f636 f656 f636 f656 f676 f657 f677 f697 f695 de36 b4d4 8ace 6129 50a8 58e9 7149 81aa 89ca 7149 6909 7128 6929 7149 70e8 68e9 7149 8189 8189 89a9 8149 7949 7968 7109 7929 5888 60a9 68e9 89aa c3af d4d1 d3ed d42f cbef bb8d bb8e c3ee cc0f c40e c42f c40e c42f c40e c3ee c3ef c3ef bc0f c3ef c3ee c3ce bbef bc10 bbcf bbcf bbcf bbef bbef bbcf bbcf bbce bbcf b3af bb8f bb8e b3ae b38e b3ae bbae bbae b38e b36d ab6e b32d ab4e b34e ab6e ab6e ab2e a30d ab2d ab0e a32d a30d a30d a2ed a2cc a2ac a2cb aacb b30a bb4b c34b c34a cb4a c32a baca b2aa aa8a a229 a1e9 aa4a cb8b dcae ed90 edf1 f612 f652 f673 f673 f674 f673 f673 fe73 f673 f673 f673 f673 f673 fe73 f673 f633 f611 f611 f5f0 edd0 ed90 e50e d42e bb4b 9a09 7908 5887 5046 5887 68a7 7108 8168 91a9 99e9 9a09 99e9 99e9 91c9 91a8 91a9 91c9 91ca 9188 91a9 91ca 9a0a a24a aa29 aa4a aa49 aa6a a24a 9a2a 99e9 99e9 99e9 9a0a 91e9 91c9 91ea 9a2a a22b 
9b4f 9b6f a3b0 a3d1 a3f2 ac11 ac32 ac52 ac73 ac72 ac53 ac11 ac31 ac11 abd0 ab90 a36f a32d a2ed 9a6b 922a 89c9 8148 7927 7107 60c7 5867 5846 68a7 8148 99a9 b229 c28a cacb d32c dbad e3ee e42f e46f ecae ecd0 eccf eccf eccf eccf ecaf ecaf ecd0 eccf ecae ecaf ecae ecef ed0f f4ce ec8f ec8d ec6f ec2e e3cc db6c db2d d36e ed54 f696 f6d8 dd32 a24b 818a 922b 8148 89ca 7969 714a 694a 692a 58e9 58a9 58a8 5067 5888 5887 5087 5087 5087 4867 5088 50a8 58a8 6109 718b 71ac 6109 4847 4047 4867 58c8 696a 71cc 71aa 7149 714a 692a 692a 610a 612a 612a 694a 610b 692c 718d 71ce 7a2f 8271 8af2 9311 9310 92ee 822c 692a 5888 4848 4849 5089 696c 8b11 9c56 9352 60ea 50a9 58ea 592b 612a 698c 71ad 612b 610b 590c 614b 71ee 8291 82b1 7a50 71ee 720f 7a4f 7a6f 82b2 9332 9373 9b94 9b94 9bb4 9bb5 9373 9bf5 a4b8 a435 9c13 ad16 a435 820e 4888 3848 4868 81e9 bc70 cd76 b518 8a90 58a9 58c9 79ce 79ec a38e bd77 92ef 60c8 60a8 68c8 60c7 50e8 50c8 5087 50a8 5088 48a8 5088 6108 81ca 89a9 7128 68e8 60c8 60c8 68e8 58c8 58c8 60e9 60e9 60e9 58e9 5109 5109 5909 60c8 60a7 6908 6129 7149 6929 7128 60c8 5887 58a8 60e8 60c9 6108 58c9 60e8 6908 8189 6908 7149 7108 7908 7948 89c9 91c9 a1e9 aa09 9188 7108 60c8 5887 6087 5887 68c7 89a9 89c9 89a9 9a0a b28b baab c28a c26a c26a ca8b caaa d2cb d32b cb0c caec caab caab ba6b ba6a c2ab caec d2ec db2d d34d d34d db4d db2d d34d db2c db0c db2d db2d db4d db6d db4d d34d db6d db6d db4d db2c db2c db2c db2d db4d db4d db4e db4c db6e dbad dbae dbef dbef e3ee e40f dc2f dc30 dc50 e42f e44f e470 e470 e490 e4b0 e4b0 e4d1 e511 e511 e512 e531 e531 e532 e532 e552 e552 ed72 e572 e572 e552 ed93 e572 e592 edb3 edb3 edd3 edd3 edd3 edb3 edb3 f5d4 f5f4 f5f4 f614 f614 f635 f635 f615 f615 f636 f636 f656 f636 f656 f676 f657 f677 f697 f695 de36 b4d4 8ace 6129 50a8 58e9 7149 81aa 89ca 7149 6909 7128 6929 7149 70e8 68e9 7149 8189 8189 89a9 8149 7949 7968 7109 7929 5888 60a9 68e9 89aa c3af d4d1 d3ed d42f cbef bb8d bb8e c3ee cc0f c40e c42f c40e c42f c40e c3ee c3ef c3ef bc0f c3ef c3ee c3ce bbef bc10 bbcf bbcf bbcf bbef bbef bbcf bbcf bbce bbcf b3af bb8f bb8e b3ae b38e b3ae bbae bbae b38e b36d ab6e b32d ab4e b34e ab6e ab6e ab2e a30d ab2d ab0e a32d a30d a30d a2ed a2cc a2ac a2cb aacb b30a bb4b c34b c34a cb4a c32a baca b2aa aa8a a229 a1e9 aa4a cb8b dcae ed90 edf1 f612 f652 f673 f673 f674 f673 f673 fe73 f673 f673 f673 f673 f673 fe73 f673 f633 f611 f611 f5f0 edd0 ed90 e50e d42e bb4b 9a09 7908 5887 5046 5887 68a7 7108 8168 91a9 99e9 9a09 99e9 99e9 91c9 91a8 91a9 91c9 91ca 9188 91a9 91ca 9a0a a24a aa29 aa4a aa49 aa6a a24a 9a2a 99e9 99e9 99e9 9a0a 91e9 91c9 91ea 9a2a a22b 
a370 a370 a391 a390 a3b0 ac11 ac12 ac32 ac53 ac93 ac52 ac52 ac52 ac52 ac12 abd0 a38f ab6f a32e a30d 9a8b 920a 81c9 7948 7128 68e8 5887 5886 68c7 8148 91a8 b208 ba6a cacb d32b dbad e3ee e42e e44f ec6f ecaf eccf ecaf ecce eccf eccf ecaf eccf eccf eccf eccf eccf ecef ecee f4cf ecaf ec6e e46e e40e e3cd e38d db6e e3d0 edb6 fe77 f678 cc31 a2af a2d0 a30f 924d 89cb 58a8 50a8 58a8 60e9 60e9 58c8 58a8 58c8 60c9 690a 58c8 58c8 58c9 58e9 58a8 60e9 690a 694a 71ab 71ab 60e9 5088 4889 4888 58e9 718b 79ed 718b 694a 692a 694a 690a 610a 60e9 58c9 58c9 58e9 692a 716b 71ab 71ec 71ec 71cc 71aa 698a 696a 6109 58c9 4868 4848 5049 590b 824f 9bf4 a4b6 92f2 612b 48a9 50e9 616c 612b 614b 720e 698c 616c 614c 612c 614c 71ed 82b0 8af2 8270 71ef 79ef 71ce 7a30 8291 8af1 9bb3 a3d5 9bd5 9bb4 9b53 9bb4 a4b7 a477 9bb2 9c33 acf6 9353 696c 4089 4049 50a8 926c ccd3 cdf7 bd19 8a0e 614a 8a91 81ed 79ea b4f4 b455 716a 60a7 60a7 6087 5088 5088 5088 50c8 50a9 50a9 50c8 6108 89aa 7989 6948 60c8 60c8 60c8 68e8 60e8 58c8 60e8 60c8 6108 58e9 58e9 58c8 58c9 58e8 58e8 6908 6928 7169 7149 7148 60e8 58c8 58c8 60a8 58e8 60e8 58e9 5908 6928 81c9 7148 7169 7908 70e8 8169 89a9 99e9 aa08 aa29 aa09 8968 68e8 58a7 6087 5887 5887 7948 8989 8968 91c9 aa8b baab c28a c28b ca6a ca8b ca8a cacb d2eb cb0b cacc ba6a ba6b b28c c2ab caec d30c db0c db2d db2d db4d db8d db4d db2d db2d db0d db2d db2d db2d db6e db4d db4d db6d db6d db6d db4c db6d db4d db4d db6d db6e db8f db8d db8f dbae dbce dbee e3ef e3ee e42f e42f e42f e450 e44f e450 e470 e490 e470 e491 e4b0 e4d1 e4f1 e4f1 e4f1 e512 e511 e511 e532 e532 e532 e551 e572 e572 e593 ed72 ed92 ed92 ed92 edb2 edb2 edb2 edb2 edb3 edd3 edd3 f5f4 f5f4 f5f4 f614 f614 f634 f615 f635 f655 f636 f635 f656 f656 f656 f656 f677 f677 f676 f696 e675 c534 92ef 6149 58a7 6908 7168 81a9 7128 60e8 6908 68e8 6928 68e8 68e8 7969 81a9 89c9 89a9 8148 8169 7948 7949 7949 5888 58a9 60e9 920b d42f dcd1 dbcc d3ee cbef bb8d bb8f bbcf c40f c3ef c40e c40f c430 c40f c3ee c3ef bbef bbef bbef bbef bbee bbee bc2f bbef bbcf bbce c3ee bbef bbce bbae bbaf bbcf bbcf bbaf bbae bbcf bbaf bbaf bbaf bbcf bbae bb8e b38e b36e b36e b34e b36e b36d ab8e ab4e ab4d ab6e ab8f a32e a30d a30c a2ed a2ec aaeb b30b b32b bb4b bb2a c32a c36a c34a baea b2ca b2aa aa4a b249 baeb d40d e50f edb0 f611 f632 f652 f673 f673 f672 f672 f672 f673 f673 f693 f693 fe73 fe73 f673 f652 f631 f631 edf1 edd0 ed8f e52e dcad cbec b2ca 91a8 70e7 5887 5867 6088 70e8 8168 91a9 99c9 99e9 99c9 99ea 9a0a 91e9 99e9 91c9 91c9 91a9 99a9 99a9 9a0a a22a a22a aa6a aa6a aa6a aa4a aa2a a209 9a09 99e9 91e9 9a0a 91c9 91a9 9a0a a22b a20a 
9b90 9b70 9b4f 9b70 a390 abb0 ac11 ac32 ac73 ac72 ac72 ac73 b472 ac52 ac32 abd1 ab8f abb0 abaf a36e a2ec 9a4b 91e9 81a9 7928 68c7 6066 6086 70e7 8127 9188 a9e8 ba6a caeb d34c dbad dbee e42e e44e ec6f ecaf eccf ecf0 ecef ecee eccf ecae ecd0 ecaf ecce eccf eccf ecef ecee ecae ecaf ec6e ec4d e42e e3cd e3ae db6e e40f ee16 f6b8 ee18 bb6f a2cf bb90 bbf1 bcb6 9a4c 5067 4047 4867 58a8 5067 5087 58a8 60c8 6109 6909 6909 6909 6109 60e9 60e9 694a 692a 692a 71ab 718a 692a 58e9 50a9 4888 6109 81ec 822d 79ab 714a 6929 60e8 60e9 6129 60e9 6129 612a 614a 60e9 58e9 6108 58e8 58c8 50a8 5087 50c8 5909 58e9 58e9 50c9 4889 50aa 610b 722e 9bb3 9bf2 8af1 79ce 58ca 4888 50e9 590b 618c 71ed 71cd 69ad 69ad 698c 614d 616c 720e 82d1 8af2 7a4f 7a2f 71ee 71ed 7a2e 82b1 9b52 a3d4 a435 9bd4 9b74 9b94 9bf3 a476 9bb4 828e 9bf3 9bd4 9312 71ae 610d 60eb 796a b411 d4b0 d5f7 b475 824e 8ad1 79cd 6949 a36e bd78 92ef 6109 60e8 58c9 58c8 50a8 50c8 50e9 5109 50e9 5909 6129 89ea 798a 7149 60e8 6908 60e9 6929 60e9 6109 6109 6129 6129 5909 58e9 5909 5909 5929 6129 6929 6929 7149 7169 718a 6109 5909 6109 60e9 5929 6109 6109 6109 7149 8a0b 798a 7969 7109 70e9 8169 89ca a20a aa4a aa4a aa4a 91c9 7129 60e8 60a8 58a8 5887 7108 89a9 8989 99ea b2ac baec c28a cacc c2ab ca8b ca8a cacc cacb c2cb ba6b aa4b b28b c2cb d32d db4d db0c daec db0c db0c db4d db4d db2d d32d db2d db2d db2d db4e db4d db6d db6d db6d db6d db4d db2d db4d db6d db4c db4d db6c db8d db8e dbae dbae dbae dbce dbee dbee e40f e42f e44f e44f dc4f e42f e46f e490 e4b0 e46f e490 e4b1 e490 e4b1 e4f1 e4d0 e4f0 e511 e511 e532 e511 e511 e531 e531 e571 e5b2 ed71 ed72 ed92 ed72 edb2 edb3 ed92 ed92 edb2 edd3 edd3 edf3 f5f4 f5f4 edf4 f614 f634 f634 f635 f635 f655 f636 f656 f656 f656 f656 f676 f677 f697 f697 f696 e675 cd95 9b50 6949 60c8 60e7 7948 7928 60a7 60a7 60c7 7107 60c7 60c7 7928 7948 8189 8128 7108 8169 8189 8189 7949 5088 5888 68e8 9a4a d490 d490 d3ac cbad cbee bb8d bb8d c3ce c40f c3ee c3ee c40f cc0e c42f c40f c3ee c40e c3ef c3ef bbce bbcf bbad c3ef bbef c3ce c3ee bbce c3ce c3ce bbce bbcf bbcf bbae bbce bbce bbaf bbaf bbae bbae b3af bb8e bbaf b38e b38e b36e b36e b36d b36d ab6d ab6e ab4e ab4e ab6e ab2e a30d a30d a32d a30c aaec aaeb b32b b32a c32a c34a c36b c32a c32a c309 baaa b28a b289 cb4b dc6e e550 edf1 f632 f653 f673 f673 f673 f693 f693 fe73 f673 fe72 f673 f674 fe73 fe73 f673 f652 f631 f611 edd0 ed8f e52e dcad d42c bb6b a249 8128 68c7 60a8 60a7 70e8 8148 91c9 99ea 99e9 99e9 99c9 99ea 9a0a 9a0a 9a2a 99ea 99e9 99c8 99c9 99e9 a22a aa4a aa6a aacb aacc aa6a aa4a a24a a209 9a2a 9a0a 91c9 91a9 91a9 99c9 9a0a a20a a209 
92ee 92ee 9aee 9b2f 9b6f a390 abd1 ac11 ac12 ac32 ac52 ac73 ac73 ac73 ac72 ac12 abf1 b411 abf0 abaf ab4d 9acc 922a 89ca 7949 68a7 5867 6086 70e7 8148 99a8 a209 ba6a caeb d34c dbad dbed e42e e46e ec8f eccf ecef ecd0 eccf eccf eccf eccf eccf eccf ecaf ecce eccf ecf0 ecef ecce ecae e48e ec6d e42e e3ec e3ad db4d db8e ed52 ee97 ddb7 aaad 898b 922b cbef d5f7 a22a 4866 4067 4067 5087 4867 5087 50a7 50c7 58e8 60e8 6108 60e8 58e8 60e8 60e8 6949 71ab 696a 798b 716a 714b 6109 50c8 50a8 6109 6969 6949 6129 60e9 58c8 50c9 58c9 694a 71ac 71ac 696b 696b 694a 5909 6109 50a7 4867 5088 50a8 50a8 50c8 614a 696b 590a 50a9 50a9 5909 616b 724d 7a6d 82d0 8ad1 69ad 50a9 48a8 50ea 616b 69ad 698c 696c 69ad 698d 71ce 69ad 69ad 720e 8b12 8af1 8290 8250 71ee 71cd 8270 9312 9bb4 a415 a3f5 9bb3 9bd5 9393 9bb3 9374 826f 8ad0 9bd3 9bb3 9b53 8ab1 8231 81ed a330 b36f c450 bcd4 9b73 7a0d 60ea 58c9 79e9 bd55 b476 79ab 58a7 50a8 50c8 50c8 50a8 50c8 5109 50c9 50c9 6929 920a 7989 7149 6929 6929 6109 7169 60e8 6108 5909 60e8 5908 58e9 50c8 58c9 58c8 58e8 5908 6128 6128 6929 7169 7149 58e8 5909 614a 6129 6109 6129 60e8 60e8 6928 81aa 7969 7969 7149 7129 818a 920b a24a aa4a b24a aa4a 99e9 7949 6908 60c8 60a7 5887 7108 8989 8969 9a4a b2cc baec c2ab cb0c cacb ca8b c28b c26b c28b b28b b2ab bacc caec d30c d32d d32d d30d db2c d32d db0c db4d db6e db2d d34c db4d d34d db6d db6d db6d db6d db8d db8d db2c db4c db4d db6d db6d db4d db6d db4d db8d dbad dbce dbce dbae dbce e3ee dc0e e42f e42f e44f e44f dc2f e44f e46f dc6f e490 e46f e490 e490 e470 e4d0 e4f0 e4d1 e4b0 e4d0 e4f1 e511 e4f1 e4f1 e511 e531 e531 e551 ed51 ed52 ed51 ed51 ed92 ed92 ed92 edb2 edb2 edd3 edd3 f5f3 f5d3 f5f3 f614 f5f3 f614 f635 f614 f635 f636 f636 f656 f656 f657 f656 f676 f697 f677 f697 f697 f6b6 eeb6 d5f6 a3b1 7169 5886 68e7 7907 6086 6087 6087 68c7 6086 68c7 7948 8168 8168 7908 7128 8148 8188 8189 68e8 5088 60a8 7108 a28b d4b0 d470 d3ac cb8d cbad bb8e bbae c3cd c40f c3ef c40f cc2f c42f c3ee c40f bc0f bc0f c3ef c40e c3ef bbce bbae c3ce c3ef c3ce c3ee bbef bbcf c3ee c3ef bbcf bbcf bbce bbce bbce bbcf bbae b3af b3ae b38f bb8e bb8e b3af b38f b36e b36e ab4e ab6e b36e ab6e ab4e ab2d a36e ab4d a32d a32d ab2d a32d a30c ab0c b32b bb2b c36b c36a cb6a c34a c32a c2e9 bac9 b2aa baca d3cb e4ce ed90 ee12 f632 f673 f673 f673 f673 f693 f673 fe73 f673 f693 f673 f693 f673 fe73 f673 f652 f631 edf1 edb0 e54f e4ce dc2c cb8b b2ea 99e9 7928 68a8 68c8 7129 8169 91a9 9a0a a22a 9a0a 99e9 99c9 99c9 99e9 a1e9 9a0a 99e9 99e9 99e9 99ea aa4a b26b b2ab b28b b2cb b2ed b26a aa4a a22a 9a2a 9a2a 9a0a 91a9 91a9 91c9 9a0a 9a2a a22a a22a 
92ee 92ee 9aee 9b2f 9b6f a390 abd1 ac11 ac12 ac32 ac52 ac73 ac73 ac73 ac72 ac12 abf1 b411 abf0 abaf ab4d 9acc 922a 89ca 7949 68a7 5867 6086 70e7 8148 99a8 a209 ba6a caeb d34c dbad dbed e42e e46e ec8f eccf ecef ecd0 eccf eccf eccf eccf eccf eccf ecaf ecce eccf ecf0 ecef ecce ecae e48e ec6d e42e e3ec e3ad db4d db8e ed52 ee97 ddb7 aaad 898b 922b cbef d5f7 a22a 4866 4067 4067 5087 4867 5087 50a7 50c7 58e8 60e8 6108 60e8 58e8 60e8 60e8 6949 71ab 696a 798b 716a 714b 6109 50c8 50a8 6109 6969 6949 6129 60e9 58c8 50c9 58c9 694a 71ac 71ac 696b 696b 694a 5909 6109 50a7 4867 5088 50a8 50a8 50c8 614a 696b 590a 50a9 50a9 5909 616b 724d 7a6d 82d0 8ad1 69ad 50a9 48a8 50ea 616b 69ad 698c 696c 69ad 698d 71ce 69ad 69ad 720e 8b12 8af1 8290 8250 71ee 71cd 8270 9312 9bb4 a415 a3f5 9bb3 9bd5 9393 9bb3 9374 826f 8ad0 9bd3 9bb3 9b53 8ab1 8231 81ed a330 b36f c450 bcd4 9b73 7a0d 60ea 58c9 79e9 bd55 b476 79ab 58a7 50a8 50c8 50c8 50a8 50c8 5109 50c9 50c9 6929 920a 7989 7149 6929 6929 6109 7169 60e8 6108 5909 60e8 5908 58e9 50c8 58c9 58c8 58e8 5908 6128 6128 6929 7169 7149 58e8 5909 614a 6129 6109 6129 60e8 60e8 6928 81aa 7969 7969 7149 7129 818a 920b a24a aa4a b24a aa4a 99e9 7949 6908 60c8 60a7 5887 7108 8989 8969 9a4a b2cc baec c2ab cb0c cacb ca8b c28b c26b c28b b28b b2ab bacc caec d30c d32d d32d d30d db2c d32d db0c db4d db6e db2d d34c db4d d34d db6d db6d db6d db6d db8d db8d db2c db4c db4d db6d db6d db4d db6d db4d db8d dbad dbce dbce dbae dbce e3ee dc0e e42f e42f e44f e44f dc2f e44f e46f dc6f e490 e46f e490 e490 e470 e4d0 e4f0 e4d1 e4b0 e4d0 e4f1 e511 e4f1 e4f1 e511 e531 e531 e551 ed51 ed52 ed51 ed51 ed92 ed92 ed92 edb2 edb2 edd3 edd3 f5f3 f5d3 f5f3 f614 f5f3 f614 f635 f614 f635 f636 f636 f656 f656 f657 f656 f676 f697 f677 f697 f697 f6b6 eeb6 d5f6 a3b1 7169 5886 68e7 7907 6086 6087 6087 68c7 6086 68c7 7948 8168 8168 7908 7128 8148 8188 8189 68e8 5088 60a8 7108 a28b d4b0 d470 d3ac cb8d cbad bb8e bbae c3cd c40f c3ef c40f cc2f c42f c3ee c40f bc0f bc0f c3ef c40e c3ef bbce bbae c3ce c3ef c3ce c3ee bbef bbcf c3ee c3ef bbcf bbcf bbce bbce bbce bbcf bbae b3af b3ae b38f bb8e bb8e b3af b38f b36e b36e ab4e ab6e b36e ab6e ab4e ab2d a36e ab4d a32d a32d ab2d a32d a30c ab0c b32b bb2b c36b c36a cb6a c34a c32a c2e9 bac9 b2aa baca d3cb e4ce ed90 ee12 f632 f673 f673 f673 f673 f693 f673 fe73 f673 f693 f673 f693 f673 fe73 f673 f652 f631 edf1 edb0 e54f e4ce dc2c cb8b b2ea 99e9 7928 68a8 68c8 7129 8169 91a9 9a0a a22a 9a0a 99e9 99c9 99c9 99e9 a1e9 9a0a 99e9 99e9 99e9 99ea aa4a b26b b2ab b28b b2cb b2ed b26a aa4a a22a 9a2a 9a2a 9a0a 91a9 91a9 91c9 9a0a 9a2a a22a a22a 
822b 822b 8a4c 928d 9b2f a370 a3b0 a3d1 ac12 ac12 ac32 b473 b493 b4b4 b493 b473 b472 b493 b452 abf0 ab8e a30c 9a6b 89a8 7927 68c7 6067 6066 70a6 8148 99c9 a229 ba8a caec d32b dbad e3ed e42e e46e ecaf eccf ecef f4cf ecf0 ecd0 ecd0 ecef ecef ecef eccf eccf ecef ed10 ed0f eccf eccf ec8e ec6d e44e ebed e3ad db4c db6d dc70 ed93 d534 a28e 89ac 7948 aacb bc6f 7928 4847 4887 4867 4887 50a7 50c8 50a7 50a7 58c8 58c7 58e8 58a8 5087 50a8 58a7 58e8 696a 718b 6908 6109 6949 716a 6109 58c8 58a8 50a7 50e9 50e9 58a8 5068 5089 58e9 716b 824f 8a6f 79cd 694a 5929 60e9 58e9 58c8 4867 4888 4888 4888 50a8 614a 7a4d 69ab 50c8 4868 4888 4888 590a 698b 7a4f 8b11 8a90 71ce 590a 50a9 50c9 614b 612b 612b 614b 698c 71ee 718d 614c 696c 7a6f 8b33 8ad2 8270 7a10 79ce 79ee 9311 9bd4 a415 a3f5 9b93 9b93 9bb4 9373 9354 8ad1 8ab1 9bf3 a3d4 a3d4 928f 7a0d 8a90 9b12 8a4e 820b 9b90 acd8 9312 58ca 5069 6128 ac30 c5d9 9af0 58e8 50a8 50a8 50a9 5088 50a8 48a8 4888 50a8 6929 920a 7969 6908 6908 6928 6109 7128 58c8 60c8 58a8 60a7 60e8 58c8 50a8 5088 58a8 60e8 58e9 6128 6908 6928 79aa 6928 58e8 6109 6108 60a7 60a7 60c7 58a7 60a8 68e8 7928 7948 7948 7928 7108 8949 99e9 aa4a ba8a c28a b229 aa09 8988 70c7 6066 6087 5887 68e8 8189 8969 99e9 aaac bacc ca8a cacb ca8a ca6a c26b ba4a b26a bacc cb0c d30c daeb d2ec d2eb db0c db0d db2d db4d db4d db4d db2c db4d db4c db4c db8e db4c db4c db4d db4c db8d db4c db0c db6d db8e db4d db4d db6d db6d db6d db6d db8d e3ae dbae dbae dbcf e3ee e3ce e40e e40f e42f e44f e42f e42f dc4f e450 e46f e44f e470 e490 e490 e4d0 e4f0 e4f1 e4d1 e4d0 e4d0 e4f1 e511 e4f1 e531 e531 e511 e531 ed52 ed11 e531 ed51 ed71 ed72 edb2 edb2 edd3 edd3 edd3 edd3 f5f4 f5f4 f614 edf3 f614 f615 f615 f635 f636 f635 f636 f676 f656 f656 f677 f677 f677 f677 f698 f697 f6b7 f6b6 d5f6 abb1 6969 58a6 68c7 6087 5866 5866 6087 60a7 68c7 7907 8168 7948 70e8 7108 7928 7907 7928 60c8 5068 6088 7928 b2ec dcd0 d450 d38c cb8c c3ad bb8e c3ce c40e c42f c40f cc2e cc2e c40f c40e c3ef bbee bbef bbce c3ee c3ee c3ee bbce bbee bbcf bbae c3ce bbce bbce bbce c3ce bbae bbce bbcf bbce bbae bbaf bbae bbcf bbaf bb8f b38e b36e b38e b3af b38e bb8e b36e b38e b38e b34e ab4e ab6e ab6e a36e a32d ab2d ab4e ab2d ab2d b32c bb2b c36b c38b c38b cb6a c36a c329 c30a c2ea c2ea cb4a dc6d e54f f5d1 f611 f652 f673 f694 f673 f673 f673 f693 fe73 f673 fe93 f693 f693 fe93 fe73 f653 f632 ee12 edd1 e570 e50e dc8e cbcb bb0a aa4a 89a9 7928 70e8 7108 8169 89a9 9a0a 9a0a a209 9a09 99ea 99c9 99c9 99c9 99e9 99c9 99ea 99ea 9a0a a22a aa6b b26a b28b b2ab b28b b26a aa4a a24a 9a2a 9a0a 9a2a 99e9 91e9 9a0a 9a09 a22a aa4b a24b a24b 
716a 716a 79aa 822c 92ce 9b2f 9b70 a3b1 a3d1 ac12 ac52 ac73 b4b3 b4d4 b4d3 b4d3 bcb3 bcb3 bc72 b3f0 abaf a34d 9acc 8a09 7948 68a7 5866 6087 68c7 8127 91a9 aa09 ba8a caeb d36c dbce e40e e42e e46f ecaf eccf ecef ecef eccf ecef eccf eccf eccf eccf eccf ecef ed0f f50f ed0f f4cf ecaf ec8e ec8e ec2e e3ed e3ac e36c db8c dcb3 dc72 c3ad a2d0 9a4d 7149 79a9 79c9 5087 4867 4867 4867 50a8 50a7 50c8 50a7 5067 5088 50a7 58e8 58c8 50a8 5088 5087 5908 71ab 696a 58c7 58c8 6108 6929 6929 58c8 50a8 50a8 50c8 5088 5088 5068 5089 60e9 79cc 8a90 8a6f 822f 692a 5909 694a 614a 610a 5068 4887 48a8 50a9 5088 6129 8acf 822e 610a 4888 4868 4868 48a9 592b 71ed 82d0 8ad0 828f 79ee 58ea 4888 58e9 614b 698d 718d 698c 71ad 696d 614c 696d 69ae 7a6f 8b33 8b12 8271 79ef 71ee 8af1 9bd4 a476 a3f4 9b73 9b72 9b94 9b94 9bf6 9b95 9312 9bd4 a435 a3f4 9290 7149 92af 9b31 81ac 60c9 826b c5f7 bd79 822f 508a 58c8 a2ec de79 bcb5 692a 4867 4867 4867 4867 50a8 4868 4867 5887 6928 920a 7969 6908 68e7 68c7 68e7 7128 60c7 60a8 5888 60c8 60e8 5887 50a7 50a8 58c8 60a7 58c8 60e8 7108 7149 7989 6949 60e9 58c8 58c7 5887 58a7 58a7 5887 6087 68e7 7948 8168 7128 7949 7108 8989 9a0a b26a c2ab c2cb ba69 aa4a 99e9 80e7 6067 6087 5867 60a7 816a 89a9 99ca aa4b bacd ca8a cacb ba4a ba0a ba6b ba4a c2cb cb2d d32c d34c d30b d2cc d2cb daeb db2d db2d db4c db4d db4d db2c db4d db4d db2c d34d db6d db4d db4d db2c db2c db4d db4d db4d db2c db2d db4e db8e db8d db8e db6d db6d e38d dbad dbae dbce dbcd dbce e3ce e3ee e44f e44f e42e e42f e42f e42f e44f e44f e46f e490 e490 e490 e4d0 e4f1 e511 e4d0 e4d0 e4f0 e4f0 e4f1 e4f1 e4f1 e531 e552 e531 e531 e552 e531 e551 ed72 ed92 edb2 edb3 edd2 edd3 edd3 edf3 f5f3 edf3 edf3 f614 f615 f634 f635 f635 f635 f655 f656 f636 f656 f676 f677 f677 f698 f698 f698 f697 f6b7 f6b6 d5f6 a3b1 7189 68e8 60a7 5887 5066 5866 60a7 68a7 70e7 7948 7927 68a8 70c7 7108 7128 70e7 5867 5048 6068 8128 bb4d dcf1 d44f d38b cbac c3cd bbad c3ee cbee c3ef c40e c40e c40e c3ee c3ee c40e bbee c40e bbee c40f c3ee c3ef bbce c3ef c3ef c3ce c3ae bbae c3cf c3ee c3ce bbcf bbaf bbcf bbef bbce bbaf bbcf bbcf bbae bbae bbae b38e b38e b3af bbaf b36d b36e b3ae b38d ab4e ab4e ab6e ab6e ab4e ab4d ab4d ab4d ab4d b32d bb4c c34b c36a cb8b cbab cb8a cb6a cb4a c32a c2ea c30a cb6a dcaf ed90 f5f1 f632 f653 f673 fe94 f693 f673 f673 f673 fe93 f673 fe73 fe72 f673 f673 f673 f653 f632 ee11 edb0 e52f dc6d d3ec c34a b289 99c9 8168 7929 7928 8169 8989 91c9 a22a a22a a209 99c9 99c9 99c9 99e9 99e9 99e9 99ea 9a0a 9a2a a22a aa6a aa8b b28b b26a aa8a aa8b aa8a aa4a a22a a20a 99e9 9a0a 99ca 99a9 99e9 a20a a22a a26b a24b a26b 
60e8 60e8 6929 81cb 8a6d 92ce 9b4f 9b70 a3b1 a3d1 ac32 b473 b4d4 bcf4 bcd3 bcd3 c4d2 bcb2 b451 b411 abaf a38e a32d 926b 8189 68c7 6067 5867 68c7 7908 91a8 a9e8 ba6a d30b db6c e3ad e40e e42d ec6f ec8f ecef ecef f4f0 ecd0 eccf ecef eccf eccf ecef ecef ecef ecef ed0f f50f eccf eccf ec8e ec4e ec0d ebec e3ee e36d db8b dd74 d517 aaed ab2f ab2f 818b 81ab 68e8 5887 5087 4887 4887 4867 5087 58c8 5087 5067 5067 5087 60e8 58a7 50a8 5087 58e7 71cc 7a0d 6129 50c8 58a8 5909 6129 60e8 60e8 58e9 50c8 50a8 50a8 50a9 5088 50a9 696b 824e 8ad0 8a90 822f 68ea 58c8 71ac 71cb 694b 5888 4887 48a8 4888 5068 5908 7a2d 8ad0 718c 5088 4068 50a9 48a9 590a 71ed 7a4f 7a0e 7a0d 824f 7a0e 58eb 50a9 592a 616b 71ae 718c 718c 696d 698c 69ad 71cf 696c 7ab0 8b33 8291 820f 7a0f 9312 9352 9bb3 9b72 9332 9331 9332 9372 a436 a3f5 9352 9bf4 acb7 ac96 a393 9aaf b390 a2ce 794a 5089 6128 abed ce38 b476 716d 58e9 924b e677 d5f8 8a2c 48a8 4867 4867 5087 50c8 4867 4887 5088 68e8 91e8 7148 6908 6908 60c8 68e8 7128 60c8 60c8 60c8 60c8 60e8 58c8 5088 50c8 60e8 60c8 60e8 60c8 6908 7149 7969 6928 58c8 58e8 60e8 58e8 58c8 5887 5067 5887 68e7 7968 8168 7107 7908 7928 99c9 aa4a ba8a caab c2cb c26a b249 a1e9 8127 6886 6087 5867 60a7 8169 89a9 99c8 a1ea b2ad c26a c28a ba0a ba4b c2cc caab d30c db4d db4c d32c d30c d2cb d2cb d2ec db0c db2c d34c db2c db2d db2d db4d db2c d32c d36d db6e db6d db2c db4c db4d db2c db4c db4d db4c db6d db6d db6d db6d db8e db8d db8d db8d dbae dbae dbcd dbce dbef dbee e3ee e40f e40f e42f e470 e42f e44f dc4f e44f e46f e46f e470 e46f e490 e4b0 e4f1 e4f1 e4b0 e4d0 e4f0 e4f1 e511 e512 e531 e531 e531 e551 ed72 e531 e551 ed72 ed92 ed92 ed92 edb2 edb3 edb3 edd2 edb2 edd3 f5f4 f614 f615 f5f4 f614 f635 f635 f635 f656 f636 f656 f656 f676 f676 f677 f677 f698 f698 f6b8 f6b7 eeb6 d5f6 a391 7969 60c7 58a7 5887 5887 60a7 6087 70e7 7928 7907 68a7 68c7 6908 7948 7108 5867 5048 60a7 8969 cbae dcd1 dc0f d36b cb6b c3ad bbae c3ee c3ef c3ee c40e c3ee c40e c3ed c40e c40e c3ed c40d c40e c3ef c3ee bbed bbce c3ee c40f c3ee bbce bbee c3cf bbce c3ee c3cf bbce bbce c3ef c3ce bbcf bbef bbcf bbaf bbae bbae b3af b38e b38e b3ae b3ae b38e b38e ab4e b36e ab4e ab6e ab6e ab6e ab6d b36d b34d ab4d b34c bb4c c36b cb8a cb8a cbaa cbab cb8a cb8a c32a c32b c32a d3ca e4ef edaf f611 f652 f693 f694 feb4 f693 f693 f673 f673 f693 f673 f673 f672 f673 fe73 f652 f632 f631 ee10 edb0 e4ee dc0c cb8b baa9 a1e9 8969 8129 7949 8149 8989 920a 9a2a a209 a20a 99ea 99a9 99ea 9a0a 9a0a a20a 9a09 a22a a22b a24b a24b aa6b b28a b2cb b2ab b2aa aa6a a24a a22a a22a a20a 99ea 99e9 99ea a20a a22a a24b a22b 9a4c a24b a24b 
60e8 60e8 6929 81cb 8a6d 92ce 9b4f 9b70 a3b1 a3d1 ac32 b473 b4d4 bcf4 bcd3 bcd3 c4d2 bcb2 b451 b411 abaf a38e a32d 926b 8189 68c7 6067 5867 68c7 7908 91a8 a9e8 ba6a d30b db6c e3ad e40e e42d ec6f ec8f ecef ecef f4f0 ecd0 eccf ecef eccf eccf ecef ecef ecef ecef ed0f f50f eccf eccf ec8e ec4e ec0d ebec e3ee e36d db8b dd74 d517 aaed ab2f ab2f 818b 81ab 68e8 5887 5087 4887 4887 4867 5087 58c8 5087 5067 5067 5087 60e8 58a7 50a8 5087 58e7 71cc 7a0d 6129 50c8 58a8 5909 6129 60e8 60e8 58e9 50c8 50a8 50a8 50a9 5088 50a9 696b 824e 8ad0 8a90 822f 68ea 58c8 71ac 71cb 694b 5888 4887 48a8 4888 5068 5908 7a2d 8ad0 718c 5088 4068 50a9 48a9 590a 71ed 7a4f 7a0e 7a0d 824f 7a0e 58eb 50a9 592a 616b 71ae 718c 718c 696d 698c 69ad 71cf 696c 7ab0 8b33 8291 820f 7a0f 9312 9352 9bb3 9b72 9332 9331 9332 9372 a436 a3f5 9352 9bf4 acb7 ac96 a393 9aaf b390 a2ce 794a 5089 6128 abed ce38 b476 716d 58e9 924b e677 d5f8 8a2c 48a8 4867 4867 5087 50c8 4867 4887 5088 68e8 91e8 7148 6908 6908 60c8 68e8 7128 60c8 60c8 60c8 60c8 60e8 58c8 5088 50c8 60e8 60c8 60e8 60c8 6908 7149 7969 6928 58c8 58e8 60e8 58e8 58c8 5887 5067 5887 68e7 7968 8168 7107 7908 7928 99c9 aa4a ba8a caab c2cb c26a b249 a1e9 8127 6886 6087 5867 60a7 8169 89a9 99c8 a1ea b2ad c26a c28a ba0a ba4b c2cc caab d30c db4d db4c d32c d30c d2cb d2cb d2ec db0c db2c d34c db2c db2d db2d db4d db2c d32c d36d db6e db6d db2c db4c db4d db2c db4c db4d db4c db6d db6d db6d db6d db8e db8d db8d db8d dbae dbae dbcd dbce dbef dbee e3ee e40f e40f e42f e470 e42f e44f dc4f e44f e46f e46f e470 e46f e490 e4b0 e4f1 e4f1 e4b0 e4d0 e4f0 e4f1 e511 e512 e531 e531 e531 e551 ed72 e531 e551 ed72 ed92 ed92 ed92 edb2 edb3 edb3 edd2 edb2 edd3 f5f4 f614 f615 f5f4 f614 f635 f635 f635 f656 f636 f656 f656 f676 f676 f677 f677 f698 f698 f6b8 f6b7 eeb6 d5f6 a391 7969 60c7 58a7 5887 5887 60a7 6087 70e7 7928 7907 68a7 68c7 6908 7948 7108 5867 5048 60a7 8969 cbae dcd1 dc0f d36b cb6b c3ad bbae c3ee c3ef c3ee c40e c3ee c40e c3ed c40e c40e c3ed c40d c40e c3ef c3ee bbed bbce c3ee c40f c3ee bbce bbee c3cf bbce c3ee c3cf bbce bbce c3ef c3ce bbcf bbef bbcf bbaf bbae bbae b3af b38e b38e b3ae b3ae b38e b38e ab4e b36e ab4e ab6e ab6e ab6e ab6d b36d b34d ab4d b34c bb4c c36b cb8a cb8a cbaa cbab cb8a cb8a c32a c32b c32a d3ca e4ef edaf f611 f652 f693 f694 feb4 f693 f693 f673 f673 f693 f673 f673 f672 f673 fe73 f652 f632 f631 ee10 edb0 e4ee dc0c cb8b baa9 a1e9 8969 8129 7949 8149 8989 920a 9a2a a209 a20a 99ea 99a9 99ea 9a0a 9a0a a20a 9a09 a22a a22b a24b a24b aa6b b28a b2cb b2ab b2aa aa6a a24a a22a a22a a20a 99ea 99e9 99ea a20a a22a a24b a22b 9a4c a24b a24b 
5087 5087 60e7 716a 820c 8a8d 930e 9b4f a390 a3f1 ac52 b4b3 b4f4 bcd4 bcd4 bcf3 bcf3 bcd3 b492 b451 abef abaf a32d 9aac 8a0a 6907 5867 5867 60a7 8107 91a8 a9e9 ba8a cb0b db4c dbae e3ee e42e ec6f ec8f eccf ed10 f4f0 f4d0 f4cf eccf eccf ecef ecef ecef ed0f ed0f f4ef ecef ecf0 ecb0 ecaf ec4e e42d e3ed e3ce db6d db8b ed92 e67a bbd0 aaad a2cd 818a 818a 796b 60e8 48a7 4887 4887 5087 5087 50a8 50a8 5087 5066 5087 6108 58a8 50a8 50a7 696a 828f 716a 58c8 50a8 58e9 5929 58e8 58c8 60e8 60e9 58c8 5888 50a8 5089 5068 50a9 71ac 8a4e 92f1 8ab0 798d 5889 5087 71ab 7a2c 718b 60c9 5067 4888 4888 4848 50a8 71cb 9310 8a6f 694b 50c9 4888 4868 50a8 69cd 7a50 718d 698b 71cc 824f 8230 694d 58ea 610a 698d 79ef 79ee 7a0e 698d 616c 69ad 612c 61ac 7af2 82b1 8230 7a2f 9352 9352 8ab0 8a6e 8ad1 8ab0 8ad1 9353 9c16 9bf5 9353 a477 b517 b537 ac75 abb3 b350 9a0c 60a8 4068 4889 6948 b470 c5b8 a312 710b 81ea d5f6 de79 a2ee 5087 4047 4847 4866 4886 4867 4887 5067 60c7 89c8 7128 6928 7128 60c7 6908 7128 68a7 60c7 60e8 60e8 60c8 58a7 50c8 50a7 58c7 60c8 58c8 60e8 6908 6929 7128 68e8 6108 6129 6109 58c8 58e8 58c7 5887 58a7 60c7 7947 7968 70e7 70c7 8948 a1a8 ba4a c28a c2cb c2aa c26a b24a aa09 8967 68a6 6067 5867 60a7 8189 8988 91c9 a22b aa6b b1ea c26b ba4a caab d2cc d2ec daeb db2c db2c db0c d30c d2ec d2ec daec db0c db0c db2c db2c db2d db4d db6d db4c db4d db6d db6d db6d db2c db2c db6d db4d db2c db4d db4d db4d db6d db6d db4d db6d db6d dbae db8d db8e dbae dbce dbce dbce e3ce e3ce e3ee e40e e42e e44f e40e e44f e44f e44f e44f e46f e46f e470 e490 e4b0 e4d0 e4d0 e4d0 e4f1 e4f0 e4f1 e510 e531 e511 e4f1 ed11 ed32 ed71 e571 e572 ed71 ed92 ed92 ed72 edb2 edb2 edb3 edd3 edd2 edd3 edd4 f5f4 f614 f615 f5f4 f615 f615 f635 f636 f636 f636 f656 f677 f677 f677 f697 f698 f698 f6b8 f6b7 f6d7 eeb7 cd96 a32e 7948 58a7 5066 5887 60a7 68a7 68a7 70e7 68c6 6087 6087 68c7 7928 7108 5867 5068 68a8 9a0a cc0f dc8f d3ee d36b c34b c38d bbee c3ce c3ad c3ee c40e c3ee c3ee c3ee c3ee c3ee c42f c3ee c3ce c3ce c3ee c3ee bbce c3ed c40f c3ef bbee bbce bbee bbce c3ee bbce bbef bbef bbce bbce bbae bbcf b3af bbaf bbcf bbaf b3af b38e b3ae bbae b3cf abae ab8e ab8f ab6d ab6f ab2e ab4e ab4d ab6e ab8e ab2d ab2c b34c bb4c c36b cb8a cb6a cb6a cb8a cb8a cb8a c38b c34b cb6a dc2c e52e f5d0 f632 f673 fe93 feb4 feb4 f694 f693 f673 f673 f693 f693 f673 f673 f692 fe73 f652 f632 f611 edd0 e570 dcad d3cb baea a209 9189 8169 8169 898a 8989 91a9 99ea a24a a20a 9a0a 91ca 99ea 9a2a a22a a22b a20a a22a a22a aa4a aa6b b28b baab bacc b2cb b28b b26a a22a 9a0a 99c9 9a09 99ea 9a0a 99ea a20a a22a a26b aa6b a24b a24b 9a6b 9a6b 
4867 4867 58a7 6108 71aa 822c 8ace 930e 9b70 a3f1 ac72 b4d3 b4d4 b4b4 bcd4 bcf4 c4f3 bcd3 bc92 b451 b410 abae a36e 9acc 8a0a 7107 5867 5046 60a7 7907 8988 a1ea c26a cb0b d38d dbce e40e ec2e ec6e ecb0 ecb0 eccf ecef ecef ed0f ecef ecef ecef ecf0 ecd0 ecef ecef ed0f ecef eccf ecaf ec8e e46e ec4c e40c e3ad e36d db6b ec6d f636 d450 aace 9a2d 7969 8a2d 8a8e 58c8 4867 4888 4867 4887 50a7 50a8 5087 5087 5087 58e8 58e8 50a8 50a8 58e8 7a0d 824e 6109 50a8 50c8 58e9 50c8 50a8 594a 594a 58e8 60e8 58c8 58a8 5088 5089 58c9 79cc 92b0 9b52 92b0 718c 58a9 5087 6149 79ec 694a 68e9 5087 4867 4868 4848 4868 5929 824d 92b0 81ee 612a 5089 4869 48a8 614a 8291 79ce 692b 610a 71ac 82b0 8250 718e 60eb 612b 7a2e 82b0 826f 79ee 71ce 698d 612c 592b 71ee 722f 7a50 824f 8b12 9373 822f 79cd 8a90 9312 9312 9373 9394 9312 9333 acb7 b4f6 b537 b4d6 ac34 9b11 818b 5087 4067 4068 4868 71c8 ac32 abd5 81cd 81ea c575 de9a abd1 50a8 4046 4846 4846 4846 4046 4867 5046 60e7 8188 7128 7169 7128 60c7 7128 7948 68a7 60a7 60a7 60e7 60c7 5087 50a7 5087 58a7 5888 58a8 6108 716a 71aa 7169 6908 60e8 60e8 60e8 58c7 6129 6129 5887 6087 60a7 7907 70e7 70c7 70c7 9168 a9e9 ba4a c28a c2ca cacb c289 ba8a b249 9188 70a7 6046 5846 5866 7968 8169 91a9 a22b a22a ba4a c2cb caaa d2ab d2ab d2cb daeb db2c db2c db0c d30c d30c d32d db0c daec daeb db2c db2d db2d db2c db2c db4d db4c db6d db6c db6c db6d db6d db6d db6d db6c db6d db6d db4c db4d db6d db4c db6d db6e db6d db8d e3cf dbce dbce dbee dbce e3ee dbee dc0f e40e e42f e42f e42f e44f e44f e44f e44f e44f e46f e490 e490 e4b0 e4b0 e490 e4d0 e4d0 e4d0 e4d1 e4f1 e511 e4f1 e531 e531 e532 e551 e571 e552 ed71 ed92 ed92 ed92 ed93 edd2 edb3 edd4 edd4 edd4 edf4 f5f4 f5f4 f614 f615 f615 f615 f635 f636 f636 f635 f656 f677 f677 f677 f677 f698 f698 f6b8 f6d8 f6b8 f6d6 e6b6 cd75 9aad 60a7 5046 5066 5887 6087 60c7 71a9 6907 6086 6066 68c7 7948 68c8 5047 5047 68c8 a24a d450 d46f cbcd cb8c c34c bbae c3cd c3ce c3ee c40f c40f c40e c3ee c3ce c3ee c3ee c3ee c3ef c3ce c3ee c3cd c3ee bbee c3ee c3ee c3ce c3ef bbce bbce c3ee bbef bbce bbce bbae bbce bbce bbaf bbae bbae bbae bbcf bbae b3af b38e bbae bbcf b38f b38e b38e b38e b36e ab6e ab4e ab6e b36d ab4e b38e ab4c b32c b32c bb4b c34b cb6a cb4a cb6a cb8a cb8b cb8a cb8b cb6a d3ab dcae ed6e f5f1 f632 f673 f693 fe94 fe93 f693 f673 fe73 fe73 fe94 f693 f673 f673 f673 f652 f652 f632 ee10 edaf e52f d44d c34a aa49 91a8 8948 8148 8989 91a9 91a9 91c9 99ea a20a 9a0a 91c9 91c9 9a0a a24a a22a a20a a20a a22a aa2a aa6a b28a baab ba8b b2ab b28b aa4a a229 9a0a 99ea 99c9 9a0a 99e9 99ea 9a0a a22a aa2a aa4a aa4b a26b a26c a24b 9a6c 
5046 5046 5087 58a7 6909 718a 820c 8aad 930f a3d1 ac73 b4d4 b4f4 b4d3 bcf4 c514 c513 c4f3 bcb2 bc71 b410 abcf a38e 9b2d 8a2b 7128 6086 5846 6087 70c7 8969 aa09 c26a caeb d38c dbce e40e ec2e ec6f ecaf ecd0 ecf0 ecef eccf ecd0 ecf0 ecef ecef ecef ecef ecf0 ecef ed0f ecef ecef ecae ec8e ec6d ec4c e40d e3ac db8c db2b db2b dc2d bb4d bbb2 ab10 81c9 a3b1 a36f 58c8 4026 4867 4047 50a8 50c8 50a8 5088 5067 5087 58e8 58a8 5067 50c8 71ec 824d 718a 58e8 5087 5088 50a8 58c9 50c8 50e8 5929 58c8 58e9 58c8 58c8 58a9 58a9 58c9 79ac 92ef 9b72 92f0 79ad 5088 4887 5909 698b 6929 692a 5887 5066 5068 4847 4847 5088 6149 79ec 8a4f 79ce 690b 5089 4888 5128 7a90 7a0e 694c 610a 610a 71cd 8270 8a71 79cf 614c 69ac 82b1 8290 8270 824f 720f 69ae 694d 612c 618c 720f 7a4f 8b12 9353 8230 79ce 8ad1 a3b4 9bb4 9b73 8ab1 8290 9334 a415 ac54 b558 b517 a454 9b51 81ee 58c8 4068 4047 4048 5088 720b 9bb4 92d0 81eb c575 e6da c4d5 60e9 4046 48a8 4887 4087 4867 5067 5067 60e7 8189 7128 6908 68e7 60c7 7948 7148 60a7 58a7 60a7 60c7 60c7 5887 5087 5887 60c8 60c8 58e8 60e9 6928 79cb 81eb 6928 58a7 60e8 6108 6108 6109 6129 5887 5887 68e8 7108 70e7 70e7 7908 9988 b209 ba8a c2ab c2aa caaa ca8a ba49 b208 9188 70c7 6067 5867 5067 70e8 8148 91ca a24c aa4b c28b cacb ca6a d28a d2cb daeb daec db2c db4c d30c d2ec d30c d32d d30c daed db0c db0b db2c db2d db2c db2c db2d db6d db6d db4d db4d db4c db6d db4c db4c db6d db6c db4d db6d db8d db4d db4d db8e db8d db6d db8e dbae e3ce dbce e3ae e3ce e3ce e3ef e3ee e42e dc2f e42f e44e dc4f e42f dc4f e44f e46f e46f e470 e48f e490 e4b0 e490 e4b0 e4d0 e4d0 e4f1 e511 e511 e4f1 e511 ed32 e552 e532 e531 e551 ed72 e593 ed93 ed92 edb2 edb2 edb2 edd3 edd3 edd3 edf4 f5f4 f5f4 f5f4 f614 f614 f615 f635 f635 f636 f635 f636 f657 f657 f657 f676 f697 f697 feb8 f6d8 f6b8 f6d7 f6d6 e676 c4d4 81ca 5046 5067 5846 6066 60e7 71ca 68e8 5846 6087 68e7 7108 6087 5047 5047 70c7 aa6a d450 cc2f cbce cb6b bb4c c3ae c3ad c3ee c42f c42f c40f c3ee c3ee c3ee c40e c3ee c3ee c3ee c3ee c3ee c3ce bbee bbee c40f c40e bbee bbee bbce bbae bbce c3ae bbae bbae bbae bbce bbce bbcf bbce b3ae bbae bbae bbae bb8e bbae bbae b3ae b3ae b38e b36e b38e b36e b38e ab6e ab4d ab6e b34d ab2d ab2c b32c b2eb bb2b bb4c c32a cb6b cbcb d3eb d40b d42c d40c d40b dc8c e50f ed8f f5f1 f632 f673 f694 feb4 f694 f673 f673 f693 f693 fe93 f693 fe72 f672 f652 f652 f651 f631 ee10 ed8f e4cd cbec b2a9 99c9 8968 8168 8968 9189 91a9 99a9 a1e9 a20a 99ea 91c9 91ea 91e9 9a09 a26b a24a a22a a24a aa4a aa4a aa8b b2ab b2ab b26a aa6b aa2a a1e9 99ea 91ea 99c9 9a09 99e9 a1e9 9a2a a24b aa4a aa4a aa4a a24b a26c a24b a26c 9a4c 
5046 5046 5087 58a7 6909 718a 820c 8aad 930f a3d1 ac73 b4d4 b4f4 b4d3 bcf4 c514 c513 c4f3 bcb2 bc71 b410 abcf a38e 9b2d 8a2b 7128 6086 5846 6087 70c7 8969 aa09 c26a caeb d38c dbce e40e ec2e ec6f ecaf ecd0 ecf0 ecef eccf ecd0 ecf0 ecef ecef ecef ecef ecf0 ecef ed0f ecef ecef ecae ec8e ec6d ec4c e40d e3ac db8c db2b db2b dc2d bb4d bbb2 ab10 81c9 a3b1 a36f 58c8 4026 4867 4047 50a8 50c8 50a8 5088 5067 5087 58e8 58a8 5067 50c8 71ec 824d 718a 58e8 5087 5088 50a8 58c9 50c8 50e8 5929 58c8 58e9 58c8 58c8 58a9 58a9 58c9 79ac 92ef 9b72 92f0 79ad 5088 4887 5909 698b 6929 692a 5887 5066 5068 4847 4847 5088 6149 79ec 8a4f 79ce 690b 5089 4888 5128 7a90 7a0e 694c 610a 610a 71cd 8270 8a71 79cf 614c 69ac 82b1 8290 8270 824f 720f 69ae 694d 612c 618c 720f 7a4f 8b12 9353 8230 79ce 8ad1 a3b4 9bb4 9b73 8ab1 8290 9334 a415 ac54 b558 b517 a454 9b51 81ee 58c8 4068 4047 4048 5088 720b 9bb4 92d0 81eb c575 e6da c4d5 60e9 4046 48a8 4887 4087 4867 5067 5067 60e7 8189 7128 6908 68e7 60c7 7948 7148 60a7 58a7 60a7 60c7 60c7 5887 5087 5887 60c8 60c8 58e8 60e9 6928 79cb 81eb 6928 58a7 60e8 6108 6108 6109 6129 5887 5887 68e8 7108 70e7 70e7 7908 9988 b209 ba8a c2ab c2aa caaa ca8a ba49 b208 9188 70c7 6067 5867 5067 70e8 8148 91ca a24c aa4b c28b cacb ca6a d28a d2cb daeb daec db2c db4c d30c d2ec d30c d32d d30c daed db0c db0b db2c db2d db2c db2c db2d db6d db6d db4d db4d db4c db6d db4c db4c db6d db6c db4d db6d db8d db4d db4d db8e db8d db6d db8e dbae e3ce dbce e3ae e3ce e3ce e3ef e3ee e42e dc2f e42f e44e dc4f e42f dc4f e44f e46f e46f e470 e48f e490 e4b0 e490 e4b0 e4d0 e4d0 e4f1 e511 e511 e4f1 e511 ed32 e552 e532 e531 e551 ed72 e593 ed93 ed92 edb2 edb2 edb2 edd3 edd3 edd3 edf4 f5f4 f5f4 f5f4 f614 f614 f615 f635 f635 f636 f635 f636 f657 f657 f657 f676 f697 f697 feb8 f6d8 f6b8 f6d7 f6d6 e676 c4d4 81ca 5046 5067 5846 6066 60e7 71ca 68e8 5846 6087 68e7 7108 6087 5047 5047 70c7 aa6a d450 cc2f cbce cb6b bb4c c3ae c3ad c3ee c42f c42f c40f c3ee c3ee c3ee c40e c3ee c3ee c3ee c3ee c3ee c3ce bbee bbee c40f c40e bbee bbee bbce bbae bbce c3ae bbae bbae bbae bbce bbce bbcf bbce b3ae bbae bbae bbae bb8e bbae bbae b3ae b3ae b38e b36e b38e b36e b38e ab6e ab4d ab6e b34d ab2d ab2c b32c b2eb bb2b bb4c c32a cb6b cbcb d3eb d40b d42c d40c d40b dc8c e50f ed8f f5f1 f632 f673 f694 feb4 f694 f673 f673 f693 f693 fe93 f693 fe72 f672 f652 f652 f651 f631 ee10 ed8f e4cd cbec b2a9 99c9 8968 8168 8968 9189 91a9 99a9 a1e9 a20a 99ea 91c9 91ea 91e9 9a09 a26b a24a a22a a24a aa4a aa4a aa8b b2ab b2ab b26a aa6b aa2a a1e9 99ea 91ea 99c9 9a09 99e9 a1e9 9a2a a24b aa4a aa4a aa4a a24b a26c a24b a26c 9a4c 
4846 4846 5087 5886 58a8 68e8 716a 8a6d 92ee a3b1 ac32 b494 bcf4 bcf4 bd14 bd14 c514 c514 bcd3 bc92 b451 b431 a3af a34d 8a2b 7108 5886 5866 5866 68a7 8128 99a8 ba6b caeb d36c dbce e40e e42e ec6f ecaf eccf eccf ecd0 eccf eccf eccf eccf eccf ed0f ecef ecef ecf0 ecef ecef ecef ecae ec8e ec6e ec4d e40d e3ec dbad db4c caec b24a b30d cd76 c471 89c9 926a 89c9 58c8 4067 4047 4887 58c8 58e9 50a7 50a8 5087 5087 58a8 58e8 58e8 616a 79ec 6949 60e8 58c8 5087 50a8 50a8 50c8 58e8 5909 58c8 5087 50c8 50a7 58c8 58a9 5889 58c9 79cc 92d0 9b92 92f1 79cd 50e9 48a8 58e9 71ac 716a 716b 6109 4887 5088 5067 4847 4868 50a9 58c8 718a 8a4f 822f 694c 58c9 48c8 69ed 7a2e 694b 60ca 58ea 698c 7a2f 8a90 8250 79ee 71ad 7a2e 8291 8291 8ad1 8af2 8af2 8251 71ef 616c 616c 7a2f 82d1 82b1 7a0f 79ce 8af1 a415 a3d4 9b74 8a91 8b13 9bf6 9bd4 ac55 b578 acb5 9b71 8a8d 826f 71ad 50c9 4068 4048 58aa 71ab 9bd5 abf6 926d c575 e6d9 cd76 718a 4867 48a8 48a8 4088 4067 4867 5067 68e7 81a9 8168 70e7 70e8 7107 8189 7989 60c8 58c7 60c7 60a7 60a8 58a7 50a7 58a7 60e8 60c7 58a8 60c8 68e7 718a 81ca 6908 58c8 58c8 60e8 60e9 58e8 58c8 5886 60a7 68e7 70e8 70c7 70e7 8969 a1e9 aa4a c26a c28a c26a c289 c2aa ba6a a9e8 9188 6886 6046 5847 5066 7108 8948 99eb a24c b26b c28a ca69 ca6a d2cb d2eb daeb db0c db0c d2eb d2eb d2ec d32d db0c db0c db0c db2d db0b db0c daeb db2c db4c db2c db4d db2b db6d db6d db2c db4c db4d db6d db6d db4d db4d db8d db8d db4c db6e db8e db8d db8d db8d e3ae e3ad e3ad e38d e3ae e3ae e3ce dbcd e40e e40e e40e e42f dc2f e42f e42e e46f e470 e46f e44f e46f e46f e490 e490 e4d0 e4d0 e4d0 e4f1 e4f1 e511 e510 e511 e552 ed31 e532 e531 e552 e572 e592 e593 ed92 ed92 edb2 edb3 edd3 edb3 edd3 edf4 f5f4 f5f4 f615 f615 f635 f636 f635 f616 f636 f636 f656 f677 f656 f677 f677 f677 f698 fe97 f6b8 f6b8 f6b7 f6b7 f6d6 e657 b3f1 6948 58c8 5067 5866 6067 6086 68a7 6067 6066 68a7 68a7 5846 4847 5847 7907 baec d44f d40e d3ee cb6b bb4c c38e c3ce cc0f cc2f c40e cbee c3ee c3ee cc0e c40e c3ee c3ee c3ee c3ee c3cd c3ce c3ce c3cd c3ee c3ee bbce bbce bbae bbcf bbce bbaf bbae bbce bbae bbcf bbce bbae b38e bbaf bbaf bbae bbae bbcf b3ae b38e b3ae b38e b3af b38e b38e ab6e ab8e ab6e ab6d ab4d ab4d ab2d b32c b32c ab2c b2eb bb2c cb6b d3cc d42d dc2c dc8d e4ce e4ed e50f e54f edb1 edd1 f611 f652 f673 f694 f693 f693 f693 f693 f694 fe93 f673 fe93 f673 f672 f672 f652 f651 f610 edd0 e52e dc4c c34a aa69 99c9 8969 8989 91a9 91c9 99c9 99e9 99e9 99e9 99c9 99ca 99ea 9a0a a209 aa4b a26c aa4b aa6a b28a b2aa b2ab b2ab b28a aa4a a20a a20a 9a0a 99c9 91c9 99a9 99c9 99c9 a1e9 a24a a24b aa4a aa4b aa4b a24c 9a2b 9a4b 9a6d 9a4c 
4826 4826 4026 5066 5887 60a8 6929 822c 8ace 9bd1 ac32 b493 bcf4 bcf4 bd14 bd14 c4f3 bcf3 bcd3 bcb3 bc72 b410 a38e 9b4e 8a6b 7108 5866 5026 5046 6066 7907 99a8 b28a cb0b d36c dbad e40e e42e e46f ec8f eccf eccf ecef ecef ecee ecef eccf ecae ecce eccf ecf0 f4cf f4ef ed10 f50f eccf ec8f ec8e ec4d ec0c e3cd e3ac db4b caeb b22b bb0c ddd4 c42e 7989 7148 6908 5087 4887 4888 50a8 58c8 50a8 50a8 5087 50a7 58e8 590a 58e8 6129 698b 6909 58e8 58a8 5088 50a7 50a8 50a8 58c8 58e8 50c8 58c8 5087 5087 50a8 5087 58a8 58a9 58c9 79eb 9310 a3b3 92f1 696b 5088 5088 58e9 718b 79cc 718b 690a 5087 4867 5067 4846 4868 5089 4847 5088 716b 822e 8a6f 822f 692b 614b 7a70 71ad 60ea 50a9 610b 71ac 71ac 7a0f 7a30 79f0 71ac 7a2f 8b12 8b12 8af1 9311 8b11 82d1 71ae 612b 69ce 7a2f 7a2f 720f 71ae 8290 a3f4 a415 9b73 9b74 9c57 a435 9b51 ac55 acd5 9bf2 824d 6908 6108 718b 692b 4868 4868 68eb 79ab a392 c55a b3b2 cd55 e6b9 cd96 79aa 4888 4867 48a8 4888 4067 4867 5066 7107 89c9 8168 68c7 70e7 7907 8188 8168 60e8 60c8 60a7 60c8 60c8 50a7 50a8 58c8 58c8 58c8 58c8 6108 6928 7189 7949 68c8 58a8 58c8 60c8 58a7 58c8 58a7 5887 6086 68a7 68c7 68a7 70e7 89a8 a209 a9e9 ba29 ba29 ba49 c289 c2ab b229 b209 99c8 70a7 6088 5867 5867 70e7 8968 9a0a a22b b24a c2aa ca6a ca8a d2aa d2eb daea daeb db0c d2cb d2ca dacb d30c db0c db2c db2b db0c daeb daec dacb db2c e32c db2c db2c db2c db6d db6d db6c db4c db8d db6c db4c db6d db6d db6c db4c db6c dbae e38e dbae dbad dbcf e3ee dbae dbce db8d dbce e3ce dbce dbee e40e dbee dbee e40f e42e e44f e42e e44f e44f e44f e450 e490 e46f e490 e4b0 e4b0 e4d0 e4d0 e4d1 e4d1 e4f1 e511 e511 e532 e511 e511 e531 e552 e552 e572 ed72 e592 e573 ed93 edb2 edd3 edd4 edd3 edd3 edf4 edf4 edf5 f615 f615 f636 f636 f636 f656 f636 f636 f656 f656 f677 f677 f697 f698 f697 f697 f6b8 f6b7 f6b7 f6d7 f6d6 d5b6 a2cd 58a7 5046 5867 5887 6087 6086 6046 5866 6087 6067 5047 4827 6067 8148 c36d d42e d42e cc31 c36c c36d c3ae c3ad cc0e cc0e cc0e c40e c3ee c3ee cbed c3ee c3ee c3ee c3ee c3ee bbed c3cd bbce c3ce c3ee c3ee bbef bbce bbae bbce bbce bbcf bbae bbcf bbcf bbce bbae bbae b38e bb8e b3af bb8e bbce bbce bbae b38e b38e b3ae b38e b38e ab8e ab6d ab4e ab4d ab4d ab4d b32c ab4d b30d b2eb b32c b32c c36c cbcc d40d dc4d e48d e50e ed2e ed6e ed8f edb0 f5f1 f612 f632 f653 fe73 f693 f694 f693 f693 f693 fe93 fe93 fe72 fe73 fe72 fe52 f651 f631 f631 f5f0 e56e dcac d3ca bac9 a208 91a9 9189 99a9 99c9 99ca a209 a20a 9a0a 99e9 99c9 99ca a1e9 a22a aa4a aa2a aa4b aa6a b28b b28b baaa b2ab b2ab b26a aa49 a209 a1ea 99c9 91c9 91a9 99c9 99c9 99c9 a20a a22a a24b aa4b aa6b a26c a24b 9a4b 9a6c 9a4c 9a4c 
4867 4867 4847 4846 5887 60c9 6909 820c 92ef a3f1 ac52 b493 bcf4 bd14 bd15 bcf4 c514 c513 c4f2 bcb3 bc91 b430 abcf a34d 8a4a 6908 5066 5066 5046 6066 78e7 a1c9 ba69 d30a db6c dbac dc0d e44e ec6e ec8f eccf ecef ed0e ed0f ecef ecef ecef ecef eccf eccf ed0f ed0f ed0f f4ef f4d0 f4cf eccf ec8e ec6d ec2d e3ec e3cc db4b caca b24b a26b bbae a2eb 8a4d 8a4d 60e8 4867 4888 50a8 50c8 58c8 50a7 50a7 4887 5087 58e9 58c8 5908 694a 6929 58c8 5909 58c8 58a7 50a8 58e8 50a8 58c8 58e8 50c8 50a7 5087 5087 50a7 5088 50a8 5089 610a 822d 9b52 a3f4 8b11 60c9 5067 5088 58e8 6969 822d 718a 60e8 5087 4846 4847 4867 50a7 590a 4868 4868 58e9 694a 7a0d 8a6f 8a2f 79ee 8290 822f 694b 5089 58c9 718d 692b 696b 7a2f 8271 71af 69ad 8b12 8af2 8ad0 8ad0 8af0 8ad1 7a2f 698d 69cd 71ee 7a0f 71ee 698d 7a2f 9372 a415 a415 ac97 a497 a3f5 9b73 ac75 a474 9bd3 8af1 60e9 4847 50c7 614b 694c 68eb 68cb 712a 9aef c5ba c4f6 cd56 de99 c535 7149 4067 4868 4887 4067 4047 4847 5087 7948 89a8 7908 60a7 68e7 8168 89c9 8189 60c7 58c8 60c7 60c7 60c8 58a8 5087 60a8 58a8 6109 5909 60e8 68e7 7148 7148 60e8 58a7 58a7 60a7 58a8 60e8 6149 6109 60a7 68c7 68c7 68c7 7928 91a8 a1e9 aa2a ba49 ba69 ba6a ba49 ba29 b1e8 aa09 a1c8 78e7 68a7 5866 68a7 7907 89a8 9a2b a20a b24a cacb caab ca8a d2ab d2eb daca d2cb db0b d2cb d28a daab d2eb d32c db2c db0c db0c d30c db0c db0c db2c db4d db2c db2c db2d db4d db4d db6c db6d db4d db4d db4c db4c db4c db6d db8d db6d db8d dbae dbae dbcf dbae db8d e38d dbae dbad dbad dbce e3ce dbee dbed dbee e3ee e3ee e42f dc2e dc2f dc2e e44f e44f e470 dc90 e470 e490 e4d0 e4b0 e4b1 e4d0 e4d0 e4d1 e4d1 e511 e511 e511 e511 e511 e531 e552 e552 e552 e592 e592 e572 ed92 ed92 edd3 edd3 edd3 edd3 f5f4 edf4 f5f5 f615 ee15 f615 f636 f656 f656 f636 f656 f657 f656 f657 f657 f677 f677 f697 f6b8 f6b8 f6b8 f6b8 f6d7 f6d7 ee97 c4f4 81a9 5046 5867 5866 6087 60a7 5866 5846 5866 6066 5047 5047 6066 9168 cbae d3ed d42e d470 c36c bb6d c3ad cbee cc2e cc0e c40e c40e c3ed c40e cbce cbce c3ee c3ce c40e c3ed c3ef c3ee c3ee c3ee c40e c3ee bbce bbce bbce bbcf bbae bbef bbcf bbce bbef bbce bbae bbae b3af b38e b38e bb8e bbae b3ae b3af b38d b36e b38d b38e b38e ab6e ab4d ab6e ab4d ab2c ab0c ab4c b30c b30c b2eb bb0b c38e d3ed dc4d e48e e4ce e50f ed70 ed90 edb0 edb1 edf0 f611 f632 f652 f673 f693 f694 f6b4 f693 fe93 fe93 f693 f693 fe93 fe72 fe53 f652 f652 f631 f5f0 edb0 e50d dc2b cb69 b249 99c9 91a9 99c9 99c9 99c9 a1ea a209 a209 9a0a a1c9 99a9 a1e9 aa0a aa2a aa2a aa4b aa4a b26b b28b b28a ba8a b28b b26b aa4a a22a 9a0a 9a09 91e9 91c9 91c9 99ea 99c9 a209 a22a aa6b aa4a aa4b a24a a26b 9a4c 9a2b 9a4c 9a8c 9a6b 
4867 4867 4847 4846 5887 60c9 6909 820c 92ef a3f1 ac52 b493 bcf4 bd14 bd15 bcf4 c514 c513 c4f2 bcb3 bc91 b430 abcf a34d 8a4a 6908 5066 5066 5046 6066 78e7 a1c9 ba69 d30a db6c dbac dc0d e44e ec6e ec8f eccf ecef ed0e ed0f ecef ecef ecef ecef eccf eccf ed0f ed0f ed0f f4ef f4d0 f4cf eccf ec8e ec6d ec2d e3ec e3cc db4b caca b24b a26b bbae a2eb 8a4d 8a4d 60e8 4867 4888 50a8 50c8 58c8 50a7 50a7 4887 5087 58e9 58c8 5908 694a 6929 58c8 5909 58c8 58a7 50a8 58e8 50a8 58c8 58e8 50c8 50a7 5087 5087 50a7 5088 50a8 5089 610a 822d 9b52 a3f4 8b11 60c9 5067 5088 58e8 6969 822d 718a 60e8 5087 4846 4847 4867 50a7 590a 4868 4868 58e9 694a 7a0d 8a6f 8a2f 79ee 8290 822f 694b 5089 58c9 718d 692b 696b 7a2f 8271 71af 69ad 8b12 8af2 8ad0 8ad0 8af0 8ad1 7a2f 698d 69cd 71ee 7a0f 71ee 698d 7a2f 9372 a415 a415 ac97 a497 a3f5 9b73 ac75 a474 9bd3 8af1 60e9 4847 50c7 614b 694c 68eb 68cb 712a 9aef c5ba c4f6 cd56 de99 c535 7149 4067 4868 4887 4067 4047 4847 5087 7948 89a8 7908 60a7 68e7 8168 89c9 8189 60c7 58c8 60c7 60c7 60c8 58a8 5087 60a8 58a8 6109 5909 60e8 68e7 7148 7148 60e8 58a7 58a7 60a7 58a8 60e8 6149 6109 60a7 68c7 68c7 68c7 7928 91a8 a1e9 aa2a ba49 ba69 ba6a ba49 ba29 b1e8 aa09 a1c8 78e7 68a7 5866 68a7 7907 89a8 9a2b a20a b24a cacb caab ca8a d2ab d2eb daca d2cb db0b d2cb d28a daab d2eb d32c db2c db0c db0c d30c db0c db0c db2c db4d db2c db2c db2d db4d db4d db6c db6d db4d db4d db4c db4c db4c db6d db8d db6d db8d dbae dbae dbcf dbae db8d e38d dbae dbad dbad dbce e3ce dbee dbed dbee e3ee e3ee e42f dc2e dc2f dc2e e44f e44f e470 dc90 e470 e490 e4d0 e4b0 e4b1 e4d0 e4d0 e4d1 e4d1 e511 e511 e511 e511 e511 e531 e552 e552 e552 e592 e592 e572 ed92 ed92 edd3 edd3 edd3 edd3 f5f4 edf4 f5f5 f615 ee15 f615 f636 f656 f656 f636 f656 f657 f656 f657 f657 f677 f677 f697 f6b8 f6b8 f6b8 f6b8 f6d7 f6d7 ee97 c4f4 81a9 5046 5867 5866 6087 60a7 5866 5846 5866 6066 5047 5047 6066 9168 cbae d3ed d42e d470 c36c bb6d c3ad cbee cc2e cc0e c40e c40e c3ed c40e cbce cbce c3ee c3ce c40e c3ed c3ef c3ee c3ee c3ee c40e c3ee bbce bbce bbce bbcf bbae bbef bbcf bbce bbef bbce bbae bbae b3af b38e b38e bb8e bbae b3ae b3af b38d b36e b38d b38e b38e ab6e ab4d ab6e ab4d ab2c ab0c ab4c b30c b30c b2eb bb0b c38e d3ed dc4d e48e e4ce e50f ed70 ed90 edb0 edb1 edf0 f611 f632 f652 f673 f693 f694 f6b4 f693 fe93 fe93 f693 f693 fe93 fe72 fe53 f652 f652 f631 f5f0 edb0 e50d dc2b cb69 b249 99c9 91a9 99c9 99c9 99c9 a1ea a209 a209 9a0a a1c9 99a9 a1e9 aa0a aa2a aa2a aa4b aa4a b26b b28b b28a ba8a b28b b26b aa4a a22a 9a0a 9a09 91e9 91c9 91c9 99ea 99c9 a209 a22a aa6b aa4a aa4b a24a a26b 9a4c 9a2b 9a4c 9a8c 9a6b 
4846 4846 4867 4867 5087 58e9 68e9 79cb 8a8e 9b4f ac32 b473 bcd3 bd14 bd34 c535 c534 c514 c513 bcf2 bcb2 b471 abef 9b2d 81c9 5886 4826 4867 5066 60a7 8127 a1a8 ba6a cb2b db8d dbcc dbed e44e e44e ec8f ecf0 ecf0 ed0f ed30 ecef ecef ecef ecef ecef eccf ecef ed0f f510 f4ef f4f0 ecaf ecae ec8e ec6d ec4c ebec e3ac db6b caeb b24b a26d a24c 9aac b473 ab8f 60e8 4888 48a8 5088 58c8 58e9 50c8 50a8 5087 5087 58a8 58c8 6129 6149 58e7 58e8 60c8 58a7 58c8 58a8 50c8 58a8 50c8 50c8 5909 50a8 58c8 58a8 50c8 50a9 5089 58c9 716b 8a90 a3f4 a434 8af0 60c9 4847 4868 5087 6108 79ec 79cb 60e8 58a8 4867 4867 4887 58c8 6109 50a8 5088 58e9 590a 610a 696a 7a0d 820d 822d 7a2e 698c 58e9 58e9 71ee 718d 58ea 69ac 7a4f 8251 79ce 826f 8af1 82d1 82b0 7a4f 7a6f 7a0e 71cd 71ce 720f 7a2f 71ae 71ae 7a2f 9312 a435 ac55 ac76 a456 a415 ac37 ac75 a454 acb6 a3f4 79ac 4067 4047 50e8 7a0e 798d 608a 60a9 92af c579 cd77 cd96 de59 bcb4 60e8 4026 4867 4867 4067 4047 4847 5087 7968 8168 7948 60a7 60c8 89a8 926b 89ea 58c8 5887 60a7 60c8 58a8 5087 5087 60c8 58a7 58a7 58a7 60c7 68e7 7988 7128 60e7 58c8 5888 58a7 58c8 6108 60e8 60e8 68c8 68e8 70c7 70e7 89a9 a209 aa4a ba8a c269 c269 ba29 b1c9 b1c8 b208 b24a aa09 8927 70c6 5846 6087 70e7 8989 9a09 a1c9 b2ab caab ca8a d28a d2cb daec daeb d30b db0b dacb d2cb d2cb d2ec db0c db0c db0c db4c db2d db2c db4c db4c db4c db4c db2c db2c db4c db6e db4c db4c db4c db4c db4c db6c db6c db6d db6d db6d db8e dbae db8d e3ae e38d e3ad e36c db8d dbce dbce e3ad e3ce dbce dbce e40e e40f e40e e40f dc0f dc2e e42f e44f e42f e44f e44f e450 e490 e490 e4f1 e4b0 e4b0 e4d1 e4d1 e511 e511 e4f1 e4f1 e511 e552 e572 e552 e551 e592 e593 e572 e592 e592 edb3 edd4 edd4 edd4 edf3 edf4 edf5 f615 ee15 ee15 ee36 f636 f636 f636 f656 f676 f676 f656 f677 f657 f677 f678 f698 f698 f6b8 f6b8 f6b8 f6b8 f6d7 f6d6 de37 b38f 68c7 5046 5867 6067 5866 5046 5046 5846 5866 4826 4826 6046 99c9 d40e d3ee d40e d44e c38d bb4c c3cd cc0e cc2e cc2e c42e c40e c3ee c42e cc0f cc0e c3ee c3ee c3ee c40e c3ce c3ce c3ee c3ee c3ef c3ce bbce bc0e c3ce bbce c3ae bbce bbae bbae bbae bbae bb8e bb8d bb8e bb8d bb8e bb8e bb8e b38e b3af b3ae b38e b36e b38e b38e ab6e ab4d ab2d ab2d ab4d ab4d b30b b30b baeb bb2c cb6c d3ed dc4e e4af ed0f ed6f edb0 edd0 f5d1 f5d0 f5f1 f5f1 f611 f652 f673 fe73 f693 fe94 feb3 fe93 fe93 fe93 f693 fe93 fe93 fe72 f652 f652 f632 f610 edcf e54f dcac cbab baa9 a1e9 99c9 99c9 99e9 99c9 a1e9 a20a aa2a a20a 99ea a1ea 9a0a a229 aa4a aa2a aa29 aa6a b26a b26a b28a b2ab b28a b26a aa4a a229 9a2a 99ea 91c9 91e9 99ea 99e9 99e9 9a0a a209 aa4a aa8b a24a a24a a24a 9a2b 9a2b 9a4b 9a6c 9a6c 9a6c 
4046 4846 4867 5088 5088 58c8 60c8 79ab 824d 9b4f a411 ac73 b4d3 bd14 c534 c514 c534 c534 bd13 bcd2 bcb2 b471 abaf 92ed 79c9 58c7 4867 4867 5047 6087 8148 a1c8 b26a cb2b db6c dbcd dc0d e42f ec4f ecaf eccf ecef ed0f f510 ed0f ecef ed0f ecef ecef ed0f ecef ed0e f510 f4f0 ecee ecee ecce ec8e ec6d ec4e e40d e3cc db6c d30b bacd aaf0 a28d b32e ccd1 9a8b 58a8 48e9 50e9 58e9 58c9 50a9 50a8 50a8 50a8 50c8 5909 614a 6149 5908 58a8 58e8 6108 58c8 58c8 58c8 50c8 58c8 50e8 50c8 58c8 58e8 58e8 58a8 50c9 48c9 4869 58ea 79cc 9b53 ac55 a3d3 8aaf 6109 4867 4868 4867 58a8 718a 81ec 696a 60e9 4847 4867 5087 692a 610a 58a9 5047 58c8 610a 5929 58e9 58c8 58c8 6129 698b 610a 58a9 50a8 69ac 7a30 694c 590a 71ee 8291 8230 7a0e 7a6f 8ad1 8290 71ed 7a4f 71ee 698c 71ce 7a30 7a0f 71ae 71ef 7a50 9312 a415 a3f4 a435 a476 a436 9bd3 9b70 acb6 b516 a433 8ab1 50c9 4067 50c8 6129 60c9 586a 60c9 8a8e c578 c5d8 cd97 cdf8 a3d0 50c8 4047 4867 4888 48a8 4888 4867 50a8 8188 89a9 8189 60c8 60c8 8168 9a6b 8a0a 60e8 58c8 60e7 68e8 58e8 58a7 50e8 6109 60a8 6087 58a8 6108 6928 7989 6908 60c8 58a7 5867 5866 58a7 58e8 5887 6086 70e7 7108 70c7 8128 99a9 aa0a ba69 c269 ba29 b208 a9e8 b209 ba28 c249 ba8a aa08 8907 6886 5887 6087 7108 91c9 99e9 a1e9 aa4a c26a ca8a d2aa d2eb db2c db0b db0b d2eb daeb daec d2cb d2ec d30c db0c db2c db4c db4c db2c db4c db4c db2c db4c db2c db2c db2b db4c db2c db4c db4c db4c db4c db6c db6c db6d db6d db8d db6d db6d db6d db8e dbad dbae db8d db8d dbae e3ad dbcd e3ce e3ee e40e e40e e40e e40e dc0f e40e dc2f e42f e42f dc2f e42f e46f e490 e46f e48f e4d1 e4b1 e4b0 e4b0 e4f1 e4f1 e4d1 e4d1 e4f1 e532 e552 e572 e552 e552 e572 e552 e572 e572 e592 ed93 edb3 edb3 edd3 edf4 edf4 f614 f615 f615 f615 f636 f636 f636 f636 f636 f656 f677 f656 f657 f657 f677 f677 f697 f698 f698 f6b8 f6b8 f6b8 fed8 f6d7 eeb7 cd55 920b 5846 5026 5846 5846 5025 5045 5846 5846 4826 4826 60a6 aa0a cbcd d3ed d42e d40d c3ce bb4d c3ef c3ee cc0e cc2e cc2e c40e c42e c42e cc4e c40e c3cd c3ee c3ee c3ed cbee c40e c3ee c3ee c3ee c3ce c3ee c3ee bbee c3ef c3ee bbee bbae bbae bbae bbce bbae b3ae b3ae bbae bbae b3ae b38e bbae b38e b38e b38d b36e b36d b38d ab6d ab4d ab4c b34d b32d ab2c b30b bb2b bb2c cbad d40d dc8e e4ef ed2f f570 f5b0 f5d0 f5f0 f5d1 f5f0 f5f2 f612 f632 fe52 fe73 fe93 fe94 feb4 fe94 fe93 f693 fe93 fe92 fe93 fe73 fe72 f651 f631 f611 edd0 ed8f e4ed d3ea c2e9 aa29 a1c9 99e9 99a9 a209 a1ea 99e9 a209 a1ea 99c9 99e9 a20a a22a aa2a aa6a aa4a aa6a b26a b28a b28a baaa b2ab b28b b24a aa29 a209 99ea 91e9 91c9 99c9 99e9 99e9 a1ea a22a aa0a aa4a aa8b a24b a26b a22a 9a0b 9a2b 9a6c 9a4c 9a4b 9aad 
4846 4846 4867 5088 50a8 58c9 6109 718b 824c 930f a3f1 ac72 b493 bcf4 c514 c534 c533 c514 bcf3 bcd2 b491 b430 a38e 9aed 81ea 60e8 4847 4846 5046 6066 8127 a1c8 ba4a caeb db8b dbac dbed e42e ec8e ecaf eccf ed0f ecef f50f ecef ecef ecee ecef f4ef eccf ed0f ed2f ed2f f510 f50f f50f ecce ecaf ec6d ec2c e40d e3ac e34c d30b cbaf c474 ab6f b32e b32d 6949 48a8 48a8 50e8 6109 58c8 5067 5067 50a8 50a8 58e9 612a 612a 60e8 58c8 58c8 58c8 6108 58c7 58a8 5087 5087 58a7 50a8 58e8 58e9 58e8 58e8 50c8 50c9 48a9 50aa 612a 826f a3f5 a455 9b72 8a4e 6109 4867 4847 4847 5087 6969 820c 71aa 6909 5067 5067 58c8 716b 694a 60e9 50a8 5908 614a 618a 590a 5068 4846 50a8 58e9 58e9 58ea 58ca 5909 7a4f 79ee 610a 618c 7a90 8ab1 8250 7a0e 82d1 8af2 7a50 722e 7a50 71ee 698d 71ee 69ad 698d 71ef 8270 8af1 a3d4 a3b3 a435 a435 9332 8ab0 9b52 b517 b4d5 934f 9311 7a2e 48c8 4887 50a8 4868 5089 60ca 822c bd57 cdd8 c5b7 b515 8a8c 48a7 4067 4846 4047 4887 4888 50a8 6109 89e9 91e9 89ca 60a7 68c8 8168 91e9 8189 60e8 58c8 60e8 6908 58e8 60e9 60e9 60c8 60c8 60c8 60a8 6908 6929 7948 6929 6108 58c8 5887 5887 58a7 58a7 60a7 68c7 70e7 70c7 70e7 8988 99e9 a1e9 b208 b208 a9e9 a9e9 aa09 ba8b c2ca caaa baaa a9e8 8927 68a7 6087 6086 7107 922b 9a0a a20a b22a c26a cacb d2cb dacb daeb d2ec daeb dacb dacb dacb dacb daec db2c db2c db2c db4c db2c db2c db2c db4c db4c db4c db4c db0c db0b db0b db2c db4c db2c db4c db6d db4c db4c db4d db6d db6e db4c db6d dbae db8d dbad dbad db8d db4d db8d db8e dbae dbae e3ce e40e e40e e3ee e3ee e3ee dbee e42e e40f e40e e42f e450 e470 e490 e490 e470 e490 e4b0 e4b0 e4b0 e4b0 e4d1 e4d1 e4f1 e511 e511 e531 e531 e552 e572 e552 e552 e572 e572 e592 e592 edb3 edb3 edb3 edd4 edd4 f5f4 f5f5 f615 f615 f635 f635 f636 f636 ee36 f657 f657 f657 f657 ee57 f677 f677 f677 f698 f698 f6b8 f698 f6b8 feb8 fed7 f6d6 e676 c431 70e8 4805 5026 5846 5026 5026 5046 5846 4827 5027 68c7 b28b cbcd d3cd d40f d3ed c3cd c38e c3ce cc0e c40e c3ed c3ee c40e c40e cc0e cc2e c42f c40e c3ee c40e c3ed cbed c3ed c3ee c40e c3ce c3ce c3ee bbce bbce bbee bbce bbae bbae bbae bbce bb8e b36d b38e b38e b38e b38e b38e b38e bbae b38e b3af b38d ab6d b36d ab4c ab4d ab4d ab2d ab2c ab4c ab2d b30c bb2b c36c d3ed dcae e52f ed90 f5d0 f5f1 f5f2 f5f2 f5f1 f5f1 f5f0 fe12 fe12 fe31 fe52 fe93 f694 feb4 fe94 f6b3 fe93 f693 f693 f693 fe93 fe72 fe72 f651 f631 f5f0 ed8e e50d dc6c cb6a ba69 a209 a1c9 a1c9 99c9 9a09 a1e9 a1c9 a1e9 a1ea 99c9 a1e9 aa2a aa2a aa4a aa4a aa6a aa8b b28a ba8a baaa bacb baaa b26a aa2a a209 9a09 99ea 920a 99ea 99e9 9a0a 9a0a a20a a24a aa29 aa6a aa8b a22a 9a4b 9a2b 9a2b 9a2b 9aac 9a6c 9aac 926c 
4846 4846 4867 5088 50a8 58c9 6109 718b 824c 930f a3f1 ac72 b493 bcf4 c514 c534 c533 c514 bcf3 bcd2 b491 b430 a38e 9aed 81ea 60e8 4847 4846 5046 6066 8127 a1c8 ba4a caeb db8b dbac dbed e42e ec8e ecaf eccf ed0f ecef f50f ecef ecef ecee ecef f4ef eccf ed0f ed2f ed2f f510 f50f f50f ecce ecaf ec6d ec2c e40d e3ac e34c d30b cbaf c474 ab6f b32e b32d 6949 48a8 48a8 50e8 6109 58c8 5067 5067 50a8 50a8 58e9 612a 612a 60e8 58c8 58c8 58c8 6108 58c7 58a8 5087 5087 58a7 50a8 58e8 58e9 58e8 58e8 50c8 50c9 48a9 50aa 612a 826f a3f5 a455 9b72 8a4e 6109 4867 4847 4847 5087 6969 820c 71aa 6909 5067 5067 58c8 716b 694a 60e9 50a8 5908 614a 618a 590a 5068 4846 50a8 58e9 58e9 58ea 58ca 5909 7a4f 79ee 610a 618c 7a90 8ab1 8250 7a0e 82d1 8af2 7a50 722e 7a50 71ee 698d 71ee 69ad 698d 71ef 8270 8af1 a3d4 a3b3 a435 a435 9332 8ab0 9b52 b517 b4d5 934f 9311 7a2e 48c8 4887 50a8 4868 5089 60ca 822c bd57 cdd8 c5b7 b515 8a8c 48a7 4067 4846 4047 4887 4888 50a8 6109 89e9 91e9 89ca 60a7 68c8 8168 91e9 8189 60e8 58c8 60e8 6908 58e8 60e9 60e9 60c8 60c8 60c8 60a8 6908 6929 7948 6929 6108 58c8 5887 5887 58a7 58a7 60a7 68c7 70e7 70c7 70e7 8988 99e9 a1e9 b208 b208 a9e9 a9e9 aa09 ba8b c2ca caaa baaa a9e8 8927 68a7 6087 6086 7107 922b 9a0a a20a b22a c26a cacb d2cb dacb daeb d2ec daeb dacb dacb dacb dacb daec db2c db2c db2c db4c db2c db2c db2c db4c db4c db4c db4c db0c db0b db0b db2c db4c db2c db4c db6d db4c db4c db4d db6d db6e db4c db6d dbae db8d dbad dbad db8d db4d db8d db8e dbae dbae e3ce e40e e40e e3ee e3ee e3ee dbee e42e e40f e40e e42f e450 e470 e490 e490 e470 e490 e4b0 e4b0 e4b0 e4b0 e4d1 e4d1 e4f1 e511 e511 e531 e531 e552 e572 e552 e552 e572 e572 e592 e592 edb3 edb3 edb3 edd4 edd4 f5f4 f5f5 f615 f615 f635 f635 f636 f636 ee36 f657 f657 f657 f657 ee57 f677 f677 f677 f698 f698 f6b8 f698 f6b8 feb8 fed7 f6d6 e676 c431 70e8 4805 5026 5846 5026 5026 5046 5846 4827 5027 68c7 b28b cbcd d3cd d40f d3ed c3cd c38e c3ce cc0e c40e c3ed c3ee c40e c40e cc0e cc2e c42f c40e c3ee c40e c3ed cbed c3ed c3ee c40e c3ce c3ce c3ee bbce bbce bbee bbce bbae bbae bbae bbce bb8e b36d b38e b38e b38e b38e b38e b38e bbae b38e b3af b38d ab6d b36d ab4c ab4d ab4d ab2d ab2c ab4c ab2d b30c bb2b c36c d3ed dcae e52f ed90 f5d0 f5f1 f5f2 f5f2 f5f1 f5f1 f5f0 fe12 fe12 fe31 fe52 fe93 f694 feb4 fe94 f6b3 fe93 f693 f693 f693 fe93 fe72 fe72 f651 f631 f5f0 ed8e e50d dc6c cb6a ba69 a209 a1c9 a1c9 99c9 9a09 a1e9 a1c9 a1e9 a1ea 99c9 a1e9 aa2a aa2a aa4a aa4a aa6a aa8b b28a ba8a baaa bacb baaa b26a aa2a a209 9a09 99ea 920a 99ea 99e9 9a0a 9a0a a20a a24a aa29 aa6a aa8b a22a 9a4b 9a2b 9a2b 9a2b 9aac 9a6c 9aac 926c 
4826 4826 4046 4846 5067 58c8 614a 696a 822c 932f a3d1 ac32 b493 b4b3 bcf4 c514 c534 c514 bcf3 bcd3 b471 ac10 a3ae 9b0d 820a 60e7 4846 4826 5026 6066 80e7 a1a8 ba6a cb0b d36b dbac e40d ec4e ec8e ecae eccf ed0f ecee ecef ecef e4ef ecef ed0f ecef eccf ecef ed0e ed2f f50f f510 f4f0 eccf ec8f ec4e ec2d e3ee e38c e34c db2b dc2f dd35 b32d ab2e 92ce 5129 48c8 48a8 58e8 6109 5088 4867 4887 50c8 58e9 696b 694b 60e8 58c8 50c8 50a7 58a7 6109 58a7 5888 5087 5047 5088 58c8 58e9 58e9 58a7 5087 5088 50a9 4869 50c9 698c 9332 a435 a414 9331 820c 60e8 4847 4888 4888 5087 60e8 696a 716a 60e9 5087 4846 58e8 71ab 6949 58e8 50a8 50a8 614a 618b 594a 50a8 4867 5068 50c9 590a 58e9 58c9 58e9 71cc 820f 612b 590a 6a2e 8291 7a2f 7a4f 82d1 8b32 8ad2 824f 7a90 7a4f 69ee 69ce 696e 590c 720f 82b2 9333 a3f4 a415 9bf5 9b53 8a91 9353 ac56 b4d7 ac96 92d0 8acf 9332 698b 5087 48a8 4888 5069 5889 820b bd57 c5b7 bd57 934e 6168 50e8 58e9 4867 4047 4067 4867 5087 60e7 89c9 91c8 8168 5887 68e7 8189 89c8 7989 60a7 60a7 6108 6908 58a7 58c8 58a7 6086 58c7 60a8 60a7 68e8 6929 7148 6128 616a 5929 58a7 5887 5887 6087 60a7 6908 70e7 70a7 7907 91c9 99c8 a1c8 b1e9 b1e8 b229 ba4a c26a c2cb caca caaa ba8a aa09 8948 68a7 6047 60a7 7907 920a 99ea a20a b28b c269 d2aa d2ec daeb db0c d2eb daeb d2eb daeb daec db0c db2c db6c db2c db2c db0c db0b db2c db2c e32c db2c db4c db6c db2c db0c db2b db2c db0c db2c db4c db4c db2b db2c db6c db4c db4d db6d db6c db8d dbae e38d db6d db8d db8e db8d dbad dbce e3ce e3cd dbee dbee e3ee e3ef dbee dc0f e42f e40e e40e e42f e46f e471 e470 e46f e490 e490 e4b0 dcb0 e4b0 e4b0 e4b0 e4d1 e4f1 e4f1 e511 e512 e511 e532 e552 e572 e593 e573 e573 e592 e5b3 edb3 edb3 edb4 edd4 edd4 f5f4 f5f4 edf5 ee15 ee15 f615 f636 f636 ee36 ee57 f657 f677 f677 f657 ee77 f677 f677 f677 f698 f697 f6b8 f6b8 f6b8 f6d8 f6d6 f6b6 ddb5 a24b 5846 5087 58a7 4866 5026 5046 5847 4827 5026 70e7 bb2c d3ed d3cc d3cd cbcd c3ac c410 c3ce c42f c42f c40e c40e c40e c3ee c40d cc0e c40f c3ee c3ee c3ee c40e c40e c3ed c3ed c3ed bbcd c3ed c3ce bbce bbef b3cf bbce bbae bbae bbcf bb8d b38e b36d b36e b36e bb8e bbae b38d b38e b36e ab8e ab8e b38e ab6e ab6e ab6e ab4d ab2c ab2c ab2c ab2c ab0c b2ec bb2c d3ad dc8f e550 edd1 f612 f612 f632 f652 f632 f632 f611 fdf1 f611 f611 f631 f652 fe93 fe94 f6b4 f6b4 f694 fe93 f693 fe93 fe93 fe93 fe93 fe51 f631 f610 edaf ed2d dc8b d3eb c30a b229 a1ea 99a9 a1c9 a1e9 a1e9 a1e9 a1c9 a1c9 99c9 a1c9 a20a aa49 aa4b aa4a aa4a b28a b28a b28a b2ab bacb baab b28a b26a a209 9a09 99e9 920a 91ea 99c9 99c9 99e9 9a2a a24a aa6a aa49 a26a a26b a22b 9a2b 9a2b 9a4b 9a4c 9a8d 9a8c 9a8d 9a6c 
4826 4826 4846 4826 4826 5067 58a8 694a 7a2c 930e a3d1 ac52 b473 b4b3 bcd4 bcf4 c514 c513 c513 bcd3 b491 ac30 a3ce 9b0d 820b 6107 5046 4826 5046 6087 80e7 9988 ba49 caeb d34b dbcd e3ed e44d ec6e ec8f eccf ecef ed0e ed0f ecef ecef ed0f ed0f ed0e ecef ecef ecef ed0f f50f f50f ecef ecef ec8d ec6d ec2d ebed e3ac e34c db0a e42e d4d3 ab2e a2ec 8aad 594a 48a8 50a8 6109 58c8 5088 5088 5088 58e9 696a 694a 60c8 58e8 58c8 50a7 5087 58c8 60c8 58a7 58a8 58a8 5067 5087 6109 58e9 5087 4867 4867 4868 4889 4888 592c 82b2 9b73 a3d3 a3d3 92cf 81cc 60e9 4887 48c8 50c8 50a8 50a7 5908 6169 58e9 5088 4867 614a 79cc 6909 58e8 58c9 50c8 5909 58e9 5909 594a 50a8 4887 50c8 58e9 50a8 58a9 50a8 612a 79ad 716c 610a 71ee 7a71 718c 7a4f 8ad1 8b12 8b12 8270 720e 69cd 71ee 71ee 698e 58ec 698e 7a4f 9332 ac76 ac76 9b93 9332 8ad2 9373 a476 acb7 a455 9353 9373 ac56 9b73 71ad 610b 58ca 5089 60e8 92cf bd98 b536 a434 79cb 69aa 8312 82d1 50a8 4047 4088 4046 4867 7128 89c9 89a9 8168 60e8 7129 8168 8168 7948 60c8 58c8 60e8 68e7 58a7 60c7 60c7 60a7 60a7 6087 58a7 6128 6908 60c7 60e8 6129 5908 5909 58c8 58a8 60a7 60e8 6928 70e7 70c7 8127 9188 99a8 b1e9 c22a c249 c28a c2aa cacb cacb caaa caaa c26a b209 8949 6867 5846 6087 8169 99e9 a1e9 aa4a b26a c249 d28a d2eb daeb db0c daec daec db0c db0b db0c db0c daeb db2c db2c db2c db0c db0c db0c db2d db2b db2c db0c db2c db2d db2c db0b db0c db2c db2c db2c db2c db4c db2c db4d db4c db6c db8d db8e db8d db8d db8d db8d dbad dbae db8d db8d dbad dbce dbcd dbee dbce dbee dbef dbee dbee dc2f e42f e40e e42f e42f e44f e46f e470 e4b0 e470 e490 dc90 e4b0 e4d0 e4d1 e4d0 e4f1 e4f1 e511 e4f1 e512 e531 e532 e572 e572 e572 e573 e573 e592 edb3 edb4 edb4 edd4 edd4 f5f5 ee15 edf5 f615 ee36 f635 f636 f636 f656 f656 f657 f656 f656 f657 ee77 ee77 f677 f697 f697 f677 f698 f6b8 f6b8 feb8 f6d7 f6d6 e676 c472 7948 5066 5067 4846 5026 5026 5046 4826 5026 8107 c38e d3ed d3ab d3ac cbae cb8d cc2f c40e c3ed c40e c40e cc0e c40e c40e c40e c40f c40e c3ee c3ee c3ee c3ee c40e c40d c40d c3ce bbce c3ee c3ed bbce bbae bbae bbce bbce bbce bbce bb8d b3ae b3ae b38e b38e bb8d b3ae b38e b38f b36e ab6d ab6d ab4d ab6e ab8d ab4d ab4d ab6e b36d ab2d ab0c b2ec bb0b c36c dc4e e550 edd1 f612 f653 f673 fe73 fe73 f673 f652 f612 f612 f611 f610 f631 f653 f673 fe93 f6b4 f6b3 fe93 fe93 fe94 fe93 fe93 f673 fe72 f651 f611 f5ef ed6e e4ac dc0b c36b b289 a208 a1e9 99c8 99e9 a1e9 a1e9 a1e9 a1e9 a1e9 99c9 a209 aa2a b229 aa2a aa4a b26a baaa baaa b2aa ba8b baab baab b28b aa2a a22a 9a0a 91ca 91c9 99ca 99e9 99e9 9a0a a22a a26a aa6a a24a a26b a26b 9a6b 9a6b 9a2b 9a2b 9a4b 9a6c 9a6c 9a4c 924b 
4826 4826 4846 4846 4847 5047 5887 6109 7a0c 92ef a3b0 ac52 b473 b4b3 bcf4 bd14 c535 c514 c514 bcf3 bcb2 b471 abcf 9b0c 81ea 60e7 5025 5046 5046 6087 78e6 99a8 b24a c2eb d34b dbcd e40d e44d ec8e ecaf eccf ecef ed0f ed0f ed0f ecef ed0f ed0f ecef e4ef ed0f ed0f ed2f f50f f50e f4cf ecae ec8d ec6d ec2c ebec e3ab db4c db2b dbcc ccb2 ab90 820a 6108 5109 48a7 50a7 60e9 60a8 5067 58c8 58c9 6129 6949 6108 58a8 58a8 58a8 5087 5087 50a8 5887 50a8 5087 5067 5067 58c8 60e8 58c8 4867 4847 4848 4848 4889 50ea 7a71 9c16 a3b3 9b71 a3d3 92ef 822e 6929 50a8 48c8 48a8 50a8 50a8 58e8 6128 58e8 58c8 5087 696a 79cb 60e9 58e9 60e9 58e9 50a8 58a8 58c9 592a 58c9 50a7 50e9 610a 50a8 5088 50a9 58e9 698c 716c 610a 69cd 7a50 696c 71ed 8af1 9393 9332 8ad1 71ed 614a 614b 614b 612c 58ec 592c 71ad 9352 acd7 a434 9bb4 9bb4 9bb3 a435 a475 a456 8ad0 696b 7a4d a475 ac96 9b94 8ab3 8272 79cf 8a4f ac56 b558 ac76 92f1 718c 9bb3 b599 ac96 692a 4047 4067 4867 5087 7948 91a9 8189 8168 60c7 7128 8168 7907 7108 60c8 60c8 6908 60c7 58c7 7128 7108 6087 6087 60c8 58c8 60c7 68e8 60c8 60c8 58c7 58e8 614a 6109 60c8 60e8 68e8 7107 78e7 8108 9168 99c9 aa09 c249 ca8a c28a caaa caaa caec cb0c caaa caaa c28a b229 9169 6867 6066 68a7 89aa 99c9 a209 aa4a ba4a ca6a d2aa d2eb db0c db0b db0c db0c db0d db2c db0c db0c dacb db0d db4c db2c db2c db4c db0c db2c db4c db2c db0c db0c db0c db2c db2c db4d db4d db2c db2c db2b db2c db2c db2c db4c db6d db8d dbae db8d db6d db8d db8e db8d db8d db8d dbad dbad dbad dbad dbcd e3cd e3ee dbce e3ce dc0f dc2f dc2f e40e e44f dc4f e42f e44f e46f e46f e46f dc70 e470 e490 e4b0 e4d1 e4d0 e4f1 e4f1 e4f1 e512 e512 e511 e531 e552 e572 e572 e572 e592 e592 edb3 edd4 edb3 edd4 edd4 edf5 ee15 ee15 f614 f635 f636 f636 f656 f676 f656 f636 f636 f656 f677 f677 f677 f678 f6b8 f698 f678 f677 f698 f6b8 f6b8 fed8 f6d6 f6b6 ddb5 a26b 5046 4005 4025 4826 5026 4826 4026 5846 9188 c38d cbcd d38b d38c cbae c38d cc0f c44f c40d c40f c40e c40e c3ed c3ee c40e c3ee c3ee c3ee bbee bbce c3cd c3ee c3ed c3ce c3ce c3ce bbce c3ee bbce bb8e bbad bbae bbce bbae bb8d bbad bb8d bbae b38e bbad b36d b38e b3ae b36d ab4d ab4d ab4d ab4e ab4d ab8e ab4e ab2c ab6d ab6e ab2d b30c b30c bb2b cbac dcef edb1 f612 f653 fe73 fe94 fe94 fe94 fe93 fe73 fe52 f632 f632 f631 f631 f673 fe93 fe93 f6b4 f6b4 feb4 feb4 feb4 fe93 f693 f672 fe51 f631 f5ef ed8f ed2e dc2b d38a baea b269 a209 a1e9 a1e9 a1e9 a1e9 a1e9 99e9 a1e9 a1e9 a20a a1e9 aa0a aa2a aa4a b26a baab baaa ba8a baaa baaa baaa b2ab aa6a a20a 9a0a 99e9 99e9 99a9 99c9 99c9 9a09 a22a a24a aa6b a26b a26b aa6b a26b 9a6b 9a6c 9a4c 9a4b 9a6c 926c 924c 922b 8a0b 
4826 4826 4846 4846 4847 5047 5887 6109 7a0c 92ef a3b0 ac52 b473 b4b3 bcf4 bd14 c535 c514 c514 bcf3 bcb2 b471 abcf 9b0c 81ea 60e7 5025 5046 5046 6087 78e6 99a8 b24a c2eb d34b dbcd e40d e44d ec8e ecaf eccf ecef ed0f ed0f ed0f ecef ed0f ed0f ecef e4ef ed0f ed0f ed2f f50f f50e f4cf ecae ec8d ec6d ec2c ebec e3ab db4c db2b dbcc ccb2 ab90 820a 6108 5109 48a7 50a7 60e9 60a8 5067 58c8 58c9 6129 6949 6108 58a8 58a8 58a8 5087 5087 50a8 5887 50a8 5087 5067 5067 58c8 60e8 58c8 4867 4847 4848 4848 4889 50ea 7a71 9c16 a3b3 9b71 a3d3 92ef 822e 6929 50a8 48c8 48a8 50a8 50a8 58e8 6128 58e8 58c8 5087 696a 79cb 60e9 58e9 60e9 58e9 50a8 58a8 58c9 592a 58c9 50a7 50e9 610a 50a8 5088 50a9 58e9 698c 716c 610a 69cd 7a50 696c 71ed 8af1 9393 9332 8ad1 71ed 614a 614b 614b 612c 58ec 592c 71ad 9352 acd7 a434 9bb4 9bb4 9bb3 a435 a475 a456 8ad0 696b 7a4d a475 ac96 9b94 8ab3 8272 79cf 8a4f ac56 b558 ac76 92f1 718c 9bb3 b599 ac96 692a 4047 4067 4867 5087 7948 91a9 8189 8168 60c7 7128 8168 7907 7108 60c8 60c8 6908 60c7 58c7 7128 7108 6087 6087 60c8 58c8 60c7 68e8 60c8 60c8 58c7 58e8 614a 6109 60c8 60e8 68e8 7107 78e7 8108 9168 99c9 aa09 c249 ca8a c28a caaa caaa caec cb0c caaa caaa c28a b229 9169 6867 6066 68a7 89aa 99c9 a209 aa4a ba4a ca6a d2aa d2eb db0c db0b db0c db0c db0d db2c db0c db0c dacb db0d db4c db2c db2c db4c db0c db2c db4c db2c db0c db0c db0c db2c db2c db4d db4d db2c db2c db2b db2c db2c db2c db4c db6d db8d dbae db8d db6d db8d db8e db8d db8d db8d dbad dbad dbad dbad dbcd e3cd e3ee dbce e3ce dc0f dc2f dc2f e40e e44f dc4f e42f e44f e46f e46f e46f dc70 e470 e490 e4b0 e4d1 e4d0 e4f1 e4f1 e4f1 e512 e512 e511 e531 e552 e572 e572 e572 e592 e592 edb3 edd4 edb3 edd4 edd4 edf5 ee15 ee15 f614 f635 f636 f636 f656 f676 f656 f636 f636 f656 f677 f677 f677 f678 f6b8 f698 f678 f677 f698 f6b8 f6b8 fed8 f6d6 f6b6 ddb5 a26b 5046 4005 4025 4826 5026 4826 4026 5846 9188 c38d cbcd d38b d38c cbae c38d cc0f c44f c40d c40f c40e c40e c3ed c3ee c40e c3ee c3ee c3ee bbee bbce c3cd c3ee c3ed c3ce c3ce c3ce bbce c3ee bbce bb8e bbad bbae bbce bbae bb8d bbad bb8d bbae b38e bbad b36d b38e b3ae b36d ab4d ab4d ab4d ab4e ab4d ab8e ab4e ab2c ab6d ab6e ab2d b30c b30c bb2b cbac dcef edb1 f612 f653 fe73 fe94 fe94 fe94 fe93 fe73 fe52 f632 f632 f631 f631 f673 fe93 fe93 f6b4 f6b4 feb4 feb4 feb4 fe93 f693 f672 fe51 f631 f5ef ed8f ed2e dc2b d38a baea b269 a209 a1e9 a1e9 a1e9 a1e9 a1e9 99e9 a1e9 a1e9 a20a a1e9 aa0a aa2a aa4a b26a baab baaa ba8a baaa baaa baaa b2ab aa6a a20a 9a0a 99e9 99e9 99a9 99c9 99c9 9a09 a22a a24a aa6b a26b a26b aa6b a26b 9a6b 9a6c 9a4c 9a4b 9a6c 926c 924c 922b 8a0b 
4025 4025 4046 4846 4826 5046 5087 6109 79cb 8ace 9b90 ac11 b473 b4b3 bcf4 c534 c534 c514 c513 c4f2 bc91 b471 ac0f 9b2d 822b 68e7 5046 4825 5046 5866 70a6 9189 b26a cb0b db6b dbab e42e e44e ecae ecaf ecef ed0f f4ef ed0f ed0f ecef ecef ecef ecef ecef ed2f ed2e ed2f ed2f f4ee f4cf ecae ec8e ec6d ec2b ebed e38b e34b d32b d36c c431 ab0f 7129 5087 4847 4888 50c8 58e9 60e8 58c9 6109 612a 6109 58e8 58a7 58a7 58a8 5087 5067 5067 58a8 58a8 5067 5088 5888 50a8 58c8 58a8 5087 4847 4868 4848 4848 50c9 7250 9bd4 ac15 9b0f 9b31 a392 8aae 79ec 60e8 4867 4887 4888 5088 4887 5087 58e8 6109 58c9 58c8 716a 694a 58c7 58e8 60e9 58c8 5047 5087 58a8 58a9 5088 50a8 5909 610a 58c8 50c9 50a9 50a8 614a 694b 612a 616b 69ad 612b 612a 7a8f 9b92 9bb3 9373 826f 610a 50c9 58ea 590b 612c 614d 720e 9bb4 a496 a3f5 9bd5 9bd4 a3f5 ac75 ac75 ac96 9313 714d 60e8 932f a415 9b93 71cd 7a4f 9333 ac37 bd58 b518 ac77 9b74 9b95 bd78 d659 bd15 718a 4867 4867 4887 50a7 7148 8968 7928 7127 58c7 6907 7948 70e8 7129 7128 6908 6908 60c7 60e8 7148 7148 60c8 60a7 58a7 60c7 68a7 68e8 60c7 60a7 60c8 58c8 60e8 6129 60e8 60c8 68e8 70c7 78e8 8968 99a9 aa2a ba6a caaa ca8a caab cacb cacb cacb caeb caaa caaa c2aa b229 9168 6887 6067 7108 89c9 91c9 a209 aa4a b28b ca6a d2aa d2eb d30c d2eb db0c db0b daec db2c db4d db4c db2c d32d db4d db0b db2c db4c db2c e32c db2b db0c db2b db2c db0b db2c db4d db2b db4d db2b db2c db0b db4c db2c db4c db6c db6d db6d db6d db6c db8d db8d db6d db6c db8d dbae dbad db8d db8d dbce dbcd dbce dbce dbee e3ee dbee dc0e dc0f e42f e44f e450 e42f e44f e470 e42f e46f e470 e46f e48f e4b0 e4d0 e511 e4f1 e4d0 e4f0 e511 e511 e512 e552 e571 e572 e553 e573 e572 e593 ed93 edb3 edb4 edb3 edd4 edf4 ee14 ee15 ee15 f615 f616 f636 f636 f656 ee56 f636 f656 f677 ee77 f677 f657 f678 f677 f678 f678 f677 f698 f6b8 feb8 f6b8 f6d7 f6d6 e656 bbf0 68c7 4005 4025 4025 4826 4826 4026 6086 a1e9 c3ad cbac d38c d3ab cc0e c3ad c40e cc90 c42f cbee cc0e cc2e c40f c3ee c3ee c3ee c3ef c3ee c3ef c3cf c3ee c40e c40e c3ce c3ef c3ed bbce bbae bbce bbae bbce bbad bbae bbae b3cf b3ce bbce bb8d b38e b3ae bb6d b38e b3ae b3ae b36e ab4e b36d b36d ab4d ab4e ab6e ab4d ab4d ab2d ab0c b2ec b30d c32b d3ed e530 f5f2 f652 f674 fe94 feb5 feb5 feb4 fe94 fe73 f653 fe32 f652 f652 f653 fe73 fe93 feb4 f6b5 feb4 feb4 feb4 feb3 fe93 fe92 fe72 fe51 f610 f5ce ed4d e48c d3cb c329 ba69 aa09 a9e8 aa08 aa09 a9c8 a1c8 99c8 a1c9 99a8 a1a8 a1c9 a1e9 a1e9 b24a b249 b26a b26a b28a ba8a ba8a ba8b b28a b24a a22a a20a 9a2a 99ea 99c9 99ca 99c9 a1e9 a22a a24a aa6b a26b a24b aa6b a26b 9a4b 9a4b 9a8c 9a4c 9a4b 9a8c 9a8c 928c 922b 8a0a 
4046 4046 4846 4826 4826 5047 5067 60e8 718a 8a8d 9b50 abf1 b473 bcd4 bcf4 c534 c534 c514 c513 bcf2 bc91 b451 abef a34e 8a4b 7127 5046 4826 5046 6046 78a6 9968 b269 cb0c db4b dbab e42e e44e ec6e ecae ecef ed30 ed0f ed0f ed0f ecef ecf0 ecef ed0f ed0f ed0f ed0f ed2f f52f f50e ecce f4ce ecad ec6d ec2c e40c e3ac db4b d32b d30b c410 ab2e 7129 58a8 4888 50a9 58c9 60e9 6109 6129 692a 6929 58e8 5067 5067 5087 58c9 5067 5087 5087 58a7 5887 50a7 58a8 58a7 58c8 50a7 50a8 4867 4888 4868 5089 610a 7a2f 9394 a3f4 92af 79aa 8aef 9310 79cb 6909 58c8 4867 48a8 4888 4888 50a8 5088 58a8 58e9 6109 696a 718b 6929 5067 50a7 6109 60c8 4846 4867 4867 5068 50a8 50a8 6109 696b 5929 58ea 5088 4867 612a 718c 614a 614a 590b 590b 58ca 616b 82d0 9bb3 9bb3 8ad1 696d 58aa 612b 618d 7210 71f0 7a70 9bd4 a3f4 a3d5 9bf5 a3f5 a436 ac76 b4b6 acd6 a455 9314 81ad 820b ab91 9b72 714b 614b 9353 acb7 b4f6 acb7 a455 9392 9bf2 acd3 ac92 8aed 58c8 4867 5088 4887 58a7 7948 8168 7108 68c7 58a8 6908 70e7 68a7 7148 7169 7108 68e8 60c8 58e8 6928 7148 60e8 60c8 60c7 6107 68e8 60c7 60a7 58a7 60c8 58c8 60c7 60e9 60a7 7128 7108 70e8 8169 9188 a9e9 ba6a caaa caab ca8a d2cb cacb cacb caeb caab d2aa c2cb c28a a9c8 8928 6887 6087 7949 91e9 9a0a a209 aa6b ba6a ca8a d2aa d2aa daca d2eb d2eb daec daeb db2c db2d db4c db4c db4c db2c db0c db2d db4c db4c db2c db2c db2c db2b db2b db0b db0b db2b db2b db2c db2c db4c db2c db4c db2c db4c db2c db4c db4d db6d db4c db6d db6d db6d db8d db8d dbae db8d dbae e3ae dbae dbad dbce dbee dc0f e40e e40f e40f e42e e42f e42f e40f dc4f dc6f e470 e42f dc50 e48f e470 e490 e4d0 e4d1 e4f1 e4f1 e4b0 e4d1 e511 e511 e532 e531 e551 e552 e552 e593 e573 e573 e593 e5b3 e5b4 edb3 edb4 edd4 edf5 ee15 edf5 edf5 f636 f636 ee36 ee15 f637 f636 f636 f656 ee57 f677 f657 f678 f678 f677 f678 f678 f698 fe98 f698 f6b8 f6d8 f6d6 f6b6 d555 89ea 4846 4047 4026 4826 4026 4026 6886 aa2a cbac cb6c cb8c d3ac cbee c3ae c3ee cc6f cc2f c3ee c3cd c40f c40f c3ee c3ee c40e c3ee c3ad c3ee c3ce c3ee c3ee c3ce c3ee c3ee bbce bbce c3ce c3ce bbad c3cd bbcd bbce bbcd bbae b3ce bbce bb8d b38d b36d b38d bbae b38d b36e b38d ab6e ab6d ab6e ab4d ab2c ab4d ab4d ab2c b30c ab0c b2eb baec c34b dc6e ed70 f612 f653 f694 f6b4 feb5 feb4 f694 fe94 fe73 fe53 fe52 f652 f673 f673 fe73 fe93 feb3 feb4 f6b4 feb3 feb3 feb3 fe93 fe72 fe51 fe30 f5f0 ed6f e4cc dc2a d36a c2c9 b229 aa09 aa09 a9e8 b208 a9e8 99e9 99e8 a1a8 9988 a1c9 a209 a20a a1e9 aa4a b26a b26a b28a b2ab baaa baab b28a b24a aa2a a209 a20a 9a0a 99ea 99e9 99e9 99ea a229 a22a a26b a26b a24b a26b a26b a24b 9a6c 9a4b 9a8c 9a8d 924b 9a8c 9a8c 924b 89ea 81aa 
4846 4846 4826 4846 4826 5068 5067 60e9 718b 8a8d 9b50 a411 ac72 bcd4 bd14 c534 c534 c534 c534 c4f3 b4b2 b470 abef a34e 928b 7968 5866 5026 5047 6046 78c6 9967 b249 caca db4b e3ac e3ed ec0d ec8e ecae eccf ecef ecef f50f ecef ecef eccf ecef ed0f ed10 ecef ed10 ed0e f50e ed0f f4ef f4cd ecad ec6e ec4c e3ec e3cc db4b d30b cb0b c3ad ab0d 716a 58c9 58c8 58c9 692a 696b 6129 6109 58c9 58c8 5088 4867 5087 50a7 58a7 58e8 50a7 5087 58a7 5887 5087 58c8 58c8 58a8 5087 4847 4868 5089 58a9 71ad 8ad1 9373 8af0 7a0d 690a 6929 8af0 92cf 716a 60e9 58a8 50a8 48c8 4888 4888 50a8 50c9 50a8 58e8 694a 71ab 718a 6908 5066 5087 5908 60e9 5067 4867 5087 5067 58a8 58c8 6129 696b 612a 60e9 5068 4846 5909 71ed 694b 60ea 612c 614b 590b 71ef 82f3 8b32 9352 8af1 8250 71ae 696d 69ee 7a92 7251 7a70 9bd4 a3d4 a3d4 9bb4 a3d4 ac55 ac55 ac34 a3f4 a415 a3f5 a374 92d2 a353 a3b4 9ab1 9b74 b538 bd36 b4b5 a433 7a4c 6127 5927 6187 5907 50a7 4867 58c8 6908 58a7 68e7 8188 8188 70e7 60c8 58c8 6908 7108 60e7 7168 6928 7128 60a7 58a7 58c8 6928 6908 68c7 60e7 60e8 6948 6928 60a7 60a7 60a7 60a8 60a7 60e8 58a7 68e8 8169 7928 7928 8989 99a8 b249 c2aa caca caab caaa d2eb cacb cacb caca caab caaa caaa ba69 a9c8 80e7 6867 6087 7968 91ea 99e9 a209 aa4a c26a d2aa d2aa d2aa daaa d2cb daeb daec daec db0b db0b db2c db2c db2b db2c db2c db4c db4b db2c db2c db2c e34c db4c db4c db2b db2b db2b db2c db2c db2c db4c db6c db4c db4c db2c db0c db4c db6c db6d db6d db6d db8d e36d db8d db8d dbae db6d dbce dbce e3cd dbad dbcd e3ee e40e e3ee e3ee e40f dc2e dc2f dc0f dc0f e42f dc4f dc2f e42f e470 dc90 e470 e46f e490 e4b0 e4d1 e4f1 e4b0 e4f1 e511 e511 e532 e532 e552 e552 e552 e572 e593 e593 e5b3 e5b3 e5d4 e5d4 edd4 edd5 edf5 edf5 edf5 edf5 f636 ee36 ee37 ee15 ee36 f636 ee36 f656 ee56 ee57 f657 f657 ee77 ee77 ee98 f678 f677 f697 f698 f6b8 f6d8 f6b7 f6b6 e616 b38f 5086 4006 4026 4826 4027 4846 68c7 aaab cbac cb4c cb6b cb8c cbef bbcf c3ce cc6f cc6f c40e c3cd c3ed c3ee c40e bbee bbee c40e c3ed c3ee c3ce c3ce c3ee c3cd bbee c3ee b3ae bbae bbce bbce bbae bbce bbce bbce bbce bbce bbae bbae b3ad bbad b38e ab6e b38d b38d b38d b38e b36e ab4c ab6e ab6d ab2d ab0c ab2d ab0c b30c b30d b2ec bb0c cb8c dcce edb0 f632 f653 f694 f6b4 feb5 feb4 fe94 fe92 f672 fe52 f652 f652 f672 fe93 fe73 f694 f6b4 feb4 f694 fe94 fe93 f673 fe73 fe52 f631 f5f0 f5af e50e e44b d3ca cb0a c289 b249 b249 b229 aa09 aa29 aa09 a1e9 a1c9 a209 a1c8 a1ea a209 a9e8 aa29 aa4a b26a ba8a baaa b2cb ba8a b26a aa6a aa4a a20a a20a 99e9 9a0a 9a0a 99ea 9a0a 9a0a a24a a24a aa4b a26b a26b a26b a26b 9a6b 9a8c 922b 922b 924b 924b 922c 8a0a 89ca 8a0b 820b 
4846 4846 4826 4846 4826 5068 5067 60e9 718b 8a8d 9b50 a411 ac72 bcd4 bd14 c534 c534 c534 c534 c4f3 b4b2 b470 abef a34e 928b 7968 5866 5026 5047 6046 78c6 9967 b249 caca db4b e3ac e3ed ec0d ec8e ecae eccf ecef ecef f50f ecef ecef eccf ecef ed0f ed10 ecef ed10 ed0e f50e ed0f f4ef f4cd ecad ec6e ec4c e3ec e3cc db4b d30b cb0b c3ad ab0d 716a 58c9 58c8 58c9 692a 696b 6129 6109 58c9 58c8 5088 4867 5087 50a7 58a7 58e8 50a7 5087 58a7 5887 5087 58c8 58c8 58a8 5087 4847 4868 5089 58a9 71ad 8ad1 9373 8af0 7a0d 690a 6929 8af0 92cf 716a 60e9 58a8 50a8 48c8 4888 4888 50a8 50c9 50a8 58e8 694a 71ab 718a 6908 5066 5087 5908 60e9 5067 4867 5087 5067 58a8 58c8 6129 696b 612a 60e9 5068 4846 5909 71ed 694b 60ea 612c 614b 590b 71ef 82f3 8b32 9352 8af1 8250 71ae 696d 69ee 7a92 7251 7a70 9bd4 a3d4 a3d4 9bb4 a3d4 ac55 ac55 ac34 a3f4 a415 a3f5 a374 92d2 a353 a3b4 9ab1 9b74 b538 bd36 b4b5 a433 7a4c 6127 5927 6187 5907 50a7 4867 58c8 6908 58a7 68e7 8188 8188 70e7 60c8 58c8 6908 7108 60e7 7168 6928 7128 60a7 58a7 58c8 6928 6908 68c7 60e7 60e8 6948 6928 60a7 60a7 60a7 60a8 60a7 60e8 58a7 68e8 8169 7928 7928 8989 99a8 b249 c2aa caca caab caaa d2eb cacb cacb caca caab caaa caaa ba69 a9c8 80e7 6867 6087 7968 91ea 99e9 a209 aa4a c26a d2aa d2aa d2aa daaa d2cb daeb daec daec db0b db0b db2c db2c db2b db2c db2c db4c db4b db2c db2c db2c e34c db4c db4c db2b db2b db2b db2c db2c db2c db4c db6c db4c db4c db2c db0c db4c db6c db6d db6d db6d db8d e36d db8d db8d dbae db6d dbce dbce e3cd dbad dbcd e3ee e40e e3ee e3ee e40f dc2e dc2f dc0f dc0f e42f dc4f dc2f e42f e470 dc90 e470 e46f e490 e4b0 e4d1 e4f1 e4b0 e4f1 e511 e511 e532 e532 e552 e552 e552 e572 e593 e593 e5b3 e5b3 e5d4 e5d4 edd4 edd5 edf5 edf5 edf5 edf5 f636 ee36 ee37 ee15 ee36 f636 ee36 f656 ee56 ee57 f657 f657 ee77 ee77 ee98 f678 f677 f697 f698 f6b8 f6d8 f6b7 f6b6 e616 b38f 5086 4006 4026 4826 4027 4846 68c7 aaab cbac cb4c cb6b cb8c cbef bbcf c3ce cc6f cc6f c40e c3cd c3ed c3ee c40e bbee bbee c40e c3ed c3ee c3ce c3ce c3ee c3cd bbee c3ee b3ae bbae bbce bbce bbae bbce bbce bbce bbce bbce bbae bbae b3ad bbad b38e ab6e b38d b38d b38d b38e b36e ab4c ab6e ab6d ab2d ab0c ab2d ab0c b30c b30d b2ec bb0c cb8c dcce edb0 f632 f653 f694 f6b4 feb5 feb4 fe94 fe92 f672 fe52 f652 f652 f672 fe93 fe73 f694 f6b4 feb4 f694 fe94 fe93 f673 fe73 fe52 f631 f5f0 f5af e50e e44b d3ca cb0a c289 b249 b249 b229 aa09 aa29 aa09 a1e9 a1c9 a209 a1c8 a1ea a209 a9e8 aa29 aa4a b26a ba8a baaa b2cb ba8a b26a aa6a aa4a a20a a20a 99e9 9a0a 9a0a 99ea 9a0a 9a0a a24a a24a aa4b a26b a26b a26b a26b 9a6b 9a8c 922b 922b 924b 924b 922c 8a0a 89ca 8a0b 820b 
4825 4825 4826 4846 4826 4847 5087 60e8 71ab 8a8d 9b4f ac11 b472 b4b3 bcf4 c534 c554 c555 c533 bcf3 b4b2 b451 ac10 9b8e 92ac 7968 5866 5046 5046 6046 70a7 9167 aa29 caca db4b e3ac e40d ec2e ec8e ecae eccf ecef ecef ecef ecef ecef eccf ecf0 ecef ecef ed10 ed10 ed0f ed0f f510 f4ef ecee ecad ec6d ec2d e3ed e3cd db8d d32c caeb bb0d 9ace 716a 60ea 60e9 610a 696a 716b 60e9 58c8 50c8 58a9 5088 50a7 5087 58c8 58a7 58a8 50a7 5087 58a8 58a7 5888 5087 58a8 58c8 50a8 50a9 50a9 50a9 696a 9331 9371 824d 694a 58a9 50a8 71ac 9b73 8a8e 71ab 69cb 616b 50c9 50a8 5088 50a8 50c8 50e9 5909 6129 71ab 79cc 718a 60e8 50a7 4886 58e8 6108 5887 4887 4887 4867 5888 58a8 6109 696b 616b 58e9 4868 4026 50a7 71cc 7a0e 610a 60ea 60eb 594b 7270 8354 82f2 82b1 8ad2 9312 9313 8ad2 8291 82f2 7a91 8ad2 9bb3 a3d4 a3b4 a3d4 a414 a434 9b31 79cb 71ab 8b31 a3f5 a3f4 ac15 ac36 ac56 ac76 c578 d5d7 c556 b4b4 8a8d 58e8 4866 4046 3866 4026 4846 58c8 81eb 7988 58a7 68e7 8188 7928 60a7 58a7 60e8 7108 7108 60c7 68e7 68e7 7128 68c8 5887 60e8 6928 6108 60a7 60a7 60a7 7128 6907 60e7 60e8 60c8 60a7 60c8 60e8 68e7 7928 8148 8108 8968 9168 a1c8 ba8a caaa d2ca d2cb d2ea d2ca caeb cacb caab caaa caaa ca6a ba29 9988 78a7 6867 6087 81a9 920a 99e9 a1e9 b22a c26a d2aa d2cb d2cb d2cb d2ec dacb db0b db0c db0b db0b db2b db2c db4c db4d db4b db4c e32b db2b e34c e32c db2b db4b db2c db2c db4c db2b db4d db4c db6d db4c db4c db4c db6c db4d db2c db4c db6d db6e db6c db8d e38d db6c db6d dbad db8d db6d db8d dbce dbad dbce dbad dbad e3ee dbee e3ee e3ee e40f e40e dc30 e42f dc2f e40f e44f e44f e44f e470 e450 e470 e470 e4b0 e4d1 e4d1 e4d1 e511 e511 e512 e532 e511 e532 e532 e573 e573 e593 e5b3 e5b2 e5b3 edb4 e5d4 edd4 edd4 edf4 edf5 ee15 ee16 ee36 ee36 ee36 ee36 ee36 ee36 f636 f657 ee57 f677 ee57 f657 f657 ee77 f677 f677 f677 f698 f698 f698 f6b8 f6b7 f6b6 ee76 ccd3 7948 3805 4025 4826 4026 4867 7907 b30c cbad cb4b cb8b cbac cbee c3ce c3ce cc2e c450 c40e c3ee c3ee c3ce c3ee c3ee c3ef c3ee c40d bbee bbee c40e c3ee bbce c3ce bbce b3ae bbee bbae bbcf bbae bbce bbce bbce bbce bbce bbce bbae bbce b3ce b3ae b38e b3ae ab8e b36d b38e b38e ab6d ab4d ab4d ab4d ab2c ab2c b32c b2eb b2ec bb0c bb2b cbcd e50f edd0 f632 f673 f693 f6b4 feb4 fe94 fe93 fe72 f652 f652 f632 f631 f652 f673 fe93 f6b4 f6b4 f6b4 fe94 fe93 f693 f673 fe72 f651 f630 f5d0 ed4e e4ac dbeb d38a c2ea ba8a b269 b249 b249 b249 aa49 b229 aa09 a209 a209 aa09 a9e9 a9e9 aa09 aa09 b26a ba8a c2aa c2ca baca b28a b24a aa4b aa4a a22a 9a0a 9a0a 99c9 99c9 99e9 a1ea a22a a24b aa6b aa6b a28b a28b a26b a26b 9a4c 9a6b 922b 920b 920b 922b 920b 89ea 81c9 89ca 89cb 
4026 4026 4846 4827 4026 4847 5067 60c8 71ab 826d 9370 a411 ac52 b493 bcf4 c514 c554 c534 c514 bcf3 bcb2 b451 ac10 a38e 92cc 7989 6087 5046 5046 5846 70a7 9168 aa29 c2eb db4b dbcd e42e ec4e ec6e ecae ecee ed0f ecef ecef ecef ecef ecef ecee ecee ed0e ed0f ecef ecef ed0f ed0f ecce ecae e48f e44d e42e e3ed e3ee dbad d34d c2cc aace 9a8e 81cc 714b 610a 6929 694a 694a 60e9 50a8 5088 5087 50a7 5087 50a7 58c8 58c7 50a7 5087 50a7 58a7 5887 58c8 58c9 5088 5088 58a9 610a 612a 694a 71ab 7a0b 698a 50c9 4868 5069 58e9 826f a3b2 820c 79cc 71ec 612a 58c8 50c8 50a7 50c8 50c8 50a8 50c8 694a 79ec 79aa 6949 60e9 50a8 5067 5087 58c8 58a7 50a8 4888 4867 5088 58c9 6109 694b 698c 610a 4868 4047 48a7 71cc 826f 718c 58e9 58ea 58c9 5109 61ab 71ee 69cd 7a0e 8af2 9352 9b74 9354 9394 9354 8b13 9b93 a3b4 9b93 a414 ac75 a3f3 92b0 798d 692b 71eb 9331 9b94 9b93 9bb3 a435 ac96 c4f7 cd36 bcd5 abf3 9353 7a70 69ac 50e9 4888 4887 6128 824b 79ca 58a6 5087 6927 7968 70e8 60a8 58c8 6928 7989 70e8 5887 6908 6908 6928 7108 58c8 6108 6928 6908 60c8 6087 68c7 7107 6908 60c7 58a7 60c7 60c7 60c7 60a7 70c7 8128 8128 8147 8988 99a9 aa09 c249 caaa caca d2ca d2eb cacb d2cb cacb cacb cacb cacb caaa ba28 9148 78c6 6866 6087 81a9 99e9 99e9 a20b b22a ba6a d2aa d2eb db0c daeb daeb daeb db0c db2c daeb daeb db0c db2d db4c db4d db4c db2c db4c db6c e36c e34c e32b db2c db2c db0c db4c db0b db2c db2c db4c db2b db2c db4c db4c db4c db2c db6c db2c db4d db4c db6d db6c db4b db4c db6d db8d db8d dbad dbae db8d dbae db8d dbad e3ee dbef dbee dbee e40f dc0f dc0f e40f dc2f e42f e44f e44f dc50 e470 e470 e490 e490 e4b0 e4b1 e4d0 e4d0 e4f1 e4f1 e512 e4f1 e512 e512 e532 e573 e572 e593 e594 e593 ed93 edb3 e5b3 edb4 edd4 edd4 edd5 edf5 ee15 ee36 ee36 f616 ee16 ee36 ee36 f636 ee36 ee57 f676 f657 f677 ee57 f677 f677 f678 f677 f677 f698 f698 f6b7 f6b7 f6b7 f6b6 ddd6 a28c 4825 4006 4026 4026 4826 8107 bb0c c36d cb4b d38c cb6c cbee c3ee c3ce c3ee cc4f cc4f c3ee c3ee bbce c40e c3ee c40e c3ed c3ee bbee bbee bbce bbee bbce bbad bbcd bbef bbcd bbcd bbcd bbae bbcd bbce bbce bbce bbce bbce b3cd b3ae b3ad b3ae b38e b38e b38e b38d ab8e ab8e ab6e ab4d ab4d ab6d ab6d ab2c b32d b30c b30b bb4d c34b d3ed e510 edd0 f633 fe73 f693 fe94 f694 fe93 fe71 f651 f631 f631 fe31 f653 f672 f674 fe93 feb4 feb4 f6b4 fe94 feb4 fe93 fe72 fe72 f630 f5ef ed6f eced dc2b d38b cb4a baea ba8a ba6a b249 b249 b249 aa29 b249 aa2a a209 aa09 aa29 aa09 aa09 aa09 aa09 b26a ba8a ba8a ba8a baaa b28a b26a aa4a aa4a a24a a20a 9a0a 99ea 99e9 99e9 a1ea a22a a22a a24b a26b a26b a24b a26c a26c 9a4c 924b 926b 920a 920a 920a 91ea 89ea 81ca 81aa 818a 
4845 4846 4846 4826 4826 4847 5068 58a8 696a 82cf 9b71 a3d1 ac52 b493 bcf4 bd14 c534 c534 c514 bcf2 bcb2 b471 ac10 a36d 92ed 822a 68e7 5866 5846 6086 78e8 9168 aa29 c2eb db4b dbad e3ed ec4d ec8e ecae ecef ecef eccf eccf ecaf ecd0 eccf ecce ecce e4ce e4ce e4ae e4af eccf ecce ecaf e48f e44e e42e e40e dbed dbef d38d d36e c30e aaef a311 9ab0 718b 610a 58e9 58c8 6109 58c9 50a8 5088 50a8 50a7 50c8 58c8 58a7 58a8 5087 5088 58c8 60c8 58a8 50a8 58e9 50a8 58c9 718c 79ee 7a0d 718b 614a 58e8 50a8 4889 5088 58c9 612a 8a8f 92ae 79cb 7a0d 7a0d 718a 58e9 50c7 58e9 50a8 5067 4867 50c8 69ab 79ec 6109 6129 692a 58c8 5067 5087 58c8 50a8 5088 4887 5088 5888 58c9 6129 698b 6109 58a9 5089 4847 50a8 71ac 824e 7a0e 692b 58c9 50a8 4888 50a9 590a 58eb 590b 6a0d 82b1 9333 9374 9bf5 9bf5 9b73 9b73 9b94 9b32 a3d4 a455 9b72 9311 8a70 8a50 79ad 7a0d 8b11 9331 8b32 9c16 a477 a436 a3b3 ac35 b4d7 bd38 bd38 ac56 9333 8250 7a0d 9af0 9aec 6108 5087 60e8 7968 7989 68e7 58a7 58a7 60e7 7927 68a7 58c8 6928 7108 7148 79a9 7149 60e8 7107 68e8 60e8 60c7 6928 6908 6908 60c7 58a7 60a7 5887 60a7 60a7 7908 8948 8927 8968 9188 a1a8 b229 c269 caaa caca d2eb d2eb cacb d30b caac caaa d2ca caeb caeb ba69 8907 70a7 6086 68a7 89aa 99e9 a209 aa4b b26a c2aa d2ca d2ca db0b daeb db0b db0c db0b db0b daeb db0b db0c db4d db2c db4d e32c e34c e38d db8d e36c e32c db4c db2c db4d db0b db2b db2c db2b db2b db0b db0c db2c db2b db2c db2c db2c db4b db4b db4c db4c db4c db4c db4c db8d db6d db6d db8d db8d db8e dbad dbce db8d dbad dbcd dbee dc0f dbce dbee e42f e40f dc2f dc30 dc4f e42f e42f dc4f e44f e470 e470 e470 e490 e490 e4b0 e4d0 e4d0 e4d1 e4d1 e4f1 e512 e531 e552 e572 e572 e5b3 e5b3 e593 e593 e5b3 ed94 edd4 edd4 edd5 ee15 edf5 ee15 ee16 ee16 ee16 ee36 ee36 ee36 f636 f657 f636 f657 ee57 f657 f657 f677 f677 f698 f677 f677 f678 f698 f697 f6b7 feb7 f6d6 e656 bc11 60c7 4005 4026 4026 4846 8947 c32b c38c d38c cb8b cb8c c40e c3ee c3ce c42f cc6e c46f c3ee bbee bbce bbce bbce c3ee c3cd c3ee c3ee bbce bbce bbee bbce bbae bbcd bbef bbad bbcd bbce bbce bbad c3cd bbae bbae bbae bbce b3ce b3ae b38e b38d b38e b3ae b3ae b36e ab4d ab6e ab8e ab6e ab4d ab4d ab4d ab2c b32c b30c bb0b bb4d c36c dc0d e530 edf1 f652 f673 f693 f693 f693 f673 f652 f631 f611 f611 f631 fe52 f672 fe93 fe93 feb4 feb4 fe94 feb3 fe93 fe93 fe52 f651 f610 edce ed0d e46b dbcb cb2a c2ea bacb baaa c2aa ba89 ba49 b229 b229 b209 a9e9 a9e9 b1e9 aa09 a209 aa2a aa29 aa29 b229 b269 ba8a ba89 b28a b28a b28b b249 a209 a1e9 99e9 99c9 99c9 99ea 9a0a 9a0a a24a aa6a a24a a24b a24b a26b a28c a22b 920b 922a 922b 924b 91ea 91ea 8a0b 89ca 89ca 81aa 81a9 
4845 4846 4846 4826 4826 4847 5068 58a8 696a 82cf 9b71 a3d1 ac52 b493 bcf4 bd14 c534 c534 c514 bcf2 bcb2 b471 ac10 a36d 92ed 822a 68e7 5866 5846 6086 78e8 9168 aa29 c2eb db4b dbad e3ed ec4d ec8e ecae ecef ecef eccf eccf ecaf ecd0 eccf ecce ecce e4ce e4ce e4ae e4af eccf ecce ecaf e48f e44e e42e e40e dbed dbef d38d d36e c30e aaef a311 9ab0 718b 610a 58e9 58c8 6109 58c9 50a8 5088 50a8 50a7 50c8 58c8 58a7 58a8 5087 5088 58c8 60c8 58a8 50a8 58e9 50a8 58c9 718c 79ee 7a0d 718b 614a 58e8 50a8 4889 5088 58c9 612a 8a8f 92ae 79cb 7a0d 7a0d 718a 58e9 50c7 58e9 50a8 5067 4867 50c8 69ab 79ec 6109 6129 692a 58c8 5067 5087 58c8 50a8 5088 4887 5088 5888 58c9 6129 698b 6109 58a9 5089 4847 50a8 71ac 824e 7a0e 692b 58c9 50a8 4888 50a9 590a 58eb 590b 6a0d 82b1 9333 9374 9bf5 9bf5 9b73 9b73 9b94 9b32 a3d4 a455 9b72 9311 8a70 8a50 79ad 7a0d 8b11 9331 8b32 9c16 a477 a436 a3b3 ac35 b4d7 bd38 bd38 ac56 9333 8250 7a0d 9af0 9aec 6108 5087 60e8 7968 7989 68e7 58a7 58a7 60e7 7927 68a7 58c8 6928 7108 7148 79a9 7149 60e8 7107 68e8 60e8 60c7 6928 6908 6908 60c7 58a7 60a7 5887 60a7 60a7 7908 8948 8927 8968 9188 a1a8 b229 c269 caaa caca d2eb d2eb cacb d30b caac caaa d2ca caeb caeb ba69 8907 70a7 6086 68a7 89aa 99e9 a209 aa4b b26a c2aa d2ca d2ca db0b daeb db0b db0c db0b db0b daeb db0b db0c db4d db2c db4d e32c e34c e38d db8d e36c e32c db4c db2c db4d db0b db2b db2c db2b db2b db0b db0c db2c db2b db2c db2c db2c db4b db4b db4c db4c db4c db4c db4c db8d db6d db6d db8d db8d db8e dbad dbce db8d dbad dbcd dbee dc0f dbce dbee e42f e40f dc2f dc30 dc4f e42f e42f dc4f e44f e470 e470 e470 e490 e490 e4b0 e4d0 e4d0 e4d1 e4d1 e4f1 e512 e531 e552 e572 e572 e5b3 e5b3 e593 e593 e5b3 ed94 edd4 edd4 edd5 ee15 edf5 ee15 ee16 ee16 ee16 ee36 ee36 ee36 f636 f657 f636 f657 ee57 f657 f657 f677 f677 f698 f677 f677 f678 f698 f697 f6b7 feb7 f6d6 e656 bc11 60c7 4005 4026 4026 4846 8947 c32b c38c d38c cb8b cb8c c40e c3ee c3ce c42f cc6e c46f c3ee bbee bbce bbce bbce c3ee c3cd c3ee c3ee bbce bbce bbee bbce bbae bbcd bbef bbad bbcd bbce bbce bbad c3cd bbae bbae bbae bbce b3ce b3ae b38e b38d b38e b3ae b3ae b36e ab4d ab6e ab8e ab6e ab4d ab4d ab4d ab2c b32c b30c bb0b bb4d c36c dc0d e530 edf1 f652 f673 f693 f693 f693 f673 f652 f631 f611 f611 f631 fe52 f672 fe93 fe93 feb4 feb4 fe94 feb3 fe93 fe93 fe52 f651 f610 edce ed0d e46b dbcb cb2a c2ea bacb baaa c2aa ba89 ba49 b229 b229 b209 a9e9 a9e9 b1e9 aa09 a209 aa2a aa29 aa29 b229 b269 ba8a ba89 b28a b28a b28b b249 a209 a1e9 99e9 99c9 99c9 99ea 9a0a 9a0a a24a aa6a a24a a24b a24b a26b a28c a22b 920b 922a 922b 924b 91ea 91ea 8a0b 89ca 89ca 81aa 81a9 
4846 4846 4026 4025 4846 4826 5067 58a7 696a 826d 9b2f ac12 ac52 b493 bcd3 bcf4 c514 c534 c514 bcf3 bcd2 b491 ac10 a38f 9b2d 822a 68c7 5867 5846 6086 70c7 9127 aa09 c2aa d32b e3ad e3ed ec2d ec8e ecaf eccf ecef ecf0 ecf0 e4d0 e4b0 e4b0 e4d0 e4cf e4af dcaf dc90 e4b1 e4d0 e4f0 e4d0 e4af e48f e44e e40e dbed dbce db6b cb2e c32f b34f b3d3 9b30 716b 612a 58e9 50c8 5109 58c9 5088 50a8 50a8 50c8 50a7 50a8 5887 5887 50a7 50c8 58c8 6109 58c8 50c8 50a8 58a9 614a 7a2c 8a8f 71cc 58a8 5087 50a8 50a9 50a9 50c9 58c9 692a 820e 79ab 79ac 822d 822c 79ab 60c9 4887 5909 50c8 50a8 5088 5909 696a 6109 58c8 5909 694a 6109 50a8 50a7 50a7 58a9 50c8 5088 58c8 58c9 58c9 6149 69cd 58ea 5068 58ea 58ea 60e9 71cc 7a2e 79cd 692b 612b 58c9 48a8 5089 5088 58ca 590b 614b 720f 8b33 9394 9c16 a415 9bd4 9353 9353 8af1 9bb4 a414 9372 9373 8aae 8ad0 8a6f 718a 696a 6129 6189 728c 832f 8b31 826d 8b0e a3f1 b452 c4d4 bc53 abf3 abf4 b415 bc55 ab93 8a91 8270 8ab0 9aaf 924d 79aa 6929 60e8 6949 7149 58a7 60c8 7149 7969 8a0b 8a0a 7989 68e7 70e7 60c7 60a7 60c7 6908 68e7 68e7 60a6 60a7 60a7 6087 6087 68c7 8148 8948 8948 9147 9188 a9c8 ba29 c269 cacb caeb cacb cacb caaa d2eb d2cb d2cb d2eb caaa caaa b209 8908 70a8 6087 70e8 91a9 9a2a a22a aa4a ba6a caaa d2aa daaa d2aa d2ca db0b db0c db0b db0b db0b db0b db0b db4d db4c db4d e32c e36d db6d e36d e36c e34c db4c db2c db2c db2b db4b db6d db0b db0a daeb db0c db0b db0b db2c db4c db2b db2c db4c db4c db6d db4c db8c db6c db8d db8c db6c db6d db6d db8d db8d dbad dbce dbae dbad dbee dbee dbee dbef e42e e40f dc0e dc2f dc2f e42f e44f dc4f dc2f e44f e44f e46f e490 e4b0 e4b0 e491 e490 e491 e4d2 e511 e511 e552 e552 e552 e552 e593 e593 e593 e5b3 e5b3 e594 edd4 edf4 edf5 edf5 edf5 ee15 ee16 ee16 ee16 ee16 ee36 f636 ee37 f636 f656 ee57 ee77 f657 f657 f657 f677 f697 f677 f678 f678 f678 f698 f697 f697 f6b6 ee96 cd34 89ea 4026 3806 4027 5046 99a8 c32b cb4b cb8b cb8c cbad c40f bbce c3ee c42f c42e cc6f c44f c3ee bbce bbce bbce c3ed bbcd c3ce bbef bbad bbee c3cd bbce bbce bbce bbce bbad b3af bbae bbcd c3ce bbce bbae bbae bbae bbce b3ce b3ae b3ae b3ae b3ae b3ae b3ae ab6e ab6d ab6e ab8e ab4e ab4e ab4d ab2c ab4d b32c bb2c bb2c c34c cb8c dc2e e530 f611 f632 f673 f693 f693 fe93 f672 f652 f631 f611 f611 fe31 f652 f672 f673 fe93 feb4 feb4 feb4 f693 fe93 fe72 f651 f610 f5d0 ed4d e4ac dbea d36a c30a c2ca c2aa c2aa c2ca ba89 b229 b229 b22a a9e9 a1e8 aa09 aa09 aa09 a229 aa4a aa4a aa49 aa49 b26a b28b ba8a b269 b28a b24a aa09 a20a 99e9 99e9 99c9 99e9 99e9 99e9 9a0a a26b aa6b a26b a24b a24b a26c 9a8c 9a4b 922b 924b 928b 924b 89ca 89aa 89ea 820b 89eb 81aa 81ca 
4025 4025 4025 4026 4847 4847 4847 58c8 696a 822c 92ee a3d1 ac52 b4b3 bcf4 c4f4 c514 c534 c513 bd13 bcd2 b491 ac30 a3af 9b2d 822a 60c7 5046 5046 6066 70c6 8947 a9e9 baaa d32b e3ac e3ed ec2e ec6e ecaf eccf ecef ecef ecf0 eccf ecef e4cf e4d0 e4d0 e4d0 e4d0 e4b0 e4f1 e4f1 e4f0 e4d0 ecad e48e e44e e42d e3ed e3ad db4c cb4e cb91 bb90 bbd1 a2ae 6929 716b 71ab 50c8 50a8 5088 5068 50a8 58a8 58c7 50a7 5087 5087 58a8 5087 50a7 58c8 6108 58e8 58e8 5888 58a8 5909 71ca 6969 5908 5087 50a7 50a8 58c9 58c9 58c9 50c8 6129 822e 81ec 7a0c 79ec 79cb 718a 60e9 50a8 50c8 50c8 58e8 5909 614a 58e9 5088 50a8 58e8 6929 6109 5088 50c8 58e9 58c9 58c8 58c9 58c8 58c9 58a8 58c8 71cd 696c 4888 58c9 690b 718b 824e 8a90 716b 58c7 614b 5909 4867 4048 4848 4888 50cb 614c 69ee 8312 9394 a415 ac56 a3d4 8af1 9374 9354 9bf5 9b92 9352 9b93 8a6e 822c 92d0 718b 4846 4026 4846 5046 58e6 7a4d 7a0d 60e7 5907 6147 71a9 7168 7188 a30d ab4e 92ad 9330 9351 a3b4 abf4 abb2 ab73 a312 9ab0 92f2 9b53 92d0 822d 8a6e 92ae 8a2b 81ea 6908 6908 7108 68e7 60a7 6087 60a6 60c7 6907 68c7 60a7 60a7 60a8 60a7 60a7 7108 8148 8948 9168 99a9 99c8 aa2a c24a ca8a cacb d2eb d2aa caab d2ab d2eb d2eb d2ec d2ca d2aa c2aa a9c9 8969 70e8 60a7 8128 91c9 9a2a aa4b aa2a ba6a caab d2aa daca d2cb daeb db0b db0c db2b db2c db0c daeb daea db2d db0c db4d db4c db6c db6d db4d e34c db4d db2c db4c db4c db4c e32c db4c db2c db0b daeb db2c db0b db0b db0b db2c db2b e32c db4d db4c db4d db2c db6c db8d db6c db6c db6c db6c db6d db8d dbae dbce dbee dbce e3ad e3ce dbee dc0f e3ee e40e dc0f dbce e40e dc2f e42f dc4f dc2f dc30 e44f e470 e48f e490 e491 e490 e490 e471 e4b0 e4d1 e531 e511 e551 e552 e552 e552 e573 e573 e593 e593 e594 e5b4 edb4 edd4 edd4 edf5 edf5 edf5 ee15 ee16 ee36 ee16 ee15 f616 f616 f636 f656 f637 f677 f657 f657 f657 f677 f697 f677 f678 f678 f698 f698 f697 f697 f6b6 f6b5 ddf5 b32d 5047 4007 4027 5866 a20a c32b cb4b cb8c cb8c cbad c40f bbce c3ee c40e c3ee c42e c491 c40e c3ee c3ee bbce bbce bbee bbcf bbcf bbce bbee c3ed bbef bbce bbce bbcd bbad b3ce bbad bbce bbce bbce bbce bbce bbce bbce bbee bbee b3ae b3ae b3ae b3ae b38e b36d ab6e ab4e ab4d ab2c ab2d ab2c ab2c b34c b34c bb2c bb4c c32b cbad dc8e ed70 f611 f633 f673 fe93 fe93 fe93 f651 f631 f631 f611 f611 f631 f651 f652 f693 fe93 f6b5 f694 feb4 fe93 fe72 fe72 f651 f5f0 ed8f e4eb dc2b d38a cb0a c2ea c2aa c289 c2ca c2aa ba89 b249 b249 b24a b209 aa09 aa29 aa29 aa09 a1e9 aa09 b229 aa49 b269 b28a b26a b28a b26a b249 aa09 a1e9 99ea 99e9 99e9 99c9 99c9 9a0a 9a0a 9a0a a28b a28b a26b a26b 9a4b 9a2a 9a6b 9a2b 920b 9a2b 924b 920a 89ca 89ca 89ea 8a2b 8a0b 8a0b 81ea 
4026 4026 4026 4026 4026 4847 5067 58a8 698b 7a0c 92ce 9bb0 ac72 b4d3 bcd4 c4f4 c534 c534 c534 c4f3 c4d2 b4b2 b450 abce 9b2d 820a 60c7 5046 5066 6087 78c7 8968 aa09 c2ca d32b db8c e40d ec4d ec6e ecaf eccf ecf0 eccf f4ce ecef ed0f ecef ecef ed10 ecef ecef e4ef ed0f ed0f ecef ecef ecae ec8e e44d ec2d e3ec e38c db6c d3d0 d3f1 c32e aace 924e 690a 694a 718a 50a8 5088 50c8 58a8 58a8 5087 5088 5909 50a8 5088 58a7 58a8 50a7 58e8 60e8 58c8 5887 5087 50a8 50c8 6108 58c8 5909 50e8 58e8 6109 6109 58e9 58c9 50a9 58e8 79ec 820c 79ec 71ab 716a 6929 60e9 6109 58c8 50a8 614a 694a 614a 58e9 50a8 50a8 58e8 6169 6929 58a8 58c8 6109 60e9 50a7 58c8 5088 5067 5088 58e8 696b 692a 5089 5088 6109 7a0d 8acf 8ab1 692a 4866 5929 616c 50a9 4047 4068 50ca 50ca 614c 720f 82b0 9373 9bf4 9b93 8ab0 82f1 9bd5 a416 9332 826f 9311 a415 9b34 820c 8a8e 8a90 610a 4847 4826 4827 5086 71ca 8ad0 58c8 4846 4887 5067 5066 6948 89e8 68e6 5066 5086 6108 822c 926c 92ce 928e 8a4e 928e b3d1 bd15 b4f6 abd2 a34f a2ee 8a2c 7129 60c8 7108 7948 60c7 60e8 60c7 60e8 60c8 68e7 68c7 5887 60c7 68e8 68a7 68e8 7948 8148 8948 99a9 a1c9 a9e9 b24a ca69 caaa d2eb d2cb d2ab d2cb d2eb d2eb d2cc cb0d d2eb d2cb c28a a1a8 8169 68c7 68c7 8969 91e9 a22a aa4a b22a c26a caec d30b daeb d2ec db0b db0b db0c d32d db2c db2c daeb db0b db2c db4c db2c db2c db2c db4c db4c e34c e32c db4c db4c db2c db2b db2c db4c db4c db2c db0b db2c db0b db0c db0b db0b db2b db2c db4c db2b db0b db4c db6d db6c db8c db8c db6d db6d db6c db8d e3ad dbce dbad e3ae dbad e3ed dbee dbee dbef dbce e3ee e40f e40f dc0e e40f dc0e dc0f e42f e44f e470 e48f e490 e4b0 e4b0 e490 e490 e4b0 dcb1 e511 e511 e511 e531 e552 e552 e553 e552 e572 e593 e593 e5b4 edb4 edd4 edd4 e5d4 edd5 edf5 edf5 edf6 ee16 ee16 ee16 ee16 ee36 f636 f656 f636 f656 f657 f657 f657 ee57 f677 ee78 f677 f677 f677 f697 f697 f697 f697 f6b6 ee76 c492 70e8 4006 4827 60a6 aaab c34b cb4c cbad cbac c3ad c40f bbce c3ee c40e c3ee c40d cc6f c42e c3ee c40e bbee bbce bbee bbee bbce bbee bbee bbee bbce bbad bbae bbce bbae bbae bbae bbad bbce bbce bbae bbce bbae bbce bbce b3ae b38e b38e b38e b3ad b3af b36d ab6e ab6d ab4d ab6e ab6c ab6d ab2d b34c b32c bb2b bb0b c32c d3ac dcaf ed90 f611 f652 f672 fe93 f6b3 fe93 f652 f631 f611 f610 fe11 f632 fe52 f672 f693 fed4 feb5 fe94 fe93 fe93 fe72 f651 f610 f5cf ed4e e48b dbcb d34a caca c2aa c28a c28a c2aa c2aa ba6a ba29 b249 aa4a aa29 aa2a a9e9 aa09 a1e9 aa29 b249 b249 b249 ba49 b28a b269 b26a aa4a aa09 a209 a209 99c9 99e9 91c9 99a8 99c9 a20a a22a a24b a26b a26b a26b 9a6b 9a4b 91ea 91ea 920a 9a2b 9a2b 920b 89ca 89ca 89ea 8a2b 8a2b 8a2b 8a2a 89eb 
4026 4026 4026 4026 4026 4847 5067 58a8 698b 7a0c 92ce 9bb0 ac72 b4d3 bcd4 c4f4 c534 c534 c534 c4f3 c4d2 b4b2 b450 abce 9b2d 820a 60c7 5046 5066 6087 78c7 8968 aa09 c2ca d32b db8c e40d ec4d ec6e ecaf eccf ecf0 eccf f4ce ecef ed0f ecef ecef ed10 ecef ecef e4ef ed0f ed0f ecef ecef ecae ec8e e44d ec2d e3ec e38c db6c d3d0 d3f1 c32e aace 924e 690a 694a 718a 50a8 5088 50c8 58a8 58a8 5087 5088 5909 50a8 5088 58a7 58a8 50a7 58e8 60e8 58c8 5887 5087 50a8 50c8 6108 58c8 5909 50e8 58e8 6109 6109 58e9 58c9 50a9 58e8 79ec 820c 79ec 71ab 716a 6929 60e9 6109 58c8 50a8 614a 694a 614a 58e9 50a8 50a8 58e8 6169 6929 58a8 58c8 6109 60e9 50a7 58c8 5088 5067 5088 58e8 696b 692a 5089 5088 6109 7a0d 8acf 8ab1 692a 4866 5929 616c 50a9 4047 4068 50ca 50ca 614c 720f 82b0 9373 9bf4 9b93 8ab0 82f1 9bd5 a416 9332 826f 9311 a415 9b34 820c 8a8e 8a90 610a 4847 4826 4827 5086 71ca 8ad0 58c8 4846 4887 5067 5066 6948 89e8 68e6 5066 5086 6108 822c 926c 92ce 928e 8a4e 928e b3d1 bd15 b4f6 abd2 a34f a2ee 8a2c 7129 60c8 7108 7948 60c7 60e8 60c7 60e8 60c8 68e7 68c7 5887 60c7 68e8 68a7 68e8 7948 8148 8948 99a9 a1c9 a9e9 b24a ca69 caaa d2eb d2cb d2ab d2cb d2eb d2eb d2cc cb0d d2eb d2cb c28a a1a8 8169 68c7 68c7 8969 91e9 a22a aa4a b22a c26a caec d30b daeb d2ec db0b db0b db0c d32d db2c db2c daeb db0b db2c db4c db2c db2c db2c db4c db4c e34c e32c db4c db4c db2c db2b db2c db4c db4c db2c db0b db2c db0b db0c db0b db0b db2b db2c db4c db2b db0b db4c db6d db6c db8c db8c db6d db6d db6c db8d e3ad dbce dbad e3ae dbad e3ed dbee dbee dbef dbce e3ee e40f e40f dc0e e40f dc0e dc0f e42f e44f e470 e48f e490 e4b0 e4b0 e490 e490 e4b0 dcb1 e511 e511 e511 e531 e552 e552 e553 e552 e572 e593 e593 e5b4 edb4 edd4 edd4 e5d4 edd5 edf5 edf5 edf6 ee16 ee16 ee16 ee16 ee36 f636 f656 f636 f656 f657 f657 f657 ee57 f677 ee78 f677 f677 f677 f697 f697 f697 f697 f6b6 ee76 c492 70e8 4006 4827 60a6 aaab c34b cb4c cbad cbac c3ad c40f bbce c3ee c40e c3ee c40d cc6f c42e c3ee c40e bbee bbce bbee bbee bbce bbee bbee bbee bbce bbad bbae bbce bbae bbae bbae bbad bbce bbce bbae bbce bbae bbce bbce b3ae b38e b38e b38e b3ad b3af b36d ab6e ab6d ab4d ab6e ab6c ab6d ab2d b34c b32c bb2b bb0b c32c d3ac dcaf ed90 f611 f652 f672 fe93 f6b3 fe93 f652 f631 f611 f610 fe11 f632 fe52 f672 f693 fed4 feb5 fe94 fe93 fe93 fe72 f651 f610 f5cf ed4e e48b dbcb d34a caca c2aa c28a c28a c2aa c2aa ba6a ba29 b249 aa4a aa29 aa2a a9e9 aa09 a1e9 aa29 b249 b249 b249 ba49 b28a b269 b26a aa4a aa09 a209 a209 99c9 99e9 91c9 99a8 99c9 a20a a22a a24b a26b a26b a26b 9a6b 9a4b 91ea 91ea 920a 9a2b 9a2b 920b 89ca 89ca 89ea 8a2b 8a2b 8a2b 8a2a 89eb 
4846 4846 4826 4846 4026 4847 4847 50a8 6129 71cb 8aad 9b70 ac32 b4b2 b4b3 bcf3 c534 c534 c513 c534 c514 bcd2 b471 a3f0 930d 820a 6907 5866 5867 6066 70c7 8948 aa09 caaa db2a db8c e40d e44d ec8e ecaf ecce eccf eccf f4ef ecef ecef ed0f ed0f ed0f ecef ecef ecef ed0f ecef ecef ecee ecce ec8e ecae e44d e40c e3cc d38d d3ef d3f1 b2ee 9a4d 89ec 6109 6109 6908 50a8 50c8 60e9 58c9 58c8 58a8 50a8 5908 58e8 58a7 58a7 58a8 58c7 58c8 58c8 58a7 5087 50a7 50c8 58c8 58a8 50a8 50c8 5909 6129 614a 58e9 58c8 50a8 50a8 5909 718b 71ab 71ab 698a 6949 612a 60c8 60e8 58c8 58c8 614a 694a 58e8 58c8 50a8 50a8 58c8 6169 6969 58e8 50a8 58a7 5887 58a8 5088 5067 4847 50c8 5909 694b 5929 58ca 5089 58c9 7a0d 9310 828f 60e9 4047 4887 614b 698e 5089 4888 590a 612c 696d 71f0 7a4f 8b31 9bb4 8ad2 71ad 82af 9c14 9c35 8af2 7a30 7a2f 9371 a415 9b33 8a6e 9351 92d1 60e9 4847 5068 5887 6168 8b31 694a 4846 5088 5087 58e8 79e9 68e7 4046 4026 4047 50c7 7148 7148 6968 60e7 60c8 6108 8209 9b0c 92cd 79aa 81aa 928c 9b30 8a6e 81cc 7989 7128 60c8 60c7 60c7 6909 6108 6908 60a7 5887 60c7 60c7 68c7 7928 8148 8968 9188 99a8 a1c8 aa09 ba29 ca8a d2cb cacb caab cacc d2cb d2eb cb0c cb0c cb0b d2eb cacc ba29 9968 7928 6087 70e8 8988 91c9 a24a aa0a ba4a caaa d2ec d30b db0c dacb daeb db0b db0b d30c db2c db2c db0c db2c db4d db4d db4c db4d db4c db4c db4c db4c db2d db2c db2c db2c db2c e34c db4d db2c db2d db0b db0b db0b db0c db0c db2b db2b db2c db4c db2b db2c db4d db4c db4c db6d db6d db6d db8d db6d db8d dbad db8d db8d dbce dbce dbce dbef dbae dbce e3ce e40e dc2f dc2f dc0e dc0f dc0f dc0f e42e e44e e44f e490 e46f e470 e490 e490 e490 e4b1 e4d1 e511 e4f1 e511 e511 e531 e531 e552 e553 e573 e5b3 e594 e5b4 edb3 edb4 e5d4 edd5 edd5 edf5 ee15 edf6 ee16 ee16 ee36 ee17 f616 ee16 f636 f636 f637 f657 f657 f657 ee57 f678 f677 f677 f678 f677 f698 f677 f677 f697 f696 f695 d595 9a0a 4026 4026 68c7 b2cb cb4b cb4b cb8c cbac c3ad c40e bbce c3ee c42d c40e c40e cc0e c470 c3ee c3ce bbee c3ee c3ed c3ce c3ee bbee bbef bbce bbce bbee bbad bbae bbae bbcd b3ed b3ae bbae bbad bbcd bbee bbae bbce b3ce bbce b3ae bbce b3ae b38d b3ae b38e b38e ab6d ab6e ab4d ab6d ab4d ab6d b36d b34c bb2c bb4c c32b d3ac dcaf ed91 f5f0 f631 f653 fe93 feb4 fe92 f652 f631 f611 f5f0 f611 f632 f652 f673 f694 feb4 feb4 feb4 fe93 fe73 fe51 f631 f5ef ed8e eced dc2b db8a cb0a caaa c2aa ba8a c26a c2aa bacb ba6a b249 b229 b229 b249 aa29 a1e9 a1e8 a209 aa29 b229 b249 b249 b229 ba6a b229 aa29 aa29 a22a a1e9 99c9 99a9 99a8 91c8 99a9 99e9 a22a a24a a26a a26b a26b a26b a26b 9a8c 9a0b 91ea 920b 922b 924b 922a 89ea 91ea 89ca 922b 8a2b 89eb 922b 920c 
4826 4826 4846 4846 4847 4046 4867 50a8 58c8 718a 8a6d 9b6f a412 b472 b4b3 bcf3 c514 c534 c534 c533 bd12 bcd2 b471 a3f0 930c 822a 7168 5866 5846 6086 7908 8927 aa08 ca8a d32b db8c e3ed e42e ec6d ecb0 ecaf eccf ecf0 ecef eccf ecf0 ecef ecee ed0f ecef ecef ed0f ed0f ed10 ecef ecee ecce ec8d e46e e44d e40d dbab d34c cbaf cc11 b32e 9a6e 89cb 60e9 60c8 60a8 5087 5088 60c8 60e9 6109 60a8 5087 50a7 58a8 58a7 5087 58a7 50a7 58c8 58c8 58c8 58c8 50a8 50c8 58e9 50c8 50c8 5909 614a 614a 60e9 58c8 50a8 50a8 58e9 692a 716a 71ab 696b 696a 6109 60e9 58c8 50a7 58e8 6109 6109 58c8 58a8 50a8 50c8 5909 6129 6989 718b 5929 5087 58a8 5067 5087 5067 4867 4867 58c8 612a 612a 50a8 5088 5089 58e9 7a2d 8af0 7a4e 616c 4869 4047 48a7 71ee 7a10 614d 612b 696d 71ce 7230 7a4f 828f 9352 9334 8292 82b1 9372 9352 9374 8b54 8292 7a4f 9352 a3f4 9b93 9b92 9bb3 822f 58a8 5047 5087 6127 8b10 79ec 5067 5066 5086 7969 7947 5067 4067 4047 4887 6128 7148 7969 6908 58c8 58c8 50e8 6969 6968 6149 58a8 68e8 7969 922a 9acb a36f 926b 7149 6109 60e7 68c8 60c7 60a7 68e8 58a7 5887 60a7 60a7 7108 8168 8128 9168 99c8 99c8 a209 b229 c249 caaa caab caaa cacb cb0c d2cb d2eb d30c cb0c d30b d30b cacb b229 9189 78e8 60a7 8169 91a9 9a0a aa2a aa29 ba8b caeb db0c db0b db0b db0b db0b db0b db0c daeb db2d db4d db2c db2c db4d db4d db6d db4c db2b db2b db4c db4c db2c e36d db4c db4c db4c db6d db2c db2c db0c db0b db2c db0b db2c db0c db2b db2c db2c db4c db4c db4c db4c db4c db6d db4c db4d db6c db6d db4d e38d dbad db8d db8d dbce dbae dbae dbcf dbae dbae e40f dc2f dc2f dc0f dc2f dc0f dc2f dc2f dc4f dc6f e44f dc6f e48f e490 e490 e490 e4b0 e4d0 e4d1 e4d0 e4d1 e4f0 e511 e532 e532 e552 e572 e592 edb3 e593 e593 e593 edb4 edd5 edd4 edd4 edd5 edf5 edf6 ee16 ee16 ee36 ee37 f636 ee36 ee36 f637 ee56 f657 f656 f657 f677 f677 f677 f657 f677 f677 f677 f677 f677 f677 f696 f696 e615 b36f 4847 4026 70c7 baeb c32b cb2a d3ac cbcc c38d c40f bbcf c42e c40e c40f c40e c40e c450 c3ef bbce bbcf c3ee c3ce bbce c3ee c3ee c3ef c3ce bbce bbce bbad bbae bbce bbce b3ce b3ae bbad bbad bbce bbcf bbae bbce b3ae b3ae b3ce b3cd b3ae b38e b38e b38d b38d b38d ab6d ab4d ab4d b34d ab6d b36d bb4c bb2b c32b c34c d38b dc8e e52f f5b0 f611 f632 fe72 fe92 f671 fe51 f631 f610 f5f0 fdf0 f631 fe52 f673 f693 feb4 feb4 feb4 fe92 fe72 f651 f610 f5cf ed6e e4ad dbeb d32a cac9 c2ca c2aa baaa c28a ba8a baaa ba8b b26a b249 b22a b229 aa09 a1e9 a1c8 a1a8 a9e9 aa09 aa2a aa49 aa09 b24a b249 aa09 a1e9 91c9 99a9 99c9 99a9 91a8 99e9 9a09 a20a a24a aa2a aa6a a28b a26c a26b 9a4b 9a4c 9a2b 91ea 922c 924b 922a 922b 8a0b 91ea 89ea 920b 922b 8a2b 922b 924c 
4846 4846 4846 4846 4847 4867 5087 5087 58c8 718a 8aad 9b50 a411 ac52 b493 bcf3 c514 c534 c534 c513 bcf2 b4b2 b471 a3cf 9b4e 8a4b 7107 5866 5066 60c7 7108 8927 aa2a c2ab d30b db8c e3ed e40d ec6e ecaf eccf ecef ecef ecef ecef ed0f ecee ecef ed0f ed0f ed0e ed0f ed0f ecef ecef ed0e eccf ec8d ec6e ec2d e40d dbab d32c d3d0 cc52 b30e a26d 91cc 60e9 60e9 60e8 5888 58a8 58c8 6109 694a 5887 5067 50c8 5088 5087 5088 5888 5087 5909 58c9 58a8 50a8 50c8 50a8 50a8 6109 614a 696a 694a 612a 58c9 50a8 50c9 50c9 58c9 58e8 694a 718b 614a 696a 6129 694a 60e8 5909 614a 5909 50a8 5087 50a8 50c9 50a8 50a8 612a 6949 71ab 69ab 50a8 5088 5087 4867 5087 48a8 4886 6109 718b 58c8 5088 4868 58c9 698c 7a2e 7a2d 696a 720f 698e 48a9 4047 5109 7a90 8292 718d 696c 71cd 7a50 82b1 8290 8b11 9333 8b52 9333 8b12 826f 82f1 8b32 8ad1 8ad2 8b13 9373 9bd3 a434 a3f3 9b94 81ee 5888 5088 6107 82cf 8aaf 50a7 5066 58a7 7107 6087 4867 48a8 50a7 58e8 7148 7948 7149 6949 60e8 5887 58e8 7989 6928 58a7 60e8 6928 6908 68e8 7107 9a69 9249 7948 6929 60e8 6087 6087 5887 6087 5887 5887 6087 68e8 7928 8147 8988 91a9 99c8 a1e9 a9e9 ba29 c26a caaa cacb cacb d2eb caeb cacc cb0c cb0c cb0c d30b caeb c2ab a1e8 8989 68a8 68a7 8989 91ca a24b a24a aa4a baab d2eb d30c db0b db0c db0b daeb db0b db2d db2c db4c db4d db6d db2b db2d db4c db6c db4d db4c db4c db4c db4c db2c db6d db6d e36c db4c db2c db2b db0b db2c db0b db2c db0b db2c db2b db2b db4c db2c db2c db6c db4c db4c db6c db4c db4c db6c db6c db6c db6c db8d db8d db6c db8e dbae db8e dbce dbce dbad dbce dbef dbee dc0f dc0f dc0f dc0f dc0f dc2f dc2f dc50 dc70 dc6f e490 e491 e490 e46f e490 e4d0 e4d1 e4d0 dcb0 e4f1 e4f1 e511 e532 e552 e552 e572 e592 e5b2 e594 e593 edd5 edd4 e5d4 edf5 edd5 edd5 edf5 edf6 edf5 ee36 f637 ee36 ee36 ee36 ee36 ee36 f637 ee57 f657 f657 f657 f657 f677 f677 f677 f677 f657 f677 f697 f696 f696 ee76 c4b3 70e8 4826 78e7 b30b c2ea cb4b d3cc cbcd c3ce c40f bc0e c42e c42f c40f c42f bbee c3ee bbee bbef bbce c3ee c3ee bbce bbce bbce c40e c40e c3ee bbae b3cd bbee bbce bbce bbce bbce bbad bbae bbef bbce bbce bbce b3ae b3ae b3ce b3ae b38d b38e b38e b38d ab6e ab4e ab4d ab6d b36e b38d b38e b36d bb4c c32a c32b c34c cb8c dc2c e4ce ed6f f5d0 f611 f631 fe51 f631 fe30 f630 f610 f5f0 f5f1 fe32 f652 fe73 feb4 feb4 feb3 fe93 fe92 fe72 f631 f5f0 edaf ed2d e46c d3ab caea caaa c2aa c2aa c2aa ba8a ba6a ba6a b26a b26a b26a b22a aa29 a209 99c9 9a09 a1e9 a1e9 aa09 aa2a aa4a b22a aa29 a209 9a0a 99a8 9188 9988 99c9 99c9 9a0a 9a2a a22a aa4a aa6b aa4b a24b a24b 9a4b 9a6c 9a4b 922b 922b 920a 9a2c 924b 920a 920b 920b 91eb 8a0b 920b 8a0b 8a2b 924c 922c 
4846 4846 4846 4846 4847 4867 5087 5087 58c8 718a 8aad 9b50 a411 ac52 b493 bcf3 c514 c534 c534 c513 bcf2 b4b2 b471 a3cf 9b4e 8a4b 7107 5866 5066 60c7 7108 8927 aa2a c2ab d30b db8c e3ed e40d ec6e ecaf eccf ecef ecef ecef ecef ed0f ecee ecef ed0f ed0f ed0e ed0f ed0f ecef ecef ed0e eccf ec8d ec6e ec2d e40d dbab d32c d3d0 cc52 b30e a26d 91cc 60e9 60e9 60e8 5888 58a8 58c8 6109 694a 5887 5067 50c8 5088 5087 5088 5888 5087 5909 58c9 58a8 50a8 50c8 50a8 50a8 6109 614a 696a 694a 612a 58c9 50a8 50c9 50c9 58c9 58e8 694a 718b 614a 696a 6129 694a 60e8 5909 614a 5909 50a8 5087 50a8 50c9 50a8 50a8 612a 6949 71ab 69ab 50a8 5088 5087 4867 5087 48a8 4886 6109 718b 58c8 5088 4868 58c9 698c 7a2e 7a2d 696a 720f 698e 48a9 4047 5109 7a90 8292 718d 696c 71cd 7a50 82b1 8290 8b11 9333 8b52 9333 8b12 826f 82f1 8b32 8ad1 8ad2 8b13 9373 9bd3 a434 a3f3 9b94 81ee 5888 5088 6107 82cf 8aaf 50a7 5066 58a7 7107 6087 4867 48a8 50a7 58e8 7148 7948 7149 6949 60e8 5887 58e8 7989 6928 58a7 60e8 6928 6908 68e8 7107 9a69 9249 7948 6929 60e8 6087 6087 5887 6087 5887 5887 6087 68e8 7928 8147 8988 91a9 99c8 a1e9 a9e9 ba29 c26a caaa cacb cacb d2eb caeb cacc cb0c cb0c cb0c d30b caeb c2ab a1e8 8989 68a8 68a7 8989 91ca a24b a24a aa4a baab d2eb d30c db0b db0c db0b daeb db0b db2d db2c db4c db4d db6d db2b db2d db4c db6c db4d db4c db4c db4c db4c db2c db6d db6d e36c db4c db2c db2b db0b db2c db0b db2c db0b db2c db2b db2b db4c db2c db2c db6c db4c db4c db6c db4c db4c db6c db6c db6c db6c db8d db8d db6c db8e dbae db8e dbce dbce dbad dbce dbef dbee dc0f dc0f dc0f dc0f dc0f dc2f dc2f dc50 dc70 dc6f e490 e491 e490 e46f e490 e4d0 e4d1 e4d0 dcb0 e4f1 e4f1 e511 e532 e552 e552 e572 e592 e5b2 e594 e593 edd5 edd4 e5d4 edf5 edd5 edd5 edf5 edf6 edf5 ee36 f637 ee36 ee36 ee36 ee36 ee36 f637 ee57 f657 f657 f657 f657 f677 f677 f677 f677 f657 f677 f697 f696 f696 ee76 c4b3 70e8 4826 78e7 b30b c2ea cb4b d3cc cbcd c3ce c40f bc0e c42e c42f c40f c42f bbee c3ee bbee bbef bbce c3ee c3ee bbce bbce bbce c40e c40e c3ee bbae b3cd bbee bbce bbce bbce bbce bbad bbae bbef bbce bbce bbce b3ae b3ae b3ce b3ae b38d b38e b38e b38d ab6e ab4e ab4d ab6d b36e b38d b38e b36d bb4c c32a c32b c34c cb8c dc2c e4ce ed6f f5d0 f611 f631 fe51 f631 fe30 f630 f610 f5f0 f5f1 fe32 f652 fe73 feb4 feb4 feb3 fe93 fe92 fe72 f631 f5f0 edaf ed2d e46c d3ab caea caaa c2aa c2aa c2aa ba8a ba6a ba6a b26a b26a b26a b22a aa29 a209 99c9 9a09 a1e9 a1e9 aa09 aa2a aa4a b22a aa29 a209 9a0a 99a8 9188 9988 99c9 99c9 9a0a 9a2a a22a aa4a aa6b aa4b a24b a24b 9a4b 9a6c 9a4b 922b 922b 920a 9a2c 924b 920a 920b 920b 91eb 8a0b 920b 8a0b 8a2b 924c 922c 
5067 4867 4867 4887 4847 4847 5067 5067 58c8 716a 826d 932f a3d1 b473 b472 bcb3 bcf4 c514 c513 bd13 bcf2 b4b2 b490 abef 9b4d 8a4b 7128 58a7 58a7 60c7 7929 9148 aa09 c2aa d30b db8c e3ec e40d ec8e ecae ecce ecce ecef ecee ecef ed0e ecee ed0f ecef ecef ecee ed0f ed0f ecef ed0f ecef ecef ecad ec8e ec2e e3ec db6c d3ae dc31 d472 bb0f aa8d a22d 68e9 60e9 60e8 60c9 58c8 50a7 58c8 60e8 5887 5087 50a8 58a8 5087 5087 5087 58c8 5909 58a8 5087 5088 50c8 50a8 610a 696a 718a 716a 6949 614a 58a8 5068 50c9 58e9 50c8 58c9 614a 696a 6129 6129 6128 694a 6929 696a 614a 50a8 5087 5088 50c8 50c9 50a8 50c8 58c9 58e8 69ab 7a0d 58e8 5067 5067 5087 50a8 50a8 58c8 612a 696a 50a8 4868 4888 614b 7a2f 7a2e 612b 6109 720d 82b1 71ce 58ea 50ea 616b 7a2e 8271 7a50 71cd 71ec 826f 71cd 718c 7a2e 82af 93d5 93b4 82b1 82d1 8291 7a2f 71ed 7a4f 8af2 9353 a3f4 ac34 a414 9b94 79ad 5888 58c7 7a4e 8aef 58c8 50a7 58e7 6087 5067 4887 50a7 50e7 6928 7948 7107 68c6 6108 6129 5887 60e7 7968 7108 60e8 6928 68e7 68e7 58a8 58a7 7107 7148 6908 7128 58e8 58c7 60c7 5886 5867 5887 5887 6887 70e7 8168 8988 91a8 99a8 99a8 aa09 b229 c229 c26a caaa caab cacb d2cb d2cb d2ec cb0c cb0c caec d2cb cacb ba4a 9988 8148 60c8 68c8 89a9 99e9 a24b aa6b b26a cacb d30b db0b daeb db0c daeb d30c db2c db4d db4d db2c db0c db6c db4c db4c db2c db2c e34b db6d db6d db6c e36d e34c e38c e34c e36c db6d db4d db4c db2b db4d db2b db2b db4c db2c db0b db0c db2d db2c db4c db4c db4c db4c db4b db4b db6c db6c db6c db6c db6c db8d db6e db8d db8d dbae dbae dbcd dbcd dbce dbee dbee dbee dc0f dc0e e3ef e40e e42f dc4f e430 dc50 e470 e46f e48f e470 e46f e490 e490 e48f dc90 dcd0 dcd1 e4f1 e511 e531 e531 e551 e532 e552 e572 e5b3 e5b4 ed93 edb4 edb4 edd5 edd5 edd5 edf5 edf5 edf5 edf5 ee16 ee16 ee16 ee16 ee16 ee36 ee36 f636 f657 ee57 ee37 f678 f677 f677 f678 f677 f658 f678 f677 f677 f677 f696 ee95 d595 9a2c 5046 8127 baeb c30a cb6c d3cc c3ae c3ce c40f bbce c42f c42f c42f bc2f bbef c3ee c40e bbef bbce c3cd bbee bbee c3ee bbce bbef c3ee c3ef bbce bbce bbee bbee bbce bbee bbae bbce bbce bbce bbcf bbef b3ce bbce b3ce b3ae b3ae b38d b3ad b38e ab6d ab6d ab4d ab8e b38e b36d b38d b38e bb6d bb6b c38c c34b cb4b cb6b d3ab dc6c e4ed ed6f f5cf f610 f5f0 f5ef f5f0 f5f0 f5ef f5f0 f5f1 fe31 fe52 fe93 feb4 feb4 feb4 fe93 f692 f652 f631 f5f0 ed8e e4ec dc2b d36a caca c2aa c28a c28a c28a ba6a ba6a ba6a b26a b229 b26b b24a aa29 a209 a1e9 9a09 a1c9 a209 aa29 aa29 aa6a aa49 a1e8 99a9 9188 8948 8948 9168 99a9 99ea a24a a24b aa4a aa6b aa6a a26d a24b 9a2a 9a4a 9a4b 920a 91ea 89eb 922b 9a4b 920b 920b 922b 920b 922c 922b 89eb 920c 924c 924b 924c 
4846 4846 4846 4846 4847 4826 4827 5088 58c8 694a 822c 930e a3d0 ac52 b472 bcd3 bd14 bd34 c513 bd13 bcd2 bcb2 b491 abf0 9b4e 8a8c 7189 60c7 58a7 68c7 78e8 8948 a9c8 c2ab d30b dbac e3cd e40d e46e ec8f ecae eccf ecef ecee ecef ecef ecef ecef ecef ecef ecef ecef ed0f ecef ed0f ecce ecee ecad ec6c ec2d e3cd db6c dbce dc51 dc31 c36f bb0e aaae 6909 60c8 6909 6909 5887 50a7 6109 58c8 50a7 4887 50a7 5067 5067 5067 50a8 5909 6108 50c8 4888 50a8 614a 71ac 81ed 81ec 716a 6949 6108 58c8 50a8 50a8 50c8 5088 50a8 58e9 616a 694a 6109 60e9 60e9 6149 6149 6129 58e9 58e9 58e9 58c8 58c8 5909 50e9 50e9 50c8 5909 5929 698b 612a 5067 4867 50a7 50a7 5067 58a8 614a 694b 50e9 4869 50a8 71cc 8ab0 79ce 58ea 58ea 614a 7a4e 82b1 71ee 60eb 5089 50c8 722e 9374 8ab3 718d 69ac 7a30 7a32 698d 7a70 9c35 9c15 9374 8b33 82d1 7a2e 694b 610b 614b 7a2d 8ad0 9b72 a3b2 a435 9b95 79cd 6908 7a0d 828d 5908 5908 60c8 5067 4847 4867 48a7 5949 7148 70e7 7128 60c7 58a7 6086 5066 6907 7148 6908 7168 7107 68c7 60c7 58c8 60c7 60c7 60e8 60e7 6949 60e7 58a8 58a7 58c7 5886 58c7 60a7 68c7 78c7 8148 8989 9188 a188 a1e9 b229 ba49 ba29 c26a ca8a cacc ca8a cacb caec d2eb caec caec caeb caeb c2cb b229 9168 70e7 60a8 7908 9189 a20a a22a aa4a ba8a caaa d30b d30b db0b db0c db0b db0c db4c db4c db6c db4d db2c db4d db4d db4d db4d db2c db4c db4c db4d db4d e36c e34d e36d db4c db2c db4c db4d db4d db4d db0c db2c db2c db4d db0b db0b db2d db2c db4c db6c db4c db4b db2b db2b db2c db6c db2c db4c db6c db4d db6c e3ae dbae db8d e38d e3ae dbad db8d dbae dbae dbcd dbee e40e dc0e dc0e e40e e40e dc2e e42f dc4f e470 dc4f e490 e490 e470 e490 e490 dc90 e490 dcb0 e4d0 e4d1 e510 e531 e531 e531 e552 e572 e573 e593 e593 e5b4 e5b4 e5b4 e5d4 e5f5 e5f5 edf5 edf5 edf5 edf5 edf5 ee15 ee16 ee16 ee36 ee36 ee36 f636 f657 ee37 ee57 ee57 f677 f677 ee78 f657 f658 f677 f658 f677 f677 f677 ee95 e636 bbf1 68e7 8968 baca cb0a d38c cbcc c3cd c3cd bbef bbad c40e c42f c42e c40f bc0f bbee bbcf bbee bbee bbee bbef c3ee bbee bbee bbcf bbae bbef bbee c40e bbee bbee bbee bbce bbce bbee bbce bbce bbce bbce bbce bbce b3ce b3ee b3cf b3ae b3ce b3ae b38d b38e b36d ab6e b38d b38d b38d b34d bb8c c38c c36c cb6b cb6b cb6b cb6b d3cb dc2c e4ac ed2d ed6e ed8e ed8e f58f ed8f edaf f5cf f611 f631 fe73 fe93 feb4 feb3 feb3 fe93 fe71 f651 f630 f5f0 ed8e e4ac dbea d32a caca c28a ba8a ba69 c249 ba6a ba8a ba49 b24a b209 b229 aa09 a9c8 a209 a1e9 a1c8 a1c9 a20a aa49 aa4a aa29 aa09 99c9 9188 8928 8907 8968 9188 99e9 a22a a24a a26b aa6b aa4b a24a a24a a26b 9a4a 9a4a 99ea 920a 89ea 920a 920b 920a 920b 91ea 922b 924b 922b 924c 8a2b 922c 926c 924b 8a0b 