d6de d6de d6de d6de d6de d6de d6de d6de d6de d6de d6de d6de d6de d6fe defe defe defe defe d6fe d6fe d6fe d6de d6de d6de d6de d6be cebd cebd cebd cebd cebd cebd cebd cebd cebe cebe cebe cebe cebe cebe cebe cebd cebd cebe cebe cebe cebe cebd cebd cebe cebe cebe cebd cebe ce9e ce9e ce9e ce9e ce9e ce9e ce9e c69e c69e c69e ce9d ce9d c69d c69d c69d c69d c69d c69d ce9d ce9d ce9d ce9d ce9d ce9d ce9d ce9d ce9d ce9d ce9d ce9d ce9d ce9d ce9d ce9d ce9d ce9d ce9d ce9d ce9d ce9d c69d c69d c69d c69d c69d c69d c69d c69d c69d c69d c69e c69e c69e c69e c69e c69d c69d c67d c67d c67d c67e c67e c67e c67e c67e c67e c67e c67e be7d be7d be7d be7d be7d be7d be7d be7d be7d be7d be7d be5d be5d be5d be5d be5d be5d be5d be5d be5d be5d be5d be5d be5d be5d be5d be5d be5d be5d be5d be5d be5d b65d b65d b65d b65d b65d be5d be5d be5d b63d b63d b63d b63d b63d b63d b63d b63d b63d b63d b63d b61d b61d ae1d ae1d ae1d ae1d ae1d ae1d ae1d adfd adfd ae1d ae1d ae1d ae1d ae1d ae1d ae1d ae1d ae1d ae1d adfd adfc adfc adfc adfc a5fc a5fc a5fc a5fc a5fc a5fc a5fc a5fc a5fc a5fc a5fc a5fc a5fc a5fc a5fc a5dc a5dc a5dc a5dc a5dc a5dc a5dc a5dc 9ddc 9ddc 9ddc 9ddc 9ddc 9ddc 9ddc 9ddc 9ddc 9dbc 9ddc 9ddc 9ddc a5dc a5dc a5dc a5dc a5dc 9ddc 9ddc 9ddc 9ddc 9ddc a5dc a5dc a5dc a5dc a5dc a5dc a5dc a5dc a5dc a5dc a5dc a5dc 9ddc 9ddc a5dc a5dc a5dc a5dc a5dc a5dc 9ddc 9ddc 9ddc 9ddc 9ddc 9ddc 9ddc 9dbc 9dbc 9dbc 9dbc 9dbc 9dbc 9dbc 9dbc 9dbc 9dbc 9dbb 9d9b 9d9b 959b 959b 959b 959b 959b 959b 959b 959b 959b 959b 9dbb 9dbb 9dbb 9dbb 9dbb 9dbb 9dbb 9dbb 9dbb 9dbb 9d9b 9d9b 9dbb 9d9b 959b 959b 959b 959b 959b 959b 959b 959b 957b 957b 957b 
e71e e71e e71e df1e df1e df1e df1e df1e defe defe defe defe df1e df1e df1e df1e defe defe defe d6fe d6fe d6de d6de d6dd d6dd d6dd d6dd d6dd d6dd d6de d6de d6de d6de d6de d6de d6de d6de d6de d6de d6de d6de d6de d6de d6de d6fe d6fe d6de d6de cede cede cede cede cede cede cede cede cebe cebe cebe cebe cebe cebe cebe cebe cebd cebd cebd cebd cebe cebe cebe cebe cebe cebe cebd cebd cebd cebd cebd cebd cebd cebd ce9d cebd c69d c69d ce9d ce9d ce9d ce9d ce9d ce9d ce9d ce9d c69d c69d ce9d ce9d ce9d c6bd c6bd c6bd c6bd c6bd c69d c69d c69d c69d c69d c69d c69d c67d c67d c67d be7d be7d be7d c67e c67e c67d c67d c67d c67d c67d be7d be7d be7d be7d be7d be7d be7d be7d be7d be7d be7d be7d be7d be5d be5d be7d be7d be7d be7d be7d be5d be5d be5d be5d be5d be5d be5d be5d be5d be5d be5d b65d b65d b65d b65d b65d be5d b65d b63d b63d b63d b63d b63d b63d b63d b63d b63d b63d b63d b61d b61d ae1d ae1d ae1d ae1d ae1d ae1d ae1d adfd adfd ae1d ae1d ae1d ae1d ae1d ae1d ae1d ae1d ae1d ae1d ae1d adfd adfd adfd adfd adfd adfd adfd adfd adfd a5fc a5fc a5fc a5fc a5fc a5fc a5fc a5fc a5fc a5fc a5dc a5dc a5dc a5dc a5dc a5dc a5dc a5dc 9ddc 9ddc 9ddc 9ddc 9ddc 9ddc 9ddc 9ddc 9ddc 9dbc 9ddc 9ddc 9ddc a5dc a5dc a5dc a5dc a5dc a5dc 9ddc 9ddc 9ddc 9ddc a5dc a5dc a5dc a5dc a5dc a5dc a5dc 9ddc 9ddc 9ddc 9ddc 9ddc 9ddc 9ddc 9dbc 9dbc 9dbc 9dbc 9dbc 9dbc 9dbc 9dbc 9dbc 9dbc 9dbb 9dbc 9dbc 9dbc 9dbc 9dbc 9dbc 9dbc 9d9b 9d9b 9d9b 9dbc 9dbc 9dbb 9d9b 9d9b 959b 959b 959b 959b 959b 959b 959b 959b 959b 959b 9dbb 9dbb 9dbb 9dbb 9dbb 9d9b 9d9b 9d9b 9d9b 9d9b 959b 959b 959b 959b 959b 959b 959b 959b 957b 957b 957b 957b 957b 957b 957a 
e75e e75e e75e e75e e73f e73e e73e e73e e71e e71e df1e df1e e71e df1e df1e df1e df1e defe defe defe defe defe defe d6fe d6fd d6dd d6dd d6dd d6fe d6fe d6fe d6fe d6fe d6fe d6fe d6fe d6fe d6fe d6fe d6de d6de d6de d6de d6de d6de d6de d6be d6be cebe cede cede cebe cebe cede cede cede cede cede cede cebe cebe cede cede cede d6de d6de d6de d6de d6de d6de d6de d6de d6de d6de d6bd d6dd cebd cebd cebd cebe cebe ce9d ce9d ce9d cebd cebd cebd cebd cebd cebe cebe cebd cebd cebd cebe cebe ce9d ce9d ce9d ce9d ce9d ce9d c69d c69d c69d c69d c69d c69d c69d c69d c69d c67d c67d c67d c67d c67d c67d c67d c67d c67d c67d c67d c69d c69d c67d c69d c69d c69d c69d c67d c67d c67d c67d c67d c67d c67d c67d c67d c67d c67d c67d c67d be7d c67d be7d be7d be7d be5d be5d be5d be5d be5d be5d be5d be5d b65d b65d b65d b65d b65d b65d b63d b63d b63d b63d b63d b63d b63d b63d b63d b63d b63d b63d b63d b61d b61d b61d ae1d ae1d ae1d ae1d ae1d adfd adfd adfd adfd adfd ae1d ae1d ae1d ae1d ae1d ae1d ae1d ae1d ae1d ae1d ae1d ae1d ae1d ae1d ae1d adfd adfd ae1d ae1d ae1d ae1d ae1d adfd adfd adfd a5fc a5fc a5fc a5dc a5dc a5dc a5dc a5dc a5dc a5dc a5dc a5dc a5dc a5dc a5dc a5dc a5dc a5dc a5dc a5dc 9ddc 9ddc 9ddc 9dfc 9dfc a5fc a5fc a5fc a5dc a5dc a5dc a5dc 9ddc 9ddc 9ddc 9ddc 9ddc 9ddc a5dc a5dc 9dbc 9dbc 9dbc 9dbc 9dbc 9dbc 9dbc 9dbc 9dbc 9dbc 9dbc 9dbc 9dbc 9dbc 9dbc 9dbc 9dbc 9dbc 9dbc 9dbc 9dbb 9dbb 9dbb 9dbb 9dbb 9dbb 9dbb 9dbb 9dbc 959b 959b 959b 959b 959b 959b 959b 959b 959b 959b 959b 959b 959b 959b 959b 959b 959b 959b 959b 959b 959b 959b 959b 959b 959b 959b 957b 957b 957b 957b 957b 957b 957b 957b 957a 957a 957a 957a 957a 
e75e e75e e75e e73e e73e e73e e73e e73e e71e df1e df1e df1e df1e df1e df1e df1e df1e defe defe defe defe defe defe d6fe d6fe d6fd d6fd d6fd d6fe d6de d6de d6de d6de d6fe d6fe d6fe d6de d6de d6de d6de d6be cebe cebe cebe cebd cebd cebd cebd cebd cebe cebe cebd cebd cebe cebe cebe cebe cebe cebe cebe cebe cede cede cede d6de d6de d6de d6de d6de d6de d6de d6de d6de d6de cede cebd cebd cebd cebd cebe cebe cebe cebe cebe cebe cebe cebe cebe cebe cebe cebe cebe cebe cebe cebe cebe ce9d ce9d ce9d c69d c69d c69d c67d c67d c69d c69d c69d c69d c69d c69d c69d c69d c69d c69d c67d c67d c67d c69e c69e c69d c69d c69d c69d c69d c69d c69d c69d c69d c69d c69e c69e c69e c69e c69e c69e c69e c69e c69e c69e c67d c67d c67d c67d c67d c69e c69e c67d be7d be7d be7d be7d be7d be7d be7d be7d be7d be5d be5d be5d b65d be5d be3d be3d b63d b65d b65d b65d b63d b63d b63d b63d b63d b63d b63d b61d b61d b61d b61d b61d b61d ae1d ae1d ae1d ae1d ae1d ae1d ae1d ae1d ae1d b63d b63d b63d b63d b63d b63d b63d b63d b63d b63d b63d b63d b63d b61d b61d b63d ae3d ae3d ae1d ae1d ae1d ae1d ae1d ae1d ae1d ae1d adfd adfc adfd adfd adfd adfd adfd a5fc a5fc a5fc a5fc a5fc a5fc a5fc a5fc a5fc a5fc a5dc a5dc a5fc a5fc a5fc a5fc a5fc a5fc a5fc a5dc a5dc a5dc a5dc 9ddc 9ddc 9ddc 9ddc 9ddc a5dc a5dc 9ddc 9ddc 9dbc 9dbc 9dbc 9dbc 9dbc 9dbc 9dbc 9dbc 9dbc 9dbc 9dbc 9dbc 9dbc 9dbc 9dbc 9dbc 9dbc 9dbc 9dbb 9dbb 9dbb 9dbb 9dbb 9dbb 9dbb 9dbb 9dbb 959b 959b 959b 959b 959b 959b 959b 959b 959b 959b 959b 959b 959b 959b 959b 959b 959b 959b 959b 957b 957b 957b 957b 957b 957b 957b 957b 957b 957b 957b 957b 957b 957b 957b 957b 957b 957b 957b 957b 
e73e e73e e73e e73e e71e e71e e73e e73e df1e df1e df1e df1e df1e df1e df1e df1e df1e df1e df1e defe defe defe defe d6fe d6fd d6fd d6fd d6fd d6dd d6de d6de d6dd d6dd d6de d6de d6de d6de d6dd d6dd d6be d6be cebe cebe cebe cebd cebd cebd cebd cebd cebe cebe cebd cebd cebd cebe cebe cebe cebe cebd cebd cebd cebd cebd cebd cebd cebd cebd cebd cebd cebd cebd cebd cebd cebd cebd cebd cebe cebe cebe cebe cebe cebe cebe cebe cebe cebe cebe cebe cebe cebe cebe cebe cebe cebd ce9e cebe c69d c69d c69d c69d c69d c69d c67d c67d c69d c69d c67d c67d c67d c67d c67d c67d c69d c69d c69d c69d c69d c69d c69d c69d c69d c69d c69d c69d c69d c69d c69d c69d c69d c69e c69e c69e c69e c69e c69e c69e c69e c67d c67d c69e c69e c69e c69e c69e c69d c69d c69d c67d c67d c67d c67d c67d be7d be7d be7d be7d be5d be7d be7d be5d be5c be5c be5c be5d be5d be5d be5d be5d be5d be5d b63d b63d b63d b63d b63d b63d b63d b63d b63d b61d b61d b61d b61c b61c b61d b61d b61d b61d b63d b63d b63d b63d b63d b63d b63d b63d b63d b65d b65d b63d b63d b63d b63d b63d b63d b63d b63d b63d b63d b63d ae1d ae1d ae1d ae1d ae1d ae1d ae1d ae1d ae1d ae1d ae1d ae1d ae1d ae1d ae1d ae1d a5fd a5fc a5fc a5fc a5fc a5fc a5fc a5fc a5fc a5fc a5fc a5fc a5fc a5fc a5fc a5fc a5fc a5fc a5dc a5dc a5dc a5dc a5dc a5dc a5dc a5dc a5dc a5dc a5dc 9ddc 9ddc 9ddc 9ddc 9ddc 9dbc 9dbc 9dbc 9dbc 9dbc 9ddc 9ddc 9ddc 9ddc 9ddc 9dbc 9dbc 9dbc 9dbc 9dbc 9dbc 9dbc 9dbb 9dbc 9dbc 9dbb 9dbb 9dbb 959b 9d9b 9d9b 9d9b 9d9b 9d9b 9d9b 9d9b 9d9b 9d9b 9d9b 9d9b 959b 959b 959b 959b 959b 959b 959b 957b 957b 957b 957b 957b 957b 957b 957b 957a 957a 957b 957b 957b 959b 959b 959b 959b 959b 
e73e e73e e73e e73e e71e e71e e73e e73e df1e df1e df1e df1e df1e df1e df1e df1e df1e df1e df1e defe defe defe defe d6fe d6fd d6fd d6fd d6fd d6dd d6de d6de d6dd d6dd d6de d6de d6de d6de d6dd d6dd d6be d6be cebe cebe cebe cebd cebd cebd cebd cebd cebe cebe cebd cebd cebd cebe cebe cebe cebe cebd cebd cebd cebd cebd cebd cebd cebd cebd cebd cebd cebd cebd cebd cebd cebd cebd cebd cebe cebe cebe cebe cebe cebe cebe cebe cebe cebe cebe cebe cebe cebe cebe cebe cebe cebd ce9e cebe c69d c69d c69d c69d c69d c69d c67d c67d c69d c69d c67d c67d c67d c67d c67d c67d c69d c69d c69d c69d c69d c69d c69d c69d c69d c69d c69d c69d c69d c69d c69d c69d c69d c69e c69e c69e c69e c69e c69e c69e c69e c67d c67d c69e c69e c69e c69e c69e c69d c69d c69d c67d c67d c67d c67d c67d be7d be7d be7d be7d be5d be7d be7d be5d be5c be5c be5c be5d be5d be5d be5d be5d be5d be5d b63d b63d b63d b63d b63d b63d b63d b63d b63d b61d b61d b61d b61c b61c b61d b61d b61d b61d b63d b63d b63d b63d b63d b63d b63d b63d b63d b65d b65d b63d b63d b63d b63d b63d b63d b63d b63d b63d b63d b63d ae1d ae1d ae1d ae1d ae1d ae1d ae1d ae1d ae1d ae1d ae1d ae1d ae1d ae1d ae1d ae1d a5fd a5fc a5fc a5fc a5fc a5fc a5fc a5fc a5fc a5fc a5fc a5fc a5fc a5fc a5fc a5fc a5fc a5fc a5dc a5dc a5dc a5dc a5dc a5dc a5dc a5dc a5dc a5dc a5dc 9ddc 9ddc 9ddc 9ddc 9ddc 9dbc 9dbc 9dbc 9dbc 9dbc 9ddc 9ddc 9ddc 9ddc 9ddc 9dbc 9dbc 9dbc 9dbc 9dbc 9dbc 9dbc 9dbb 9dbc 9dbc 9dbb 9dbb 9dbb 959b 9d9b 9d9b 9d9b 9d9b 9d9b 9d9b 9d9b 9d9b 9d9b 9d9b 9d9b 959b 959b 959b 959b 959b 959b 959b 957b 957b 957b 957b 957b 957b 957b 957b 957a 957a 957b 957b 957b 959b 959b 959b 959b 959b 
e71e e71e e71e e71e e71e e71e e71e e71e df1e df3e df3e df1e df1e df1e df1e df1e df1e df1e df1e defe defe defe defe defe d6fe d6fe d6fe d6fe d6fe d6fe d6fe d6de d6de d6de d6de d6de d6de d6dd d6dd d6dd d6dd d6bd d6bd cebd cebd cebd cebd cebd cebd cebe cebe cebd cebd cebd cebe cebe cebe cebe cebd cebd cebd cebd cebd cebd cebd cebd cebd cebd cebd cebd cebd cebd cebd cebd cebd cebd cebd cebd cebd cebd cebd cebd cebd cebd cebd cebd cebd cebd cebd cebd cebd ce9d ce9d c69d c69d c69d c69d c69d c69d ce9d c69d c69d c69d c69d c69d c69d c69d c69d c69d c69d c69d c69d c69d c69d c69d c69d c69d c69d c69d c69d c69d c69d c69d c69d c67d c67d c67d c67d c67d c67d c67d c67d c67d c67d c67d c67d c67d c67d c67d c67d c67d c67d c67d c67d c69d c69d c69d c67d c67d c67d c67d c67d c67d c67d be7d be7d be7d be7d be7d c67c be5b c65b c65b c67c be7c be7c be7d be5d be5d be5d be5d be5d be5d be5d be5d be5d be5d be5d be5d be3d b63d b63d b63d b63d b63d b63d b63d b63d b63d b63d b63d b63d b63d b63d b65d b65d b65d b65d b65d b65d b65d b65d b63d b63d b63d b63d b63d b63c b63c b63d ae1d ae1d ae1d ae1d ae1d ae1d ae1d ae1d ae1d ae1d ae1d ae1d ae1d ae1d ae1d ae1d adfd a5fc a5fc a5fc a5fc a5fc a5fc a5fc a5fc a5fc a5fc a5fc a5fc a5fc a5fc a5fc a5fc a5fc a5fc a5dc a5dc a5dc a5dc a5dc a5fc a5fc a5dc a5fc a5dc a5dc a5dc a5dc a5dc a5dc a5dc a5dc a5dc a5dc 9ddc 9ddc 9ddc 9ddc 9ddc 9ddc 9dbc 9dbc 9dbc 9dbc 9dbc 9dbc 9dbc 9dbc 9dbc 9dbc 9dbb 9dbb 9dbb 9dbb 9dbb 9dbb 9dbb 9dbb 9dbb 9dbb 9dbc 9dbc 9dbc 9dbc 9dbc 9dbb 9d9b 959b 9d9b 9d9b 959b 959b 959b 959b 959b 959b 959b 959b 959b 959b 957a 957a 957b 957b 957b 959b 959b 959b 959b 959b 
df1e df1e df1e df1e df1e df1e df1e df1e df1e df1e df1e df1e df1e df1e df1e df1e defe defe defe defe defe defe defe defe defe defe defe defe defe defe defe defe defe defe defe d6fe d6fe d6fe d6de d6de d6de d6de d6dd cebd cebd cebd cebd cebd cebd cebd cebd cebd cebd cebd cebd cebd cebe cebe cebd cebd cebd cebd cebd cebd cebd cebd cebd cebd cebd cebe cebe cebe cebe cebe cebd cebd cebd cebd cebd cebd cebd cebd cebd cebd ce9d ce9d ce9d ce9d ce9d ce9d ce9d ce9d ce9d ce9d cebd ce9d ce9d ce9d ce9d cebd cebd cebd cebe cebe cebe cebe cebe cebe cebe cebe cede cebe cebd cebd cebe cebe cebe ce9d ce9d c69d c69d c69d c69d c69d c69d c69d c69d c69d c69d c69d c69d c69d c69d c69d c69d c69d c67d c67d c67d c67d c67d c67d c67d c67d c69d c69d c69d c69d c69d c69d c69d c69d c69d c69d c69d c67d c67d c67d c67d c65c c63b c63a c65a c65b c67b c67c c67c c67d c67d c67d c67d c67d be7d be7d be7d be5d be5d be5d be5d be5d be5d be5d be5d be5d be5d be5d be5d be5d b63d b63d b63d b63d b63d b63d b63d b63d b63d b63d b63d b63d b63d b63d b63d b63d b63d b63d b63d b61c b61c b61c b61c ae1c ae1c ae1c ae1d ae1d ae1d ae1d ae1d ae1d ae1d ae1d ae1d ae1d ae1d ae1d ae1d adfc adfc adfc a5fc a5fc a5fc a5fc a5fc adfc adfc a5fc a5fc a5fc a5fc a5fc a5fc a5fc a5fc a5fc a5fc a5fc a5fc a5fc a5fc a5fc a5fc a5fc a5fc a5fc a5fc a5fc a5dc a5dc a5dc a5dc a5dc a5dc a5dc 9ddc 9ddc 9dbc 9dbc 9dbc 9dbc 9dbc 9ddc 9dbc 9ddc 9ddc 9ddc 9dbc 9dbb 9dbb 9dbc 9dbc 9dbc 9dbc 9dbc a5dc a5dc a5dc a5dc a5dc 9ddc 9dbc 9ddc 9ddc 9ddc 9dbc 9dbb 9dbb 9dbb 9dbb 9d9b 9d9b 9d9b 9d9b 9d9b 9d9b 9d9b 9d9b 959b 959b 957b 957b 959b 959b 957b 957b 957b 957b 957b 957b 
df1e df1e df1e df1e df1e df1e df1e df1e df1e df1e df1e df1e df1e defe defe defe defe defe defe defe defe defe defe df1e df1e df1e df1e df1e df1e df1e df1e df1e df1e df1e defe defe defe defe d6fe d6fe d6fe d6de d6de d6de d6de d6de d6dd d6dd d6dd cedd cedd d6de d6de d6de d6de d6de d6de d6de d6de d6dd d6dd d6de d6de d6dd d6dd d6dd d6bd cebd cebe cebe cebe cebe cede cede d6de cede d6de d6de d6de cedd cedd cebd cebe cebe cebe cebe cebe cebe cebe cebd cebd cebd cebd cebd cebd cebd cebd cebd cebd cebe cede d6de d6de d6de d6de d6de d6de d6de d6de d6fe d6fe d6fe d6de d6de cede cebe cebe cebe cebe cebe cebe ce9d c69d c69d c69d c69d c69d c69d c69d c69d c69d c69d c69d c69d c69d c69d c69d c69d c69d c69d c69d c69d c69d c69d c69d c69d c69d c69d c69d ce9d ce9d ce9d cebe cebe cebd ce9d ce9d ce9d c69d c65b c61a c619 c63a c63b c65b c65b c65b c67d c67d c69d c69d c69d c69d c69d c69d c67d be7d be7d be7d be7d be7d be7d be5d be5d be5d be5d be5d be5d be5d be5d b65d b65d b63d b63d b63d b63d b63d b63d b63d b63d b63d b63d b63d b63d b61c b61c b61c b61c b61c b61c b61c b61c ae1c ae1c ae1c ae1d ae1d ae1d ae1d ae1d ae1d ae1d ae1d ae1d ae1d ae1d ae1d adfc adfc adfc adfc adfc adfc adfc adfc adfc adfc adfc adfc adfc a5fc a5fc a5fc a5fc a5fc a5fc a5fc a5fc a5fc a5fc a5fc a5fc a5fc a5fc a5fc a5fc a5fc a5fc a5dc a5dc a5dc a5dc a5dc a5dc a5dc a5dc a5dc a5dc a5dc a5dc a5dc a5dc a5dc a5dc a5dc a5dc a5dc a5dc a5dc a5dc a5dc a5dc a5dc a5dc a5dc a5dc a5dc a5dc a5dc a5dc a5dc a5dc a5dc a5dc a5dc a5dc a5bc 9dbb 9dbb 9dbb 9dbb 9dbb 9dbb 9dbb 9dbb 9dbb 9dbb 9dbb 9dbb 9d9b 9d9b 9d9b 9d9b 959b 957b 957b 957b 957b 957b 957b 
df1e df1e df1e df1e df1e df1e df1e df1e df1e df1e df1e df1e df1e df1e df1e df1e df1e df1e df1e df1e df1e df1e df1e e71e e73e e73e e71e e71e e71e e71e e71e df1e df1e df1e defe defe defe defe defe defe defe defe df1e df1e df1e df1e df1e df1e df1e df1e df1e defe defe defe defe defe defe defe defe defe defe df1e df1e df1e defe defe d6fe d6de d6de d6fe d6fe d6de d6de d6de d6fe d6fe d6fe d6fe d6fe d6fe d6de d6de d6de d6de d6de d6de d6be d6be d6be cede cede cede cede cede cede cede cede cede cede d6de d6de d6de cede cede d6de d6de d6de d6de d6de d6de d6de d6de d6de d6de cede cede cede cebe cebe cebe cebd cebd cebd cebd c69d c69d c69d c69d c69d c69d c69d c69d c69d c69d c69d c69d c69d c69d c69d c69d c69d c69d cebd cebd cebd cebd cebd cebd cebd cebe cebe cebe cebe cebe cebd cebd cebd cebd ce9d c65a bdd8 bdd8 c619 c619 c5f9 c619 c619 ce5b ce9d ce9d cebd cebd cebd cebd c69d c69d c69d c69d c69d c69d c69d c69d c67d c67d c67d c67d c67d c67d be5d be5d be5d be5d be5d be5d be5d be5d be5d be5d be5d be5d b63d b63d b63c b63c b63c b63c b63c b63c b61c b61c b61c b61c ae1c ae1c ae1c ae1d ae1d ae1d ae1d ae1d ae1c ae1c ae1c ae1c ae1c ae1d ae1d ae1c ae1c ae1c adfd adfd adfc adfc adfc adfc adfc adfc adfc adfc a5fc a5fc a5fc a5fc a5fc a5fc a5fc ae1c ae1c adfc adfc adfc a5fc a5fc a5fc a5fc a5fc a5dc a5dc a5dc a5dc a5dc a5dc a5fc a5fc a5dc a5dc a5dc a5dc a5dc a5fc a5fc a5fc a5fc a5fc a5dc a5dc a5dc a5dc a5dc a5dc a5fc a5fc a5fc a5fc a5fc a5fc a5fc a5fc a5fc a5fc a5fc a5fc a5dc a5dc a5dc a5dc a5dc a5dc a5dc a5dc a5dc a5dc a5dc a5dc a5bc a5bc 9dbb 9dbb 9dbb 9dbb 9d9b 9d9b 959b 957b 957b 957b 957b 957b 957b 
df1e df1e df1e df1e df1e df1e df1e df1e df1e df1e df1e df1e df1e df1e df1e df1e df1e df1e df1e df1e df1e e73e e73e e73e e73e e73e e73e e73e e73e e73e e73e df1e df1e df1e df1e df1e df1e df1e e71e e71e e71e e71e e73e e73e e73e e73e e73e e73e e73e e73e e73e e71e df1e df1e e71e e71e df1e df1e df1e e71e e71e e71e e71e e71e df1e df1e df1e defe defe defe d6fe d6fe d6fe d6fe d6fe d6fe d6fe d6fe d6fe d6fe d6fd d6fe d6de d6dd d6de d6de d6de d6de d6de cede cede cede cede cede cede cede cede cede cede cede cede cebe cebd cebd cebd cebd cebd cebd cebd cebe cebe cebe cebe cebe cebe cebe cebe cebe cebe cebd cebd cebd cebd cebd c69d c69d c69d c69d c69d c69d c69d c69d c69d c69d cebd cebd cebd cebd cebd cebd cebd cebd cebd cebe cebd cedd cedd cebd cebd cebd cebd cebd d6de d6de d6bd d6bd ce9c d6bd d6bc ce5a b575 b534 bd95 bdb6 bdb6 bd95 b554 c5f8 ce7c cebd cebd cedd cebd cebd cebd cebd cebd cebd cebd ce9d ce9d ce9d ce9d ce9d ce9d ce9d ce9d c67d c67d c67d c67d c67d be7d be7d be7d be7d be7d be7d be5d be5d be5d be5d be5d be3d b63d b63d b63d b63c b63c b63c b63c b63c b63c b63c b63c b63d b63d ae1c ae1c ae1c b63c b63c ae1c ae1c ae1c ae1d ae1d ae1d ae1d ae1d ae1d ae1d adfc adfc adfc adfd adfd adfc adfc a5fc a5fc a5fc a5fc a5fc a5fc a5fc a5fc a5fc a5fc a5fc a5fc a5fc adfc adfc a5fc a5fc a5fc a5fc a5fc a5fc a5dc a5dc a5fc a5fc a5fc a5fc a5fc a5fc a5fc a5fc a5fc a5fc a5fc a5fc a5fc a5fc a5dc a5dc a5dc a5dc a5fc a5fc a5fc a5fc a5fc a5fc a5fc a5fc a5fc a5fc a5fc a5fc a5fc a5fc a5fc a5dc a5dc a5dc a5dc a5dc a5dc a5dc a5dc a5dc a5db a5bc 9dbb 9dbb 9dbb 9dbb 9dbb 9dbb 9d9b 9d9b 9d9b 959b 959b 959b 959b 959b 
e73e e73e e73e e73e e73e df3e df1e df1e df1e e71e e71e e71e e71e e73e e73e e73e e73e e73e e73e e73e e73e e73e e73e e73e e73e e73e e73e e73e e73e e73e e73e e73e e73e e73e e71e e71e e73e e73e e73e e73e e73e e73e ef5e ef5e e73e e73e e73e e73e e73e e73e e73e e73e e73e e73e e73e e73e e73e e73e e73e e73e e73e e73e e73e e71e e71e df1e df1e defe defe defe defe d6fd d6fd d6fd defe defe defe defe defe d6fe d6fd d6fd d6dd d6dd d6de d6de d6de d6de d6de cede cede cede cede cede cebe cebe cebd cebd cebd cebd cebd cebd ce9d ce9d ce9d ce9d cebd cebd cebd cebd cebe cebd cebd cebd cebd cebd cebd ce9d ce9d cebd cebd cebd cebd cebd cebd cebd cebd cebd cebd cebd cebd cebd cebe cebe cebe cebd cebd cebd cebd cebe cebe cebe cebd cebe cedd cedd cedd cedd cedd d6de d6de d6de d6de d6de d6dd d69c ce7b d69c d6dc d659 bd54 9c4e a48f acf1 bd31 acaf 9c4e b553 c639 c63a ce9c cebd cebd cebd cebd cebd cebd cebd cebd cebd cebd cebd cebd ce9d ce9d ce9d ce9d c69d c69d c69d c67d c67d c67d c67d be7d be7d be7d be7d be7d be5d be5d be5d be5d be5d b65d b65d b65d b63d b63c b63c b63c b63c b63c b63c b63d b63d b63d b63d b63d b63d b63d b63d b63c b63c b63d ae3d ae3d ae1d ae1d ae1d ae1d ae1d ae1d ae1d ae1d ae1d ae1d adfc adfc adfc a5fc a5fc a5fc a5fc a5fc a5fc a5fc a5fc a5fc adfc ae1c ae1c adfc adfc adfc adfc adfc adfc adfc adfc adfc adfc adfc ae1c ae1c ae1c ae1c ae1c ae1c ae1c adfc adfc adfc adfc adfc adfc adfc adfc adfc adfc adfc adfc adfc adfc adfc a5fc a5fc a5fc a5fc a5fc a5fc a5fc a5fc a5fc a5fc a5fc a5fc a5fc a5dc a5dc a5dc a5dc a5dc a5dc a5db a5dc a5bb 9dbb 9dbb 9dbb 9dbb 9dbb 9dbb 9dbb 9dbb 9dbb 9dbb 9dbb 9dbb 959b 
ef5f e75e e75e e75e e75e e75e e73e e73e e73e e73e e73e e73e e73e e73e e73e e73e e73e e75e e73e e73e e73e e73e e73e e73e e73e e73e e73e e73e e73e e73e e73e e73e e73e e73e e73e e73e ef3e ef3e ef5e ef5e ef5e ef5e ef5e ef5e ef5e ef5e e73e e73e e73e e73e e73e e73e e73e e73e e73e e73e e73e e73e e73e e71e e71e e71e e71e df1e df1e df1e df1e df1e df1e defe defe defe defe defe defe defe defe defe defe d6fe d6fe d6fd d6dd d6dd d6dd d6dd d6dd d6dd d6dd cede cede cede cede cede cebe cebe cebd cebd cebd cebe cebe cebd ce9d ce9d ce9d ce9d cebd cebd cebd cebd cebd cebd cebd cebd ce9d ce9d ce9d cebd cebd cebe cebe cebe cebe cebe cebe cebe cebe cebe cebe cebd cebd cebd cebe cebe cebe cebe cebe cebe cebe cebe cebe cebe cebe cebe cebd cedd cedd cedd cedd cedd cede d6be d6dd d6dd d6bc ce7b ce5a c65a d69b c5d6 b511 9beb 9389 a40b a42b 9bea 93ca a48f bd94 a534 bdf9 cebc cebd cebd cebd cebd cebd cebd cebd cebd cebd c69d c69d c69d c69d c69d c69d c69d c69d be7d be7d be7d be5d be5d be5d be5d be5d be5d be5d be5d be5d be5d be5d be5d be5d be5d be5d b63d b63d b63c b63c b63c b63c b63c b63d b63d b63d b63d b63d b63d b63d b63d b63d b63d b63d b63d b63d ae1d ae1d ae1d ae1c ae1c ae1c ae1c ae1d ae1d ae1d ae1d ae1d ae1c adfc adfc adfc adfc ae1c ae1c ae1c ae1c ae1c ae1c ae1d ae1d ae1c ae1c ae1c ae1c ae1c ae1c ae1c ae1c ae1c ae1c ae1c ae1c ae1c ae1c ae1c ae1c ae1c ae1c ae1c ae1c ae1c ae1c ae1c adfc adfc adfc adfc adfc adfc adfc adfc adfc adfc a5fc a5fc a5fc a5fc a5fc a5fc a5fc a5fc a5fc a5fc adfc adfc a5fc a5fc a5fc a5dc a5db a5db a5db a5db a5db a5db 9ddb 9dbb 9dbb 9dbb 9dbb 9dbb 9dbb 9dbb 9dbb 9dbb 959b 9dbb 959b 
ef5e ef5e ef5e ef7e ef5e ef5e ef7e ef7e ef7e ef7e ef7e ef7e ef7e ef5e ef5e ef5e ef5e ef5e ef5e ef5e ef5e ef5e ef5e ef5e ef5e ef5e ef5e ef5e ef5e ef5e ef5e ef5e ef5e ef5e ef5e ef5e ef5e ef5e ef5e ef5e ef5e ef5e ef5e ef5e ef5e ef5e ef5e ef5e ef5e e73e e73e e73e e73e e73e e73e e73e e73e e73e e73e e71e e71e df1e df1e df1e df1e df1e df1e df1e df1e defe defe defe defe defe defe defe defe defe defe defe defe d6fe d6fe d6fe d6fe d6dd d6dd d6dd d6dd cede cede cede cede cede cebe cebe cebd cebd cebd cebd cebd cebd cebd cebd cebd cebd cebe cebe cebe cebe cebe cebe cebe cebe cebd cebd cebd cebd cebd cebd cebd cebd cebd cebd cebd cebd cebd cebd cebd cebd cebd cebd cebe cebe cebd cebd cebd cebd cebd cebd cebd cebd cebd cebd cebd cebd cebd cebd cebd cebd cebd cebd cebd cebc cebc c65b c619 bdf8 c638 b554 a48f 9bea 9367 8b26 8b26 8b06 9388 93ca b4f0 83ac 9cb2 c65b ce9e ce9d ce9d c69d c69d c69d c69d c69d c69d c69d c67d c67d be7d be7d be7d be7d be7d be5d be5d be5d be5d be5d be5d be5d be5d be5d be5d be5d b63d b63d be5d be5d be5d b65d b65d b63d b63d b65d b65d b65d b63d b63d b63d b63d b63d b63d b63d b63d b63d b63d b63d b63d b63d b63d b63d ae3d ae3d ae3d ae3d ae3d ae1c ae1c ae1c ae1d ae1d ae1d ae1d ae1d ae1d ae1d ae1d ae1d ae1d ae1c ae1c ae1c ae1c ae1c ae1d ae1d ae1d ae1d ae1d ae1c ae1c ae1c ae1c ae1c ae1c ae1c ae1c ae1c ae1c ae3c ae3c ae3c ae3c ae3c ae1c ae1c ae1c ae1c ae1c ae1c ae1c ae1c ae1c ae1c adfc adfc adfc adfc a5fc a5fc a5fc a5fc a5fc a5fc a5fc a5fc a5dc a5dc a5dc a5fc a5fc a5fc a5fc a5fc a5dc a5dc a5db a5db a5db 9ddb 9dbb 9dbb 9dbb 9dbb 9dbb 9dbb 9d9b 9d9b 9d9b 959b 959b 959b 959b 959b 
ef7e ef7e ef7e ef7e ef7e ef7e ef7e ef7e ef7f ef7f ef7f f77f f77f ef7e ef7e ef7e ef7e ef7e ef7e ef7e ef7e ef7e ef7e ef7e ef7e ef7e ef7e ef7e ef7e ef7e ef7e ef7e ef7e ef7e ef5e ef5e ef5e ef5e ef5e ef5e ef5e ef5e ef5e ef5e ef5e ef5e ef5e ef5e ef5e e73e e73e e73e e73e e73e e73e e73e e73e e73e e73e e71e e71e df1e df1e df1e df1e df1e df1e df1e df1e df1e df1e df1e df1e df1e defe defe defe defe defe defe defe d6fe d6fe d6fe d6fd d6fd d6dd d6dd d6dd cede cede cede cede cede cede cebe cebd cebd cebd cebd cebd cebd cebd cebd cebe cebe cebe cebe cebe cebe cebe cebe cebe cebe cebd cebd cebd cebd cebd cebd cebd cebd cebd cebd cebd cebd cebd cebd cebd cebd cebd cebd cebd cebd cebd cebd cebd cebd cebd cebd cebd cebd cebd cebd cebd cebd cebd cebd cebd cebd cebd cebd cebd ce9c ce9c c639 b596 b575 b575 ad12 9c2d 9388 8b05 7a84 7264 7243 8b06 8306 9c0b 6266 6aea a536 c67c c69d c67d c67d c67d be7d c67d be7d be7d be7d be7d be7d be7d be7d be7d be5d be5d be5d be5d be5d be5d be5d be5d b65d b65d be5d be5d b65d be5d be5d be5d be5d b65d b65d b65d b65d b65d b65d b65d b65d b63d b63d b63d b63d b63d b63d b63d b63d b63d b63d b63d b63d b63d b63d b63d ae3d ae3d ae3d ae3d ae3d ae3d ae3d ae1d ae1d ae1d ae1d ae1d ae1d ae1d ae1d ae1d ae1d ae1d ae1c ae1c ae1c ae1c ae1c ae1d ae1d ae1d ae1d ae1d ae1c ae1c ae1c ae1c ae1c adfc adfc ae1c ae1c ae1c ae1c ae1c ae1c ae1c ae1c ae1c ae1c ae1c ae1c ae1c ae1c adfc adfc adfc adfc a5fc a5fc a5fc a5fc a5fc a5dc a5dc a5dc a5dc a5dc a5dc a5dc a5dc a5dc a5dc a5dc a5dc a5dc a5dc a5dc 9ddc 9ddc 9dbb 9dbb 9dbb 9dbb 9dbb 9dbb 9dbb 9dbb 9dbb 959b 959b 959b 959b 959b 959b 959b 957b 957b 
ef7e ef7e ef7e ef7e ef7e ef7e ef7e ef7e ef7f ef7f ef7f f77f f77f ef7e ef7e ef7e ef7e ef7e ef7e ef7e ef7e ef7e ef7e ef7e ef7e ef7e ef7e ef7e ef7e ef7e ef7e ef7e ef7e ef7e ef5e ef5e ef5e ef5e ef5e ef5e ef5e ef5e ef5e ef5e ef5e ef5e ef5e ef5e ef5e e73e e73e e73e e73e e73e e73e e73e e73e e73e e73e e71e e71e df1e df1e df1e df1e df1e df1e df1e df1e df1e df1e df1e df1e df1e defe defe defe defe defe defe defe d6fe d6fe d6fe d6fd d6fd d6dd d6dd d6dd cede cede cede cede cede cede cebe cebd cebd cebd cebd cebd cebd cebd cebd cebe cebe cebe cebe cebe cebe cebe cebe cebe cebe cebd cebd cebd cebd cebd cebd cebd cebd cebd cebd cebd cebd cebd cebd cebd cebd cebd cebd cebd cebd cebd cebd cebd cebd cebd cebd cebd cebd cebd cebd cebd cebd cebd cebd cebd cebd cebd cebd cebd ce9c ce9c c639 b596 b575 b575 ad12 9c2d 9388 8b05 7a84 7264 7243 8b06 8306 9c0b 6266 6aea a536 c67c c69d c67d c67d c67d be7d c67d be7d be7d be7d be7d be7d be7d be7d be7d be5d be5d be5d be5d be5d be5d be5d be5d b65d b65d be5d be5d b65d be5d be5d be5d be5d b65d b65d b65d b65d b65d b65d b65d b65d b63d b63d b63d b63d b63d b63d b63d b63d b63d b63d b63d b63d b63d b63d b63d ae3d ae3d ae3d ae3d ae3d ae3d ae3d ae1d ae1d ae1d ae1d ae1d ae1d ae1d ae1d ae1d ae1d ae1d ae1c ae1c ae1c ae1c ae1c ae1d ae1d ae1d ae1d ae1d ae1c ae1c ae1c ae1c ae1c adfc adfc ae1c ae1c ae1c ae1c ae1c ae1c ae1c ae1c ae1c ae1c ae1c ae1c ae1c ae1c adfc adfc adfc adfc a5fc a5fc a5fc a5fc a5fc a5dc a5dc a5dc a5dc a5dc a5dc a5dc a5dc a5dc a5dc a5dc a5dc a5dc a5dc a5dc 9ddc 9ddc 9dbb 9dbb 9dbb 9dbb 9dbb 9dbb 9dbb 9dbb 9dbb 959b 959b 959b 959b 959b 959b 959b 957b 957b 
ef7e ef7e ef7e ef7e ef7e ef7e ef7e ef7e f77e f77e f77e f79e f79e f79e f79e f79e f77e f77e f77e f77e f77e ef7e ef7e ef7e ef7e ef7e ef7e ef7e ef7e ef7e ef7e ef7e ef7e ef7e ef7e ef7e ef5e ef5e ef5e ef5e ef5e ef5e ef5e ef5e ef5e ef5e ef5e ef5e ef3e e73e e73e e73e e73e e73e e73e e73e e73e e73e e73e e73e e73e e73e e73e e71e df1e df1e df1e df1e df1e df1e df1e df1e df1e df1e defe defe defe defe defe d6fe d6fe d6fe d6fe d6fd d6fd d6fd d6dd d6dd d6dd d6de d6de d6de cede cede d6de cede cebe cebe cebe cedd cedd cedd cedd cedd cebd cebd cebd cebd cebd cebe cebe cebe cebe cebe cebd cebd cebd cebd cebd cebd cebd cebd cedd cedd cedd cedd cedd cedd cedd cebe cebe cebe cebd cebd cebe cebe cebe cebd cebd cebd cebd cebd cebd cebd cebd cebd cebd cebd cebd cebd c69d ce9d ce9c c65b c67b bdd7 9cb1 942f 942f a46e 93aa 9367 7a64 69c2 59a3 5181 6202 7264 7ac6 4963 5206 738d b5f9 c67d c67d c67d be7d be5d be7d be7d be7d be7d be7d be5d be5d be5d be5d be5d be5d be5d be5d be5d be5d be5d b65d b65d b65d b65d b65d b63d b63d b63d b63c b63c b63d b63d b63d b63d b63d b63c b63c b63c b63c b63c b63c b63d b63d b63d b63d b63d b63d b63d b63d b63c b63d b63d b63d ae3d ae3d ae3d ae1d ae1d ae1d ae1d ae1d ae1d ae1d ae1d ae1d ae1d ae1d ae1d ae1d ae1d ae1d ae1c ae1c ae1c ae1c ae1c ae1d ae1d ae1c ae1c ae1c ae1c ae1c a5fc a5fc a5fc a5fc a5fc a5fc a5fc a5fc a5fc a5fc a5fc a5fc a5fc a5fc a5fc a5fc a5fc a5fc a5fc a5dc a5dc a5dc a5dc a5dc a5dc a5dc a5dc a5dc 9ddc 9ddc 9dbb 9dbb 9dbb 9ddc 9ddc 9ddc 9ddc 9ddc 9ddc 9ddc 9ddc 9ddc 9ddc 9ddc 9dbb 9dbb 9dbb 9dbb 95bb 95bb 95bb 95bb 95bb 95bb 959b 959b 959b 959b 959b 959b 959b 957b 957b 
ef7e ef7e ef7e ef7e ef7e ef7e ef7e ef7e ef7e ef7e ef7e f77e f77e f77e f77e f77e f77e f77e ef7e ef7e ef7e ef7e ef7e ef7e ef7e ef7e ef7e ef7e ef7e ef7e ef7e ef7e ef7e ef7e ef5e ef5e ef5e ef5e ef5e ef5e ef5e ef5e ef5e ef5e ef5e ef5e ef5e ef5e ef5e e75e e75e e73e e73e e73e e73e e73e e73e e73e e73e e73e e73e e73e e73e e73e e73e e73e e73e e73e e73e e73e e73e df1e df1e df1e df1e defe defe defe defe defe defe defe defd d6fd d6fd d6fd d6fd d6fd d6fd d6fe d6fe d6fe d6fe d6fe d6fe d6de d6dd d6dd d6dd d6dd d6dd d6dd d6dd d6dd d6dd d6dd cebd cebd cebd cebd cebd cedd cedd cedd cebd cebd cedd d6de d6de d6dd d6dd d6dd d6dd d6dd d6dd d6dd d6dd d6dd d6dd cede cede cede cebd cebe cebd cebd cebd cebd cebd cebd cebd cebd cebd cebd ce9d ce9d ce9d ce9d ce9d ce9d c69d ce9c c67b bdf9 b596 b554 940e 834a 7b29 8baa 7ae6 82c5 6a03 5182 4962 4121 4141 51a2 5a04 4142 4163 5247 9492 be5b c67d be7d be5d be5c be7d be5d be7d be5d be5d be5d be5d be5d be5d b65d b65d b63d b63d b63d b63d b63d b65d b65d b65d b65d b63c b63d b63d b63d b63c b63c b63c b63c b63c b63d b63d b63d b63d b63d b63c b63c b63c b63c b63c b63c b63c b63d ae3d ae3d ae3d ae3d ae3d ae1d ae1d ae1d ae1d ae1d ae1c ae1c ae1c ae1c ae1c ae1c ae1c ae1c ae1c ae1c ae1c ae1c ae1c ae1c ae1c ae1d ae1d ae1d ae1d ae1d ae1c ae1c ae1c ae1c ae1c ae1c ae1c adfc a5fc a5fc a5fc a5fc a5dc a5dc a5fc a5fc a5fc a5fc a5fc a5fc a5dc a5dc a5dc a5dc a5dc a5dc a5dc a5dc 9ddc 9ddc 9ddc 9ddc 9ddc 9ddc 9ddc 9dbb 9dbb 9dbb 9dbb 9dbb 9dbb 9dbb 9dbb 9dbb 9dbb 9dbb 9dbb 9ddb 9dbb 9ddb 9dbb 9dbb 9dbb 9dbb 9dbb 9dbb 9dbb 9dbb 9dbb 9dbb 9d9b 9d9b 9d9b 9d9b 9d9b 9dbb 9dbb 95bb 959b 959b 
ef5e ef5e ef5e ef7f ef7f ef7f ef7f ef7f ef5e ef5e ef5e ef5e ef5e ef5e ef5e ef5e ef5e ef5e ef5e ef5e ef5e ef5e ef5e ef5e ef5e ef5e ef5e ef5e ef5e ef5e ef5e ef5e ef5e ef5e ef5e ef5e ef5e ef5e ef5e e75e e75e e75e e75e e75e e73e e73e e75e e75e e73e e73e e73e e73e e73e e73e e73e e73e e73e e73e e73e e73e e73e e73e e73e e73e e73e e71e e71e e71e e71e e71e e71e e71e e71e df1e df1e df1e df1e df1e df1e df1e df1e df1e df1e defd defe defe d6fe d6fe d6fe d6fe d6fe d6fe d6fe d6fe d6fd d6fd d6fd d6fd d6fd d6de d6de d6de d6de d6de d6dd d6dd d6dd d6dd d6dd d6dd d6dd d6dd d6dd d6dd d6dd d6dd d6dd d6de d6de d6dd d6dd d6dd d6dd d6dd d6dd d6dd d6dd d6dd d6dd d6dd cedd cedd cedd cebd cebd cebd cebd cebd cebd cebd cebd cebd cebd cebd cebd cebd cebd ce9d ce9d cebd c69c ce7b c619 b575 942f 942e 8b8b 72e7 6245 7ae6 7264 6a23 59c2 4121 4122 38e2 38e1 3921 51c4 4142 3101 4184 5a89 ad77 c67c be3b b63b b63c be7d be5d be7d be5d be5d b65d b65d b65d b65d b65d b65d b63d b63d b63d b63d b63d b65d b65d b65d b65d b63c b63d b63d b63d b63c b63c b63c b63c b63c b63d b63d b63d b63d b63d b63d b63d b63c b63c b63c b63c b63c b63d ae3d ae3d ae3d ae3d ae3d ae1d ae1d ae1d ae1d ae1d ae1c ae1c ae1c ae1c ae1c ae1c ae1c ae1c ae1c ae1c ae1c ae1c ae1c ae1c ae1c ae1c ae1c ae1c ae1c ae1c ae1c ae1c ae1c ae1c ae1c ae1c ae1c adfc adfc a5fc a5fc a5fc a5fc a5fc a5fc a5fc a5fc a5fc a5fc a5fc a5dc a5dc a5dc a5dc a5dc a5dc a5dc a5dc a5dc a5dc 9ddc 9ddc 9ddc 9dbc 9dbc 9ddb 9ddb 9ddc 9ddc 9ddc 9ddb 9ddb 9ddc 9ddc 9ddc a5db a5db a5db a5db a5db a5db a5dc 9ddb 9ddb 9ddb 9ddb 9ddb 9dbb 9dbb 9dbb 9dbb 9dbb 9dbb 9dbb 9dbb 9dbb 9dbb 9dbb 9dbb 9dbb 
ef5e ef5e ef5e ef5e ef5e ef5e ef5e ef5e ef5e ef5e ef5e ef5e ef5e ef5e e75e e75e e73e e73e e73e e73e e73e e73e e73e e73e e73e e73e e73e e73e e73e e73e e73e e73e e73e e73e e73e e73e e73e e73e e73e e73e e73e e73e e73e e73e e73e e73e e73e e73e e73e e73e e73e e73e e73e e73e e73e e73e e73e e73e e73e e73e e73e e73e e71e e71e df1e df1e df1e df1e df1e df1e df1e df1e df1e df1e df1e df1e df1e df1e df1e df1e df1e df1e df1e df1e df1e df1e defe defe defe defe defe d6fe d6fe d6fe d6fd d6dd d6fd d6fd d6fd d6de d6de d6de d6de d6de d6dd d6dd d6dd d6dd d6dd d6dd d6dd d6dd d6dd d6dd d6de d6de d6de d6de d6de d6dd d6dd d6dd d6dd d6dd d6dd d6dd d6dd d6dd d6dd d6dd d6dd d6dd d6dd d6dd cedd cedd cedd cedd cedd d6dd d6dd d6dd d6dd d6dd cedd cebd cebd cebd cebd d6bc ce7b c5f8 b534 940e 7b49 8349 8348 7285 61e3 6a23 61e2 59c2 51a2 4963 5183 4102 38e2 3922 4963 30e2 28c1 3122 3985 734d a556 b5d8 add9 b63b be5c be5d be7d be5d be5d b65d b65d b65d b65d b65d b65d b63d b63d b63d b63d b63d b65d b65d b65d b65d b63d b63d b63d b63d b63c b63c b63d b63c b63c b63d b63d b63d b63d b63d b63d b63d b63c b63c b63c b63c b63c b63d ae3d ae3d ae3d ae3d ae3d ae1d ae1d ae1d ae1d ae1d ae1c ae1c ae1c ae1c ae1c ae1c ae1c ae1c ae1c ae1c ae1c ae1c ae1c ae1c ae1c ae1c ae1c ae1c ae1c ae1c ae1c ae1c ae1c ae1c ae1c ae1c ae1c adfc adfc a5fc adfc adfc adfc adfc a5fc a5fc a5fc a5fc a5fc a5fc a5fc a5fc a5dc a5dc a5dc a5fc a5fc a5dc a5dc a5dc a5fc a5fc a5fc a5fc a5fc a5fc a5fc a5fc a5fc a5fc a5fc a5fc a5fc a5fc a5fc a5dc a5dc a5fc a5fc a5fc a5fc a5fc a5fc a5fc a5fc a5fc a5dc a5dc a5dc a5dc a5db a5db a5db a5db a5db a5dc a5dc a5db a5bb a5bb 
ef5e ef5e ef5e ef5e ef5e ef5e ef5e ef5e e75e e75e e75e e73e e73e e73e e73e e73e e73e e73e e73e e73e e73e e73e e73e e73e e73e e73e e71e e71e e71e df1e df1e e71e e71e e71e e71e e71e e71e e71e e71e df3e df3e e73e e73e e73e df1e df1e df1e df1e df1e df1e df1e df1e df1e df1e df1e df1e df1e df1e df1e df1e df1e df1e defe defe d6fe d6fe d6fe d6fe d6fe d6fd d6fd defe defe defe defe defe defe defe defe d6fe d6fe d6fe d6fe d6fe d6fe d6fe d6fe d6fe d6fe d6fe d6fe d6fe d6fd d6dd d6fe cedd d6dd d6dd d6dd d6dd d6dd d6dd d6dd d6dd d6dd d6dd d6dd d6dd d6dd d6dd d6dd d6dd d6dd d6dd d6de d6de d6de d6de d6de d6dd d6dd d6dd d6de d6de d6fe d6fe d6fe d6de d6de d6dd d6dd d6dd d6dd cedd cedd cedd cedd cebd cebd cebd cebd cebd cebd cebd cebd cebd cebd cebc d6bc d6bc c618 b533 9c4e 7b28 7ac6 8b27 8b26 7a84 61e2 61c2 5982 5162 5182 59c4 51a3 4963 30e2 49a4 30e2 28c1 2080 28c1 3103 41a5 62eb 94b3 9d15 adb8 b61a b63c be7d be5d be5d be5d be5d b65d be5d b65d b65d be5d be5d be5d be5d be5d be5d b65d b65d b65d b65d b65d b65d b65d b63d b63d b65d b63d b63c b63d b63d b63d b63d b63d b63d b63d b63d b63d b63d b63d b63d b63d ae3d ae3d ae3d ae3d ae3d ae3d ae3d ae1d ae1d ae1d ae1d ae1d ae1c ae1c ae1c ae1c ae1c ae1c ae1c ae1c ae1c ae3c ae3c ae3c ae3c ae3c ae3c ae3c ae3c ae3c ae1c ae1c ae1c ae1c ae1c ae1c ae1c ae1c ae1c ae1c ae1c ae1c ae1c ae1c ae1c ae1c ae1c ae1c ae1c ae1c adfc adfc adfc adfc adfc adfc adfc adfc adfc adfc adfc adfc adfc adfc adfc adfc adfc ae1c ae1c ae1c adfc adfc adfc adfc adfc adfc adfc adfc adfc a5fc a5fc a5fc a5dc a5db a5db a5dc a5db a5db a5db a5db a5db a5db a5bb a5bb a5bb a5db a5db a5db a5db a5db 
ef5e e73e e75e e73e e73e e73e e73e e73e e73e e73e e73e e73e e73e e73e e71e df1e df1e df1e df1e df1e df1e df1e df1e df1e df1e df1e df1e df1e df1e df1e df1e df1e df1e df1e df1e df1e df1e df1e df1e df1e df1e df1e df1e df1e defe defe defe defe d6fe d6fe d6fe d6fe d6fe d6fe d6fe d6fe d6fd d6fd d6fd d6fe d6fe d6fe d6dd d6dd d6dd d6dd d6dd d6dd d6dd d6dd d6dd d6dd d6dd d6dd d6dd d6dd d6dd d6fd d6fd d6fd d6fd d6fd d6fd d6fd d6fd d6fd d6fe d6fe d6fe d6fe d6fe d6fe d6fe d6dd d6fe cedd cedd cedd cedd d6dd d6dd d6dd d6dd d6dd d6dd d6dd d6dd d6dd d6dd d6dd d6dd d6dd d6dd d6dd d6de d6de d6de d6de d6de d6de d6de d6de d6dd d6dd d6dd d6dd d6dd d6dd d6dd cedd cedd cedd cebd cebd cebd cebd cebd cebd cebd c69d c69d c69d c69d c69d c69d ce9d ce9c ce7b ce7b ce39 ad33 9c4d 93a9 8306 7264 8b26 9326 82a5 69c2 5141 5982 59a3 59c3 6a04 61e4 59e4 4122 49c4 28c1 2080 1860 20a1 20a1 3122 3964 5a89 736e 8c93 a577 b61b b63c be5d be7d be7d be7d b65d be7d be7d be7d be7d be7d be7d be7d be7d be7d be7d be7d be5d be5d b65d b65d b65d b65d b65d b65d b63d b63c b63d b63d b63d b63d b63d b63c b63c b63c b63c b63c b63c b63c b63d b63d b63d ae3d ae3d ae3d ae3d ae3d ae1c ae1c ae1c ae1c ae1c ae1c ae1c ae1c ae1c ae1c ae3d ae3d ae3c ae3c b63c b63d b63d b63d b63d b63d b63d b63d b63d ae3c ae3c ae3c ae3c ae3d ae3d ae1d ae1c ae1c ae1c ae3c ae3c ae3c ae3c ae3c ae1c ae1c ae1c ae1c ae1c ae1c ae1c ae1c ae1c ae1c ae1c ae1c ae1c adfc adfc adfc adfc ae1c ae1c ae1c ae1c ae1c ae1c ae1c ae1c adfc a5fc a5fc a5fc a5fc a5fc a5fc a5dc a5dc a5dc a5dc a5dc a5db a5db a5db a5db a5db 9dbb 9dbb 9dbb 9dbb 9dbb 9dbb 9dbb 9dbb 9dbb 9dbb 9dbb 9ddb 9ddb 
e75e e75e e75e e73e e73e e73e e73e e73e e73e e73e e73e e73e e73e e71e e71e df1e e71e df1e e71e df1e df1e df1e df1e df1e df1e defe defe defe defe df1e df1e defe defe defe df1e df1e defe defe defe defe defe defe defe defe defe defe d6fd d6dd d6dd d6dd d6dd d6dd d6dd d6dd d6dd d6dd d6dd d6dd d6dd d6dd d6dd d6de d6dd d6dd d6dd d6dd d6dd cedd cedd cedd cedd cedd cedd cedd d6dd d6dd d6dd d6dd d6dd d6dd d6dd d6dd d6dd d6dd d6dd d6dd d6fd d6fd d6fe d6fe d6de d6de d6de d6de d6de d6de cede cede cede cedd cedd cede cede cede cede cede cede cede cede d6dd d6dd d6de d6de d6de d6dd d6dd d6dd d6dd d6dd cedd cedd cedd cedd cedd cebd cebd cebd cebd cebd cebd cebd ce9d ce9d c69d c69d c69d c69d c69d c69d c69d be7d be7d c67d c67c c67c c67c c67b c619 b596 bd53 9c0c 8b67 8b05 9326 7a43 82a4 8ac5 82a4 61c1 6a03 7224 7244 6a03 7a85 69e3 6a04 59c3 59e4 4163 28e2 20a1 1860 2081 28e2 3963 3123 41c7 5aab 8c93 ad98 adda b63b b67d b65c b65c b67c be7d be7d be7d be7d be9d be7d be7d be7d be7d be7d be7d be7d b65d b65d b65d b65d b65d b65d b65c b65d b65d b63c b63c b63d b63d b63d b63c b63c b63c b63c b63c b63c b63c b63c b63c b63c b63c b63c b63c ae1c ae1c ae1c ae1c ae1c ae1c ae1c b61c b61c b61c b61c b61c b63d b63d b63d b63d b63d b63d b63d b63d b63d b63d b63d b63d b63d b63c b63c ae1c ae1c ae1c ae1d ae1d ae1c ae1c ae1c ae1d ae1d ae1c ae1c ae1c ae1c ae1c ae1c ae1c ae1c adfc adfc adfc adfc adfc ae1c ae1c adfc adfc adfc a5fc a5fc a5fc a5fc a5fc a5fc a5fc a5fc a5fc a5fc a5fc a5dc a5dc a5dc a5dc a5dc a5dc a5dc a5dc a5dc a5dc a5dc a5dc a5db 9ddb 9dbb 9dbb 9dbb 9dbb 9dbb 9dbb 9dbb 9dbb 9dbb 9dbb 9dbb 9dbb 9dbb 9dbb 9dbb 
e75e e73e e73e e73e e73e e73e df1e df1e df1e df1e df1e df1e df1e df1e df1e df1e df1e df1e df1e df1e df1e df1e df1e df1e df1e defe defe defe defe df1e df1e defe defe defe df1e df1e defe defe defe defd defd defd defd defd defe defe d6fd d6dd d6dd d6dd d6dd d6dd d6dd d6dd d6dd d6dd d6dd d6dd d6dd d6fd d6fd d6dd d6dd d6dd d6dd d6dd d6dd d6dd d6dd cedd cedd d6dd d6dd d6dd d6de d6de d6de d6de d6de d6dd d6dd d6dd d6dd d6dd d6dd d6dd d6dd d6dd d6dd d6de d6de d6dd d6dd d6dd cedd cedd cedd cedd cedd cedd cedd cedd cedd cedd cedd cedd cedd cedd cedd d6dd d6dd cebd cebd cebd cebe cebe cebe cebe cebe cebd cebd cebd cebe cebe cebd c6bd c6bd c6bd c6bd c69d c69d c69d c69d c69d c69d c69d c69d c67d c67d be7d be7c be5c c65c be5b be3a b5f9 c65a bdb6 a4b1 93ec 8b48 82e5 7aa4 82a4 7a63 82a4 82a4 7a84 7243 82c5 7a85 7244 7243 7a64 6a23 7a85 6a65 51c3 4983 3943 3102 28a1 20a1 3102 3943 28e2 2923 3165 6b2d 8c93 9d37 adfa b63c adfb ae1b b65c be7d be7d be5d be7d b67d be7d be7d be7d be7d be7d be7d be7d b65d b65d b65d b65d b65d b65d b65d b65d b65d b65d b65d b65d b65d b65d b65d b65d b65d b65d b65d b65d b65d b65d b63c b63c b63c b63c b63c b63d b63d b63c b63c b63c b63d b63d b63c b63c b63c b63c b63c b63d b63d b63d b63d b63d b63c b63c b63c b63c b63c ae1c ae1c ae1c ae1c ae1c ae1c ae1c ae1c ae1c ae1c ae1c ae1c ae1c ae1c ae1c ae1c ae1c ae1c adfc adfc adfc adfc adfc a5fc a5fc a5fc a5fc a5fc adfc adfc a5fc a5fc a5fc a5fc a5fc a5db a5db a5dc a5fc a5fc a5dc a5dc a5dc a5dc a5db a5db a5db a5db a5db a5db a5db a5db a5db a5db a5db a5db a5db 9dbb 9dbb 9dbb 9dbb 9dbb 9dbb 9dbb 9dbb 9dbb 9d9b 9d9b 9d9b 9d9b 9d9b 9d9b 9d9b 
e75e e73e e73e e73e e73e e73e df1e df1e df1e df1e df1e df1e df1e df1e df1e df1e df1e df1e df1e df1e df1e df1e df1e df1e df1e defe defe defe defe df1e df1e defe defe defe df1e df1e defe defe defe defd defd defd defd defd defe defe d6fd d6dd d6dd d6dd d6dd d6dd d6dd d6dd d6dd d6dd d6dd d6dd d6dd d6fd d6fd d6dd d6dd d6dd d6dd d6dd d6dd d6dd d6dd cedd cedd d6dd d6dd d6dd d6de d6de d6de d6de d6de d6dd d6dd d6dd d6dd d6dd d6dd d6dd d6dd d6dd d6dd d6de d6de d6dd d6dd d6dd cedd cedd cedd cedd cedd cedd cedd cedd cedd cedd cedd cedd cedd cedd cedd d6dd d6dd cebd cebd cebd cebe cebe cebe cebe cebe cebd cebd cebd cebe cebe cebd c6bd c6bd c6bd c6bd c69d c69d c69d c69d c69d c69d c69d c69d c67d c67d be7d be7c be5c c65c be5b be3a b5f9 c65a bdb6 a4b1 93ec 8b48 82e5 7aa4 82a4 7a63 82a4 82a4 7a84 7243 82c5 7a85 7244 7243 7a64 6a23 7a85 6a65 51c3 4983 3943 3102 28a1 20a1 3102 3943 28e2 2923 3165 6b2d 8c93 9d37 adfa b63c adfb ae1b b65c be7d be7d be5d be7d b67d be7d be7d be7d be7d be7d be7d be7d b65d b65d b65d b65d b65d b65d b65d b65d b65d b65d b65d b65d b65d b65d b65d b65d b65d b65d b65d b65d b65d b65d b63c b63c b63c b63c b63c b63d b63d b63c b63c b63c b63d b63d b63c b63c b63c b63c b63c b63d b63d b63d b63d b63d b63c b63c b63c b63c b63c ae1c ae1c ae1c ae1c ae1c ae1c ae1c ae1c ae1c ae1c ae1c ae1c ae1c ae1c ae1c ae1c ae1c ae1c adfc adfc adfc adfc adfc a5fc a5fc a5fc a5fc a5fc adfc adfc a5fc a5fc a5fc a5fc a5fc a5db a5db a5dc a5fc a5fc a5dc a5dc a5dc a5dc a5db a5db a5db a5db a5db a5db a5db a5db a5db a5db a5db a5db a5db 9dbb 9dbb 9dbb 9dbb 9dbb 9dbb 9dbb 9dbb 9dbb 9d9b 9d9b 9d9b 9d9b 9d9b 9d9b 9d9b 
e73e e73e e73e df3e df1e df1e df1e df1e df1e df1e df1e df1e df1e df1e df1e df1e df1e df1e df1e df1e df1e df1e df1e df1e df1e df1e df1e df1e df1e df1e df1e defe defe defe df1e df1e df1e df1e df1e df1d df1d df1d df1d df1d df1e df1e defd defd defd defe defe defe defe defe defe defe defe defe defe df1e df1e df1e df1e df1e defe df1e defe defe d6fe d6fd d6dd d6dd d6fd d6dd d6de d6de d6dd d6dd d6dd d6dd d6dd d6dd d6dd d6dd d6dd d6dd d6de d6de d6de d6de d6de d6dd d6de d6de cedd cedd cedd cedd cedd cebd cebd cebd cebd cebd cebd cebd cedd cedd cedd cebd cebd cebd cebd cebd cebd cebd cebd cebd cebd cebe cebe cebe cebe cebe cebd c6bd c6bd c6bd c69d c69d c69d c69d c69d c69d c69d c69d c69d c69d c69d c67c be5b c65b be1a b5f9 bdb8 b597 ad14 a490 9c0d 8328 9388 8b26 82e5 7a63 82a4 8ac5 7a63 7202 7a43 82a5 82a5 7223 7a63 7a84 7a84 7a84 7244 5182 4122 49a4 4143 4143 30c1 3902 3102 28c1 28e2 2903 3985 5aaa 8451 a577 b5d9 b5d9 adb9 b5fa be3b be5c b65c b65c b65c b67d b67d b67d be7d be7d be5d be7d b65d be7d be7d be7d be7d be7d be5d be5d be5d be5d be5d b65d b65d b65d b65d b65d b65d b65d b65d b65d b65d b65d b63d b63d b63c b63c b63c b63d b63d b63c b63c b63c b63d b63d ae1c ae1c ae1c ae1c ae1c ae1c ae1c ae1c ae1c ae1c b63c b63c b63d b63c b63c b63c b63c b63c ae1c ae1c ae1c ae1c ae1c ae1d ae1d ae1c ae1c ae1c ae1c ae1c ae1c ae1c ae1c ae1c ae1c adfc adfc adfc adfc adfc a5fc a5fc a5fc adfc adfc adfc adfc a5fc a5fc a5fc a5fc a5fc a5fb a5fc a5fc a5fc a5fc a5fc a5dc a5db a5db a5db a5db a5db a5db a5db a5db a5db a5db a5db a5db a5db a5db 9dbb 9dbb 9ddb 9ddb 9ddb 9dbb 9dbb 9dbb 9dbb 9dbb 9d9b 9d9b 9d9b 9d9b 9d9b 
e73e e71e e71e df1e df1e df1e df1e df1e df1e df1e df1e defe df1e df1e df1e df1e df1e df1e df1e df1e df1e defe defe defe df1e df1e df1e df1e df1e df1e df1e df1e df1e df1e e71e e71e e71e e71e e71e e71e e71e df1e df1e df1e df1e df1e e71e e71e e71e e71e e71e e71e e71e e71e e71e e71e e71e e71e e71e e73e e73e e73e e73e e71e e71e df1e df1e df1e defe df1e d6fe defe d6fe d6fe d6fe d6fe d6fd d6dd d6dd d6fd d6fd d6fd d6fd d6fd d6fd d6fd d6dd d6dd d6dd d6de d6de d6de d6de d6de cedd cedd cedd cedd cedd cebd cebd cebd cebd cebd cebd cebd cedd cedd cedd cebd cebd d6dd d6dd d6dd d6dd d6dd d6dd d6de d6de d6de d6de d6de cedd cedd cede cede cebd cebd cebd cebd cebd cebd cebd cebd c69d c67c c67c c67c c67c c63a c65a c65a c619 b596 a4d2 a470 8bac 93cb 9bc9 9367 9b88 9326 82c4 7a63 8ac5 82a4 7243 7243 82a5 8284 7a83 7a43 7222 7222 82a4 7242 6a43 5181 6225 4963 4142 51c5 3922 4983 3902 3102 30e1 3943 2902 3984 6b0b 8c30 9d14 b597 b597 a536 adb8 b61b be5c b63c b63c be7d be7d be7d be7d be7d b65d be7d b65d be5d be5d be5d be5d be5d b65d b65d b65d b65d b65d b65d b65c b65c b65c b65c b65c b65d b65d b65d b65d b65d b63d b63d b63c b63c b63c b63d b63d ae1c ae1c ae1c ae1c ae1c ae1c ae1c ae1c ae1c ae1c ae1c ae1c ae1c ae1d ae1d b63d b63d b63d b63c b63c b63c b63c b63c ae1c ae1c ae1c ae1c ae1c ae1d ae1d ae1c ae1c ae1c ae1c ae1c ae1c ae1c ae1c ae1c ae1c adfc adfc adfc ae1c ae1c a5fc a5fc a5fc adfc adfc adfc adfc a5fc a5fc a5fc a5fc a5fc a5fc a5fc a5fc a5fc a5fc a5fc a5fc a5db a5db a5db a5db a5db a5db a5db a5db a5db a5db a5db a5db a5db a5db 9ddb 9ddb 9ddb 9ddb 9ddb 9dbb 9dbb 9dbb 9dbb 9dbb 9d9b 9d9b 9d9b 9d9b 9d9b 
df1e df1e df1e df1e df1e df1e df1e df1e defe defe defe defe df1e defe df1e df1e df1e df1e df1e df1e df1e df1e df1e df1e df1e df1e df1e df1e df1e df1e df1e df1e df1e e71e e73e e73e e73e e73e e73e e73e e73e e73e e73e e73e e73e e73e e73e e73e e73e e73e e73e e73e e73e e73e e73e e73e e73e e73e e73e e73e e73e e73e e73e e73e e73e e71e e73e e71e df1e df3e df3e df1e df1e df1e df1e df1e df1e d6fe d6fe d6fe d6fe d6fe d6fe d6fe d6fe d6fe d6de d6de d6de d6de d6de d6dd d6bd d6bd d6bd d6bd cebd cebd cebd cebd cebd d6dd d6dd d6dd d6dd d6dd d6dd d6dd d6dd d6dd d6dd d6dd d6dd d6dd d6fe d6fe d6fe d6fd d6fd d6fe d6fe d6fe d6fe d6fe d6fe d6fe d6dd cedd cedd cedd cedd cedd cebd cedd cebd cebd ce9c c65b c63a b5b7 b576 b555 ad33 a4d1 8bab 7ae7 7ac6 8b27 9346 9346 9346 9326 82a4 7203 7a84 7a84 7a64 7a63 7a63 7a63 8283 8283 7222 69e2 7a43 7a42 6a02 59a2 6224 4962 5162 6225 6204 59e4 3901 3922 3102 3102 30e1 30e1 4163 5a47 83ad 9cb2 ad14 8410 94b3 ad98 be3b adda adfa b65c b67d b65d be7d b65d b65c b67d b65d b65d be5d be5d b65d b65d b65d b65d b65d b65d b65d b65d b65d b65c b65d b65c b65d b65d b65d b65d b65d b65d b63d b63d b63c b63c b63c ae3c ae3c ae1c ae1c ae1c ae1c ae1c ae1c ae1c ae1c ae1c ae1c ae1c ae1c ae1c ae1c ae1c ae1c ae1c ae1c ae1c ae1c b63d b63d ae3d ae3c ae3c ae3c ae3c ae3c ae1c ae1c ae1c ae1c ae1c ae1c ae1c ae1c ae1c ae1c ae1c ae1c ae1c ae1c ae1c ae1c a5fc a5fc a5fc a5fc a5fc a5fc a5fc a5fc a5fc a5fc a5fc a5fc a5fc a5fc a5fc a5fc a5dc a5dc a5dc a5fc a5dc a5dc a5dc a5dc a5fb a5fb a5db a5db a5db a5db a5db a5db a5db a5db 9ddb 9ddb 9ddb 9ddb 9ddb 9ddb 9ddb 9dbb 9dbb 9dbb 9dbb 9dbb 9dbb 9dbb 9dbb 
df1e df1e df1e df1e df1e df1e df1e df1e df1e df1e df1e df1e df1e e71e e73e e73e e73e e73e e73e e73e e73e e73e e73e e73e e73e e73e e71e e71e e71e e73e e73e e71e e71e e73e e73e e73e e73e e73e e73e e73e e73e e73e e73e e73e e73e e73e e73e e73e e73e e73e e73e e73e e73e e73e e73e e73e e73e e73e e73e e73e e73e e73e e73e e73e e73e e73e e73e e73e e73e e73e e73e e71e e71e e71e df1e df1e defe defe d6fe d6fe d6fe d6fe d6fe d6fe d6fe d6fe d6fe d6fe d6fe d6fe d6fe d6fe d6de d6de d6dd d6dd d6dd d6dd d6dd d6fd d6fd d6fd d6fd d6fd d6fd d6fd d6fd d6fd d6fd defe defe defe defe defe d6fe d6fe d6fe d6fd d6fd d6fe d6fe d6fe d6fe d6fe d6fe d6fe d6fe d6dd d6dd d6dd d6dd d6dd cedd cedd d6dd ce9c ce5b c63a bdf8 ad55 9cb2 944f 8bed 7b09 8308 6a64 6a23 7264 82a5 9326 7a63 7a84 82a5 7223 6a02 7243 7223 7a63 7a43 7a64 8284 7a63 7a43 6a02 7a63 7243 6a23 5981 59c2 61c2 61e3 6a44 6204 5182 38e1 3922 3922 3942 3902 28c1 30e1 4142 5a26 72e9 83cd 6b0b 7b8e a4f4 b5b7 a556 a598 adda ae1b b63c be7d b63c b65d b65d be5d b65d b65d b65d b63c b63c b65c b65d b65d b65d b65d b65d b65d b65d b65d b65d b65d b65d b65d b65d b65d b65d b63c b63c b63c b63c b63c ae3c ae3c ae3c ae3c ae3c b63c b63c ae1c ae1c ae1c ae1c ae1c ae1c ae1c ae1c ae1c ae1c ae1c ae1c ae1c ae1c ae1c b63c b63c ae3c ae3c ae3c ae1c ae1c ae1c ae1c ae1c ae1c ae1c ae1c ae1c ae1c ae1c ae1c ae1c ae1c ae1c ae1c ae1c ae1c adfc adfc adfc adfc adfc adfc adfc adfc adfc adfc a5fc a5fc a5fc a5fc a5fc a5fc a5fc a5dc a5dc a5dc a5dc a5db a5db a5db a5db a5db a5db a5db a5db a5db a5db a5db a5db a5db a5db a5db a5db a5db a5db a5db 9ddb 9ddb 9dbb 9dbb 9dbb 9dbb 9dbb 9dbb 9dbb 9dbb 
e71e e71e e71e e71e e71e e71e e71e e71e df1e df1e df1e e71e e71e e73e e73e e73e e75e e75e e75e e73e e73e e73e e73e e73e e73e e73e e73e e73e e73e e73e e73e e73e e73e e73e e73e e73e e73e e73e e73e e73e e73e e75e e75e e75e e73e e73e e73e e73e e73e e73e e73e e73e e73e e73e e73e e73e e73e e73e e73e df3e df3e e73e e73e df3e e73e e73e df3e df3e df3e df3e df3e df1e df1e df1e df1e df1e df1d defd defe defe defe defe defe defe df1e df1e df1e df1e df1e df1e df1e df1e df1e df1e defe defe defe defe defe df1e df1e df1e df1e df1e df1e df1e df1e df1e df1e defe defe defe defe defe d6fe d6fe d6fd d6fd d6fd d6fd d6fd d6dd d6dd d6dd d6dd d6dd d6dd d6dd d6dd d6bd d6bd d6dd d6bd cebc ce9c c65a c5f8 b555 a4d2 9c6f 8c0d 834a 8349 7285 72a5 8307 7285 7264 6a03 6a03 61a2 6a03 82a5 82a5 7243 7223 7223 82c5 7223 7223 7a84 7a63 7a63 69e2 7243 7243 6a23 4921 5182 7265 7264 61e2 5182 4121 4101 3901 30e1 3102 3102 28c1 30e1 3101 49a3 4183 49e5 41a4 5a88 7bad 94b1 9492 9cf4 9cf5 ad98 a578 adba adda b61b b63c b65d be7d be5d b63c b61c b65c b65c b63c b65c b65c b65c b65c b65d b65d b65d b65d b65d b65d b65d b65d b65d b65d b63c b63c b63c b63c b63c b63c b63c b63c b63c b63c b63c b63c b63c b63c b63c b63c b63c b63c b63c b63c b63c b63c b63c b63c b63c b63c b63c b63c b63c ae1c ae1c ae1c ae1c ae1c ae1c ae1c ae1c ae1c ae1c ae1c ae1c ae1c ae1c ae1c ae1c ae1c ae1c ae1c ae1c ae1c ae1c adfc adfc adfc adfc adfc adfc adfc adfc adfc a5fc a5fb a5fc a5fc a5fc a5fb a5fb a5fb a5fb a5fb a5db a5db a5db a5db a5db a5db a5db a5db a5db a5db a5db a5db a5db a5db a5db a5db a5db a5db a5db a5db 9ddb 9ddb 9dbb 9dbb 9dbb 9dbb 9dbb 9dbb 9dbb 9dbb 
ef3e ef5e ef5e ef5e e75e e75e e73e e73e e73e e73e e73e e73e e73e e73e e73e e73e e73e e73e e73e e73e e73e e73e e73e e73e e73e e73e e73e e73e e73e e73e e73e e73e e73e e73e e73e e73e e73e e73e e73e e75e e75e e73e e73e e73e e73e e73e e73e e73e e73e df3e df3e df1e df1e df1e df3e df3e df3e df3e df3e df3e df3e df3e df3e df1e df1e df1e df1e df1e df1e df1e df1e df1e df1e df1e df1e df1e df1e df1e e73e e73e e73e e73e e73e e73e e73e e73e e73e e73e e73e e73e e73e e73e e71e e71e e71e e71e df1e df1e df1e df1e df1e df1e df1e df1e df1e df1e df1e df1e df1e defe defe defe defe defe d6fe d6fe d6fe d6fd d6fd d6fd d6fd d6fd d6dd d6dd d6dd d6fd d6dd d6dd d6dd cebc cebc ce9c ce9c d69c ce5a bdb7 bd75 b512 a44e 93aa 8348 72a6 7284 7a85 7264 7aa6 7aa5 6a44 61e3 6a04 7244 7244 82e6 7aa5 7264 6a23 7244 7ac5 6a23 7264 82c5 7a63 7223 5981 61e2 61c1 59c2 4921 4921 6a24 6a23 59a1 59c2 5162 4962 3901 3101 30e1 30e2 28c1 28c1 30e2 4163 3922 3102 28e1 3143 4a06 6b2b 6b2b 83ee 8c30 9cb2 8c72 94d5 9d57 adb9 b61b b61c b63c b61b adda b63c be5c b65c be5c be5c be5c be5c b65c b65d b65c b65c b65d b65d be5c b65c b65c b65c b65c b65c b65c b65c b65c b65c b65d b65d b63c b63c b63c b63c b63c b63c b63c b63c b63c b63c b63c b63c b63c b65c b65c b63c b63c b63c b63c b63c b63c b63c b63c ae1c ae1c ae1c ae1c ae1c ae1c ae1c ae1c ae1c ae1c ae1c ae1c ae1c ae1c ae1c ae1c adfc ae1c adfc adfc adfc adfc adfc adfc adfc adfc adfc adfc adfc adfc a5fc adfc adfc adfc adfc a5fc a5fc a5fc a5fc a5fc a5fb a5fb a5fb a5fb a5fb a5fb a5fb a5fb a5fb a5fb a5fb a5fb a5db a5db a5db a5db a5db a5db a5db a5db a5db a5db a5db a5db a5db 9ddb 9ddb 9ddb 9dbb 9dbb 
ef7e f77e f77e ef7e ef7e ef7e ef5e ef5e ef5e ef5e ef5e e73e e73e e73e e73e e73e e73e e73e e73e e73e e73e e73e e73e e73e e73e e73e e73e e73e e73e e73e e73e e73e e73e e75e e75e e75e ef5e ef5e ef5e e75e e75e e73e e73e e73e e73e e73e e73e e73e e73e df3e df1e df1e df1e df1e df1e df1e df1e df1e df1e df3e df3e df3e df3e df3e df3e df3e df3e df3e df1e e71e e71e e73e e73e e73e e73e e73e e73e e73e e75e e73e e73e e73e e73e e73e e73e e73e e73e e73e e73e e73e e73e e73e e71e e71e e71e e71e df1d df1d df1d e71e e71e df1e df1e df1e df1e df1e df1e df1e df1e df1e df1e defe defe defe defe df1e defe defe defe defe defe df1e defe defd d6dd d6fd defd defd defe defd d6dc ce9b c63a c5f9 bd96 a4d2 a44e a44d 9baa 9347 8b47 8306 82e5 8b26 7243 6a44 61e3 5182 61c4 6a04 7244 6203 7ac5 8306 7264 6a44 61e3 7265 6a44 7aa5 7a84 6a23 6a23 5161 5161 59c2 61e3 4962 4942 59c3 61c2 59a2 61c3 5162 4942 4122 3922 3122 2902 20c1 20a1 3123 28e3 3103 20c2 20a1 20a1 20c2 3164 41e6 6b2a 736b 6b0a 738d 9cf4 94f4 a557 add9 adda adfa adda adfa b63c be3c be5c be5c be5c be5c be5c be5c b65c be5d be5c b65c b65c be5c be5c be5d be5d be5d b65d b65d b65c b65c b65c b65d b65d b65c b65c b65c b65d b65d b63c b63c b63c b63c b63c b65c b65c b65c b65c b65c b65c b65c b65c b65c b65c b63c b63c b63c b63c b63c b63c b63c b63c ae1c ae1c ae1c ae1c ae1c ae1c ae1c ae1c ae1c ae1c ae1c ae1c ae1c ae1c ae1c adfc adfc adfc adfc adfc adfb adfb adfc adfc adfc adfc adfc adfc adfc adfc adfb adfb adfc adfc adfc adfc adfc adfc adfc adfc adfc adfc adfc adfb adfb adfb adfb adfb adfb adfb a5fb a5fb a5fb a5fb a5fb a5db a5db a5db a5db a5db a5db a5db a5db a5bb 9dbb 
ef7e ef9e ef9e ef7e ef7e ef7e ef7e ef7e ef7e ef7e ef7e ef5e ef5e ef5e ef5e ef5e ef5e ef5e ef5e ef5e ef5e ef5e ef5e ef5e ef5e ef5e ef5e ef5e ef5e ef5e ef5e ef5e ef5e ef5e ef5e ef5e ef5e ef5e ef5e ef5e ef5e e73e e73e e73e e73e e73e e73e e73e e73e e73e e73e e73e e73e e73e e73e e73e e73e e73e e73e e73e e73e e73e e73e e73e e73e e73e e73e e73e e73e e73e e73e e73e e73e e73e e73e e73e e73e e73e e73e e73e e73e e73e e73e e73e e73e e73e e71e e71d e71d e71e e71e df1e df1e df1e df1e df1e df1e df1e df1e e71e e71e df1e df1e df1e df1e df1e df1e df1e e71e df1e df1e df1e df1e df1e df1d df1e defd df1d df1d df1e df1d defd defd defd dedd d6bc d6dd defd defd d6fd d6dd d6dc c63a b596 ad13 9c4e 93a9 82e5 82c4 8ae5 7aa4 7a64 7a84 8b06 7284 6202 6a23 59a3 6a26 6a25 61e3 5182 59c2 82e6 7ac6 6a44 61c2 61c3 6a04 7aa6 6a24 6a24 6203 5162 4942 51a3 4962 4142 38e1 4962 51a2 59a2 5162 4101 40e1 4102 3102 28c1 28c2 20c1 20a1 3123 2081 20a2 20a2 18a1 1881 1881 20a1 2903 49e6 49e5 49e5 5a89 840f 7bef 8411 9d15 a578 adfa be7c be7c be5d be5d be5d b65c be5c be7d be5c b63c b65c be7c b63c b63c b63c be5c be5c be5d be5d be5d be5d be5d be5d be5d be5d be5c be5c b65c b65c b65c b65c b65c b63c b63c b63c b63c b63c b63c b65c be5c be5c be5c be5c be5c be5c be5c be5c be5c be5c be5c be3c be3c b63c b63c b63c b63c b63c b63c b63c b63c b63c b63c b63c b63c b63c b63c b63c b61c b61c b61c ae1c ae1c ae1c ae1c ae1c ae1c ae1c ae1c ae1c ae1c ae1c ae1c ae1c ae1c ae1c ae1c ae1c b61c b61c b61c b61c b61c b61c b61c b61c b61c b61c b63c b61c b61c b61c b61c b61b ae1b ae1b adfb adfb adfb adfb adfb adfb adfb adfb a5db a5db a5db a5db a5db a5db a5db 
ef5e ef7e ef7e ef7e ef7e f77e f79e f79e f79e f77e f77e f77e f77e f79e f79e f79e ef7e ef7e ef7e ef7e ef7e ef7e ef7e ef7e ef5e ef5e ef5e ef5e ef5e ef5e ef5e ef5e ef5e ef5e ef5e ef5e ef5e ef5e ef5e ef5e ef5e ef5e ef5e ef5e ef5e ef5e ef5e ef5e ef5e ef5e ef5e e75e e75e e75e e75e e75e e75e e75e e75e e75e e75e e75e e75e e75e e73e e73e e73e e73e e73e e73e e73e e73e e73e e73e e73e e73e e71e e71e e71e e71e e71e e73e e73e e73e e71d e71d e71d e71d e71d df1e df1e df1e df1e df1e df1e df1e df1e df1e df1e e71e e71e e71e e71e e71e e71e e71e e71e e71e e71e df1e df1e df1e df1e df1e defd df1e defd defd df1d defd defd df1d defd defd defe d6dd cebc cebc c69b ce9c d6dd ce7b c639 bdb6 acd1 9c0c 93a9 9367 82c4 7a63 6a23 6a23 7224 7245 7a85 82e6 6a03 61e3 59a3 51a3 5162 4941 51a2 7aa6 6a44 59a2 59a2 4942 5162 7265 59a3 59e4 5182 4942 4122 4122 4122 4163 28a0 38e1 4962 4122 4101 4102 4943 38e1 28a1 2060 2081 28c2 28e2 3102 2081 2081 18a1 18a1 18a1 1881 1881 28e2 3943 3122 3984 41c5 5aa9 62ca 630c 8431 9d15 adf9 b63b b63c be5c be5d be5d b63c be5c be5c b63b b63c be5c b63c b63c b65c be5c be5c be5c be5c be5c be5c be5d be5d be5d be5d be5c be5c be5c be5c be5c be5c be5c be5c be5c be5c b65c b65c b65c be5c be5c be5c be5c be5c be5c be5c be5c be7c be7c be5c be5c be5c be5c be5c be5c be5c be5c be5c be5c be5c be5c be5c be5c be5c be5c be5c be5c be5c be5c b63c b63c b63c b63c b63c b63c b63c b63c b63c b63c b63c b63c b63c b63c b63c b63c b63c b63c b63c b63c b63c b63c b63c b63c b63c be3c be3c be3c be3c be3c be3c be3c b63c b63c b63c b63c b63c b63c b61c b61c b61b b61b b61b ae1b ae1b adfb adfb adfb adfb adfb adfb addb addb 
ef5e ef7e ef7e ef7e ef7e f77e f79e f79e f79e f77e f77e f77e f77e f79e f79e f79e ef7e ef7e ef7e ef7e ef7e ef7e ef7e ef7e ef5e ef5e ef5e ef5e ef5e ef5e ef5e ef5e ef5e ef5e ef5e ef5e ef5e ef5e ef5e ef5e ef5e ef5e ef5e ef5e ef5e ef5e ef5e ef5e ef5e ef5e ef5e e75e e75e e75e e75e e75e e75e e75e e75e e75e e75e e75e e75e e75e e73e e73e e73e e73e e73e e73e e73e e73e e73e e73e e73e e73e e71e e71e e71e e71e e71e e73e e73e e73e e71d e71d e71d e71d e71d df1e df1e df1e df1e df1e df1e df1e df1e df1e df1e e71e e71e e71e e71e e71e e71e e71e e71e e71e e71e df1e df1e df1e df1e df1e defd df1e defd defd df1d defd defd df1d defd defd defe d6dd cebc cebc c69b ce9c d6dd ce7b c639 bdb6 acd1 9c0c 93a9 9367 82c4 7a63 6a23 6a23 7224 7245 7a85 82e6 6a03 61e3 59a3 51a3 5162 4941 51a2 7aa6 6a44 59a2 59a2 4942 5162 7265 59a3 59e4 5182 4942 4122 4122 4122 4163 28a0 38e1 4962 4122 4101 4102 4943 38e1 28a1 2060 2081 28c2 28e2 3102 2081 2081 18a1 18a1 18a1 1881 1881 28e2 3943 3122 3984 41c5 5aa9 62ca 630c 8431 9d15 adf9 b63b b63c be5c be5d be5d b63c be5c be5c b63b b63c be5c b63c b63c b65c be5c be5c be5c be5c be5c be5c be5d be5d be5d be5d be5c be5c be5c be5c be5c be5c be5c be5c be5c be5c b65c b65c b65c be5c be5c be5c be5c be5c be5c be5c be5c be7c be7c be5c be5c be5c be5c be5c be5c be5c be5c be5c be5c be5c be5c be5c be5c be5c be5c be5c be5c be5c be5c b63c b63c b63c b63c b63c b63c b63c b63c b63c b63c b63c b63c b63c b63c b63c b63c b63c b63c b63c b63c b63c b63c b63c b63c b63c be3c be3c be3c be3c be3c be3c be3c b63c b63c b63c b63c b63c b63c b61c b61c b61b b61b b61b ae1b ae1b adfb adfb adfb adfb adfb adfb addb addb 
ef5e ef7e ef7e ef7e ef7e ef7e f79e f79e f79e f79e f79e f79e f79e f79e f79e f79e f77e f77e f77e f77e f77e ef7e ef7e ef7e ef7e ef7e ef5e ef5e ef5e ef5e ef5e ef5e ef5e ef5e ef5e ef5e ef5e ef5e ef5e ef5e ef5e ef5e ef5e ef5e ef5e ef5e ef5e ef5e ef5e ef5e ef5e ef5e ef5e ef5e ef5e ef5e ef5e ef5e ef5e ef5e ef5e ef5e ef5e ef5e e73e e73e e73e e73e e73e e73e e73e e73e e73e e73e e73e e73e e73e e73e e73e e73e e73e e73e e73e e73e e73e e73e e71e e71e e71e e71e e71e e71e e71e e71e df1e df1e df1e df1e df1e e71e e71e e71e e71e e71e e71e e71e e71e e71e df1e df1e df1e df1e df1e df1e defd defd d6dd defd df1d df1d defd dedd d6dd d6dd d6bc d6bc c65b be19 c659 be19 bdf8 ad75 a4f2 a490 9c0c 9baa 8b26 9367 8b05 7aa4 7a84 7a64 6a44 6a24 6a24 7aa5 7244 61e3 6204 59a3 51a3 5182 59c3 6a44 59c3 51a3 5183 3901 4962 51a3 4102 4143 4162 3922 30c1 3902 4163 4163 28c1 30e1 3922 3102 3902 3922 4163 28a0 20a1 20a1 28c2 3103 3102 28c1 30e2 28e1 20a1 20a1 20a1 20a1 2902 3922 4183 3943 41a4 4184 49e5 5206 5248 6b2c 8431 a577 b5f9 b61a be3c be5c be5c b61b b61b b61b b63b be5c b63c b63c be5c be5c be5c be5c be5c be5c be5c be5c be5d be5d be5d be5d be5d be5c be5c be5c be5c be5c be7d be7d be7c be7c be7c be7c be7c be7c be7c be7c be7c be7c be7c be7c be7c be7c be7c be5c be5c be5c be5c be5c be5c be5c be5c be5c be5c be5c be5c be5c be5c be5c be5c be5c be5c be5c be5c be5c be5c be5c be5c be5c be5c be5c be5c be5c be5c be5c be5c be5c be5c be5c be5c be5c be5c be5c be5c be5c be5c be5c be5c be5c be5c be5c be5c be5c be5c be3c be3c be3c be3c be3c be3c be3c be3c be3c b63c b63c b63b b61b b61b b61b b61b b61b b61b b5fb b5fb adfb adfb adfb 
ef7e ef7e ef7e ef7e ef7e ef7e f79e f79e f79e f79e f79e f77e f77e f77e f79e f79e f77e f77e f77e ef7e ef7e ef7e ef7e ef7e ef7e ef7e ef5e ef5e ef5e ef5e ef5e ef5e ef5e ef5e ef5e ef5e ef5e ef5e ef5e ef5e ef5e ef5e ef5e ef5e ef5e ef5e ef5e ef5e ef5e ef5e ef5e ef5e ef5e ef5e ef5e ef5e ef5e ef5e ef5e ef5e ef5e ef5e ef5e ef5e ef5e ef5e ef5e e73e e73e e75e e75e e73e e73e e73e e73e e73e e73e e73e e73e e73e e73e e73e e73e e73e e73e e73e e73e e73e e73e e73e e73e e73e e73e e73e e71e e71e e71e e71e e71e e71e e71e e71e e71e e71e e71e e71e e71e df1e df1d df1e df1e df1e df1e df1e defd defd d6bc defd dedd defd defd dedd d6dd d6dc d6dc ce9c d69c c619 a4f4 a4f3 9430 8bee 8b8a 8307 8b06 9326 8ae5 82a4 7a84 7a84 7243 6a23 6a24 7265 6a04 61e4 61e3 59c3 59e4 5182 5183 51a3 59e4 6a65 59c3 51a3 4983 38e1 3922 4143 30e2 4143 3942 30e2 3102 4143 3922 3102 3103 3903 3903 3923 3102 4142 3943 20a1 28e2 2902 3103 2903 20c1 28e2 3922 4122 3901 30c1 30c1 30e1 4163 5205 51e5 4163 4184 4184 5205 3943 41a5 41c6 5aeb 8451 b5d8 b5f9 b5fa a5b9 adb9 adfa b5fb b61b be5c b61b b61c b63c be5c be5c be5c be5c be5c be5c be5c be5c be5d be5d be5d be5d be5c be5c be5c be7c be7c be7c be7d be7d be7d be7d be7d be7c be7c be7d be7d be7d c67c c67c c67c c67c be7c be7c be7c be5c be5c be5c be5c be5c be5c be5c be5c be5c be5c be5c be5c be5c be5c be5c be5c be5c be5c be5c be5c be5c be5c be5c be5c be5c be5c be5c be5c c65c c65c c65c c65c c65c c65c c65c c67c c65c c65c c65c c65c c65c c65c c65c c65c c65c be5b be5b be5b be5b be5b be5b be3b be3b be3c be3c be3c be3c be3c be3b be3b be3b b63b b63b b61b b61b b61b b61b b61b b61b b61b b61b b61b b5fb 
ef7e ef7e ef7e f77e f77e f77e f77e f77e f79e f79e f79e f79e f79e f77e f77e f77e f77e f77e f77e ef7e ef7e ef7e ef7e ef7e ef7e ef7e ef5e ef5e ef5e ef5e ef5e ef5e ef5e ef5e ef5e ef5e ef5e ef5e ef5e ef5e ef5e ef5e ef5e ef5e ef5e ef5e ef7e ef7e ef7e ef7e ef7e ef7e ef7e ef7e ef7e ef7e ef7e ef7e ef7e ef7e ef7e ef7e ef7e ef5e ef5e ef5e ef5e ef5e ef5e e75e e75e e75e e75e e75e ef5e ef5e e75e e75e e75e e75e e75e e73e e73e e73e e73e e73e e73e e73e e73e e73e e73e e73e e73e e73e e73e e73e e73e e73e e73e e73e e73e e71e e71e e71e e71e e71e df1e df1e df1d df1d df1d defd defd defd df1e defe dedd d6bc dedd defe df1e df1e df1d d6dc d6bc c65b ce5a b596 9c70 93ed 834a 8307 8b27 8ac5 8ac4 8ae4 8ae5 7a63 7a63 7244 6a03 61c2 59c3 6204 59c3 51a3 5183 5182 5182 5183 5183 4962 59a3 7aa7 6a26 51c4 51a4 3922 28e1 3102 3103 4164 30e2 28c1 3943 3943 28e2 28e2 3923 3902 3923 3123 30e2 3943 3103 20c1 28e2 3123 2902 3103 3102 4163 4983 5183 4942 4962 4941 5183 59e4 5a04 51a3 4183 4184 4164 3963 28e1 3123 2903 3144 4a28 8431 ad76 a556 8cd4 a577 b5fa be3b be3b b5fa b63c be5c be5c be5d be7d be7c be7c be7c be5c be5c be5c be5d be5d be5d be5d be5d be5c be5c be5c be5c be5c be5c be5c be5c be5c be5c be5c be5c be7c be7c be7c be5c be5c be5c be5c be5c be5c be5c be5c be5c be5c be5c be5c be5c be5c be5c be5c be5c be5c be5c be5c be7c be7c c67c c67c c67c c67c c67c c67c c67c c67c be7c be7c c67c c67c c67c c67c c67c be5c be5c be5c be5c be5c c65c c65c c65c c65c c65c c65c c65c c65c be5c be5c be5c be5c be5c be5b be5b be3b be3b be3b be3b be3b be3b be3b be3b be3b be3b be3b be3b be3b be3b be3b b61b b61b b61b b61b b61b b61b b61b b61b 
f79e f79e f79e f79e f79e f79e f79e f79e f79e f79e f79e f79e f79e f79e f79e f79e f79e f79e f79e f77e f77e ef7e ef7e ef7e ef7e ef7e ef7e ef7e ef7e ef7e ef7e ef5e ef5e ef5e ef5e ef5e ef7e ef7e ef7e ef7e ef7e ef7e ef7e ef7e ef7e ef7e ef7e ef7e ef7e ef7e ef7e ef7e ef7e ef7e ef7e ef7e ef7e ef7e ef7e ef7e ef7e ef7e ef7e ef5e ef5e ef5e ef5e ef5e ef5e e75e e75e e75e e75e e75e ef5e ef5e ef5e ef5e e75e e73e e73e e73e e73e e73e e73e e73e e73e e73e e73e e73e e73e e73e e73e e73e e73e e73e e73e e73e e73e e73e e73e e71e e71e e71e e71e e71e df1e df1e df1e df1e df1e df1e df1e defd df1e df1e df1e d6dc d6bc d6dd defd defd dedd d6bc c65a bdf8 a514 a4d2 a46f 93aa 8b48 8305 8b05 82c4 82a4 82a4 7a43 7243 7244 7244 6a24 61e3 59c3 5182 51a3 5183 5183 51a3 51a3 51a3 4983 4121 4121 5183 6a67 51c4 49a4 4163 28c1 28c1 3923 3923 28c2 28c2 49a5 30e2 28c2 28e2 30e2 28c1 28c1 28e2 3943 3943 3123 3103 20c1 28e2 3123 3943 4164 4143 4963 59c4 5162 5182 5182 5162 6204 72a6 51e4 51e5 51e5 4184 30e2 3943 3123 3964 2923 39a5 4a48 73ae 94d3 94d4 a577 b5f9 b5f9 add9 be3c c67d be7d be7d be7d be7d be7c be7c be7c be7c be7c be7c be7c be7c be7c be7c be7c be5d be5d be5c be5c be5c be5c be5c be5c be5c be5c be5c be5c be5c be5c be5c be5c be5c be5c be5c be5c be5c be5c be5c be5c be5c be5c be5c be5c be5c be5c be5c be5c be5c be5c be5c be5c be5c be7c be7c be7c be5c be5c be5c be5c be5c be5c be5c be5c be5c be5c be5c be5c be5c be5c be5c be3c be3c be3c be3c be3c be3c be3c be3c be3c be3c be3c be3c be3c be3c be3c be5c be5c be3b be3b be3b be3c be3c be3b be3b be3b be3b be3b be3b be3b be3b be3b be3b b61b b61b b61b b61b b61b b61b b61b b61b 
f7bf f7bf f7bf f7bf f7bf f79f f79e f79e f79e f79e f79e f79e f79e f79e f79e f79e f79e f79e f79e f79e f79e f77e f77e f77e f77e f77e f77e f77e f77e ef7e ef7e ef7e ef7e ef7e ef7e ef7e ef7e ef7e ef7e ef7e ef7e ef7e ef7e ef7e ef7e ef7e ef7e ef7e ef7e ef7e ef7e ef7e ef7e ef5e ef5e ef5e ef5e ef5e ef5e ef5e ef5e ef5e ef5e ef5e ef5e ef5e ef5e ef5e ef5e e75e e75e e75e e75e e75e e75e e75e e73e e73e e73e e73e e73e e73e e73e e73e e73e e73e e73e e73e e73e e73e e73e e73e e73e e73e e73e e73e e73e e73e e73e e73e e73e e71e e71e e71e e71e e71e e71e df1e df1e df1e df1e df1e df1e defd df1d df1d df1d df1d d6bc c63a ce3a d69b d6bc ce5a b596 ad34 9c4f 9c0c 9bcb 9347 8b06 8ae5 7a84 7a63 7243 6a03 61a2 61e3 6203 59e3 61e3 59c3 5182 5182 59e4 59c4 51a3 51c4 6205 59c4 51c4 51a3 5183 51a4 51c4 3943 49c5 4184 3123 28e2 20a1 3102 3964 3123 49a5 30e2 20c2 28c2 30e2 30e2 28a1 30e2 3102 28c1 3103 2903 20c1 3102 4184 4185 4164 3923 4143 59c4 4962 51a2 59c3 6203 6a65 5a05 4983 4163 3942 49a4 49a4 41a4 3963 3984 3963 41a5 3164 39a6 5aeb 8452 94f5 9d15 a577 b61a c67c c67c be3c be3c c67c c67c c67c c65c c67c c67c c67c c67c be7c be7c be7c be7c be7c be7c be7c be7c be7c be5c be7c be7c be5c be5c be5c be5c be5c be5c be5c be5c be7c be7c be7c be7c be7c be7c be7c be5c be5c be5c be5c be5c be5c be5c be5c be5c be5c be5c be5c be5c be5c be5c be5c be5c be5c be5c be5c be5c be5c be5c be5c be5c b63c b63c b63c b63c b63c b63c b63c b63c b63c b63c b63c b63c b63c b63c b63c b63c b63c b63c b63b b63b b63c b63c b63c be5c be5c be3c be3c be3c be3c be3c be3c be3c be3c b63b b63b b63b b63b b63b b63b b63b b61b b61b b61b b61b b61b b61b b61b b61b 
f7bf f7bf f7bf f7bf f7bf f79e f79e f79e f79e f79f f79f f79e f79e f79e f79e f79e f79e f79e f79e f79e f79e f79e f79e f79e f77e f77e f77e f77e f77e f77e f77e ef7e ef7e ef7e f77e f77e f77e f77e f77e ef7e ef7e ef7e ef7e ef7e ef7e ef7e ef5e ef5e ef5e ef5e ef5e ef5e ef5e ef5e ef5e ef5e ef5e ef5e ef5e ef5e ef5e ef5e ef5e ef5e ef5e ef5e ef5e ef5e ef5e e75e e75e e75e e73e e73e e73e e73e e73e e73e e73e e73e e73e e73e e73e e73e e73e e73e e73e e73e e73e e73e e73e e73e e73e e73e e73e e73e e71e e71e e71e e73e e73e e71e e71e e71e df1e df1e df1e df1d df1d defd defd defd defd defd defd defd defd defd d6dd d69b bdf8 c5f8 c5d8 b555 b512 acd0 bcce ac2b 9b88 9306 82a4 8284 7a64 7243 6a03 61e3 59a2 59c3 5182 5183 51a3 59c4 51a3 51a3 51a3 4983 4963 59e5 59c4 59e4 6205 59a4 59e5 6206 3942 28c1 3943 3964 3944 3123 30e2 28e2 41a5 4164 4185 3123 20c2 28e2 3102 3123 20a1 28e2 3123 20c1 20c1 20c2 28c2 4185 49a5 3944 3144 3923 4143 4122 4142 4142 51a3 5a04 6a45 4163 3102 3101 4983 5a25 51e4 49a3 49a4 49c4 4183 3963 3143 2903 3165 5acb 8452 9d35 adb7 be3a be3a be3b c65c c67c c67c c67c c65c c67c c67c c67c c67c c67c c67c c67c c67c c67c c67c be7c be7c be7c be7c c67c c67d c67d c67c c67c c67c be7c be7c be7c be7c be7c be7c be7c be7c be7c be7c be7c be7c be5c be5c be5c be5c be5c be5c be5c be5c be5c be5c be5c be5c be5c be5c be5c be5c be5c be5c b63c b63c be3c be3c be3c b63c b63c b63c b63c b63c b63c b63c b63c b63c b63c b63c b63c b63c b63c b63c b63c b63c b63c b63c b63c b63c b63c b63c b63c b63c b63c b63c b63c b63c b63c be3c be3c be3c be3c be3c b63c b63b b63b b63b b63b b63b b63b b61b b61b b61b b61b b61b b61b b61b b61b 
f7bf f7bf f7bf f7bf f7be f79e f79e f79e f79e f79f f79f f79e f79e f79e f79e f79e f79e f79e f79e f79e f79e f79e f79e f79e f79e f79e f77e f77e f77e f77e f77e ef7e ef7e ef7e f77e f77e f77e f77e f77e ef7e ef7e ef7e ef7e ef7e ef5e ef5e ef5e ef5e ef5e ef5e ef5e ef5e ef5e ef5e e75e e75e ef5e ef5e ef5e ef5e ef5e e75e e75e e75e e73e e73e e73e e73e e73e e75e e75e e73e e73e e73e e75e e73e e73e e73e e73e e73e e73e e73e e73e e73e e73e e73e e73e e73e e73e e73e e73e e73e e71d e71d df1e df1e df1e df1e df1e df1e df1e df1d df1d df1d df1d df1d defd defd defd defd defd dedd d6dd d6dd defd d6dd d6dd d6bc d6bc ce9b ce3a c5f8 bd74 acd1 bcf0 ac6c ac2a a3c8 9b87 9326 8ae5 82c4 7a84 7a64 6a23 6a24 6a04 6a24 6204 51c3 51a3 6205 5a05 6205 59e5 51a4 5184 59e5 51a4 4142 51a4 51c4 51e5 5a06 4184 28e2 28e2 3143 3123 3944 3123 3964 3964 3943 4184 3123 20a1 2903 3102 3944 20a1 3102 4164 3123 1880 20a1 3964 4185 41a5 3124 28e2 30e2 4143 4143 3902 4122 4962 5a04 6a66 51c4 3922 5a05 72e8 72a7 5a05 49a4 51c4 51e4 4183 3963 3964 3123 3985 3185 52ab 8c93 9d15 adb7 b5d8 be1a c65b c67c ce7c ce7c ce7c c67c c67c c67c c67c c69c c67c c67c c67c c67c c67c c67c c67c c67c c67c c67c c67d c67d c67c c67c c67c c67c c67c c67c c67c c67c be7c be7c be7c be7c be7c be7c be7c be5c be5c be5c be5c be5c be5c be5c be5c be5c be5c be5c be5c be5c be5c be5c be5c be5c be5c be5c be5c b65c b65c b65c b63c b63c b63c b63c b63c b63c b63c b63c b63c b63c b63c b63c b63c b63c b63c b63c b63c b63c b61c b61c b61b b61b b63c b63c b63c b63c b63c b63c b63c b63c b63c b63c b63c b63c b63c b63b b61b b63b b61b b63b b61b b61b b61b adfb adfb adfb adfb adfb adfb adfb 
ffbf f7be f7be f79f f79f f79f f79f f79f f79e f79e f79e f79e f79e f79e f79e f79e f79e f79e f79e f79e f79e f79e f79e f79e f77e f77e f77e f77e f77e f77e f77e ef7e ef7e ef7e ef7e ef7e f77e f77e f77e ef7e ef7e ef7e ef7e ef5e ef5e ef5e ef5e ef5e ef5e ef7e ef7e ef5e ef5e ef5e ef5e ef5e ef5e ef5e ef5e e75e e75e e75e e75e e75e e75e e75e e75e e75e e75e e73e e73e ef3e e73e e73e e73e e73e e73e e73e e73e e73e e73e e73e e73e e73e e73e e73e e71e e71e e71e e73e e73e e73e df1d df1d df1e df1e df1e df1e df1e df1e df1e df1d df1d df1d df1e df1e df1e defe defe defd defd defd d6dd d6dd d6dc d6dc d6dc d6bc ce9b ce5a ce5a bdb6 c593 bcef b46b a3e8 a3c8 ac09 a3a7 9b66 9305 8ae5 7a84 7243 6a03 61e2 61e3 6a24 6a44 6a25 59e3 59c3 6226 6225 59e5 6225 5a05 51e5 4983 3922 3102 3943 4184 49c5 41a5 3123 20a1 28e2 3944 3964 28e2 41a5 3964 4163 4164 3123 20a1 3123 3102 4185 30e2 4964 4164 3103 1881 28e2 4185 3964 2903 2923 1881 3102 3943 4963 4142 5183 6204 72c6 6a65 5a05 6246 72e9 6a87 6226 51a4 4983 4143 3922 4183 3963 3102 3143 3164 3124 39c7 73af 9cf4 ad97 b5d9 b5d9 b5f9 be1a c65b c65b c65b c65c c67c ce9c ce9c ce9c c67c c67c c67c c67c c67c c67c c67c c67c c67c c67c c69c c69c c69d c69d c67c c67c c67c c67c c67c c67c c67c c67c c67c c67c c67c c67c c67c c67c c67c be7c be7c be7c be5c be5c be5c be5c be5c be5c be5c be5c be5c be5c be5c be5c be5c be5c be5c be5c be5c b65c b65c b65c b63c b63c b63c b63c b63c b63c b63c b63c b63c b63c b63c b63c b63c b63c b63c b61c ae1c ae1c ae1c ae1c b63c b63c b63c b63c b63c b63c b63c b63c b61b b61b b61b b61b b61b ae1b ae1b ae1b ae1b ae1b ae1b ae1b adfb adfb adfb adfb adfb adfb adfb adfb 
ffbf f7be f7be f79f f79f f79f f79f f79f f79e f79e f79e f79e f79e f79e f79e f79e f79e f79e f79e f79e f79e f79e f79e f79e f77e f77e f77e f77e f77e f77e f77e ef7e ef7e ef7e ef7e ef7e f77e f77e f77e ef7e ef7e ef7e ef7e ef5e ef5e ef5e ef5e ef5e ef5e ef7e ef7e ef5e ef5e ef5e ef5e ef5e ef5e ef5e ef5e e75e e75e e75e e75e e75e e75e e75e e75e e75e e75e e73e e73e ef3e e73e e73e e73e e73e e73e e73e e73e e73e e73e e73e e73e e73e e73e e73e e71e e71e e71e e73e e73e e73e df1d df1d df1e df1e df1e df1e df1e df1e df1e df1d df1d df1d df1e df1e df1e defe defe defd defd defd d6dd d6dd d6dc d6dc d6dc d6bc ce9b ce5a ce5a bdb6 c593 bcef b46b a3e8 a3c8 ac09 a3a7 9b66 9305 8ae5 7a84 7243 6a03 61e2 61e3 6a24 6a44 6a25 59e3 59c3 6226 6225 59e5 6225 5a05 51e5 4983 3922 3102 3943 4184 49c5 41a5 3123 20a1 28e2 3944 3964 28e2 41a5 3964 4163 4164 3123 20a1 3123 3102 4185 30e2 4964 4164 3103 1881 28e2 4185 3964 2903 2923 1881 3102 3943 4963 4142 5183 6204 72c6 6a65 5a05 6246 72e9 6a87 6226 51a4 4983 4143 3922 4183 3963 3102 3143 3164 3124 39c7 73af 9cf4 ad97 b5d9 b5d9 b5f9 be1a c65b c65b c65b c65c c67c ce9c ce9c ce9c c67c c67c c67c c67c c67c c67c c67c c67c c67c c67c c69c c69c c69d c69d c67c c67c c67c c67c c67c c67c c67c c67c c67c c67c c67c c67c c67c c67c c67c be7c be7c be7c be5c be5c be5c be5c be5c be5c be5c be5c be5c be5c be5c be5c be5c be5c be5c be5c be5c b65c b65c b65c b63c b63c b63c b63c b63c b63c b63c b63c b63c b63c b63c b63c b63c b63c b63c b61c ae1c ae1c ae1c ae1c b63c b63c b63c b63c b63c b63c b63c b63c b61b b61b b61b b61b b61b ae1b ae1b ae1b ae1b ae1b ae1b ae1b adfb adfb adfb adfb adfb adfb adfb adfb 
f7be f7be f7be f79f f79f f79f f79f f79f f79e f79e f79e f79e f79e f79e f79e f79e f79e f79e f79e f79e f79e f77e f77e f77e f77e f77e f77e f77e f77e f77e f77e ef7e ef7e ef7e ef7e ef7e ef7e ef7e ef7e ef7e ef7e ef7e ef7e ef5e ef5e ef5e ef5e ef5e ef5e ef5e ef5e ef5e ef5e ef5e ef5e ef5e ef5e ef5e ef5e ef5e ef5e ef5e ef5e ef5e ef5e ef5e ef5e ef5e ef5e ef5e ef5e ef5e ef5e ef5e ef5e ef5e e73e e73e e73e e73e e73e e73e e73e e73e e73e e73e e71e e71e e71e e73e e73e e73e e73e e73e e71e e71e e71e e71e e71e df1e df1e df1e df1e df1e df1e df1e df1e df1e df1e defd defd d6fd d6fd d6dd ce9b c65b ce9b ce9b c63a be19 bdf7 b533 b4f0 b4ad b46a ac29 a3e8 a3e8 9b66 8ae5 9346 8ae5 82c5 7264 6a43 6a43 6a44 7264 6a44 7265 6204 59e4 6225 59e4 6246 6226 5a05 51e5 49c4 3102 3923 3123 30e2 3102 3123 3123 20a2 20c2 3123 3964 20c2 3123 3964 4143 3943 3143 28e2 3984 3943 41a5 3943 51c5 49a5 3103 20c2 3123 4185 3964 28e2 20c2 1881 3923 49a4 4963 4983 6a45 6a85 7285 6a86 7ae8 834a 6a87 5a05 59e5 5a05 51c4 5a05 49a4 49a4 4163 3963 3123 3123 2903 39a6 630b 8431 ad76 ad97 ad98 b5f9 bdf9 c63a c67b ce7c ce9c ce9d ce9c c67c c67c ce9c ce9c ce9c ce9c ce9c ce9c ce9c ce9c ce9c ce9c ce9d ce9d ce9c ce9c c69c c69c c69c c67d c67d c69d c69c c69c c69c c69c c67c c67c c67c c67c be7c be7c be7c be7c be5c be5c be5c be7c be7c be5c be5c be5c be5c be5c be5c be5c be5c be5c be5c be5c be5c be5c b63c b63c b63c b63c b63c b63c b63c b63c b63c b63c b63c b63c b63c b63c b63c b61c b61c ae1c ae1c ae1b ae1b ae1b ae1c ae1c ae1c ae1c ae1c ae1c ae1c ae1c ae1b ae1b ae1b ae1b ae1b ae1b ae1b adfb adfb adfb adfb adfb adfb adfb adfb a5db a5db a5db a5db a5db 
f7bf f7bf f7bf f7bf f7bf f7bf f79f f79f f79f f79f f79f f79e f79e f79e f79e f79e f79e f79e f79e f79e f79e f77e f77e f77e f77e f77e f77e f77e f77e f77e f77e f77e f77e f77e f77e f77e ef7e ef7e ef7e ef7e ef7e ef7e ef7e ef7e ef7e ef7e ef7e ef7e ef7e ef7e ef7e ef5e ef5e ef5e ef5e ef5e ef5e ef5e ef5e ef5e ef5e ef5e ef5e ef5e ef7e ef7e ef7e ef7e ef7e ef5e ef5e ef5e ef5e ef5e ef5e ef5e ef5e ef5e e75e e73e e73e e73e e73e e73e e73e e73e e73e e73e e73e e73e e73e e73e e73e e73e df1e df1e df1e df1e df1e df1e df1e df1e df1e df1d df1e df1e df1e defd defd defd defd defd d6dd d6dd ce7b c63a c65a c65a c63a b5b7 bd95 b511 b4ae bcac cd0d ac29 a3e8 9b87 8b05 82e5 9346 82e6 8306 82c6 7ac6 82e6 7ac6 7285 6a23 7265 7286 6a45 6204 5182 51a3 59e5 5a05 6266 51c4 3102 3123 3944 3123 3943 3102 20a1 18a1 28e2 3123 3123 28c2 28e2 3944 49a5 3943 3123 2903 3964 4164 3123 3944 51e5 5206 3943 3123 41a5 41c6 3144 2903 20c2 2081 4164 59e5 51a3 5a04 6a86 6a85 7ac7 7ae8 7b2a 7b4a 72c8 6267 6266 6267 6a87 6aa7 5a46 51e5 49a3 49a4 3943 3122 28e2 2903 41c6 738d a535 b5d8 be19 c65b c67b c65b c65b c67b c67b c67b c67b c67b ce9c ce9c c69c ce7c ce9c ce9c ce9c ce9c ce9c ce9c ce9c ce9c ce9c ce9c ce9c c69c c69c c69d c69c c69c c67d c67c c67c c67c c67c c67c be7c be7c be5c be5c be5c be5c be5c be5c be5c be5c be5c be5c be5c be5c be5c be5c be5c be5c be5c be5c be5c be5c b63c b63c b63c b63c b63c b63c b63c b63c b63c b63c b63c b63c b63c b63c b63c b63b b63b b63b b61c b61c ae1c ae1b ae1b ae1b ae1b ae1b ae1b ae1c b61c b61c ae1c ae1c ae1c ae1b ae1b ae1b ae1b ae1b ae1b adfb adfb adfb adfb adfb adfb adfb adfb adfb a5db a5db a5db a5db a5db 
f7bf f7bf f7bf f7bf f7bf f7bf f79f f79f f79e f79e f79e f79e f79e f79e f79e f79e f79e f79e f79e f79e f79e f77e f77e f77e f77e f77e f77e f77e f77e f77e f77e f77e f77e f77e f77e f77e ef7e ef7e ef7e ef7e ef7e f77e f77e f77e f77e f77e ef7e ef7e ef7e ef7e ef7e ef7e ef7e ef7e ef7e ef7e ef7e ef7e ef7e ef7e ef7e ef7e ef7e ef7e ef7e ef7e ef7e ef7e ef7e ef5e ef5e ef5e ef5e ef5e ef5e ef5e ef5e ef5e e75e e73e e73e e73e e73e e73e e73e e73e e73e e73e e73e e73e e73e e73e e73e e73e df1e df1e df1e df1e df1e df1e df1e df1d df1d defd defd df1e defd defd defd defd defd defd d6fd d6dd ce7b ce7b c63a bdf8 be19 bd96 bd73 c530 c50e c4cd c4cc a3e8 a3c8 9b87 9346 82c5 8b06 82e6 7ac6 7ac6 7ae7 7ac6 8b27 8327 7aa5 7264 6223 6224 6224 59e4 4962 4963 51c4 5a26 49a4 3923 28e2 3144 3964 3964 3944 20e2 18a1 20c2 3123 3144 28e2 28e2 3123 49a5 3943 3103 2923 3964 3943 2902 3963 4163 49a4 3944 3944 49a5 3964 2902 28e2 20c2 28e2 6288 6aa8 6a87 6245 72a6 72c7 7ae8 834a 8bac 8bab 7b4a 7b2a 7b4a 836a 7b49 72e8 6a87 6246 5a25 5a05 51e5 49c5 5226 5227 62a9 83ee a534 b5d8 be19 be3a be1a ad98 ad98 ad98 adb8 be1a c63b c65b c65b be5b c65c c67c c67c c67c c67c c67c c67c c67c c67c c67c c67c c67c c67c c67c be7c be7c be7c be7c be7c be7c be7c be7c be7c be7c be7c be5c be5c be5c be5c be5c be5c be5c be5c be5c be5c be5c be5c be5c be5c be5c be5c b65c b65c b65c be5c be5c b63c b63c b63c b63c b63c b63c b63c b63c b63c b63c b63c b63c b63c b63c b63c b63b b63b b63b b61c b61c ae1c ae1b ae1b ae1b ae1b ae1b ae1b ae1c b61c b61c ae1c ae1c ae1c ae1c ae1c ae1b ae1b ae1b ae1b adfb adfb adfb adfb adfb adfb adfb adfb adfb a5fb a5fb a5db a5db a5db 
ffbf ffbf ffbf f7bf f7bf f7bf f7bf f7bf f79f f79f f79f f79e f79e f79e f79e f79e f79e f79e f79e f79e f79e f79e f79e f79e f79e f79e f79e f79e f79e f77e f77e f77e f77e f77e f77e f77e f77e f77e f77e f77e f77e f79e f79e f79e f79e f79e f77e f77e f77e f77e f77e ef7e ef7e ef7e ef7e ef7e ef7e ef7e ef7e ef7e ef7e ef7e ef7e ef7e ef5e ef5e ef5e ef5e ef5e ef5e ef5e ef5e ef5e ef5e e73e e73e e73e e73e e73e e73e e73e e73e e73e e73e e73e e73e e71e e71e e71e e73e e73e e73e e73e e73e df3e df3e df3e df3e df3e df1e df1e df1e df1e df1d d6dd d6dd d6fd d6fd defd defd d6fd d6fd defd d6dd ce7b ce9b be19 b5b7 b576 bd53 c551 c52e b48b ac0a a3c8 9b87 9ba7 9b87 9346 8b26 82e5 7ac5 72a5 7ac6 7ac7 7ac7 8328 8b68 8327 82e6 6a64 6a44 6a44 6a44 6a65 59e4 5a25 51c4 51e4 4163 3102 3943 3123 3103 3143 3103 20c1 20a1 2903 3123 28e2 28e2 28e2 3943 3943 3103 3103 3984 3123 2902 3964 3943 3122 3123 3964 4164 3103 28e2 28e2 28c2 5206 834b 836a 72c8 72c8 7b09 836a 834a 8bac 93cc 940d 8b8b 8bab 8bab 8b8a 7b09 72c8 72e8 72c8 6aa7 6aa7 6ac8 6287 6ac8 7309 730a 732b 7b8d 9492 9cf4 94d3 94f5 94f5 9d16 a598 adda b5fa b63b be3b be3b be3b be5c be5c be7c be7c be5c be5c be5c be7c be7c be7c be7c be7c be7c be7c be7c be7c be7c be7c be7c be7c be7c be7c be7c be7c be7c be7c be5c be5c be5c be5c be5c be5c be5c be5c be5c be5c be5c be5c be5c be5c be5c be5c be5c be5c be5c be5c be5c be5c be5c b63c b63c b63c b63c b63c b63c b63c b63c b63c b63c b63c b63c b63c b63c b63c b63c b63c b61b b61b ae1b ae1b ae1b ae1b ae1b ae1b b61b b61b b61b b61b b61b ae1b ae1b ae1b ae1b ae1b ae1b ae1b ae1b ae1b adfb adfb adfb adfb adfb adfb adfb adfb adfb adfb adfb 
f7bf f7bf f7bf f7bf f7bf f7bf f79f f79f f79f f79f f79f f79e f79e f79e f79e f79e f79e f79e f79e f77e f77e f79e f79e f79e f79e f79e f79e f79e f79e f77e f77e f77e f77e f77e f77e f77e f77e f77e f77e f77e f77e f77e f77e f77e f77e f77e ef7e ef7e ef7e ef7e ef7e ef7e ef7e ef7e ef7e ef7e ef7e ef7e ef5e ef5e ef5e ef5e ef5e ef5e ef5e ef5e ef5e ef5e ef5e e73e e73e e73e e73e e73e e73e e73e e73e e73e e73e e73e e73e e73e e73e e73e e73e e73e e71e e71e e71e e73e e73e e73e e73e e73e df3e df3e df3e df3e df3e df1e df1e df1e df1d df1d defd d6fd d6dd cebc ce9c cebc d6dd d6bc cebc ce9b c619 c65a c5f8 b575 ad13 bd31 c52f c50e bcac b44a a3c9 9b87 9367 8b26 82e5 82e5 82e6 8306 7ae7 7ac6 72a6 72a6 7b07 8b68 8b48 8306 7ac5 7285 7285 6a44 6a44 6224 6a66 5a04 49a3 49a3 3963 3102 3123 3923 3102 3102 28c2 28e2 2903 3103 30e2 3103 28c2 3102 3943 3123 28e2 3943 3123 3103 3964 3103 28e2 3103 3964 3944 3102 30e2 49c6 49a4 7b0a 8bac 7ae9 7ac8 93cc 93cb 8b8b 834a 72a7 6a67 7287 6a87 6a87 72a7 7ac8 72a8 72a7 72c8 72a7 72a7 7b29 836a 7b4a 7329 6287 5226 4184 49e6 6b2c 8430 8451 8c93 9d16 adb9 b5fa b61a b61b be5b be5b b63b b63b be5c be7c be7c be7c be5c be5c be5c be7c be7c be7c be7c c67c c67c c67c c67c c67c c67c c67c c67c be7c be7c be7c be7c be7c be7c be7c be5c be5c be5c be5c be5c be5c be5c be5c be5c be5c be5c be5c be5c be5c be5c be5c be5c be5c be5c be5c be5c be5c be5c be5c be5c b63c b63c b63c b63c b63c b63c b63c b63c b63c b63c b63c b63c b63c b63c b63c b61b b61b b61b ae1b ae1b ae1b ae1b ae1b b61b b61b b61b b61b b61b ae1b ae1b ae1b ae1b ae1b ae1b ae1b ae1b ae1b adfb adfb adfb adfb adfb adfb adfb adfb adfb adfb adfb 
f79e f79e f79e f79f f79f f79f f79f f79f f79e f79e f79e f79e f79e f77e f77e f77e f77e f77e f77e f77e f77e f77e f77e f77e f79e f79e f79e f79e f79e f77e f77e f77e f77e f77e f77e f77e f77e f77e f77e f77e f77e ef7e ef7e ef7e ef7e ef7e ef7e ef7e ef7e ef7e ef7e ef7e ef7e ef7e ef5e ef5e ef5e ef5e ef5e ef5e ef5e ef5e ef5e ef5e e73e e73e e73e e73e e73e e73e e73e e73e e73e e73e e73e e73e e73e e73e e73e e73e e73e e73e e73e e73e e73e e73e e73e e73e e73e e73e e73e e73e e73e e73e e73e e73e e73e e73e e73e e73e e73e df1e e71d df1d df1d df1d defd defd d6dd cebc d6bc d6bc c65b be19 c619 ce38 c5d6 acd1 acaf c52f c54e c50d c4cc c4ac b42a 9367 8b47 8b47 8b48 8b48 8b48 8b69 8349 7ae7 72c7 72a6 7285 7ac6 7b06 8306 7ac5 7284 7284 7284 6203 51a2 51a3 6225 51e4 4162 4183 3902 30e2 3943 4143 3943 3922 3102 3123 3102 3102 3902 3102 30e2 3102 3923 28e2 3143 3964 3103 3944 3123 3103 3123 4984 4984 4143 51e5 6aa8 7b0a 8b8b 9c0d 8b6a 9bcb a42d 9bcc 9bcb 936a 7aa7 7ac8 7a87 6a26 7a87 7ac8 7aa8 7287 7287 7aa8 82e9 8309 8329 834a 7b2a 72c8 5a26 5205 49e6 4a07 5a89 630c 8431 94b4 9d16 a598 adb8 add9 add9 add9 b5fa b61b b61b be3b be7c be7c be7c be5c be5b be5c c67c be7c c67c c67c c69c c69c c69c c67c c67c c69c c69c c67c c67c c67c be7c be7c be7c be7c be7c be5c be5c be5c be5c be5c be5c be5c be5c be5c be5c be5c be5c be5c be5c be5c be5c be5c be5c be5c be5c be5c be5c be5c be5c be5c be5c be5c b65c b63c b63c b63c b63c b63c b63b b63b b63b b63b b63b b63b b63b b61b b61b b61b ae1b ae1b ae1b ae1b ae1b b61b b61b b61b b61b b61b ae1b ae1b ae1b ae1b ae1b ae1b ae1b ae1b ae1b ae1b adfb adfb adfb adfb adfb adfb adfb adfb adfb adfb 
f79e f79e f79e f77e f77e f77e f77e f77e f77e f77e f77e f77e f77e ef7e ef7e ef7e ef7e ef7e f77e f77e f77e f77e f77e f77e f79e f79e f77e f77e f77e f77e f77e f77e f77e f77e f77e f77e f77e f77e f77e ef7e ef7e ef7e ef7e ef7e ef5e ef5e ef5e ef5e ef5e ef5e ef5e ef5e ef5e ef5e ef5e ef5e ef5e ef5e ef5e ef5e ef5e ef5e ef5e ef5e ef5e ef5e ef5e ef5e ef5e e73e e73e ef5e ef5e ef5e e75e e75e e75e e75e e75e e75e e75e e75e e75e e75e e73e e73e e73e e73e e73e e73e e73e e73e e73e e73e e75e e75e e73e e73e e73e e73e e73e e73e e73d e73d e73e df1d df1d df1d df1d df1e d6dc d6fc ce9b be19 c618 c5d6 c573 cd71 d591 d590 d56f c50e bc8c ac2a 9ba8 9367 8327 93aa a40c 9bcb 93ab 93cb 8bab 72c7 6a86 72c6 6a85 6a65 72a5 82e6 8306 82e6 7ac6 7265 6a44 59c3 4962 59e4 6a66 4983 4983 4143 3922 4122 49a3 51a4 4983 4142 4143 3902 3922 4143 4163 3922 3922 3923 3923 3963 3943 3902 4184 4163 3943 4984 59e5 6226 6a67 7ae9 7b29 9c0d 9c0d a42d a40d a40c a40c a3ec 936a 82e8 82a7 7aa7 82e8 7ac8 82e9 82e9 8b09 7ac8 82e8 7ac8 7ac8 7ae8 72c8 72e8 6a87 5a26 51c4 5206 49c5 3964 3144 4207 632d 8c92 a536 a577 9d36 a597 a598 a598 adb9 b61b be5b be5c be5c c67c be5c be5b be5b c67c c67c c67c c67c c67c c69d c69d c69d c69d c69d c69d c69d c69d c67c c67c c67c c67c c67c be7c be7c be5c be5c be5c be5c be5c be5c be5c be5c be5c be5c be5c be5c be5c be5c be5c be5c be5c be5c be5c be5c be5c be5c be5c be5c be5c be5c be5c be5c b65c b65c b63c b63c b63c b63c b63c b63b b63b b63b b63b b63b b63b b61b b61b b61b ae1b ae1b ae1b ae1b b61b b61b b61b b61b b61b b61b b61b b61b b61b b61b b61b b61b b61b b61b b61b ae1b adfb adfb adfb adfb adfb adfb adfb adfb adfb 
f77e f77e f77e ef7e ef7e ef7e ef7e ef7e f77e f77e f77e f77e f77e ef7e ef7e ef7e f77e f77e f77e f77e f77e f77e f77e f77e f79e f79e f77e f77e f77e f77e f77e ef7e ef7e ef7e f77e f77e f77e f77e ef7e ef7e ef7e ef7e ef7e ef7e ef5e ef5e ef5e ef5e ef5e ef7e ef7e ef7e ef7e ef7e ef7e ef7e ef7e ef5e ef5e ef7e ef7e ef7e ef7e ef7e ef7e ef7e ef5e ef5e ef5e ef5e ef5e ef5e ef5e ef5e ef5e ef5e e75e e75e e75e e75e e75e e75e e75e e75e e73e e73e e73e e73e e73e e75e e75e e75e e75e e75e e75e e75e e73d e73d e73d e73e e73e e73d e73d e73d df3d df1d df1d df1d df1d df1e df1d defd cebc be19 c5f7 bd53 cd72 ddb1 e5d1 d56f c50e bcac bcac ac2a 9bc9 8326 72c6 7ae7 8b8a 8b8a 836a 8b8b 836a 8349 72a7 72a7 6a86 72a6 7ac6 72a5 7ac6 8307 7ae7 7286 6a65 6224 59e4 59e4 6245 59e4 4983 4963 4983 4983 5183 4963 4983 4963 4963 3902 4142 51a4 51a4 4963 4963 3923 4163 51e5 51c5 4983 51c4 51c4 51c4 6a67 72a7 7b09 8329 8b4a 9bcc 9bec a40d a3ec 9bcb a40c a3cb 9349 8b28 8b29 8b08 8b2a 8b2a 8b4a 936b 936b 9bac 93ab 9bac 9bab 936b 938b 8b8b 834a 7ae9 72c8 72c9 6aa8 5206 41a5 3144 3185 4207 4a69 6b6e 7c11 8cb3 9d35 9d57 adf9 b5fa be3b be5c be5c be5b be3b be5b be5c c69c c69c c69c c67c c67c c67c c69c c69c c69c c69d c69d c69d c69d c69c c69c c69c c67c c67c c67c be7c be7c be5c be5c be5c be5c be5c be5c be5c be5c be5c be5c be5c be5c be5c be5c be5c be5c be5c be5c be5c be5c be5c be5c be5c be5c be5c be5c be5c be5c be5c be5c be5c be5c be5c b63c b63c b63c b63c b63b b63b b63b b63b b63b b63b b61b b61b b61b b61b b61b b61b b61b b61b b61b b61b b61b b61b b63b b63b b63b b63b b63b b63b b63b b63b b61b b61b b61b b61b b61b ae1b ae1b ae1b ae1b adfb 
f77e f77e f77e f77e f77e f77e f77e f77e f77e f77e f77e f77e f77e f77e f77e f77e f79e f79e f79e f79e f79e f77e f77e f79e f79e f79e f79e f79e f79e f79e f79e f77e f77e f77e ef7e ef7e ef7e ef7e ef7e ef7e ef7e ef7e ef7e ef7e ef7e ef7e ef7e ef7e ef7e ef9e ef9e ef7e ef7e ef7e ef7e ef7e ef7e ef7e ef7e ef7e ef7e ef7e ef7e ef7e ef7e ef7e ef7e ef7e ef7e ef5e ef5e ef7e ef7e ef7e ef7e ef7e ef5e ef5e ef5e e75e e75e e75e e75e e75e e73e e73e e73e e73e e73e e73e e73e e73e e73e e73e e73e e73e e73d e73d e73d e73e e73e e71d df1d df1d df1d df1d df1d df1d defd defd defd cebc ce7b bdd7 b532 c551 ddd2 e5f1 ee32 ddb0 cd0d bcac bcac ac6b a42b 8b89 8328 7ae8 72c7 72e8 7b09 836a 8b8b 836a 836a 8b6a 7b08 72a6 6a65 6a86 6a86 72c7 7ae7 7ae7 7286 7286 7286 6a66 6a66 6225 59c4 51a3 59c4 61e4 51a3 51a3 59e4 59a4 5183 4963 4962 61e5 59c4 4962 51a4 4963 51a4 6a67 6246 6a66 6a66 6246 6a66 7ac8 8b6a 93ab 938b 8329 9bab 9bcb 936a a3cb 9bab 9bab 9349 9329 934a a3cc a3cd a3cd a3cd a3ed a3ed 9bac a3ed a40d a40d a3ec 9bcc 938b 93ac 93ac 7b09 7b09 6aa8 5206 49e6 4a06 41c6 41c5 4a07 41e7 528a 6b6e 94f4 a556 adb8 adb8 add9 adf9 b61a be3b be5b be5b be7c c69c c69c c69c c69c c69c c69c c69c c69c c69c c69c c69c c69c c69c c69c c69c c69c c69c c69c c69c c67c c67c c67c be7c be7c be7c be7c be7c be5c be5c be5c be5c be5c be5c be5c be5c be5c be5c be7c be7c be7c be5c be5c be5c be5c be5c be7c be7c be5c be5c be5c be5c be5c be5c be5c be5c be5c be5c be5c be5c be5c be5c be5c be3c b63b b63b b63b b63b b61b b61b b61b b63b b63b b63b b63b b63b b63b b63b b63b b63b b63b be5b be5b be5b b63b b63b b63b b63b b63b b61b b61b b61b b61b b61b b61b b61b 
f77e f77e f77e f77e f77e f77e f77e f77e f77e f77e f77e f77e f77e f77e f77e f77e f79e f79e f79e f79e f79e f77e f77e f79e f79e f79e f79e f79e f79e f79e f79e f77e f77e f77e ef7e ef7e ef7e ef7e ef7e ef7e ef7e ef7e ef7e ef7e ef7e ef7e ef7e ef7e ef7e ef9e ef9e ef7e ef7e ef7e ef7e ef7e ef7e ef7e ef7e ef7e ef7e ef7e ef7e ef7e ef7e ef7e ef7e ef7e ef7e ef5e ef5e ef7e ef7e ef7e ef7e ef7e ef5e ef5e ef5e e75e e75e e75e e75e e75e e73e e73e e73e e73e e73e e73e e73e e73e e73e e73e e73e e73e e73d e73d e73d e73e e73e e71d df1d df1d df1d df1d df1d df1d defd defd defd cebc ce7b bdd7 b532 c551 ddd2 e5f1 ee32 ddb0 cd0d bcac bcac ac6b a42b 8b89 8328 7ae8 72c7 72e8 7b09 836a 8b8b 836a 836a 8b6a 7b08 72a6 6a65 6a86 6a86 72c7 7ae7 7ae7 7286 7286 7286 6a66 6a66 6225 59c4 51a3 59c4 61e4 51a3 51a3 59e4 59a4 5183 4963 4962 61e5 59c4 4962 51a4 4963 51a4 6a67 6246 6a66 6a66 6246 6a66 7ac8 8b6a 93ab 938b 8329 9bab 9bcb 936a a3cb 9bab 9bab 9349 9329 934a a3cc a3cd a3cd a3cd a3ed a3ed 9bac a3ed a40d a40d a3ec 9bcc 938b 93ac 93ac 7b09 7b09 6aa8 5206 49e6 4a06 41c6 41c5 4a07 41e7 528a 6b6e 94f4 a556 adb8 adb8 add9 adf9 b61a be3b be5b be5b be7c c69c c69c c69c c69c c69c c69c c69c c69c c69c c69c c69c c69c c69c c69c c69c c69c c69c c69c c69c c67c c67c c67c be7c be7c be7c be7c be7c be5c be5c be5c be5c be5c be5c be5c be5c be5c be5c be7c be7c be7c be5c be5c be5c be5c be5c be7c be7c be5c be5c be5c be5c be5c be5c be5c be5c be5c be5c be5c be5c be5c be5c be5c be3c b63b b63b b63b b63b b61b b61b b61b b63b b63b b63b b63b b63b b63b b63b b63b b63b b63b be5b be5b be5b b63b b63b b63b b63b b63b b61b b61b b61b b61b b61b b61b b61b 
f79e f79e f79e f79e f79e f79e f79e f79e f79e f79e f79e f79e f79e f79e f79e f79e f79e f79e f79e f79e f79e f79e f79e f79e f79e f79e f79e f79e f79e f79e f79e f77e f77e f77e ef7e ef7e ef7e ef7e ef7e ef7e ef7e ef7e ef7e ef7e ef7e ef7e ef7e ef7e ef7e ef7e ef7e ef7e ef7e ef7e ef7e ef7e ef5e ef5e ef5e ef7e ef7e ef7e ef7e ef7e ef5e ef5e ef5e ef5e ef5e ef5e ef5e ef5e ef5e ef5e e75e e75e e75e e75e e75e e73e e73e e73e e73e e73e e73e e73e e73e e73e e73e e73e e73e e73d e73d e73d df1e df1e df1e df1e df1e df1e df1e df1e df1d df1d defd defd d6dc d6dc d6dc d6bc d6bc ce7b ce39 ad13 b4f0 bd0f d56f ddb0 ee11 e5d0 cd4e bcac ac6b ac6c ac4c a40c 9c0c 9bec 834a 7b08 7b09 8329 834a 836a 836a 8b6a 8b8a 7ae7 6a65 6a66 6a66 6a45 72a7 8329 8309 8329 8329 8309 7287 6a46 6a66 6a26 6a66 7266 6a46 6a46 6a26 6a25 61e4 61e4 59a3 6a25 7267 6205 6a46 61e4 6205 7287 72c8 8309 7ac8 7ac8 8329 8329 9bcc a40d a3ec 938b 9bcc 9bab 936a 9bcc 9b8b 8b4a 936a a3ac a3cc ac0e ac2f a40e ac0e ac2e b46f b44e ac2d ac2d ac2d b46e ac6f 9bed 93cc 834a 6a87 6246 51e5 4184 4163 4184 49e6 49e5 49e5 5268 632c 73af 7c31 94d4 a577 adb8 b5fa b5fa b61a be3a c67c c69c c69c c67b c67b c67b c67c c69c c69c c69c c69c c69c c69c c67c c67c c67c c67c c67c c69c c69c c69c c69c c69c c67c c67c c67c c67c c67c c67c c67c c67c c67c c67c c67c c67c be7c be7c be7c be7c be7c be7c be7c be7c c67c c67c be7c be7c be7c be7c be7c be7c be7c be7c be7c be7c be7c be7b be5b be5c be5c be5c be5c be5c be5c be5c be5c be5c be5c be3b be3b be3b be5b be5b be3b be3b be5b be5b be5b be3b be3b be5b be5b be5b be5b be5b be5b be5b be5b be5b be5b be3b be3b be3b b63b b63b b61b b61b b61b 
f7be f7be f7be f7bf f7bf f7bf f7be f7be f7be f7be f7be f7be f7be f79e f79e f79e f79e f79e f79e f79e f79e f79e f79e f79e f79e f79e f77e f77e f77e f77e f77e ef7e ef7e ef7e ef7e ef7e ef7e ef7e ef7e ef7e ef7e ef7e ef7e ef7e ef7e ef7e ef5e ef5e ef5e ef5e ef5e ef5e ef5e ef5e ef5e ef5e ef5e ef5e ef5e ef5e ef5e ef5e ef5e ef5e ef5e ef5e ef5e ef5e ef5e ef5e ef5e ef5e ef5e ef5e e75e e75e e75e e75e e75e e73e e73e e73e e73e e73e e73e e73e e73e e73e e73e e73d e73d e73e e73e e73e df1e df1e df1e e71e df1e df1e df1e df1d df1d df1d df1d d6dc d6dc d6bb ce7a ce5a c5f8 c5d8 bd75 b4d1 bccf bcee dd90 e5f1 e5d0 cd2e c4ed bccd ac6c a3ea 9bea 9beb 8b8a 93aa 8baa 836a 8329 7ae8 8329 8329 72e8 6a87 6aa7 7ae7 7b08 6a86 72a7 6a45 72a7 7ae8 72a7 7ac8 8b4b 8b4b 7ae9 6a67 8309 8309 7ac8 7ac8 7aa7 7ac8 7aa7 7287 6a26 7266 6a25 7a87 82e8 82e8 82e8 7ac7 6a46 7aa8 8b6a 8b6b 8309 8b2a 9bac ac2e ac4e ac4e a40d a40c a40d a40d ac4e ac4e a3ed 9bcc 9bcd ac2f ac4f b46f bcb0 bcb0 bcb0 bcb0 c4f1 c4d1 bc8f ac2d a3ec ac2d ac6e ac6e ac4e 93cc 7b09 6a67 5a46 6246 5a47 5a47 5206 49c5 49a4 5247 5a89 738e 8431 8472 8c93 9515 a577 a578 ad98 b5d9 b5fa be3a c65b c67b c67b c69c ce9c ce9c ce9c ce9c ce9c ce9c ce9c ce9c ce9c ce9c ce9c ce9c ce9c ce9c ce9c ce9c ce9c c69c c69c c69c c69c c69c c69c c69c c69c c69c c69c c67c c67c c67c c67c c67c c67c c67c c67c c67c c67c c67c c67c c67c c67c c67c c67c c67c c67c c67c c67c c67b c67b be7b be7b be7b be7c be7c be7b be7b be7b be5b be5b be5b be5b be5b be5b be5b be5b be5b be5b be5b be5b be5b be5b be5b be5b be5b be5b be5b be5b be5b be5b be5b be5b be5b be3b be3b be3b be3b be3b be3b be3b b63b b61a b61a 
f7bf ffbf ffbf ffbf ffbf ffbf ffbe ffbe f7be f7be f7be f7be f7be f79e f79e f79e f79e f79e f79e f79e f79e f79e f79e f79e f79e f79e f77e f77e f77e f77e f77e ef7e ef7e ef7e ef7e ef7e ef7e ef7e ef7e ef7e ef7e ef7e ef7e ef7e ef7e ef7e ef5e ef5e ef5e ef5e ef5e ef5e ef5e ef5e ef5e ef5e ef5e ef5e ef5e ef5e ef5e ef5e ef5e ef5e ef5e ef5e e75e e75e e75e e75e e75e e75e e75e e75e e75e e75e e75e e75e e75e e73e e73e e73e e73e e73e e73e e73e e73e e73e e73e e73e e73e e73e e73e e73e e73d e73d e73d df1d e73d e73e e73e e73e e73d df3d df1d df1d df1d d6bb ce59 c618 b575 bd95 bcf2 bcf0 bcce cd4f dd90 ee12 e5d1 cd0e c4ed b4ac b48c ac6c ac6d ac6d 9beb 9beb 9c0c 9beb 93aa 8349 8329 7b28 72e8 6aa7 6a86 6a86 72a7 72c7 72a7 7ac8 72c8 72a7 72a8 7287 6a67 7b09 8b6b 7ae9 7287 82e9 8309 7ac8 8309 8b4a 8b4a 8b4a 82e9 82e8 7aa7 8b09 82e8 936a 82c7 82c7 8b49 936a 9bab 8b4a 936a 9bac a40d b48f bcaf b48f ac4e ac6e ac4e ac4f b490 b490 a42e a40e ac90 b4b1 b490 b490 bcb0 cd11 c511 c4f1 c511 cd32 d552 cd31 c4f0 b46e a3ec 9bcc a40d a42d 8b8b 72e8 6266 6246 5a26 5206 49c4 41a4 4183 41a5 3985 3986 4a69 7c11 94f5 a556 adb8 b5d9 b5d9 b5fa be1a c65b c67b ce9c ce9c ce9c ce9c ce9c cebc cebc ce9c ce9c ce9c cebc cebc ce9c ce9c ce9c ce9c ce9c ce9c ce9c ce9c ce9c ce9c ce7c ce7c c67c c67c c67c c67c c67c c67c c69c c69c c69c c69c c69c c67c c67c c67c c67c c67c c67c c67c c67c c67c c67c c69c c69c c67b c67b c67b c67b c67b c67b c67b c67b c67c c67c be7b be7b be7b be5b be5b be5b be5b be5b be5b be5b be5b be5b be5b be3b be3b be3b be3b be3b be3b be3b be3b be3b be3b b63b b63b b63b b63b b63b b63b b63b b63b b63b b61b b63b b61b b61b b61b b61b 
ffbf ffbf ffbf ffbf ffbf ffbf f7be f7be f7be f7be f7be f79e f79e f79e f79e f79e f79e f79e f79e f79e f79e f79e f79e f79e f79e f79e f79e f79e f79e f77e f77e f77e f77e f77e f77e f77e f77e f77e ef7e ef7e ef7e ef7e ef7e ef7e ef7e ef7e ef7e ef7e ef7e ef7e ef7e ef7e ef7e ef7e ef5e ef5e ef5e ef5e ef5e ef5e ef5e ef5e ef5e ef5e e75e e75e e75e e75e e75e e75e e75e e75e e75e e75e e75e e75e e75e e75e e75e e73e e73e e73e e73e e73e e75e e75e e73e e73e e73e e73e e73e e73e e73e e73e e73d e73d e73d e71d e73d e73d e73e e73d e73e e73e e73d df1d dedc d6bb d67a bd95 b533 bd32 c531 cd50 c50e c4cd c4ed dd8f d56f cd4e c50e bced c50f c50f b48d bcef b4ae ac6d 9c0c 93eb 93aa 8baa 8b8a 8349 7b29 7b29 7b08 7ae8 72a7 72a7 72c7 8329 834a 832a 8b2a 8309 7ac8 7ac8 7ae9 8b4a 7ac8 7aa7 8309 8b29 8b4a 8b29 8b4a 9bab 9b8a 9b6a 934a 9349 9b8b 9b8b 9349 8b29 9bab 936a 9bab 936a 936a ac2d b48f bcaf b46e ac6e b46e b4af ac4e ac2e ac4e a42e b490 b4b0 bcf1 c512 c512 cd12 cd32 cd32 cd11 cd11 d552 cd52 d593 d593 d572 cd31 bcd0 bcd0 b4b0 ac4e 93ab 8329 6aa7 5a26 5a26 51e5 49a4 3942 3922 3963 41a5 3123 2965 52ab 7c11 a577 b5d8 be3b be3b c65b c67b c65b c65b ce9c cebc cebc cebc cebc cebc cebc ce9c ce9c cebc cebc cebc ce9c ce9c ce9c ce9c ce9c c69c c69c c69c c69c c67c c67c c67c c67c c67c c67c c67c c67c c67c c67c c67c c67c c67c c67c c67c c67c c67c c69c c67c c67c c67c c67c c67c c67c c67c c67c c67b c67b c67b c67b c67b c67b c67b c67b c67c c67c c67b be5b be5b be5b be5b be5b be5b be5b be5b be5b be3b be3b be3b b63b b63b b63b b63b b63b b63b b63b b63b b63b b63b b63b b63b b63b b63b b63b b63b b63b b61b b61b b61b b61b b61b b61b b61b b61b 
ffbf ffbf ffbf f7bf f7bf f7bf f7be f7be f79e f79e f79e f79e f79e f79e f79e f79e f79e f79e f79e f79e f79e f79e f79e f79e f79e f79e f79e f79e f79e f79e f79e f79e f79e f79e f77e f77e f77e f77e f77e f77e f77e f77e f77e f77e ef7e ef7e ef7e ef7e ef7e ef7e ef7e ef7e ef7e ef7e ef5e ef5e ef5e ef5e ef5e ef5e ef5e ef5e ef5e ef5e ef5e ef5e ef5e ef5e ef5e ef5e ef5e e75e e75e e75e e75e e75e e75e e75e e75e ef5e ef5e ef5e ef5e ef5e e75e e75e e75e e75e e75e e75e e75e e75e e75e e75e e73e e73d e73d e73d df1d df1c df1d defc e71d e71d df1d df1d dedb d69a ce18 b533 acf1 ac8f bccf cd30 d54f d54f dd8f ddaf d56e d56f cd4f cd6f cd50 bcce ac6c a42c a44c a42c 9beb 93ca 93cb 8bab 93cb 8bab 834a 8349 8349 8329 7b08 7ae8 72c8 7ae8 834a 832a 8309 936b 8b4a 8b2a 82e9 7ac8 8309 8309 8308 938a 9bab 9b8b 9bab 9349 9b6a 9b8a a3ab 9b8b ac2d a3cc a3ab 9b6a 9b6a 9349 9b8a 9349 936a b46e b48e ac2d a3cb 9bcb a3ec a3ec 9bab 9bcc ac2e b4b0 bcf1 c511 c532 cd32 d553 d573 d552 d572 d552 d552 d531 ccf0 cd32 d593 d573 d573 cd52 c511 bcd0 ac8f a42d 8b6a 72c8 6aa7 6aa8 6267 51e5 51c4 49a4 4183 49c5 3984 39c6 4249 5b0d 8432 9d16 b5f9 ce7c c65b ce9c ce9c c67b ce9b ce9c cebc cebc cebc cebc cebc cebc cebc cebc ce9c ce9c ce9c ce9c ce9c c69c c69c c69c c69c c69c c69c c67c c67c c67c c67c c67c c67c c67c c67c c67c c67c c67c c67c c67c c67c c67b c67b c69c c69c c69c c67c c67c c67c c67c c67c c67b c67b c67b c67b c67b c67b c67b c67b c67b c67b c67b c67b c65b be5b be5b be5b be5b be5b be5b be5b be5b be5b be3b be3b be3b b63b b63b b63b b63b b63b b63b b63b b63b b63b b63b b63b b63b b63b b63b b63b b63b b63b b63b b63b b63b b61b b61b b61b b61b b61b 
ffbe f7be f7be f7be f7be f7be f7be f7be f79e f79e f79e f79e f79e f79e f79e f79e f79e f79e f79e f79e f79e f79e f79e f79e f79e f79e f79e f79e f79e f79e f79e f79e f79e f79e f79e f79e f79e f79e f79e f77e f77e f77e f77e f77e f77e f77e f77e f77e f77e ef7e ef7e ef7e ef7e ef7e ef7e ef7e ef7e ef7e ef7e ef7e ef7e ef7e ef7e ef7e ef5e ef5e ef5e ef5e ef5e ef5e ef5e ef5e ef5e ef5e ef5e ef5e ef5e ef5e ef5e ef5e ef5e ef5e ef5e ef5e ef5e ef5e ef5e ef5e ef5e ef5e ef5e ef5e ef5e ef5e ef5e e73d df1c defc defc defc df1d defd dedc d6bc dedc d69b ce59 bdb5 bd54 bd12 bd11 b4cf c50f d590 d590 d590 e5d1 e5d0 ddd0 ddd0 cd4e c52e bccd ac4b a42b a40a 9c0b 9bea 93ca 93ca 93cb 93ab 93ec 9bec 9c2d 93cc 8bab 93ab 93cb 8bab 93cc 93ab 93ab 9bed 93ac 938b 936b 8b4a 8b4a 82e9 82e8 8b09 934a 9bab a3cc 9bab 9b6a 9349 9b6a a3ab abec a3ec ac2d ac0d abec abec a3cb a3ab 9329 a3ca a40b b46d ac0c 9bab 9b8a 936a 938a 938b 938b a40d b490 c4f1 cd32 c532 cd32 cd11 cd32 d531 cd31 cd51 d552 d552 cd11 c4af c4d0 d572 d573 d593 d593 d573 c511 a42e 93cb 8b6a 7ae8 7b09 7b08 7b09 7b09 72c8 5a26 49a3 4184 3143 39a5 630c 7bf0 73d0 7c31 9d15 bdf9 be19 c63a ce7b ce9c cebc cebc cebc ce9c ce9c cebc cebc cebc cebc ce9c ce9c ce9c ce9c ce9c ce9c ce9c ce9c ce9c ce9c ce9c ce9c ce9c ce9c ce9c ce9c c67c c67c c67c c67c c67c c67b c67b c69c c69c c69c c69c c69c c67c c67c c67c c67c c67c c67b c67b c67b c67b c67b c67b c67b c67b c67b c67b c67b c67b c67b c67b c67b c67b c65b c65b be5b be5b be5b be5b be5b be5b be5b be5b be5b be5b be3b be3b be5b be5b be5b be3b be3b be3b be3b be3b b63b b63b be3b be3b be3b b63b b63b b63b b63b b63b b63b b61b b61b b61b b61b 
ffbe f7be f7be f7be f79e f79e f7be f7be f7be f7be f7be f7be f7be f7be f7be f7be f79e f79e f79e f79e f79e f79e f79e f79e f79e f79e f79e f79e f79e f79e f79e f79e f79e f79e f79e f79e f79e f79e f79e f79e f79e f79e f79e f79e f79e f79e f79e f79e f77e f77e f77e f77e f77e ef7e ef7e ef7e ef7e ef7e ef7e ef7e ef7e ef7e ef7e ef7e ef7e ef7e ef5e ef5e ef5e ef5e ef5e ef5e ef5e ef5e ef7e ef7e ef7e ef7e ef7e ef5e ef5e ef5d ef5d ef5d ef5d ef5d ef5e ef5e ef5e ef7e ef7e ef7e ef5e ef5e ef5d e73d dedb ce7a ce7a dedc df1d defd d6dc d6bc ce7b bdb7 b554 bd53 c532 bcf0 bcef c52f cd6f d58f ddb0 ddd0 dd8f d54e d56e d58f ddb0 cd2e bced b48c a42b 9bea 93c9 93a9 8b89 93aa 93ca 93cb 8b8a 8349 8b6a 8349 8349 8b8a 93cc 93ec 93cc 93cc 9bed a42e a40d 9bed 9bed 9bcc 93ac 938b 936b 9b8b 9b8b a3cb ac0c ac0c 9b6a 9b49 a36a a3ab ac2d b44e ac2d b44e abec abec a3cb a3cb 9b8a a3eb a3ea a3ca 9b8a 8b28 9349 936a 938a 9bab a40d bcd0 cd52 d573 d573 c511 c4f0 bcaf bc8f bc8e c4af c4cf cd11 cd11 cd31 ccf1 bcb0 c511 d552 d593 d593 d593 d593 c511 a42d 8349 7ae8 72e8 6aa7 72c8 7b29 7b08 6a87 5a05 49c4 3943 3144 4207 6b6d 8c72 a535 a556 a536 bdf9 b5d8 c65a ce7b ce9b ce9c cebc d6bc d6bc cebc ce9c ce9c cebc ce9c cebc cebc cebc cebc cebc cebc cebc cebc cebc cebc ce9c ce9c ce9c ce9c ce9c ce9c ce9c ce9c ce9c ce9c ce9b ce9b ce9c ce9c ce9c ce9c ce9c ce9c ce9c ce9c ce9c ce9c ce9b ce9b ce9b ce9c ce9c ce9c ce9c ce9c ce7b ce7b c67b c67b c67b c67b c67b c67b c67b c67b c67b c67b c67b c67b c67b be7b be7b be5b be5b be5b be7b be7b be5b be5b be5b be5b be5b be5b be5b be5b be5b be5b be5b be5b be5b be3b be3b be3b be3b be3b b63b b63b b61b b61b b61b 
ffbe f7be f7be f7be ffbf ffbf f7be f7be ffbe ffbe ffbe f7be f7be f7be f7be f7be f7be f7be f7be f79e f79e f79e f79e f79e f7be f7be f79e f79e f79e f79e f79e f79e f79e f79e f79e f79e f79e f79e f79e f79e f79e f79e f79e f79e f79e f79e f79e f79e f79e f79e f79e f77e f77e f77e f77e f77e ef7e ef7e ef7e ef7e ef7e ef7e ef7e ef7e ef7e ef7e ef7e ef7e ef7e ef7e ef7e ef5e ef5e ef5e ef5e ef5e ef5e ef5e ef5e ef5e ef5e ef5e ef5e ef5e ef5e ef5e ef5e ef5e ef5e ef5e ef5e ef5e ef5d ef5d e73d e71d defc c639 b5b7 bdd8 bdf8 d6bb e71d d6bb ce5a c5d7 b533 bd11 c510 bcae c52f d570 d56f d56f e5d1 ddb0 d54e cd2d d54e d56f ddd1 cd4f c52e c52f b4ad 9bea 93ca 8b89 8368 8b69 8b89 8b8a 8349 7308 7b08 72e8 7b08 7b08 8b8a 93ac 93ac 9c0d ac6f ac6e b46f b46f ac4e ac4e ac4e b46f ac0d a3ec a3cc ac0c ac0c ac2d a3cb 9b69 9b49 a38a abec b44d b46e b46e ac0c a3aa a389 9b69 9b89 9b48 9307 82c6 82e7 8b28 9bab a40c ac2e b4af bcb0 cd32 d573 cd52 c511 bcaf b44e b42d ac0c abec ac0c b42d bc6e c4af cd11 cd32 cd12 c4f1 d552 d593 d552 cd52 d593 cd73 bcd0 93ab 7ae8 6a65 6225 5a25 5a05 6246 6a66 5a25 49e4 3963 3123 3185 5acb 73cf a556 be19 bdf9 c63a c63a c619 ce7b ce7b ce9b ce9b ce9b d6bc cebc ce9c cebc cebc cebc ce9c ce9c cebc cebc cebc cebc cebc d6bc d6bc d6bc d6bc d6bc d6bc d6bc d6bc d6bc d6bc d6bc d6bc d6bc d6bc d6bc d6bc d6bc d6bc d6bc d6bc d6bc d6bc d6bc cebc ce9c ce9c ce9c ce9c ce9c ce9c ce9c ce9c ce9c ce7b ce7b c67b c67b c67b c67c c67c c67b c67b c67b c67b c67b c67b c67b c67b c67b c67b c67b c67b c67b be5b be5b be5b be5b be5b be5b be5b be5b be5b be5b be5b be5b be5b be5b be5b be5b be3b be3b be3b be3b b63b b63b b61b b61b b61b 
ffbe f7be f7be f7be ffbf ffbf f7be f7be ffbe ffbe ffbe f7be f7be f7be f7be f7be f7be f7be f7be f79e f79e f79e f79e f79e f7be f7be f79e f79e f79e f79e f79e f79e f79e f79e f79e f79e f79e f79e f79e f79e f79e f79e f79e f79e f79e f79e f79e f79e f79e f79e f79e f77e f77e f77e f77e f77e ef7e ef7e ef7e ef7e ef7e ef7e ef7e ef7e ef7e ef7e ef7e ef7e ef7e ef7e ef7e ef5e ef5e ef5e ef5e ef5e ef5e ef5e ef5e ef5e ef5e ef5e ef5e ef5e ef5e ef5e ef5e ef5e ef5e ef5e ef5e ef5e ef5d ef5d e73d e71d defc c639 b5b7 bdd8 bdf8 d6bb e71d d6bb ce5a c5d7 b533 bd11 c510 bcae c52f d570 d56f d56f e5d1 ddb0 d54e cd2d d54e d56f ddd1 cd4f c52e c52f b4ad 9bea 93ca 8b89 8368 8b69 8b89 8b8a 8349 7308 7b08 72e8 7b08 7b08 8b8a 93ac 93ac 9c0d ac6f ac6e b46f b46f ac4e ac4e ac4e b46f ac0d a3ec a3cc ac0c ac0c ac2d a3cb 9b69 9b49 a38a abec b44d b46e b46e ac0c a3aa a389 9b69 9b89 9b48 9307 82c6 82e7 8b28 9bab a40c ac2e b4af bcb0 cd32 d573 cd52 c511 bcaf b44e b42d ac0c abec ac0c b42d bc6e c4af cd11 cd32 cd12 c4f1 d552 d593 d552 cd52 d593 cd73 bcd0 93ab 7ae8 6a65 6225 5a25 5a05 6246 6a66 5a25 49e4 3963 3123 3185 5acb 73cf a556 be19 bdf9 c63a c63a c619 ce7b ce7b ce9b ce9b ce9b d6bc cebc ce9c cebc cebc cebc ce9c ce9c cebc cebc cebc cebc cebc d6bc d6bc d6bc d6bc d6bc d6bc d6bc d6bc d6bc d6bc d6bc d6bc d6bc d6bc d6bc d6bc d6bc d6bc d6bc d6bc d6bc d6bc d6bc cebc ce9c ce9c ce9c ce9c ce9c ce9c ce9c ce9c ce9c ce7b ce7b c67b c67b c67b c67c c67c c67b c67b c67b c67b c67b c67b c67b c67b c67b c67b c67b c67b c67b be5b be5b be5b be5b be5b be5b be5b be5b be5b be5b be5b be5b be5b be5b be5b be5b be3b be3b be3b be3b b63b b63b b61b b61b b61b 
ffbf ffbe ffbe ffbe ffde ffde ffde ffde ffbe ffbe ffbe ffbe ffbe ffbe ffbe ffbe f7be f7be f7be f7be f7be f7be f7be f7be f7be f7be f79e f79e f79e f79e f79e f79e f79e f79e f79e f79e f79e f79e f79e f79e f79e f79e f79e f79e f79e f79e f79e f79e f79e f79e f79e f79e f79e f79e f79e f79e f77e f77e f77e f77e f77e f77e f77e ef7e ef7e ef7e ef7e ef7e ef7e ef7e ef7e ef7e ef7e ef7e ef7e ef7e ef7e ef7e ef7e ef5e ef5e ef5e ef5e ef5e ef5e ef5e ef5e ef5e ef5e ef7e ef7e ef5d ef5d ef5d e73d e73d e71c ce79 ad75 a4f4 b596 a514 b595 ce58 ce38 b554 b511 bd10 c50f c4cd d54f cd4f dd90 cd4f ddb1 ddb0 d54e ddaf ddaf e5d0 d56f d570 cd70 c550 bcee ac6c a42c 93eb 8b8a 8b8a 8bab 8bcb 8bcb 8bab 83ab 8bab 8b8b 8b8b 9bec 9bcd a40e ac6f bcb0 bcaf b46f bc8f bc8f b46e b44e b44e b42d ac0d b40d b40d b42d ac2d a3cb a3aa 9b49 a389 a3aa a3cb ac0c b42d abeb 9327 92e7 8ae7 9307 9328 9348 8b07 8b08 9bcb ac6e bcf0 bcf1 bcf1 c511 cd32 cd32 c4d1 bc8f b42d abec abcc abcc abcc abcc abcc abec b44e bc8f ccf1 cd32 cd12 cd52 d573 cd32 c511 cd52 cd53 c511 a40d 8328 72a7 6a65 6225 51e4 51c4 5a05 51c4 4142 3963 3943 3164 4a28 6b6d a535 bdd8 bdf9 c63a ce9b ce7b d6bb d6bc ce9b ce9b ce9b d6bc d6bc d6bc d6bc d6bc d6bc d69c d69c d6bc d6bc d6bc d6bc d6bc d6bc d6bc d6bc d6bc d6bc d6bc d6bc d6bc d6bc d6bc d6bc d6bc d6bc d6bc d6bc d6bc d6bc d6bc d6bc d6bc d6bc d6bc d6bc d6bc ce9b ce9b ce9b ce9b ce9c ce9c ce9b ce9b ce9b ce9c ce9c ce7b ce7b c67b c67b c67b c67b c67b c67b c67b c67b c65b c65b c65b c67b c67b c67b c67b c67b be5b be5b be5b be5b be5b be5b be5b be5b be5b be5b be5b be5b be5b be5b be5b be5b be3b be3b be3b be3b b63b b63b b63b b63b b63b 
ffbf ffdf ffdf ffde ffde ffde ffde ffde ffbe ffbe ffbe ffbe ffbe ffbe ffbe ffbe f7be f7be f7be f7be f7be f7be f7be f79e f79e f79e f79e f79e f79e f79e f79e f79e f79e f79e f79e f79e f79e f79e f79e f79e f79e f79e f79e f79e f79e f79e f79e f79e f79e f79e f79e f77e f77e f77e ef7e ef7e f77e f77e f77e ef7e ef7e ef7e ef7e ef7e ef7e ef7e ef5e ef5e ef5e ef5e ef5e ef7e ef7e ef7e ef7e ef7e ef5e ef5d ef5e ef5e ef5e ef5e ef5e ef5e ef5e ef5e ef5e ef5e ef5e ef5e ef5e ef5e ef5e e75d e73d e73d e73d defb c618 9cf4 9cd3 9492 8c10 9471 a4f2 a4b0 ac8e ac6d bccd cd2e d54f cd4f c4ed cd2e ddb0 e5f1 dd8f e5d0 e5d0 ddb0 cd4e c52f bd0e ac8d ac4c 9c0b 9c0b 9c2c 9c4d 9c0c 93ec 836a 836a 8bab 8bac 93ed 93ed 9bed a42e a42e ac2e b44e b48f b46e b44d bc6d b44d b42c b42d b44e bc6e bc4e bc6e bc4e bc4e b44d abec abec abcb a3aa 9b89 a3aa a3aa 9b89 9327 8ac6 8ae7 9b6a a3cc ac0c ac0c a3ec a3ec b48f c532 cd52 c4f1 bcd0 cd32 cd12 c4b0 b46f b44e b42d abec abcc abec abed abcc abcc a3ab a3cc ac0d bc8f c4f1 d553 cd12 cd11 cd32 c4f0 cd32 c532 bcd0 ac4d 938a 7ac7 7286 6a86 72c8 72c8 6246 51e4 49a4 4183 3963 3144 2923 4a48 8c51 b597 b5d8 c65a ce7b ce9b d6bb d6bc d6bc d6bc d6bc d6bc d6bc d6bc d6dc d6bc d6bc d6bc d6bc d6bc d6bc d6bc d6bc d6bc d6bc d6bc d6bc d6bc d6bc d6bc d6bc d6bc d6bc d6bc d6bc d6bc d6bc d6bc d6bc d6bc d6bc d6bc d6bc d6bc d6bc d6bc d6bc cebc cebc ce9b ce9b ce9b ce9c ce9c ce9b ce9b ce9b ce9c ce9c ce7b ce7b c67b c67b c67b c67b c67b c67b c65b c65b c65b c65b c65b c67b c67b c65b c65b c65b c65b c65b be5b be5b be5b be5b be5b be5b be5b be5b be5b be5b be5b be3b be3b be3b be3b be3a be3a be3a b63a b63a b63a b63a b63a 
ffbe ffbf ffbf ffbe f7be f7be f7be f7be f7be f7be f7be f7be f7be f7be f7be f7be f7be f7be f7be f79e f79e f79e f79e f79e f79e f79e f79e f79e f79e f7be f7be f7be f79e f79e f79e f79e f79e f79e f79e f79e f79e f79e f79e f79e f79e f79e f79e f79e f79e f77e f77e f77e f77e ef7e ef7e ef7e ef7e ef7e ef7e ef7e ef7e ef7e ef7e ef7e ef7e ef7e ef7e ef7e ef7e ef7e ef7e ef7e ef7e ef7e ef7e ef7e ef7e ef5e ef5e ef5e ef5e ef5e ef5e ef5e ef5e ef5e ef5e ef5e ef5e ef5e ef5e ef3d e73d e73d e73d e73d e73d e71c defc bdf7 94b2 a4f3 9451 7bae 6b0a 83cc 9c0c ac4b b46b cd0e c4ee c4ed c4cd cd2f e5d1 e5f1 c4ed c4ec cced d56f cd4e c4ee bccd ac6c a40b 93eb 93eb 93ec 940c 940d 8bcc 8bab 838a 8b8b 93cc 9bec 9bed a42d ac2e ac4e ac2d b44e b46e b44d ac0b abeb bc4d ac0c b40c bc6f bc6f c48f c48f c46f c46e bc2e b3ed b40d b44e ac0c a3eb a3cb 9bca a3ca 9b89 9b69 a3cb b46e bc6f bc8f b46e ac0d ac2e bd12 cd73 cd32 c4f1 cd11 d532 ccf1 bc6f b40d b42d b42d b42d b42d b42d b42d b42d b42c ac0c abec ac0c ac0d b46e cd11 cd11 c4f1 cd11 c511 c4f0 bcd0 b48f a40c 938a 7ac7 6a66 5a05 6246 6aa7 6a87 6aa7 5a05 4983 4184 3143 28e2 39a6 630b 8c71 b5b7 be19 ce7a ce9b d6bc d6bc d6bc d6bc d6bc d6bc d6bc d6bc d6bc d6bc d6bc d6bc d6bc d6bc d6bc d6bc d6bc d6bc cebc cebc cebc cebc cebc cebc cebc cebc d6bc d6bc d6bc d6bc d6bc d6bc d6bc d6bc d6bc d6bc d6bc d6bc d6bc d6bc d6bc cebc cebc ce9b ce9b ce9b ce9c ce9c ce9b ce9b ce9b ce9c ce9c c67b c67b c67b c67b c67b c67b c67b c67b c67b c67b c67b c67b c67b c67b c67b c67b c67b c67b c65b c65b c65b c65b c65b c65b c65b c65b c65b c65b be5b be5b be5b be5b be5b be3b be3b be3a be3a be3a be3a be3a be3a be3a be3a 
ffbe f7be f7be f7be f7be f7be f79e f79e f79e f79e f79e f79e f79e f79e f79e f79e f79e f79e f79e f79e f79e f79e f79e f79e f79e f79e f79e f79e f79e f7be f7be f7be f79e f79e f79e f79e f79e f79e f79e f79e f79e f79e f79e f79e f79e f79e ef7e ef7e ef7e ef7e ef7e f77e f77e ef7e ef7e ef7e ef7e ef7e ef7e ef7e ef7e ef7e ef7e ef7e ef7e ef7e ef7e ef7e ef7e ef7e ef7e ef7e ef7e ef7e ef7e ef7e ef7e ef7e ef7e ef5e ef5e ef5e ef5e ef5e ef5e ef5e ef5e ef5e ef5e ef5e ef5e ef5e e73e e73d e73d e71c e71c e73d dedb d69a b595 9cb2 9cb2 7b6d 734b 6ae8 8348 b4ac c50d bcad bcad b46c c4cd cd2e e5f1 d590 bcac bcab cd0d dd8f ddd0 cd2f c50e b4ad a42c 93aa 93cb 8bcb 93ec 93ec 93ec 93cc 8b8a 836a 8b8a 93cb 9bec a42d ac4e b46e b42d ac0d b42d b40c abeb a3ca abeb ac0c ac0d b42e bc4f c490 ccb0 cc8f c44e bc0d abac b40d bc4e bc8f b48e b46e ac0c b44c a40c a3cb ac2d bc8f bc6e bc6e bc8e ac0d ac4e c532 cd73 c512 cd12 d532 ccd0 bc4e ac0d b42e bc4e b40c abcc 9b4a 8ac8 8287 82c8 9329 a3aa abcb abcb ac0c ac0d b44e c4d0 c4d0 bcd0 c511 bcd0 b48f ac2d 9baa 8308 7286 5a04 6245 49a3 49a3 6286 6aa7 5a46 49a4 4183 3102 28e2 3164 4a27 738d 8c92 ad76 bdd8 ce7a d6bb d6bc d6bc d6bc d6bc d6bc d6bc d6bc d6bc d6bc d6bc d6bc d6bc d6bc d6bc d6bc cebc cebc cebc cebc cebc cebc cebc cebc cebc cebc cebc cebc cebc cebc cebc d6bc d6bc d6bc d6bc cebc ce9b ce9b ce9b ce9b ce9b ce9b ce9b ce9b ce9b ce9b ce9c ce9c ce9b ce9b ce9c ce9c ce9c ce7b ce7b c67b c67b c67b c67b c67b c67b c67b c67b c67b c67b c67b c67b c67b c67b c67b c67b c67b c67b c65b c65b c65b c65b c65b c65b c65b c65b c65b c65b c65b be5b be5b be5b be5b be3b be3b be3b be5b be5b be5b be5b be5b 
f7be f7be f7be f7be f7be f7be f7be f7be f79e f79e f79e f79e f79e f79e f79e f79e f79e f79e f79e f7be f7be f7be f7be f79e f79e f79e f79e f79e f79e f79e f79e f79e f79e f79e f79e f79e f79e f79e f79e f79e f79e f77e f77e f77e f77e f77e ef7e ef7e ef7e ef7e ef7e ef7e ef7e ef7e ef7e ef7e ef7e ef7e ef7e ef7e ef7e ef7e ef7e ef7e ef7e ef7e ef7e ef7e ef7e ef5e ef5e ef7e ef5e ef7e ef7e ef7e ef5e ef5e ef5e ef7e ef7e ef5e ef5e ef5e ef5e ef5e ef5e ef5e ef5e e75e e73e e73e e75e e75e ef5e e73d e71c defc d69a c5f7 b574 a4f2 a490 838c 834a 8349 8b48 ac4b bccc bcad bcac bcac c50e d56f d54e bcab cd2d d56f dd8f e5d0 ddb0 c4ee b4ad ac6c 9c0b 93cb 93ec 8bcb 8bcb 8bab 8bab 836a 8349 836a 8b8a 93ab 9bec a40c ac2d ac0c ac0c b40d abec b40d abcc a3ac abcd bc4f b44f b44f b44f bc6f ccb0 c46f bc2f c490 c490 b3ed b40d bc8f c4d0 bcd0 b44d a3cb a3aa 9b8a abeb b44d b42d b42c b40c abec ac2d c512 cd53 c512 cd32 c4d0 bc4e abec b42e b44e 9b6a 6a05 5142 5142 40c0 3880 3060 30a1 4943 61e4 7226 8ac8 a36a abeb b46e bcaf b48f bcaf bcb0 ac4e a40c 8b69 82e7 82e7 7286 6a86 6a86 5a25 51e4 51e4 49a3 4142 3922 3942 3102 3964 41c6 5248 8430 a535 ad96 b5d8 be19 ce7b cebc d6bc d6dc d6dc d6bc d6bc d6bc d6bc d6bc d6dc d6dc d6bc d6bc d6bc cebc cebc cebc cebc cebc cebc cebc cebc cebc cebc cebc cebc cebc cebc cebc cebb cebb ce9b ce9b ce9b ce9b ce9b ce9b ce9b ce9b ce9b ce9b ce9b ce9b ce9b ce9b ce9b ce9b ce9b ce9b ce9c ce9c ce9b ce9b ce7b ce7b ce7b ce7b ce7b ce7b ce7b ce7b ce7b ce7b ce7b c67b c67b c67b c67b c67b c67b c67b c67b c67b c67b c65b c65b c65b c65b c65b c65b c65b c65b be3a be3a be3a be3a be3a be3a be5a c65a be5a be5a be5a be5a 
f7bf f7be f7be f7be f7be f7be f7be f7be f79e f79e f79e f79e f79e f79e f79e f79e f79e f79e f79e f79e f79e f79e f79e f79e f79e f79e f79e f79e f79e f79e f79e f79e f79e f79e f79e f79e f77e f77e f77e f77e f77e f77e f77e f77e f77e f77e f77e f77e f77e ef7e ef7e ef7e ef7e ef7e ef7e ef7e ef7e ef7e ef7e ef7e ef7e ef7e ef7e ef7e ef7e ef7e ef7e ef7e ef7e ef7e ef7e ef7e ef7e ef7e ef7e ef7e ef7e ef7e ef7e ef7e ef7e ef7e ef5e ef5d ef5e ef5e ef5d ef5d ef5d ef5e e73d e73d e73d e73d ef5e ef5d e71c d69a c618 c5f7 b554 a4b0 8bab 836a 72c7 8328 8327 9368 9ba9 ac0a b48c c4ed c50e d54e cd0d cd0d d56e dd8f d56f d54e cd2e b48c a44c 9c0b 93ca 8b8a 836a 838a 836a 836a 7b49 7b29 8349 834a 8b49 8b29 936a 9b8a a3cb a3cc abec ac0d ac0d b42d b42e ac0e bc70 c4b1 bc90 b42e b42e abed b3ee bc2f b42f c490 ccb1 b3ed b40d bc6e bcd0 bcb0 b46e ac0c a38a 9328 a3aa ac0c b44d abcb a369 9329 a3ec c4d1 c512 c512 cd12 c4af b42d b3ec a3ab 82a7 5162 40e0 40e0 40e0 48e0 48e0 40a0 2860 2060 4943 61e5 6163 71c4 9308 abeb b44d ac0c a40c ac2d a40c a3cb 9348 7aa6 7265 6a85 6225 5a25 51e4 5a04 5a05 49a4 41a3 3963 3942 3943 3963 3144 4a07 7bae a514 c639 ce9b c67a c65a c67a ce9b ce9b cebb d6bb d6bc d6bc d6bc d6dc d6dc d6dc d6dc d6dc d6dc d6dc d6dc cebc cebc cebc d6bc d6bc d6bc d6bc d6bc d6bc d6bc cebc cebc cebc ce9b ce9b ce9b ce9b ce9b ce9b ce9b ce9b ce9b ce9b ce9b ce9b ce9b ce9b ce9b ce9b ce9b ce9b ce9b ce9b ce9c ce9b ce9b ce9b ce9b ce9b ce9b ce9b ce9b ce9b ce7b ce7b ce7b ce7b ce7b c67b c67b c67b c67b c67b c67b c67b c67b c67b c67b c65b c65b c65a c65a c65a c65a c65a c65a c65a c65a c65a c65a c65a c65a c65a c65a c65a c65a c65a c65a 
f7bf f7be f7be f79e f79e f79e f7be f7be f79e f79e f79e f79e f79e f79e f79e f79e f79e f79e f79e f79e f79e f79e f79e f79e f79e f79e f79e f79e f79e f79e f79e f79e f79e f79e f77e f77e f77e f77e f77e ef7e ef7e f77e f77e f77e f77e f77e f77e f77e f77e ef7e ef7e ef7e ef7e ef7e ef7e ef7e ef7e ef7e ef7e ef7e ef7e ef7e ef7e ef7e ef7e ef7e ef7e ef7e ef7e f77e f77e f77e f77e f77e f79e f79e f77e f77e f77e ef7e ef7e ef7e ef7d ef7d ef5e ef5d ef5d ef5d ef5d ef5d ef5d ef5d ef5d ef5d e73d e73d ef3d dedb ce38 b554 a4b1 a46e 8b69 7ae6 6244 7285 8307 82e6 9388 ac4b cd2e d56f c50d d54e d54e dd6e d56e ddaf d58f c4ec b48c ac4b 9bea 93aa 8b8a 8349 7b28 7b28 8369 8349 8349 7b08 7ae8 7b08 8b29 8b49 8b29 9329 9b4a 9bac a3ed ac0e b42f b44f b46f b46f c4b0 bc8f b42e abed abcc a3ac a3ad bc2f bc4f abee abad abcd b40e b42d bc8f bcaf bc6e b40b 9b48 9b48 abca a3cb abeb a38a 9b28 8ac7 9329 ac4e c4f2 cd32 cd12 bc8f b3ec 9309 69c4 5141 4941 3901 30c1 30e2 4122 4920 4920 38e1 30c1 51a3 8329 82c8 69c4 6183 8ac6 a389 a389 9b69 a3aa 9b69 8b27 8b07 7aa6 6a45 6204 6225 6246 5a25 51e5 49a4 4163 49a4 4183 3942 4183 41a5 2903 4207 738d 8c71 ad76 ce7a d6dc d6bc ce9b c65a c65a ce5a ce7b d69b d6bb d6bc d6dc d6dc d6dc d6dc d6dc d6dc d6dc d6dc d6bc d6bc d6bc d6bc d6bc d6bc d6bc d6bc d6bc d6bc cebc cebc cebb cebb cebb ce9b ce9b ce9b ce9b ce9b ce9b ce9b ce9b ce9b ce9b ce9b ce9b ce9b ce9b ce9b ce9b ce9b ce9b ce9b ce9b ce9b ce9b ce9b ce9b ce9b ce9b ce9b ce9b ce7b ce7b c67b c67b c67b c67b c67b c67b c67b c67b c67b c67b c67b c67b c67b c67a c67a c65a c65a c65a c65b c65a c67b c67b c67b c65b c65b c65a c65b c65b c65a c65a c65a c65a c65a 
f7be f7be f7be f7be f7be f7be f7be f7be f7be f7be f7be f7be f7be f7be f7be f7be f79e f79e f7be f7be f7be f7be f7be f7be f79e f79e f79e f79e f79e f79e f79e f79e f79e f79e f79e f79e f79e f79e f79e f77e f77e f77e f77e f77e f77e f77e f77e f77e ef7e ef7e ef7e ef7e ef7e ef7e ef7e ef7e ef7e ef7e ef7e ef7e ef7e ef7e ef7e ef7e f79e f79e f79e f79e f79e f77e f77e f79e f79e f79e f77e f77e f77e f77e f77e ef7e ef7e ef7e ef7e ef7e ef7e ef7e ef7e ef7e ef7d ef5d ef5d ef3d ef5d ef7d ef5d e73c deda d658 ce17 acf1 9c4e 8baa 8b68 7ac5 6223 6a64 8b28 82e7 a40b bcac c4ed cd4e d56f d56f dd8f e5cf ddaf dd8f cd2d cd2d c4ed ac6c 9c0b 93ca 8b89 8349 7b28 7b08 7308 72e7 72a7 6a86 72a7 8349 938b 9bcc 9b8b 9b8b 934a 9b8b a3ed ac2f ac2e 9bcc 8b4b 7ac9 7aa8 6a47 6206 6206 61e6 6a27 7247 82a9 934b 9b6c 9b6b a36b a36b a38b ac2d ac4e ac0c 9307 9327 9b48 a389 a3aa a38a 9308 8a86 8265 7a66 936b b46f bcb0 b44e a3ac 8ae8 5963 38a0 4920 4940 3900 28a1 41a7 49c6 4142 4921 4101 30c0 4162 7ae7 9baa 7a87 5121 7a24 9307 9b27 9b47 9348 9327 82c6 82a6 7aa6 6a44 6224 51c3 49a3 4183 4183 3122 28e1 2902 3102 3942 3963 41a5 41c5 5268 5269 8410 a555 b5b7 c65a ce9b ce9b ce7b d6bb d6dc d6dc d6dc d6dc d6dc d6dc d6dc dedc dedc dedc dedc d6dc d6dc d6dc d6dc d6dc d6dc d6dc d6bc d6bc d6bc d6dc d6dc d6dc d6bc d6bc d6bb ce9b ce9b ce9b ce9b ce9b ce9b ce9b ce9b ce9b ce9b ce9b ce9b ce9b ce9b ce9b ce9b ce9b ce9b ce9b ce9b ce9b ce9b ce9b ce9b ce7b ce7b ce7b ce7b ce7b c67b c67b c67b c67b c67b c67b c67b c67b c67b c67b c67b c67b c67b c67b c67b ce7a ce7a ce7b ce7b ce7b ce7a ce7a ce7a ce7a ce7a ce7b ce7b c67a c65a c65a c67a c67a c67a c65a c65a 
f7be f7be f7be f7be f7bf f7bf ffbf ffbf f7be f7be f7be ffbe ffbe ffbe ffbe ffbe f7be f7be f7be f7be f7be f7be f7be f7be f79e f79e f79e f79e f79e f79e f79e f79e f79e f79e f79e f79e f77e f77e f77e ef7e ef7e ef7e ef7e ef7e f77e f77e ef7e ef7e ef7e ef7e ef7e ef7e ef7e ef7e f77e f77e ef7e ef7e ef7e f79e f79e f79e f79e f79e f79e f79e f79e f79e f79e f77e f77e f79e f79e f79e f77e f77e f77e f77e f77e f77d f77d ef7e f77e f77e f77e f77e f79e f79e f79e f77d ef5d ef3c ef3c e6fb ef5c ef3b de99 b553 acd1 a46e 8baa 8b48 7ae6 6a64 7ac5 8307 8327 9bca b48d b46c bcac d54e e5f0 dd8f d52d e5f0 dd8f cd4e c50d c4ed bccc b4ad 9bea 8b69 72c6 6a65 6245 6245 6266 6225 5a04 51c3 59e4 6a66 7ac8 82e9 8b4a 936b 936b 8b6b 8b4b 830a 6a68 51a4 38e2 30a1 2040 1820 1800 1040 1000 1820 2881 4144 5984 61e6 7247 82c9 9309 8b09 8b29 938a 8b08 7204 7a65 9307 9b48 9b48 9b48 92e7 8266 71e4 61c3 7aa8 936a 934a 8ae9 7267 4943 2040 30a0 4140 4960 3900 28a1 3104 3103 3901 4941 38e1 28a0 30e1 6246 7287 5163 5142 8265 9307 9b49 a3aa 9ba9 9369 8b07 82a6 7265 59e3 59e4 51c4 4983 3942 3102 28c1 28c1 3143 3122 3102 3122 3964 41a5 4a27 4a48 5aaa 7bf0 a555 b5d8 ce7a ce9b ce9b ce9b d6bb d6db d6db defc defc defc defc defc defc defc defc defc defc dedc dedc dedc d6dc d6dc d6dc d6dc d6dc d6dc d6dc d6dc d6bc d6bc d6bb d6bb ce9b ce9b ce9b ce9b ce9b ce9b ce9b ce9b ce9b ce9b ce9b ce9b ce9b ce9b ce9b ce9b ce9b ce9b ce9b ce9b ce9b ce7b ce7b c67b c67b ce7b ce7b c67b c67b c67b c67b c67b c67b c67b c67b c67b c67b c67b c67b c67b c67b c67b c67b c65a c65a c65a c65a c65a c65a c65a c65a c65a c65a c67a c67a c65a c65a c65a c65a c67a c65a c65a c65a 
f7be f7be f7be f7be f7bf f7bf ffbf ffbf f7be f7be f7be ffbe ffbe ffbe ffbe ffbe f7be f7be f7be f7be f7be f7be f7be f7be f79e f79e f79e f79e f79e f79e f79e f79e f79e f79e f79e f79e f77e f77e f77e ef7e ef7e ef7e ef7e ef7e f77e f77e ef7e ef7e ef7e ef7e ef7e ef7e ef7e ef7e f77e f77e ef7e ef7e ef7e f79e f79e f79e f79e f79e f79e f79e f79e f79e f79e f77e f77e f79e f79e f79e f77e f77e f77e f77e f77e f77d f77d ef7e f77e f77e f77e f77e f79e f79e f79e f77d ef5d ef3c ef3c e6fb ef5c ef3b de99 b553 acd1 a46e 8baa 8b48 7ae6 6a64 7ac5 8307 8327 9bca b48d b46c bcac d54e e5f0 dd8f d52d e5f0 dd8f cd4e c50d c4ed bccc b4ad 9bea 8b69 72c6 6a65 6245 6245 6266 6225 5a04 51c3 59e4 6a66 7ac8 82e9 8b4a 936b 936b 8b6b 8b4b 830a 6a68 51a4 38e2 30a1 2040 1820 1800 1040 1000 1820 2881 4144 5984 61e6 7247 82c9 9309 8b09 8b29 938a 8b08 7204 7a65 9307 9b48 9b48 9b48 92e7 8266 71e4 61c3 7aa8 936a 934a 8ae9 7267 4943 2040 30a0 4140 4960 3900 28a1 3104 3103 3901 4941 38e1 28a0 30e1 6246 7287 5163 5142 8265 9307 9b49 a3aa 9ba9 9369 8b07 82a6 7265 59e3 59e4 51c4 4983 3942 3102 28c1 28c1 3143 3122 3102 3122 3964 41a5 4a27 4a48 5aaa 7bf0 a555 b5d8 ce7a ce9b ce9b ce9b d6bb d6db d6db defc defc defc defc defc defc defc defc defc defc dedc dedc dedc d6dc d6dc d6dc d6dc d6dc d6dc d6dc d6dc d6bc d6bc d6bb d6bb ce9b ce9b ce9b ce9b ce9b ce9b ce9b ce9b ce9b ce9b ce9b ce9b ce9b ce9b ce9b ce9b ce9b ce9b ce9b ce9b ce9b ce7b ce7b c67b c67b ce7b ce7b c67b c67b c67b c67b c67b c67b c67b c67b c67b c67b c67b c67b c67b c67b c67b c67b c65a c65a c65a c65a c65a c65a c65a c65a c65a c65a c67a c67a c65a c65a c65a c65a c67a c65a c65a c65a 
ffbe ffbe ffbe ffbe ffbe ffbe ffbe ffbe f7be f7be f7be f7be f7be f7be f7be f7be f7be f7be f7be f7be f7be f79e f79e f79e f79e f79e f79e f79e f79e f79e f79e f79e f79e f79e f79e f79e f77e f77e f77e f77e f77e f77e f77e f77e f79e f79e f79e f79e f79e f77e f77e f79e f79e f79e f79e f79e f79e f79e f79e f79e f79e f79e f79e f79e f77e f77e f77e f77e f77e f77e f77e f77e f77e f77e f77e f77e f77e f77e f77e f77d f77d f77e f77e f77e f77e f77e f79e f79e f79e f79e f77d ef5d e71c d69a ce18 d638 cdf6 acf1 8bab 8b89 7b07 7ac6 7ae6 6a44 72a5 8b27 8327 9bca ac4c bc8c c4ed e5b0 ee10 dd8e ddae dd8f cd2d b48b b48b bcac b48b a42a 93c9 8b68 7b07 6a85 6244 51e3 59e4 5a04 5a04 59e4 4983 4943 4963 4963 59c5 59e5 61e6 59e6 4144 30a1 2860 30c2 38c2 4123 4144 4164 4124 3923 30e2 28c2 38e2 4964 4122 4922 5163 5984 61c5 61e5 6205 6a05 61a3 61a3 7204 8aa6 9308 9328 92e7 8ac7 8266 69e4 61c4 7225 7246 59a4 5143 38e2 1840 1881 1860 28c0 3920 3940 30e0 3921 3900 3920 3920 30e0 2080 28e2 49a5 38e2 40e1 6a05 8ac7 9b49 a3ab a3ec 938a 936a 8b28 7aa6 6a25 5183 4942 4143 4163 4164 3923 3102 3943 3964 3123 28e2 3102 20c1 3123 39a5 4a07 5aaa 5aeb 8c92 c659 dedb dedc defc d6db d69b d6bb dedc defc defc defc e6fc defc defc defc defc defc defc dedc dedc dedc dedc d6dc d6dc d6dc d6dc d6dc d6dc d6bc d6bb d6bb d6bb ce9b ce9b ce9b ce9b ce9b ce9b ce9b ce9b ce9b ce9b ce9b ce9b ce9b ce9b ce9b ce9b ce9b ce9b ce9b ce9b ce9b ce9b ce7b ce7b c67b c67b c69b c69b c69b c67b c67b c67b c67b c67b c65b c65b c67b c67b c67b c67b c67b c67b c67b c67b c67a c67a c65a c65a c65a c67a c67a c67a c67a c67a c67a c67a c65a c65a c65a c65a c65a c65a c65a c65a 
ffbe ffde ffde ffbe ffbf ffbf ffbe ffbe f7be f7be f7be f7be f7be f7be f7be f7be f7be f7be f7be f7be f7be f7be f7be f7be f79e f79e f79e f79e f79e f79e f79e f79e f79e f79e f79e f79e f79e f79e f79e f79e f79e f79e f79e f79e f79e f79e f79e f79e f79e f79e f79e f79e f79e f79e f79e f79e f79e f79e f79e f79e f79e f79e f79e f79e f79e f79e f79e f79e f79e f77e f77e f77e f77e f77e f77e f77e f77e f77e f77e f77d f77d f77e f77e f77e f77e f77e f79e f79e f79e f79e f79e f77e ef5d e6fb ce18 bdd6 ad13 a4b0 8bab 72c7 6224 6224 72a6 72a5 7285 8327 9368 9bca bcad cd2e d54e ddaf d52d cccb d54d cd0c bcab a409 ac4a b46b ac4b a40a 93a9 8b67 8307 6a85 6245 51e4 49a3 49a3 51c4 51c4 4142 4143 5183 4963 4943 38e2 2881 2881 2040 2860 4102 59e6 6a47 7288 7aa8 7ac9 7288 6a47 6227 59c5 6a47 6a47 7287 6a67 7267 61e5 5163 5142 61c4 61a4 5983 7225 8286 8a86 92e7 92e7 7a45 7a65 82c7 7a66 7245 7a86 7246 5183 38a1 2860 2061 20a2 1020 1020 2080 3101 3120 3941 3921 3901 28a0 1860 1020 20a1 3922 5184 7246 8ae8 9349 9b8a 9b8b 9bab 936a 8308 7ac7 7286 6204 59e4 4142 3922 4143 3102 28e2 28e2 3102 3102 28e2 28e2 28e2 20c1 3143 41a5 630b 7bae 8410 8410 9d14 c619 d69b d6bb dedc dedb d6bb d6bb dedc defc defc defc defc defc defc defc dedc dedc dedc dedc dedc dedc d6dc d6dc d6dc d6dc d6dc d6dc d6bc d6bb d6bb d6bb d69b ce9b ce9b ce9b ce9b ce9b ce9b ce9b ce9b ce9b ce9b ce9b ce9b ce9b ce9b ce9b ce9b ce9b ce9b ce9b ce9b ce9b ce9b ce9b ce9b ce9b ce9b ce9b ce9b ce7b ce7b ce7b ce7b ce7b ce7b ce7b ce7b ce7b ce7b ce7b ce7b ce7b ce7b ce7b c67a c67a c67a c67a c67a c67a c67a c67a c67a c67a c67a c67a c65a c65a c65a c65a c65a c65a c65a c65a 
ffbe ffde ffde ffbe ffbf ffbf ffbe ffbe ffbe ffbe ffbe ffbe ffbe ffbe ffbe ffbe ffbe ffbe ffbe ffbe ffbe f7be f7be f7be f7be f7be ffbe ffbe ffbe ffbe ffbe ffbe ffbe ffbe ffbe ffbe f7be f7be f7be f7be f7be f7be f7be f7be f7be f7be f7be f7be f7be f79e f79e f79e f79e f79e f79e f79e f79e f79e f79e f79e f79e f79e f79e f79e f79e f79e f79e f79e f79e f77e f77e f79e f79e f79e f77e f77e f77e f77e f77e f79e f79e f79d f79d f79d f79e f79e f79e f79e f79e f77d f77d f77d ef3d ef3c deba c5f7 b595 b533 a490 7b29 5a25 6245 6a86 72c6 7ac6 8b68 9389 ac4b bccd d54f cd0d ccec c4cb bc69 cd0c cd0c b44a a3c8 a3e8 a3e9 9ba8 9388 8327 7b06 6264 49a2 4162 4183 49c4 49a4 4183 4163 49a4 59e5 6225 6205 59c4 5183 4963 4143 4123 5184 6a47 7a88 82c8 8b09 8b29 8b29 936a 8b4a 8b2a 8309 8309 72a8 7ae8 7286 7ac7 7aa7 7245 61a3 6a05 7a66 6a04 7245 8ae7 8aa6 8ac7 8aa6 7224 7224 82a6 7a86 7245 7245 7266 6205 4943 38e2 4124 4985 4965 3904 30c2 30e1 3902 3922 38e2 2881 1840 2061 30e3 49a5 6247 7ae9 8b2a 8309 936a 93ab 938b 9bcc 93ab 8b6a 7ac7 7286 6a25 59e5 4963 3942 3922 28c1 20a1 20a1 2902 28e2 2902 3123 2902 3984 3123 41c5 5aaa 83ef a534 b596 b597 b5b7 bdd7 c659 d69a d69b d6bb d6db dedb dedc dedc dedc dedc dedc dedc dedc dedc dedc dedc dedc dedc d6dc d6dc d6dc d6dc d6dc d6dc d6dc d6bc d6bc d6bb d6bb d6bb d6bb d6bb d6bb d69b d69b d6bb d6bb d6bb ce9b ce9b ce9b ce9b ce9b ce9b ce9b ce9b ce9b ce9b ce9b ce9b ce9b ce9b ce9b ce9b ce9b ce9b ce9b ce9b ce9b ce9b ce9b ce9b ce9b ce7b ce7b ce7b ce7b ce7b ce9b ce9b ce7b ce7b ce7b ce7a ce7a ce7a ce7a ce7a c67a c67a c67a c67a c67a c67a c67a c67a c65a c65a c65a c65a c65a c65a c65a 
ffbe f7be f7be f7be f7be f7be ffbe ffbe ffbe ffbe ffbe ffbe ffbe ffbe ffbe ffbe ffbe ffbe ffbe ffbe ffbe ffbe ffbe ffbe ffbe ffbe ffbe ffbe ffbe ffbe ffbe ffbe ffbe ffbe ffbe ffbe ffbe ffbe ffbe ffbe ffbe ffbe ffbe ffbe ffbe ffbe ffbe ffbe ffbe f79e f79e f79e f79e f79e f79e f79e f79e f79e f79e f79e f79e f79e f79e f79e f79e f79e f79e f79e f79e f79e f79e f79e f79e f79e f79e f79e f79e f79e f79e f79e f79e f79d f79d f79d f79e f79e f79e f79e f79e f77d ef3d ef3c e71c e6fb d6ba d69a ce38 c5d6 acf2 8bed 6ac8 6266 6a65 6a65 7aa6 9389 9389 b44c bcad c4cd bcab ccec cccb bc69 c4cb bc6a ac09 9bc8 a409 9bc8 9367 8b26 8306 72a5 51c3 3122 28c2 3123 41a5 4185 3943 49a4 51e5 5a05 6247 6206 6205 6205 6a26 6205 6a26 6a25 7246 7a67 8b09 9b6a 9bab 9bab 9bcc 9bac 9bcc 938b 934a 9349 8b49 8308 8b28 8b28 82c7 7a65 7a86 8ae7 82a6 7245 7a45 7a04 7204 7a24 7204 69e3 7a65 8286 7a65 82a7 8286 7a66 7266 6205 6206 7aa9 8b2b 830a 7aea 830b 832b 830b 7289 6207 59e6 5a07 6268 72c9 8b6b 938b 938b 938b 9bac 938b 8b4a 8b6b 8329 7ac8 7287 7287 7287 51a4 4163 4163 3122 28e2 1880 1860 20a1 20a1 20c1 28e2 20c1 3123 3123 41c6 5289 736d ad55 c639 ce59 ce7a ce9a d69a d69a d6bb d6bb d6bb d6bb d6db dedc dedc dedc dedc dedc d6dc d6dc d6dc d6dc d6dc d6dc d6dc d6dc d6dc d6dc d6dc d6dc d6dc d6bc d6bc d6bb d6bb d6bb d6bb d6bb d6bb d6bb d6bb d6bb d6bb d6bb d69b d69b d69b d69b d69b d6bb d6bb d6bb d6bb d6bb d69b d69b d69b d69b d69b d69b d69b d69b d69b d69b ce9b ce9b ce9b ce9b ce9b ce9b ce9b ce9b ce9b ce9b ce9b ce9b ce7b ce7b ce7b ce7a ce7a ce7a ce7a ce7a ce7a ce7a ce7a ce7a ce7a ce7a ce7a ce7a ce7a c65a c65a c65a c65a c65a c65a 
ffbe ffbe ffbe ffbe f7be f7be f7be f7be f7be f7be f7be ffbe ffbe ffbe ffde ffde ffde ffbe ffbe ffde ffde ffbe ffbe ffbe ffbe ffbe ffbe ffbe ffbe ffbe ffbe ffbe ffbe ffbe ffbe ffbe ffbe ffbe ffbe ffbe ffbe ffbe ffbe ffbe ffbe ffbe ff9e ff9e ff9e ffbe ffbe ffbe ffbe ff9e ff9e ff9e ff9e ff9e ff9e ff9e ff9e ff9e ff9e f79e f79e f79e f79e f79e f79e f79e f79e f79e f79e f79e f79e f79e f79e f79e f79e f79e f79e f79e f79e f79e f77e f77e f79e f79e f79e f77e f77d ef5d e6fb d69a c5f7 bdb6 bdb6 bd95 acd1 93ed 72c8 5a25 6a86 7ac6 9389 a40b bc8d b44b bc8c bcac bcab c4ab b44a b429 b449 ac08 a3e8 a3c8 9ba8 9367 8b26 7ae6 6a65 51e4 3943 2902 20c2 2903 39a5 3985 3964 4184 51c5 51a4 51a5 51a4 51a4 59c4 59e4 6a25 6a45 7245 7246 7a66 82c7 9349 a3cc ac2d b48f bcd0 bccf b46e abec a3aa 9b8a 9b8a a3aa 9b89 9348 9308 9349 9369 9349 8ae8 7204 61a2 69c3 7a25 7a45 7204 7a24 7a65 7245 7a66 8286 82a6 7aa6 7ac8 82e9 8b2a 936b 9bac a3ed ac2f ac70 ac50 a42f a42e a40e 93cd 93cd 93ac 9bac 9bac 9bac 9bcc 9bed 9bcc 9bed 9bcc 938b 7ae9 7ac8 7267 59e5 59c4 51c4 49a4 3122 20c1 1880 1060 1040 1880 20a1 18a0 20a1 20e1 2902 41c5 62eb 7bae 8430 bdf8 ce9a d69a d6db dedb dedb dedc dedb dedb d6bb d6bb dedb dedc dedc dedc dedc dedc d6fc d6fc d6dc d6dc dedc dedc dedc dedc dedc dedb d6db d6db d6db d6db d6db d6db d6db d6db d6db d6bb d6bb d6bb d6bb d6bb d6bb d6bb d69b d6bb d69b d69b d69b d69b d6bb d6bb d6bb d69b d69b d69b d69b d69b d69b d69b d69b d69b d69b d69b d69b d69b d69b d69b ce9b ce9b d69b d69b d69b ce9b ce9b ce9b ce9b ce9b ce7a ce7a ce7a ce7a ce7a ce7a ce7a ce7a ce7a ce7a ce7a ce7a ce7a ce7a ce7a c65a c65a c65a c65a c65a 
ffbe ffbe ffbe ffbe f7be f7be f7be f7be f7be f7be f7be f7be f7be f7be ffbe ffbe ffbe ffbe ffbe ffbe ffbe ffbe ffbe ffbe ffbe ffbe ffbe ffbe ffbe ffbe ffbe ffbe ffbe ffbe ffbe ffbe ffbe ffbe ffbe ffbe ffbe ffbe ffbe ffbe ffbe ffbe ff9e ff9e ff9e f79e f79e f79e f79e f79e ff9e ff9e ff9e ff9e ff9e ff9e ff9e ff9e ff9e ff9e f79e f79e f79e f79e f79e f79e f79e f79e f79e f79e f79e f79e f79e f79e f79e f79e f79e f77e f77e f77e f77e f77e f77e f77e f77e ef7d ef7d ef7d ef7d e6fc d69a c618 c5f7 a4f2 944f 838b 72e8 6246 6a66 72a6 8b69 a3ea b48c b42b c4cc c4ec bcab ac2a b46b bc6a ac08 9386 9b87 8b46 8306 7ac5 6224 51c2 4162 3122 2923 2903 20c2 2903 3144 3164 3164 3964 49e5 4984 4984 4963 4983 51a4 61e4 6a25 7aa7 7ac7 82e8 8b29 9349 a3ab a3ec ac2d b48e bcaf c4f0 bcaf b44d 9baa 9349 9349 9b69 9b89 9b69 9b69 9b8a a3cb a3cc 9329 69e4 5162 61a3 6a04 7a65 7224 69c3 61a3 5962 61a3 7225 7a86 7aa6 7a86 8309 936a 9bac a3ec ac2d ac0d ac2e a40e a3ed ac0e ac4f b46f b48f b48f b48f ac6e a42d 9bec a40d 9bec 9bcc 93ac 93ab 8b6b 832a 7ac8 7287 6226 51a4 3943 28e1 20a1 1881 1881 1860 18a1 1880 1880 18a1 20c1 2902 39a5 630b 8c71 94b2 a555 ce59 ce5a d6bb defc dedc dedb dedb dedb dedb d6bb dedb dedc dedc dedc dedc dedc defc defc defc defc defc dedc dedc dedc dedc dedc dedb dedb dedb dedb dedb dedb dedb dedb dedb d6db d6bb d6bb d6bb d6bb d6bb d6bb d6bb d6bb d6bb d6bb d6bb d6bb d6bb d6bb d6bb d6bb d6bb d69b d69b d69b d69b d69b d69b d69b d69b d69b d69b d69b d69b d69b d69b d69b d69b d69b d69b ce9b ce9b ce9a ce9a ce9a ce7a ce7a ce7a ce7a ce7a ce7a ce7a ce7a ce7a ce7a ce7a ce7a ce5a ce5a ce5a c65a c65a c65a c65a c65a 
ffbe ffbe ffbe ffbe ffbe ffbe f7be f7be f7be f7be f7be f7be f7be f7be f7be f7be ffbe ffbe ffbe ffbe ffbe ffbe ffbe ffbe ffbe ffbe ffdf ffdf ffbe ffde ffde ffde ffde ffbe ffbe ffbe ffbe ffbe ffbe ffbe ffbe ffbe ffbe ffbe ffbe ffbe f7be f7be f79e f79e f79e f79e f79e f79e ff9e ff9e ff9e ff9e ff9e ffbe ffbe ff9e ff9e ff9e f79e f79e f79e f79e f79e f79e f79e f79e f79e f79e f79e f79e f79e f79e f79e f77e f77e f77d ef7d ef7d ef7d ef7d ef7d ef7d ef7d ef5d ef5d ef3c e6fb deba d69a d69a d659 ce58 a4f2 8bcc 7b29 51e4 59e3 7286 8328 a3ea bccd d54f d54e c4ec b46a b42a ac09 a3c8 8b45 82e4 7ac5 7284 6203 5182 4142 3942 2902 2903 2103 20e2 20e2 2903 20e3 2923 2903 28e2 3102 3923 49a4 49a4 5a05 6a66 6a66 7287 7ae8 8b6a 9bab a3ec a40c a40d a3cc a3cc 9bcb a40d ac4d ac0c ac0c ac0b a3aa 9b69 9b69 9328 8b07 9328 9b8a a3cb 9b8a 7a87 5983 4921 5962 61c4 6a04 7204 61c3 5982 5142 5163 61e4 7265 7aa6 7a85 7245 82e8 936a 9bab a3cc a3cc abed a3ed a3ed a3ed a3cc abed b42e b46f bc8f bcaf ac4d 9bec 9bcc 93ac 8b6a 832a 7b09 72c8 72c8 72a8 6a67 5a05 4163 3102 20c1 18a1 18a1 1881 1040 0840 1040 1881 1881 20a1 2923 3165 4228 8c51 ad55 a555 b5d7 bdf8 ce59 d6bb defb dedc dedc dedc defc dedb dedc defc defc dedb dedc dedc dedc dedc dedc dedc dedc defc defc dedc dedc dedc dedc dedc dedc dedc dedc dedb dedb dedb dedb dedb debb debb d6bb d6bb d6bb d6bb d6bb d6bb d6bb d6bb d6bb d6bb d6bb d6bb d6bb d6bb d6bb d69b d69b d69b d69b d69b d69b d69b d69b d69b d69b d69b d69b d69b d69b d69b ce7a ce7a ce7a ce9a ce9a ce7a ce7a ce7a ce7a ce7a ce7a ce7a ce7a ce7a ce7a ce7a ce7a ce7a ce7a ce7a ce5a ce5a ce5a c65a c65a c65a c65a c65a 
ffde ffbe ffbe ffbe ffde ffde ffbe ffbe ffbe ffbe ffbe f7be f7be f7be ffbe ffbe ffde ffbe ffbe ffbe ffbe ffde ffde ffde ffbe ffbe ffbe ffbe ffde ffde ffde ffbe ffbe ffbe ffbe ffbe ffbe ffbe ffbe ffbe ffbe ffbe ffbe f7be f7be f7be f7be f7be f7be f79e f79e f79e f79e ff9e ff9e ff9e ffbe ffbe ffbe ffbe ffbe ff9e ff9e ff9e f79e f79e f79e f79e f79e f79e f79e f79e f79e f79e f79e f79e f79e f79e f79e f77e f77e f77d f77d f77d f77d f77d f77d f77d f77d ef5d ef5d e71c d69a deba c5f7 b574 a4d1 acd1 9c6f 942e 940d 7b08 72a7 72c6 7285 9bca c4ed d56e cd0d cd0d b46b a3e8 9bc8 9ba8 9346 8306 7aa5 6203 59a2 4142 3102 2902 2103 2103 20c2 20e2 20e2 2903 2923 2923 2903 2903 3123 4184 5206 5a06 6a67 6a87 6a46 6a66 72a7 7ae8 8b6a 9bcc 9bec a40d 9bcc 938b 938a 938a 938a 9bab ac0c ac0b a3cb a3aa 9b89 9b48 9348 9b69 9b69 9349 8ac8 69e5 4963 4122 5183 61e4 69e4 6a25 61e4 5183 4942 4942 5183 6204 7265 7a65 7224 7a65 82a6 9369 a3ec abec a3cc a3ec a3ec ac0d ac2d ac0d ac0d ac2d ac4e b46e ac4d 9bec 9bcb 93ab 8b4a 72a7 6a46 6a66 6a87 6246 5a25 51c5 3943 3123 20e2 1881 1881 1081 1881 1061 1040 1040 1860 18a1 20c2 2944 31a6 5aeb 9cd4 ad96 b5b7 b5b8 adb7 bdf8 c65a ce7a d69b d6bc dedc dedc defc defc defc defc defc dedc dedc dedc dedc dedc dedb dedb dedb dedc dedc dedc dedc dedb dedc dedb dedb d6db d6db d6db d6db d6db d6bb d6bb d6bb d6bb d6bb d6bb d6bb d6bb d6bb d6bb d6bb d6bb d6bb d6bb d6bb d6bb d6bb d6bb d6bb d69b d69b d69b d69b d69b d69b d69b d69b d69b d69b d69b ce7a ce7a ce7a ce7a ce7a ce9a ce9a ce9a ce7a ce7a ce7a ce7a ce7a ce7a ce7a ce7a ce7a ce7a ce7a ce5a ce5a ce5a c65a c65a c65a c65a c65a c65a c65a c65a 
ffde ffde ffde ffde ffde ffde ffbe ffbe ffbe ffbe ffbe ffbe ffbe ffbe ffbe ffbe ffbe ffbe ffbe ffde ffde ffde ffde ffde ffde ffde ffbe ffbe ffbe ffbe ffbe ffbe ffbe ffbe ffbe ffbe ff9e ff9e ff9e f79e f79e f79e f79e f79e f79e f79e f79e f79e f79e f79e f79e ffbe ffbe ffbe ffbe ffbe ffbe ffbe ffbe ff9e ff9e f79e f79e f79e f79e f79e f79e f79e f79e f79e f79e f79e f79e f79e f79e f79e f79e f79e f79e f79e f79e f79e f79e f79e f79e f79e f79e f79e f79e f77d f75d ef5d e71c e6fb d658 cdd6 acd1 9c4e 9c4e a4af acd0 940c 8369 7b07 8307 a40b cd2e dd6f c4cb bc6b ac09 a3e8 ac49 ac29 9388 82e6 7285 51a2 4121 3101 28e2 28e2 2903 2903 3124 3144 2923 2903 2903 2903 3144 4185 49e6 51e5 49a4 49a5 4984 4163 4163 4163 49a4 51e5 6246 72c8 7b09 8329 8b4a 8b29 8b29 8b29 8b29 9369 9b8a 9369 9349 9348 9b8a a3aa 9b8a 9b69 8ae7 7a86 7225 5983 4942 4943 5163 59c4 61e4 6205 61e4 59a3 4942 4942 4122 5183 6a25 7266 7a45 7265 7245 7245 8ac7 9b8a a3ab 9bab 9bab a3ec b44d b44e b46e ac4e ac2d ac0c 9bcb 9bcb 9bcb 938b 8b4a 7ac8 6a67 6246 6246 5a05 4163 3963 3123 20c2 1881 1061 1081 0840 1081 1082 1061 20c2 20c2 28e3 2924 39c6 4a69 4a6a 634e 8452 9d16 a557 9d37 9d17 9d17 a557 ad98 b5d9 be1a c65b ce9b d6bb d6dc d6dc d6bb ce9b ce9b ce9b ce9b cebb d6bb d6bb d6bb d6bb d6bb d6bb d6bb d6bb d6bb d6bb d6bb d6bb d6bb d6bb d6bb d6bb d6bb d6bb d6bb d6bb d6bb d69b d69b d69b d69b d6bb d6bb d6bb d6bb d6bb d6bb d6bb d6bb d69b d69b d69b d69a d69a ce7a ce7a ce7a ce7a ce7a ce9a ce9a ce9a ce7a ce7a ce7a ce7a ce7a ce7a ce7a ce7a ce7a ce7a ce7a ce7a ce7a ce7a ce7a ce7a ce7a ce7a ce7a c65a c65a c65a c65a c65a c65a ce5a c65a c65a c65a c65a 
ffde ffde ffde ffde ffde ffde ffbe ffbe ffbe ffbe ffbe ffbe ffbe ffbe ffbe ffbe ffbe ffbe ffbe ffde ffde ffde ffde ffde ffde ffde ffbe ffbe ffbe ffbe ffbe ffbe ffbe ffbe ffbe ffbe ff9e ff9e ff9e f79e f79e f79e f79e f79e f79e f79e f79e f79e f79e f79e f79e ffbe ffbe ffbe ffbe ffbe ffbe ffbe ffbe ff9e ff9e f79e f79e f79e f79e f79e f79e f79e f79e f79e f79e f79e f79e f79e f79e f79e f79e f79e f79e f79e f79e f79e f79e f79e f79e f79e f79e f79e f79e f77d f75d ef5d e71c e6fb d658 cdd6 acd1 9c4e 9c4e a4af acd0 940c 8369 7b07 8307 a40b cd2e dd6f c4cb bc6b ac09 a3e8 ac49 ac29 9388 82e6 7285 51a2 4121 3101 28e2 28e2 2903 2903 3124 3144 2923 2903 2903 2903 3144 4185 49e6 51e5 49a4 49a5 4984 4163 4163 4163 49a4 51e5 6246 72c8 7b09 8329 8b4a 8b29 8b29 8b29 8b29 9369 9b8a 9369 9349 9348 9b8a a3aa 9b8a 9b69 8ae7 7a86 7225 5983 4942 4943 5163 59c4 61e4 6205 61e4 59a3 4942 4942 4122 5183 6a25 7266 7a45 7265 7245 7245 8ac7 9b8a a3ab 9bab 9bab a3ec b44d b44e b46e ac4e ac2d ac0c 9bcb 9bcb 9bcb 938b 8b4a 7ac8 6a67 6246 6246 5a05 4163 3963 3123 20c2 1881 1061 1081 0840 1081 1082 1061 20c2 20c2 28e3 2924 39c6 4a69 4a6a 634e 8452 9d16 a557 9d37 9d17 9d17 a557 ad98 b5d9 be1a c65b ce9b d6bb d6dc d6dc d6bb ce9b ce9b ce9b ce9b cebb d6bb d6bb d6bb d6bb d6bb d6bb d6bb d6bb d6bb d6bb d6bb d6bb d6bb d6bb d6bb d6bb d6bb d6bb d6bb d6bb d6bb d69b d69b d69b d69b d6bb d6bb d6bb d6bb d6bb d6bb d6bb d6bb d69b d69b d69b d69a d69a ce7a ce7a ce7a ce7a ce7a ce9a ce9a ce9a ce7a ce7a ce7a ce7a ce7a ce7a ce7a ce7a ce7a ce7a ce7a ce7a ce7a ce7a ce7a ce7a ce7a ce7a ce7a c65a c65a c65a c65a c65a c65a ce5a c65a c65a c65a c65a 
ffde ffde ffde ffde ffde ffde ffde ffde ffde ffde ffde ffde ffde ffbe ffbe ffbe ffbe ffbe ffbe ffbe ffbe ffbe ffbe ffbe ffbe ffbe ffbe ffbe ffbe ffbe ffbe ffbe ffbe ffbe ffbe ffbe ff9e ff9e ff9e ffbe ffbe ffbe ffbe ffbe f7be f7be f7be f7be ffbe ffbe ffbe ffbe ffbe ffbe ffbe ffbe ffbe ffbe ffbe f79e f79e f79d f79d f79d f79e f79e f79e f79e f79e f79e f79e f79e f79e f79e f79e f79e f79e f79e f79e f79e f79e f79e f79e f79e f79e f79e f79e f79e f79e f79d f77d f77d f75d ef1b e6b9 de58 d616 cdb4 b511 acd0 9c2d 8bab 72e7 7ae7 8b48 ac2b cd0e c4cc c4cb c4ab bc8a a3e7 9b87 9346 8b46 8306 6a24 4982 4142 3102 28c1 3123 2923 3144 2903 20c2 20c2 2923 2923 3123 3123 3144 3944 3964 3102 3123 3103 3923 3103 30e2 30e2 30e2 3102 3943 51e5 6226 72a8 72c7 7ac8 7287 7ac8 8308 8b28 8b08 9328 8b07 9348 9328 8b07 7a65 6a24 6a04 5983 5163 4942 4963 4942 5163 59c4 61e4 6a05 59a4 5983 5183 4142 4142 5183 61c4 6a05 6a25 7265 7245 7245 7a86 9329 9b8a 9b8a 9b8a 9b8a 9b8b a3ec a3ec 9bcb a3ec 9bec 93ab 9bcb 938b 834a 72c8 6a66 5a25 5a05 49c4 3943 3123 20c2 1881 1881 1061 1061 0841 0840 0020 0820 1081 18c2 20c2 20e3 3165 528a 52ab 6b6e 73f1 7c12 8cb5 9d17 9d17 94d6 94d6 94d6 94d6 94f6 9d57 ad98 b5b9 b5d9 b5f9 b5d9 adb8 ad98 ad98 ad98 adb8 b5d9 b5f9 b5f9 b5d9 b5d9 b5d9 bdf9 bdf9 bdf9 bdf9 bdf9 be3a c65a ce7a ce9b d6bb d6bc d6bb d6bb d6bb d69b d69b d69b d69b d69b d6bb d6bb d6bb d6bb d6bb d6bb d6bb d6bb d69b d69b d69b d69b d69a d69a d69a d69a ce9b ce9b ce9a ce9a ce9a ce7a ce7a ce7a ce7a ce7a ce7a ce7a ce7a ce7a ce7a ce7a ce7a ce7a ce7a ce7a ce7a ce7a ce7a ce7a ce7a ce5a ce5a ce5a ce5a ce5a ce5a ce5a ce5a ce5a ce5a 
ffde ffde ffde ffde ffde ffde ffde ffde ffde ffde ffde ffde ffde ffde ffbe ffbe ffbe ffbe ffbe ffbe ffbe ffbe ffbe ffbe ffbe ffbe ffbe ffbe ffbe ffbe ffbe ffbe ffbe ffbe ffbe ffbe ffbe ffbe ffbe ffbe ffbe ffbe ffbe ffbe ffbe ffbe ffbe ffbe ffbe ffbe ffbe ffbe ffbe ffbe ffbe ffbe ffbe ffbe ffbe f79e f79e f79d f79d f79d f79e f79e f79e f79e f79e f79e f79e f79e f79e f79e f79e f79e f79e f79e f79e f79e f79e f79e f79e f79e f79e f79e f77d f77d f77d f77d f77d f77d f75c ef3c eefb de78 ce16 cdd5 bd53 bd52 acd0 a46e 8b8a 8369 9389 a42b cd0e bc8b bc6a c4cb bc8a ac08 9366 82c4 82a4 7264 59e3 51c4 4184 3943 3143 3964 3123 20e2 20e2 20c2 28e3 3144 2903 18a1 1881 1881 18a1 28e2 2903 2903 3123 3965 3985 49c5 49a5 4164 3923 3103 3102 3123 49a4 5206 6267 6226 6a67 6a46 6a46 7aa7 82e7 7aa6 82c6 7a85 7a85 6a04 61c3 59c4 59a4 51a4 4963 4963 4942 5163 61e4 6a45 6a25 61e4 61e4 5183 4983 4963 4963 4963 5183 6a25 7286 7ac7 7a86 7265 7a66 82e8 9349 9b8b 9bab 936a 8b4a 8b4a 8b4a 936a 9bab 8b6a 8329 7ae9 7ae8 72a8 6266 6246 49c5 4184 3923 28e2 20a1 1881 18a1 1061 0820 0840 0840 0020 0020 0000 1061 1081 18a2 2924 4208 5acc 636f 73f1 73d1 6bb0 7c12 8cb5 94f6 94d6 8cb6 8c95 8cb6 8cb6 8cb6 94d6 94f6 94f6 94d6 8cd6 8cd6 8cd6 8cd6 94d6 94f6 94f6 94f6 94f6 94f6 94f6 94f6 94f6 9cf6 9cf6 9d16 9d37 a557 ad98 b5d9 be1a c65a ce7a ce9b d69b d6bb d6bb d6bb d6bb d6bb d6bb d6bb d69b d6bb d6ba d6bb d6bb d6bb d69b d69b d69b d69b d69b d69a d69a d69a ce9a ce9a ce9a ce9a ce9a ce7a ce7a ce7a ce7a ce7a ce7a ce7a ce7a ce7a ce7a ce7a ce7a ce7a ce7a ce7a ce5a ce5a ce5a ce5a ce5a ce5a ce5a ce5a ce5a ce5a ce5a ce5a ce5a ce5a ce5a 
ffde ffde ffde ffde ffde ffde ffde ffde ffde ffde ffde ffde ffde ffbe ffbe ffbe ffbe ffbe ffbe ffbe ffbe ffbe ffbe ffbe ffbe ffbe ffbe ffbe ffbe ffbe ffbe ffbe ffbe ffbe ffbe ffbe ffbe ffbe ffbe ffbe ffbe ffbe ffbe ffbe ffbe ffbe ffbe ffbe ffbe ffbe ffbe ffbe ffbe ffbe ffbe ffbe ffbe ffbe ffbe ffbe ffbe ff9e f79d f79d f79e f79e f79e f79e f79e f79e f79e f79e f79e f79e f79d f79d f79e f79e f79e f79e f79e f79e f79e f79e f79d f79d f77d f77d f77d f77d f77d f77d ef5c ef3c ef3c e6fb d678 ce16 c594 b4f1 acd0 a46e 93cc 93cb 9bca a3ea b46b b42a bc4a bc8a b428 9b86 9305 7a43 7222 61c2 5182 4983 4184 4184 5206 3964 3123 2902 3124 2923 2903 20c2 20c2 20e2 2102 3143 20c1 1881 28e2 28e2 20c2 28c2 2903 4184 4164 51e6 4184 3123 28c2 20c2 28e2 3103 3943 4963 5184 51c4 6a46 6a46 6a45 6a44 7265 7265 7265 61e4 5183 59e5 61e5 4943 4142 5183 4963 5183 61e4 6205 6204 7245 61e4 4963 4963 51a4 51a4 4143 4122 4963 6205 7286 82e8 8308 7ac7 7286 82e8 9b8a a3ec ac2d a40d 936a 82e8 7267 7287 7ac8 7b09 72a8 72c8 6267 51e5 49a4 4184 3964 3943 3123 3103 20c2 18a1 1061 0820 0820 0020 0820 0841 0820 0820 0840 18c2 2945 4229 634e 6b6f 8433 8474 8473 8453 7c33 8474 8c95 8cb5 8cb6 8cb6 8cb6 8cb6 8cb6 8cb6 8cb6 8cb6 8cb6 8cb6 8cb6 8cb6 8cb6 8cb6 8cb6 8cb6 8cb6 8cb6 8cb6 8cb5 8cb5 8cb6 8cb6 8cb6 8cb6 8cb6 8cd6 94f6 9d36 a557 ad98 b5d9 be19 c65a ce7a ce9a ce9a ce9a d69b d69b d69b d6bb d6bb d6bb d6bb d69b d69b d69b d69b d69a d69a d69a d69a d69a ce9a ce9a ce9a ce9a ce9a ce9a ce9a ce9a ce9a ce9a ce9a ce9a ce9a ce9a ce9a ce7a ce7a ce7a ce7a ce7a ce7a ce7a ce5a ce5a ce5a ce5a ce5a ce5a ce5a ce5a ce5a ce5a ce5a ce5a ce5a 
ffde ffde ffde ffde ffde ffde ffde ffde ffde ffde ffde ffde ffde ffbe ffbe ffbe ffbe ffbe ffbe ffde ffde ffde ffde ffde ffbe ffbe ffbe ffbe ffbe ffde ffde ffde ffde ffbe ffbe ffbe ffbe ffbe ffbe ffbe ffbe ffbe ffbe ffbe ffbe ffbe ffbe ffbe ffbe ffbe ffbe ffbe ffbe ffbe ffbe ffbe ffbe ffbe ffbe ffbe ffbe ff9e f79d f79d f79e f79e f79e f79e f79e f79e f79e f79e f79e f79e f79d f79d f79e f79e f79e f79e f79e f79e f79e f79e f79d f79d f79d f79d f79d f79d f77d f77d ef5c e71c e6fc dedb de99 c5f6 c5d5 b4f2 acd0 9c4e 93ec 8b8a 8b48 9bca ac2a ac09 bc6a bc6a b429 9325 8ac4 7a43 7223 6203 51c3 5a25 6267 49e6 3964 28e2 2903 2903 2923 2903 20a2 1040 1040 1881 1881 20c2 20c2 28c2 3103 3123 3123 28e2 3944 49c5 49c6 49c5 51e6 49a5 3144 28e2 3103 3943 4184 5a26 6a88 72c8 830a 7b09 72a7 7286 6a45 6a45 6a25 59c4 4962 4983 51a5 4123 4943 5183 5184 59a3 59c4 59c3 61e4 7266 6205 5183 4942 5183 59c4 4983 4963 4142 4983 6205 6a66 7ac7 8b29 8328 7ac7 8b29 938a 9bab 9b8b 9b8b 934a 7aa8 6a67 7287 6a87 6226 51c5 4984 4184 3943 3944 3144 3123 3144 2903 20e2 20e3 1061 0820 0820 0000 0000 0000 0840 0840 0840 1081 2104 4229 632e 73b0 8474 8c94 8cb5 94d5 8cb5 8c95 8c95 8c95 8c94 8c95 8cb5 8cb5 8cb6 8cb6 8cb6 8cb6 8cb6 8cb6 8cb6 8cb6 8cb6 8cb6 8cb6 8cb6 8c96 8c96 8c96 8495 8495 8495 8495 8495 8496 8495 8c95 8cb5 8cb5 8cb5 8cb5 94d6 9d16 a557 ad98 b5b8 b5b8 b5d8 b5f9 be19 c65a ce9a d69b d6bb d69b d69b d69b d69b d69b d69a d69a d67a d67a d67a d69a d69a d67a d67a d67a d67a d67a d67a d67a d67a d67a d67a d67a d67a d67a ce7a ce7a ce7a ce7a ce7a ce5a ce5a ce5a ce5a ce5a ce5a ce5a ce5a ce5a ce5a ce5a ce5a ce5a ce5a ce5a 
ffde ffde ffde ffde ffde ffde ffbe ffbe ffbe ffde ffde ffde ffde ffbe ffbe ffbe ffbe ffbe ffde ffde ffde ffde ffde ffde ffde ffde ffbe ffbe ffbe ffde ffde ffbe ffbe ffbe ffbe ffbe ffbe ffbe ffbe ffbe ffbe ffbe ffbe ffbe ffbe ffbe ffbe ffbe ffbe ffbe ffbe ffbe ffbe ffbe ff9e ff9e ff9e ff9e ff9e ff9e ff9e ff9e ff9e f79e f79e f79e f79e f79e f79e f79d f79d f79d f79d f79d f79d f79d f79d f79d f79d f79d f79d f79d f79d f79d f79d f79d f79e f77d f77d f77d f77d f77d f77d f77d e71c deda de99 d638 ce17 bd74 b512 acb0 ac8e a40c 9bea 9bc9 a3c9 ac09 ac2a ac09 ac09 9b67 8ac5 7a64 7265 6245 5a25 5a25 51e5 2902 18a1 18a1 20a1 20e2 2903 1881 1881 1881 20a2 20c2 3123 3123 3964 3964 3944 4184 49c5 41a5 49c6 5a07 5a27 5a27 6267 72e9 6267 49a5 4164 4184 49c5 5a27 6aa8 6a67 6247 6a88 6247 6247 51a4 51a4 51c4 51a4 4983 4943 59c5 4143 4963 59c4 59a4 59c4 6a05 6a05 61c3 6a25 6a04 59a3 4922 4942 51a4 4983 4142 4163 51a4 59e4 59e4 6a45 8308 8b49 8308 7ac7 82c7 82e8 8b29 934a 934a 82e8 6205 51e5 49a4 3922 30e1 3922 3923 30e2 28e2 20a2 20c2 28e3 2903 20e3 18a1 0840 0820 0020 0000 0000 0000 0000 0840 1081 1082 2104 4229 630d 7c32 8c94 8c95 8474 8cb5 94d6 8cb6 8c95 8cb5 8cb5 8cb5 8cb5 8cb6 94b6 8cb6 94b6 8cb6 8cb6 8cb6 8cb6 8cb6 8cb6 8c96 8c96 8c96 8c95 8c95 8495 8495 8495 8495 8495 8495 8495 8495 8495 8c95 8c95 8cb5 8c95 8c95 8c95 8cb5 94b5 94b5 94b5 94d5 94d5 9d16 a557 adb8 bdf9 be1a be19 be19 be19 c63a c65a c65a c65a c63a c65a c65a ce7a ce7a d67a d67a d67a ce9a ce7a ce7a ce7a ce7a ce7a ce7a ce7a d67a d67a ce7a ce7a ce7a ce5a ce5a ce59 ce59 ce5a ce59 ce5a ce7a ce7a ce7a ce7a ce7a ce5a ce5a ce5a ce5a ce5a 
ffde ffde ffde ffbe ffbe ffbe ffbe ffbe ffbe ffde ffde ffde ffde ffde ffde ffde ffde ffde ffde ffde ffde ffde ffde ffde ffde ffde ffbe ffbe ffbe ffbe ffbe ffbe ffbe ffbe ffbe ffbe ffbe ffbe ffbe ffbe ffbe ffbe ffbe ffbe ffbe ffbe ffbe ffbe ffbe ff9e ff9e ff9e ff9e ff9e f79e f79e f79e f79e f79e ff9e f79d f79d f79d f79d f79d f79d f79d f79d f79d f79d f79d f79d f79d f79d f79d f79d f79d f79d f79d f79d f79d f79d f79d f79d f79d f79d f79d f77d f77d f75c f77c f77d f77d f77d ef3c deda deb9 d699 c5d6 bd75 bd94 acb0 a44e b4cf b48d a40a a3c9 9ba8 8ae6 82e6 7a85 7aa5 7265 7265 6225 5a05 5a05 49a4 28e1 20a1 18a1 18a1 18a1 20c2 20a1 1881 20c1 20c2 28e2 3123 3123 3964 3964 41a5 4184 49c5 5a26 5a26 5206 51c5 51c5 6267 7b09 7b29 7b29 7b09 6287 5205 49c5 41a4 49a5 5206 4184 4164 4184 4164 3902 3902 4122 4983 5184 4963 51c4 5183 59c4 61e4 61e4 61e4 7a66 7225 69e4 7225 61e4 5983 4963 4942 4963 4983 4122 4122 4143 51a4 51a3 59c4 6a66 8b49 9bcb 938a 8b28 8308 8308 7aa7 7a87 7287 6a26 51c4 4983 4984 4143 4164 4164 3943 3964 3964 3144 2903 2903 18a2 1060 0840 0820 0000 0020 0000 0000 0000 0000 0841 20e3 3186 52ab 6b6f 7c12 7c54 8474 8474 8495 8cb6 8cb6 8cb6 8c95 8cb6 8cb6 8cb6 8cb6 8cb6 8cb6 8cb6 8cb6 8cb5 8c96 8c96 8c95 8c95 8495 8495 8495 8495 8495 8495 8495 8495 8495 8495 8495 8495 8495 8495 8495 8495 8495 8495 8495 8495 8495 8495 8475 8475 8475 8474 8474 8494 8cb5 94d5 94f6 94f6 94d6 94f6 9d16 a537 a557 a557 a536 a557 ad77 b5b8 bdf9 c63a ce5a ce7a ce7a ce7a ce7a ce7a ce7a ce7a ce7a ce7a d67a d67a ce79 ce79 ce79 ce59 ce59 ce5a ce5a ce5a ce5a ce5a ce5a ce5a ce5a ce5a ce5a ce5a ce59 ce59 ce59 ce59 
ffde ffde ffde ffde ffde ffde ffbe ffbe ffde ffde ffde ffde ffde ffde ffde ffde ffde ffde ffde ffde ffde ffde ffde ffde ffbe ffde ffbe ffbe ffbe ffbe ffbe ffbe ffbe ffbe ffbe ffbe ffbe ffbe ffbe ffbe ffbe ffbe ffbe ffbe ffbe ffbe ffbe ffbe ffbe ff9e ff9e f79d f79d f79d f7bd f7bd f79e f79e ffbe f7be f79e f79e f79e f79d f79d f79d f79d f79d f79d f79d f79d f79d f79d f79d f79d f79d f79d f79d f79d f79d f79d f79d f79d f79d f77d ef5d ef5c ef5d f77d f77d f77d ef5d ef5c e71c defb dedb deba d699 ce58 bd95 bd95 bd53 acaf 9c0c 9bea a40a 9ba8 9b88 8b26 7a84 6a44 7aa6 7ae7 72a7 51e5 4984 4164 20c1 1881 1881 20c2 28e2 20e2 28e2 28c2 20c1 28e2 28e2 28e2 20c1 20a1 20c1 28c1 28e1 3102 3942 4163 5a06 72c8 72c8 6267 6246 7ae8 72c8 8328 8329 7b08 5a25 4163 3923 28e2 28e2 3103 28e2 3964 3102 30e2 4143 4984 4963 4963 4963 5184 51a4 59c5 59e5 6a26 6a05 7246 6a26 6a26 61e5 61c4 5183 4943 4942 4983 51c4 4122 3902 30e1 4143 4983 4983 5a05 8329 9bcb 8b49 9369 936a 938a 8b69 82e8 82e8 72a7 6a46 6206 5a05 59e5 51c5 51c5 4184 4164 3123 2902 28e2 2903 20c2 18a1 1881 1081 0840 0840 0820 0840 0840 0820 0820 18c2 3186 4229 6b6e 7c32 8474 8495 8cb5 8c95 8cb6 8cb6 8cb6 8cb5 8cb6 8cb6 8cb6 8cb6 8cb6 8cb6 8cb5 8c95 8c95 8c95 8c95 8495 8495 8495 8495 8495 8495 8495 8495 8495 8495 8495 8495 8495 8495 8495 8475 8475 8495 8495 8495 8495 8495 8495 7c75 7c75 7c75 7c55 7c55 8475 8475 8454 8454 8454 8455 8454 8474 8475 8475 8474 8474 8474 8495 8c95 8cb5 9cf6 a557 ad97 b5d8 bdf8 be19 c639 c639 c639 c639 ce5a ce5a ce5a ce5a ce5a ce5a ce7a ce79 ce79 ce59 ce59 ce59 ce5a ce59 ce5a ce5a ce7a ce7a ce7a ce59 ce59 ce59 ce59 ce59 
ffde ffde ffde ffde ffde ffde ffde ffde ffde ffde ffde ffde ffde ffde ffbe ffbe ffbe ff9e ff9e f7be f7be f7be f7be ffbe ffbe ffbe ffde ffbe ffbe ffbe ffbe ffbe ffbe ffbe ffbe ffbe ffbe ffbe ffbe ffbe ffbe ffbe ffbe ffbe ffbe ffbe ffbe ffbe ffbe ff9e ff9d ffbe ff9d f79e f79e f79e f79e f79d f79d f77d ef7d ef7d ef7d f77d f77d f77d f79d f79d f77d f77d f77d f77d f77d f77d f77d f77d f77d f77d ef7d ef5d ef3c e73c e71c defb debb d69b ce5a ce5a d67b d69b d69b d67a ce5a c639 c639 ce59 ce59 c639 bdd7 ad34 9450 9c4f 93ed 93ab a42b bccd b48b bc8b ac09 9368 8b47 82e6 8328 6245 49a4 4163 28e2 20c2 20c2 20c2 20c2 28e2 28e2 2902 3102 3123 3123 3123 3122 3123 3122 3943 4184 51e5 59e5 51c4 59e4 6266 72a7 7b08 7ae8 72a7 72a7 6245 6a25 6204 59c4 4983 3902 30e2 30c2 28a1 30e2 3943 4123 4963 4122 4943 5184 51a4 51a4 5183 51a4 59c4 4963 4964 51c5 6206 59a4 51c4 51c4 4963 4963 4143 4122 4102 4943 4963 4963 3102 3102 30e2 4143 4983 51a3 6a45 7ac7 7ac7 9369 9bcb 9beb 9bcb 93ab 938b 8b49 8309 7ae9 72a7 6a66 6226 6246 5a06 49a4 4163 4184 3944 2902 18a1 1060 18a1 1881 1081 0840 0841 0841 0841 0840 0020 1061 18e3 39a7 5b0d 7c32 8cb5 8cb5 8cb5 8cb5 8cb6 8cb6 8cb6 8cb6 8cb6 8cb6 8cb6 8cb6 8cb6 8cb6 8c95 8cb5 8c95 8c95 8c95 8495 8495 8495 8c75 8c95 8475 8475 8475 8475 8475 8475 8475 8475 8475 8475 8495 8495 8495 8495 8495 8475 8475 8475 7c75 7c75 7c55 7c55 7c55 7c75 7c75 7c55 8454 8454 8455 8455 8455 8475 8475 8474 7c54 8454 7c54 7c54 7c54 8474 8495 8cb5 8cd5 94f5 9d16 a557 a577 ad77 ad77 ad98 adb8 b5b8 b5b8 bdd8 bdf9 be19 c619 c639 c639 c639 c639 c639 c619 c639 c659 c659 c659 c659 c639 c639 c659 c659 c65a 
ffde ffde ffde ffde ffde ffde ffde ffde ffde ffde ffde ffde ffde ffde ffbe ffbe ffbe ff9e ff9e f7be f7be f7be f7be ffbe ffbe ffbe ffde ffbe ffbe ffbe ffbe ffbe ffbe ffbe ffbe ffbe ffbe ffbe ffbe ffbe ffbe ffbe ffbe ffbe ffbe ffbe ffbe ffbe ffbe ff9e ff9d ffbe ff9d f79e f79e f79e f79e f79d f79d f77d ef7d ef7d ef7d f77d f77d f77d f79d f79d f77d f77d f77d f77d f77d f77d f77d f77d f77d f77d ef7d ef5d ef3c e73c e71c defb debb d69b ce5a ce5a d67b d69b d69b d67a ce5a c639 c639 ce59 ce59 c639 bdd7 ad34 9450 9c4f 93ed 93ab a42b bccd b48b bc8b ac09 9368 8b47 82e6 8328 6245 49a4 4163 28e2 20c2 20c2 20c2 20c2 28e2 28e2 2902 3102 3123 3123 3123 3122 3123 3122 3943 4184 51e5 59e5 51c4 59e4 6266 72a7 7b08 7ae8 72a7 72a7 6245 6a25 6204 59c4 4983 3902 30e2 30c2 28a1 30e2 3943 4123 4963 4122 4943 5184 51a4 51a4 5183 51a4 59c4 4963 4964 51c5 6206 59a4 51c4 51c4 4963 4963 4143 4122 4102 4943 4963 4963 3102 3102 30e2 4143 4983 51a3 6a45 7ac7 7ac7 9369 9bcb 9beb 9bcb 93ab 938b 8b49 8309 7ae9 72a7 6a66 6226 6246 5a06 49a4 4163 4184 3944 2902 18a1 1060 18a1 1881 1081 0840 0841 0841 0841 0840 0020 1061 18e3 39a7 5b0d 7c32 8cb5 8cb5 8cb5 8cb5 8cb6 8cb6 8cb6 8cb6 8cb6 8cb6 8cb6 8cb6 8cb6 8cb6 8c95 8cb5 8c95 8c95 8c95 8495 8495 8495 8c75 8c95 8475 8475 8475 8475 8475 8475 8475 8475 8475 8475 8495 8495 8495 8495 8495 8475 8475 8475 7c75 7c75 7c55 7c55 7c55 7c75 7c75 7c55 8454 8454 8455 8455 8455 8475 8475 8474 7c54 8454 7c54 7c54 7c54 8474 8495 8cb5 8cd5 94f5 9d16 a557 a577 ad77 ad77 ad98 adb8 b5b8 b5b8 bdd8 bdf9 be19 c619 c639 c639 c639 c639 c639 c619 c639 c659 c659 c659 c659 c639 c639 c659 c659 c65a 
ffde ffde ffbe ffde ffde ffde ffde ffde ffde ffde ffde ffde ffbe ffbe f79e ef5d ef1c e6fc debb debb debb debb defc ef3d f77d f79e ffbe ffbe ffbe ffbe ffbe ffbe ffbe ffbe ffbe ffbe ffbe ffbe ffbe ffbe ffbe ffbe ffbe ffbe ffbe ff9d f79d f77d f77d ef5d f77d f77d ef5d ef3d e73d e71c e6fc dedc dedb d6bb d69b ce7a d69b dedb defc defc defc dedc dedb debb dedc dedc dedc dedc dedc d6bb d6bb d6bb d69b ce7b c63a c61a c619 bdf9 b5d9 b5b8 b5b8 ad98 b598 b5b8 ad77 a557 a536 a557 ad77 ad77 ad76 ad56 a514 9cb3 8c30 940f 8bcc 93ec ac6c bccd bccc b46b abe9 9bc9 8b27 7ac6 6a65 51e4 4163 4163 4163 3943 3102 2902 3103 3123 3103 28e2 3943 4184 3923 3102 3922 4184 4183 4984 49a4 51c4 51e4 6266 72a7 72e8 7ae8 8308 72a6 6225 51a3 4963 5163 5183 5163 5183 59c5 6206 59e5 59c5 6a47 6a67 6a46 61e5 59a4 59c4 51a4 5183 51a4 4984 4963 4963 3923 3923 4123 4143 38e2 30e2 3902 3902 4122 4963 4943 4102 4122 4143 4984 3943 3123 30e2 3122 3923 51a4 51c3 59e4 6224 7aa7 938a 9beb 9bcb 93ab 9bcb 9bcb 93ab 93cb 8b6a 7b09 72e8 72a7 6266 5a05 49c4 3963 3102 28e2 20c1 20a1 20a1 18a1 1061 0000 0000 0000 0000 0000 0000 1061 2124 528a 52cc 634f 7c33 8495 8cb5 8c95 8cb5 8c95 8cb5 8cb5 8cb5 8cb5 8cb6 8cb5 8cb6 8cb5 8cb5 8c95 8495 8495 8495 8475 8475 8475 8475 8475 8475 8475 8475 8475 8475 8475 8475 8475 8475 8475 8475 8475 8475 8475 8475 8475 8475 8475 7c75 7c75 7c75 7c75 7c75 7c75 7c75 7c75 7c75 7c75 7c55 7c55 7c55 7c54 7c54 7c54 7c54 7c54 7c54 7c54 7c55 7c55 7c55 7c54 7c54 7c54 7c54 8474 8475 8495 8495 8495 8c95 8cb5 8cb5 94d5 94d5 9d16 9d36 a557 ad77 ad97 ad77 ad77 ad77 ad77 ad98 b5b8 b5b8 b5b8 ad98 ad98 adb8 b5b8 b5d8 
ffde ffbe ffbe ffbe ffbe ffbe f79d f77d ef5d f77d f79e ef7d ef3d e71c debb ce5a c639 c619 bdf9 bdd9 bdd9 bdd9 c5f9 c61a ce7a d6bb e6fc e73d ef5d f77d f79d f79d f79d f77d f75d ef3c ef3c ef3c ef5d f77d f77d f79d f79d f77d ef5d e71c dedb d69b ce7a ce7b ce7b d69b ce7b ce5a c63a be19 bdf9 bdf9 bdf9 b5d9 b5d8 b5b8 b5d9 bdd9 bdf9 bdf9 bdf9 bdd9 b5b8 b5b8 b5d9 bdd9 bdd9 bdf9 bdf9 bdd9 b5d9 b5d9 b5d9 b5b9 ad98 ad98 ad98 ad98 ad78 ad78 a578 a578 a578 a557 a537 9d16 9d17 9d37 9d17 9d16 a516 ad56 a515 9cd4 9cb3 9c71 940d 9c2c ac4b b48c ac2a 9ba8 9347 9b88 9389 8328 6a66 51c3 4163 3943 4184 4163 4164 3123 3102 3102 3102 3102 4142 4163 3943 3922 3923 3943 3943 4163 49a4 51e4 5a25 6266 6aa7 6aa7 6aa7 6a87 5a05 4963 4922 4942 5183 6205 6a46 6a26 6226 6a67 7287 72a8 7287 6a46 61e5 4942 4942 4943 4943 4122 4122 38e2 28a1 30c2 3923 4984 4963 3902 28a1 28a1 30c2 3902 4963 5984 5163 4923 4122 4102 4123 4964 4985 3923 30e2 3923 4163 4122 4122 59c3 6a25 7aa6 8b28 8b48 938a 9bca 9baa 938a 8b49 7b09 72a7 6266 5a25 5a05 51e5 4183 3922 28e1 28c1 3102 28e2 28e2 28c2 1881 18a2 1061 0020 0840 0840 0020 0841 2945 528a 6b8f 73d0 7412 7412 7c33 8c94 8cb5 8c95 8c95 8c95 8c95 8c95 8c95 8cb5 8cb5 8cb5 8cb5 8c95 8495 8495 8495 8475 8475 8475 8475 8475 8475 8475 8475 8475 8475 8475 8475 8475 8475 8475 8475 8475 8475 8475 8475 8475 8475 8475 7c75 7c75 7c75 7c75 7c75 7c55 7c55 7c55 7c55 7c55 7c54 7c54 7c54 7c54 7c54 7c55 7c55 7c54 7c54 7c55 7c55 7c55 7c55 7c55 7c55 7c54 7c34 7c34 7c34 7c34 7c34 7c34 7c34 7c34 7c34 7c33 7c33 7c34 7c54 8474 8475 8475 8475 8475 8495 8c95 8c95 8cb5 8cb5 8cb5 8cb5 8c95 8cb5 8cd5 94f6 
f77d ef5d ef5c ef5d e73c defc d6bb ce5a ce39 ce7a d67b ce5a c63a c619 bdf9 bdb8 b5b8 b5b9 b5b9 b5b9 b5b9 b5b8 b598 b598 b5b8 b5b8 bdf9 c619 ce3a ce7b d69b d6bb d6bb d67a ce5a ce5a c619 c619 ce5a d67a d6bb debb d6bb d69b ce5a c619 bdf9 b5d8 b5b8 b5b9 b5b9 b5b9 adb8 ad98 ad98 ad98 ad98 ad99 ad99 ad99 ad98 ad98 ad98 ad99 ad99 ad98 ad98 ad78 a578 a578 a578 a578 ad98 ad98 ad98 ad98 ad98 ad98 ad98 ad78 a578 a578 a578 a578 a558 a558 a558 a558 a558 a558 a538 9d38 9d37 9d37 9d17 9cf6 9d16 a515 a515 a4f4 9cb3 9430 940d 9c2c a3ea ac2a b44a bc8c abe9 8b47 82e6 7ac6 6a65 5a24 51e4 51e5 5205 4163 4183 4184 3943 3943 4163 5205 51c4 59e5 4983 4163 3943 3902 4143 49a4 5a25 6287 6aa7 6aa7 6287 5205 4183 3922 4122 4122 5163 6a26 7aa7 7ac8 7ac8 6a46 51a4 5183 59a4 6205 6205 59c4 4963 4122 5183 61e5 6a45 6a25 59e5 4164 2881 3903 59e6 6a67 61e5 5163 38e2 30c1 3902 4963 61a4 61a4 5963 5143 5143 4922 38e2 4102 5185 51c5 4143 3922 4164 4163 4962 6a66 6a25 7265 7a85 7ac6 82c6 82e7 8308 8b49 7ae8 7287 6a66 5a05 51a4 4963 3922 3922 3943 3923 3102 3102 3102 28e2 3102 20a1 1881 1061 0840 0840 1082 0841 1081 2124 39c6 634d 8432 8c74 8453 7c13 7c33 8474 8c95 8c95 8c95 8c95 8c95 8495 8495 8c95 8cb6 8cb5 8c95 8c95 8495 8495 8475 8475 8475 8475 8475 8475 8475 8475 8475 8475 8475 8475 8475 8475 8475 8475 8475 8475 7c75 7c75 7c75 7c75 7c75 7c75 7c75 7c75 7c75 7c75 7c54 7c54 7c54 7c54 7c54 7c54 7c54 7c54 7c54 7c54 7c34 7c34 7c55 7c55 7c55 7c55 7c55 7c55 7c55 7c55 7c54 7c34 7c34 7434 7434 7c34 7c34 7434 7434 7434 7414 7414 7414 7414 7434 7434 7434 7c34 7c34 7c34 7c34 7c34 7c34 7c34 7c34 7c54 7c34 7c34 7c54 7c54 
ce5a ce5a ce3a c639 be19 bdf9 b5b8 b5b8 b598 b598 b598 b598 b598 ad98 ad98 ad98 ad99 ad99 ad99 ad99 ad99 ad98 ad98 ad98 ad78 ad78 ad78 ad98 ad98 b598 b598 b5b8 b5b8 b5b8 b598 b598 ad98 ad98 b598 b5b8 b5d9 bdd9 bdd9 bdd9 b5b8 b5b8 b5b9 adb9 ad99 ad99 ad99 ad98 ad98 ad78 ad78 ad78 ad79 ad79 ad79 a599 a599 a599 a599 a579 a579 a579 a579 a578 a578 a578 a578 a578 a579 a599 a579 a579 a578 a578 a578 a578 a578 a558 a558 a558 a558 a558 a558 a558 a558 a538 9d37 9d37 9d37 9d37 9d17 9d17 9d16 9cf5 9cf4 ad34 a4f3 9c70 940d 8baa 93a9 9bc9 b46b cced c4ed ac2a 8b47 7ac5 6a64 6244 6245 6246 5a25 6246 59e5 51e4 49a4 49a3 51c4 51e4 51e4 5a05 51c4 49a4 4163 4143 4164 51e5 6266 6aa7 6287 6246 49c4 3922 30e1 3922 4963 51a4 6a26 7266 7246 59e4 5183 4963 4942 4963 4963 59c4 59c4 5183 5183 51a4 7287 7ac8 7286 7ac8 6a67 4984 30c2 4164 6a26 7a87 7a66 61c4 4922 4101 4922 59a4 69e4 7204 69e3 69c3 61a3 5983 4943 4102 4123 6206 5a06 4143 4984 51c4 51a3 6204 7245 82c7 82e7 82e7 7265 7244 6a24 6a45 6225 6225 6a87 6246 51c4 4963 3942 3942 4143 3922 3922 3122 30e2 28e1 28c1 20a1 1881 0840 0820 0820 0840 1081 18a2 2103 2945 4208 632d 8432 8c74 8c94 8474 8474 8475 8474 8495 8495 8c95 8495 8c95 8c95 8c95 8c95 8c95 8c95 8c95 8c95 8c95 8475 8475 8475 8475 8475 8475 8475 8475 8475 8475 8475 8475 8475 8475 8475 8475 8475 8475 8475 8475 8475 8475 8475 8475 7c75 7c55 7c54 7c54 7c54 7c54 7c54 7c54 7c54 7c54 7c54 7c54 7c54 7c34 7c34 7c55 7c55 7c55 7c55 7c55 7c34 7c34 7c34 7c54 7c54 7c34 7c34 7434 7434 7434 7434 7434 7434 7414 7414 7434 7434 7434 7434 7434 7434 7434 7434 7434 7434 7434 7434 7434 7c54 7c54 7c54 7c34 7c34 
b598 b598 b598 ad98 ad78 ad78 ad78 ad78 ad78 a578 a558 a558 a558 a558 a578 a578 a578 a578 a578 a578 a578 ad78 ad78 a578 a578 a578 a578 a578 a578 ad78 ad78 ad78 ad78 ad98 ad78 ad98 ad78 ad78 ad78 ad78 ad98 ad98 ad98 ad98 ad78 ad98 ad98 ad98 ad98 ad98 ad78 a578 a578 a578 a578 a578 a578 a578 a578 a578 a578 a578 a578 a578 a578 a578 a578 a578 a578 a558 a558 a558 a558 a558 a558 a558 a558 a558 a558 a558 a558 a558 a558 a558 a558 a558 a558 a538 a537 a537 9d16 9d17 9d17 9d16 9cf6 9d17 9d17 9d16 9cd4 a4f3 9cb2 9c70 a46f 8bab 8b68 9ba9 ac2a bc8b c4cc ac29 9ba8 8b26 7ac5 59e3 51c3 51a3 4982 51a3 4983 51a3 5a04 59e4 6225 6225 59e4 5a05 4983 49a4 51e5 5a26 5206 6247 6aa8 6aa7 5a26 4184 3102 3101 3942 51a4 6226 7267 7266 59c3 59a3 59a3 5183 4942 4963 5183 51a3 59c4 6a25 6a25 7266 7286 72a7 7287 6205 5184 4123 3903 4123 4964 6a25 8287 8266 7204 5962 5142 5963 69c4 7204 7a24 7a24 7204 69c4 61a4 5984 5163 4122 59c5 6a67 51c4 4963 4984 51a4 59e4 6a25 7aa6 7ac6 82c7 7aa6 6a24 6204 59c3 5182 4962 4983 5a05 5a25 51c4 4983 4163 3963 3943 3943 3122 28e1 2902 28c1 1881 1881 1040 0840 1061 1060 1081 18a2 2924 3165 39c7 4a8b 634e 7bf2 8474 8c95 8c95 8c95 8475 8495 8495 8495 8495 8495 8c95 8c95 8c95 8c95 8c95 8c95 8c95 8c95 8c75 8475 8475 8475 8475 8475 8475 8475 8475 8475 8475 8475 8475 8475 8475 8475 8455 8475 8475 8475 8475 8475 8475 8475 8455 7c55 7c54 7c54 7c54 7c54 7c54 7c54 7c54 7c54 7c54 7c54 7c54 7c34 7c34 7c55 7c55 7c55 7c55 7c55 7c34 7c34 7c34 7c54 7c54 7c34 7c34 7434 7414 7414 7414 7414 7414 7434 7434 7434 7434 7434 7434 7434 7434 7434 7434 7c34 7c34 7434 7434 7434 7c54 7c54 7434 7433 7433 
ad98 ad78 ad78 ad78 ad78 ad78 ad78 ad78 a578 a558 a558 a558 a558 a558 a558 a558 a558 a558 a558 a578 a578 a578 a578 a558 a558 a558 a558 a558 a558 a558 a578 a578 ad78 ad98 ad98 ad98 ad78 ad78 ad78 ad98 ad98 ad78 a578 a558 a538 a538 a558 a558 a558 a558 a537 a537 a537 a537 a557 a557 a557 a558 a558 a558 a558 a558 a558 a558 a558 a558 a558 a558 a558 a558 a558 a558 a558 a538 a558 a558 a558 a558 a558 a558 a558 a558 a558 a558 a538 a538 9d37 9d37 9d37 9d37 9d16 9d16 9d16 9cf6 94f6 9cf6 9cf6 9d15 9cd4 9492 9c91 942f 93ee 8bab 93aa a40a ac2a a3c8 ac29 9b87 8b05 82e5 7aa4 7263 6203 6203 5182 4941 4141 4962 59e4 59e4 51a3 51a3 51c4 6225 5a05 6a87 7b09 7b2a 7b09 7b09 7b09 6aa8 49c5 3922 3902 4963 5a05 6a46 82c8 7266 59c4 59a3 6a46 7287 6205 59c4 59e4 6a25 7286 7aa7 7286 7286 7265 6a45 61e4 59c4 4963 40e2 4143 59c6 5a06 59c4 6a25 82c7 82a6 7a24 69c3 69a3 71c3 7a04 7a04 7a24 7a04 7a04 7a04 69c3 69c3 5983 4922 4963 6a47 6226 51a4 59c4 51a4 6a25 7246 6a45 7aa6 7ac7 82e8 7ae8 82e7 7ac6 6225 59c4 4962 4962 51c4 51c4 51e5 4184 4183 49c5 4184 3943 3102 28c1 2081 2081 1881 18a1 20c2 18a1 20c2 20e3 20e2 41e7 5aec 4a6a 4a8b 5aed 7c12 8474 8474 8474 8475 8c95 8475 8495 8495 8495 8495 8495 8495 8c95 8c95 8c95 8c95 8c95 8475 8475 8475 8475 8475 8495 8475 8475 8475 8475 8495 8475 8475 8475 8475 8475 8475 8475 7c75 7c75 8475 8475 8475 8475 8475 8475 8455 7c55 7c54 7c54 7c54 7c54 7c54 7c54 7c54 7c54 7c54 7c54 7c34 7c54 7c54 7c54 7c54 7c54 7c54 7c54 7c54 7c54 7c34 7c34 7c34 7434 7434 7414 7414 7414 7414 7414 7414 7414 7434 7434 7434 7414 7414 7414 7414 7414 7434 7434 7434 7434 7434 7434 7434 7434 7434 7434 
ad98 ad77 ad77 ad78 ad78 ad78 a578 a557 a558 a558 a557 a558 a558 a558 a558 a558 a558 a558 a558 a558 a558 a558 a558 a558 a558 a558 a558 a558 a557 a558 a558 a558 a558 a578 a578 a578 a578 a578 a558 a558 a558 a557 a537 9d37 9d17 9d17 9d17 9d17 9d17 9d17 9d17 9d17 9d17 9d17 9d37 9d37 9d17 9d37 9d37 a538 a538 9d37 9d37 a538 a538 a538 a538 a538 a538 a558 a558 a558 a537 a537 a538 a538 a538 9d38 9d37 9d37 9d37 9d37 9d37 a538 a537 a537 a537 9d37 9d37 9d37 9d37 9d37 9d37 9d16 9cf6 94d5 94b5 9cb4 9472 8c51 8410 9450 940e 8b8c 9beb a42b a3e9 a3e9 a3c8 9bc7 9386 9346 8b05 82c4 7aa4 7ae5 7264 6a44 59c3 6204 59e4 59e4 59c4 59c4 6225 6246 6246 6a87 6a87 72c8 7b09 7b4a 72e9 5205 3943 3943 51c4 6225 6a45 7246 6a25 59a3 59c4 7ac8 8b49 82c8 7246 7246 7286 7ac7 72a6 7aa6 7245 7265 7245 6a25 7286 7ac8 7266 6a26 6a27 6a27 6206 61c4 69e4 7a65 8265 8245 8245 8224 7a04 8224 8225 8a66 92c7 8aa6 8265 7a04 71e4 61a3 4922 4963 6247 6226 59c4 6206 59a3 6a25 6a25 61e4 6a24 6a24 6a66 7ae8 7ae7 7aa6 72a6 7ae7 7287 6a46 6a66 6225 51e4 4163 3942 3942 3942 3922 3101 3101 28e1 28e1 28e1 2902 20c2 20c1 20c2 20e2 18a2 3166 5acc 73d0 7bf1 6b90 73f2 8453 8474 8c95 8495 8495 8475 8475 8495 8495 8495 8495 8495 8495 8495 8495 8495 8495 8475 8475 8475 8475 8475 8495 8475 8475 8495 8495 8475 8475 8475 8475 8475 8455 7c55 7c54 7c54 7c54 7c54 7c55 7c55 8455 8455 8475 8455 7c55 8454 8454 7c54 7c54 7c54 7c54 7c54 7c54 7c54 7c54 7c54 7c54 7c54 7c54 7c54 7c54 7c54 7c54 7c54 7c54 7c34 7c34 7c34 7434 7434 7434 7434 7414 7414 7413 7414 7414 7414 7414 7414 7414 7414 7414 7414 7414 7434 7434 7434 7434 7434 7434 7434 7434 7434 7434 
ad77 ad57 ad57 ad57 ad77 ad77 a557 a557 a557 a557 a557 a558 a557 a558 a558 a558 a558 a558 a558 a557 a557 a557 a557 a557 a537 a537 a537 a537 a537 a537 a537 a537 a537 a537 a537 a537 a537 a537 9d37 9d37 9d37 9d37 9d17 9d17 9d17 9d17 9d17 9d17 9d17 9d17 9d17 9d17 9d17 9d17 9d17 9d17 9d17 9d17 9d37 9d37 9d37 9d37 9d37 9d37 9d37 9d37 9d37 9d37 9d37 9d17 9d17 9d17 9d17 9d17 9d17 9d17 9d17 9d17 9d17 9d17 9d17 9d17 9d17 9d17 9d37 a537 a537 a537 a537 9d37 9d37 9d36 9d16 94f6 94f6 94d5 9cf5 a516 9493 8431 8410 8c30 9c90 942e 9c0c ac6c bcac bc8b b44a ac49 ac29 a3e8 9366 8b26 82e4 82e5 7aa4 7ac5 72a5 6a64 59e3 59e3 6204 5a04 51a3 59e4 59e5 6226 6a67 72c8 6ac8 6267 49c5 3922 3922 51c4 6246 7266 6a04 6a04 61c3 61e3 82c7 8b08 7aa6 7245 7224 7224 7a86 82c6 7a85 7265 7265 7245 7265 7a85 82c7 82e8 7aa7 7267 6206 5184 5163 5983 69e4 7a45 92e7 9b28 a348 92e7 92a6 8aa6 8aa6 92c6 92e7 9307 92e7 8aa6 8265 7225 5963 5163 6205 6a46 6a46 8309 7266 7245 7266 7265 6a04 59c3 61e4 6225 6224 6224 72a6 7ac7 72c7 72c7 6a66 5a05 51c4 4983 4982 4162 49a3 51c4 49a3 4983 4163 3942 3142 28e1 1880 1060 1060 18a2 2103 3186 4a49 630d 7bf1 7c32 73f2 73f2 7c13 8475 8495 8495 8495 8475 8495 8495 8495 8495 8495 8475 8475 8475 8475 8475 8475 8475 8475 8475 8475 8475 8475 8475 8475 8475 8454 7c54 7c54 7c55 7c55 7c54 7c54 7c54 7c54 7c54 7c54 7c54 7c55 7c54 7c55 8475 8475 7c55 7c54 7c54 7c54 7c54 7c54 8454 7c54 7c54 7c54 7c54 7c54 7c54 7c54 7c54 7c54 7c54 7c54 7c54 7c54 7c54 7c34 7c34 7434 7434 7414 7434 7434 7434 7434 7434 7414 7414 7414 7414 7414 7414 7414 7414 7414 7414 7414 7414 7434 7434 7434 7434 7434 7434 7434 7434 
ad57 ad57 ad57 ad57 a557 a557 a577 a577 a577 ad77 ad78 a557 a557 a557 a557 a537 a557 a557 a557 a557 a557 a557 a557 a557 a537 a537 a537 a537 a537 a537 a537 9d37 9d17 9d17 9d37 9d37 9d17 9d17 9d37 9d17 9d17 9d17 9d17 9d17 9d17 9d17 9d17 9d17 9d17 9d17 9d17 9d17 9d17 9d17 9cf7 9cf7 9d17 9d17 9d17 9d17 9d37 9d37 9d37 9d37 9d37 9d37 9d37 9d37 9d17 9d17 9d17 9517 9d17 9d17 94f7 94f7 9517 9d17 9d17 9517 9517 9517 9517 94f7 9517 9d17 9d17 9d17 9d16 9d16 9d16 9cf6 94f5 94d5 94d6 94d5 94d5 9cf5 9493 8c73 8c72 8c30 9c91 a490 a44e b4ae c50e b46a b449 ac49 ac29 a3e8 9ba8 9346 82c4 8b05 8b47 8b47 82e6 6a64 6224 6204 6204 6205 59e4 5a05 72a8 7b09 72e9 6267 5226 3963 3122 4184 51e5 6266 7287 7266 61e3 69e3 7224 7a65 8b08 82e7 7aa6 82a6 7244 7a65 82c7 82e7 8b28 8ae7 7a86 7245 7244 7a65 8ac7 8b08 8b09 7246 5183 4943 59a4 61c4 7204 82a6 9b69 abca abca a368 9b27 9ae6 9ae7 9ae7 9b27 a368 9b27 92c6 8aa6 8266 61c4 5163 6a46 7ac8 8309 936a 82e8 6a25 7245 7a86 7245 7245 6a24 6204 6a65 7aa7 8308 72a7 6a45 5a25 5205 51e4 59e4 51c3 51c3 59e4 5a04 5a04 59e3 49a3 4163 3101 28e1 1880 1040 1060 1060 18c2 20e3 39a6 4a49 528b 6b8f 73f1 73f2 73f2 7c13 8454 8495 8495 8495 8475 8475 8475 8475 8495 8495 8495 8495 8495 8c95 8c95 8495 8495 8495 8475 8475 8475 8475 8475 8454 8454 7c54 7c54 7c55 7c55 7c55 7c55 7c55 7c55 7c55 7c55 7c55 7c54 7c54 7c54 7c55 8475 8475 8455 7c54 7c34 7c54 7c54 8454 8454 8454 7c54 7c54 7c54 7c54 7c54 7c34 7c34 7c34 7c34 7c34 7c34 7c34 7c34 7434 7434 7434 7434 7414 7414 7414 7c34 7c34 7c34 7434 7414 7414 7414 7414 7434 7434 7434 7434 7434 7434 7434 7434 7434 7434 7434 7434 7434 7434 7434 
ad57 ad57 ad57 ad57 a557 a557 a577 a577 a577 ad77 ad78 a557 a557 a557 a557 a537 a557 a557 a557 a557 a557 a557 a557 a557 a537 a537 a537 a537 a537 a537 a537 9d37 9d17 9d17 9d37 9d37 9d17 9d17 9d37 9d17 9d17 9d17 9d17 9d17 9d17 9d17 9d17 9d17 9d17 9d17 9d17 9d17 9d17 9d17 9cf7 9cf7 9d17 9d17 9d17 9d17 9d37 9d37 9d37 9d37 9d37 9d37 9d37 9d37 9d17 9d17 9d17 9517 9d17 9d17 94f7 94f7 9517 9d17 9d17 9517 9517 9517 9517 94f7 9517 9d17 9d17 9d17 9d16 9d16 9d16 9cf6 94f5 94d5 94d6 94d5 94d5 9cf5 9493 8c73 8c72 8c30 9c91 a490 a44e b4ae c50e b46a b449 ac49 ac29 a3e8 9ba8 9346 82c4 8b05 8b47 8b47 82e6 6a64 6224 6204 6204 6205 59e4 5a05 72a8 7b09 72e9 6267 5226 3963 3122 4184 51e5 6266 7287 7266 61e3 69e3 7224 7a65 8b08 82e7 7aa6 82a6 7244 7a65 82c7 82e7 8b28 8ae7 7a86 7245 7244 7a65 8ac7 8b08 8b09 7246 5183 4943 59a4 61c4 7204 82a6 9b69 abca abca a368 9b27 9ae6 9ae7 9ae7 9b27 a368 9b27 92c6 8aa6 8266 61c4 5163 6a46 7ac8 8309 936a 82e8 6a25 7245 7a86 7245 7245 6a24 6204 6a65 7aa7 8308 72a7 6a45 5a25 5205 51e4 59e4 51c3 51c3 59e4 5a04 5a04 59e3 49a3 4163 3101 28e1 1880 1040 1060 1060 18c2 20e3 39a6 4a49 528b 6b8f 73f1 73f2 73f2 7c13 8454 8495 8495 8495 8475 8475 8475 8475 8495 8495 8495 8495 8495 8c95 8c95 8495 8495 8495 8475 8475 8475 8475 8475 8454 8454 7c54 7c54 7c55 7c55 7c55 7c55 7c55 7c55 7c55 7c55 7c55 7c54 7c54 7c54 7c55 8475 8475 8455 7c54 7c34 7c54 7c54 8454 8454 8454 7c54 7c54 7c54 7c54 7c54 7c34 7c34 7c34 7c34 7c34 7c34 7c34 7c34 7434 7434 7434 7434 7414 7414 7414 7c34 7c34 7c34 7434 7414 7414 7414 7414 7434 7434 7434 7434 7434 7434 7434 7434 7434 7434 7434 7434 7434 7434 7434 
b598 b598 b598 ad98 ad98 ad98 adb8 adb8 ad98 ad98 ad98 ad78 ad78 ad77 ad77 ad77 a557 a557 a557 ad77 ad77 ad57 a557 a557 a557 a557 a557 a557 a557 a557 a557 a557 a537 a537 a537 a537 a537 a537 9d37 9d37 9d37 9d37 9d37 9d17 9d17 9d17 9d17 9d17 9d17 9d17 9d17 9cf7 9d17 9d17 9cf7 9cf7 9d17 9d17 9d17 9d17 9d17 9d17 9d17 9d17 9d17 9d17 9d17 9d17 9d17 9d17 9d17 9517 9517 9517 94f7 94f7 94f7 94f7 94f7 94f7 94f7 94f7 94f7 94f7 94d6 94d6 94d6 94b6 94b6 94d5 94d5 94f5 94f6 94d5 94d6 94d5 94d5 9493 8c52 9493 9472 8c30 944f 9c6f a44d ac8d cd2e c4ec bcab 9b87 9346 9346 9ba8 9b88 9346 82e5 9347 8b27 82e6 7ac6 7285 6224 59e4 6a45 7287 72c8 7b09 72a8 59e5 49a4 3943 3942 4163 5206 6267 6246 6205 6a25 7286 82c7 8ae7 8ae7 82c6 9369 9b69 8b08 8ae7 8b28 8b28 8b08 9369 9328 8ac7 8ae7 8ac6 8286 92e7 9b49 934a 7a67 5943 69e5 8aa8 8287 8265 8ac6 9b28 ab89 abaa a368 a327 9b27 9b07 9ae6 a368 a389 9b48 9307 92c6 8245 69e4 59a4 7267 82e8 82e8 82e8 82a7 7224 7224 7a86 7a65 7a86 6a25 6204 59c3 6a66 7ae7 72a7 6224 49a3 49a3 51c3 5a04 6225 6245 6a65 6a65 6a45 59e3 4982 4162 3942 3102 28c1 20a1 28e2 20c2 20e2 18c2 2104 39c7 52ab 6b4f 8433 7c13 8474 8c94 8475 8475 8475 8475 8475 8475 8475 8475 8475 8475 8c75 8c75 8c95 8c95 8c95 8c95 8c95 8495 8475 8475 8475 8475 8454 8454 8454 8474 8474 8475 8475 8475 8455 8454 7c55 7c54 7c55 7c54 7c54 7c54 7c54 7c54 7c54 7c54 7c54 7c34 7c34 7c34 7c54 7c54 7c54 7c34 7c34 7c34 7c34 7c34 7c34 7c34 7c34 7c34 7c34 7c34 7c34 7c34 7c34 7434 7434 7414 7414 7414 7413 7413 7414 7c14 7c14 7434 7414 7413 7413 7413 7414 7414 7434 7434 7434 7414 7414 7414 7414 7414 7434 7434 7434 7434 7434 
bdf9 b5d9 b5d8 b5d9 b5d9 b5d9 b5d9 b5d9 b5d9 b5d9 b5d9 b5d9 b5d9 b5d9 b5b9 b5b9 b5b9 b5b9 b5b9 b5b9 b5b9 adb8 adb8 adb8 adb8 b5b8 adb8 adb8 adb8 b598 b598 ad98 ad98 ad98 ad98 ad98 ad78 ad78 ad78 ad78 ad78 ad78 ad78 a558 a558 a558 a557 a557 a557 a558 a557 a557 a557 a557 a557 a557 a537 a537 a537 a557 a557 a537 a537 a537 a537 a537 a538 a537 9d37 9d37 9d17 9d17 9d17 9d17 9d17 9d17 9d17 9d17 9d17 9517 94f7 94f7 94f7 94d7 94d6 8cb6 8cb5 8cb5 8cb5 8cb5 8cb5 8cb5 8cb5 8c94 8c94 8473 8c73 8c52 8c31 9451 8bef 942f a470 a48f ac4c a3ea b46b c4ed b46b 9b87 8b05 8ae5 8ae5 82e5 8b05 82c5 82e5 8b06 8b06 7aa5 7265 6a45 7265 7286 6a66 6a66 6a66 51e4 4983 4163 4163 4984 51c5 6267 6267 59e5 59e4 7287 8b49 938a 9369 8b27 8b07 9368 9349 9349 9b8a 9baa a40c a3cb 9baa 9b8a 9b8a 9b6a 9b69 9b49 9b29 a38a a3cc 934a 71e5 92e8 b3cb abaa 9b28 92e7 9b07 a327 aba9 a388 a347 a348 a327 9b07 9b47 9b47 9b48 9b48 92e7 7a25 7a46 59a4 59c4 6a46 7aa7 82a7 7245 6a04 7245 82c7 82c7 82e7 7286 6a45 59c3 6204 72a6 72c7 7ac7 6a86 5a04 59e4 6225 6224 6a45 6a65 7285 6a24 6224 59e3 51c3 51c4 49a3 4983 4142 3942 3943 3144 3144 20e3 2945 4209 4a6b 6b6f 7bf2 7c33 8453 8454 8454 8454 8454 8474 8475 8475 8475 8474 8474 8c75 8c75 8c75 8c75 8c75 8c75 8c75 8c75 8474 8454 8474 8474 8454 8454 8454 8474 8474 8474 8474 8474 8454 8454 8454 8474 8474 7c54 7c54 7c54 7c54 7c54 7c54 7c54 7c54 7c34 7c34 7c34 7c34 7c34 7c34 7c34 7c34 7c34 7c34 7c34 7c34 7c54 8434 8434 8434 7c34 7c34 7c33 7c13 7413 7413 7413 7413 7413 7413 7413 7c13 7c33 7c33 7c14 7413 7413 7413 7413 7413 7413 7413 7414 7414 7413 7413 7413 7413 7413 7413 7413 7413 7413 7413 
bdd9 b5d8 b5b8 b5b8 b5d9 b5d9 b5d9 b5d9 b5d9 b5d9 b5d9 b5d9 b5d9 b5d9 b5d9 b5d9 b5d9 b5d9 b5d9 b5b9 b5b9 b5b9 b5b9 b5b9 b5b9 b5b9 b5b9 b5b9 b5b9 b5b9 b5b9 b5b9 b5b9 b5b8 adb8 adb8 adb9 adb9 adb9 adb9 adb9 b5b9 adb9 adb9 ad99 ad99 ad99 ad99 ad99 ad99 ad99 ad99 ad99 adb9 adb9 adb9 ad98 ad98 ad98 ad98 ad98 ad98 ad98 ad98 ad99 ad99 ad99 ad99 a578 a578 a578 a578 a578 a578 a578 a578 a578 a558 a558 a558 9d58 9d58 9d58 9d37 9d37 9d17 9d37 9d37 9d37 9d37 9d37 9d36 a536 9cf5 9cf5 94f5 94b4 94b3 9cd3 a4d3 9cb1 a4b0 acd0 bd10 cd2f bcac b46b c4ed bcac b44a 9b87 8b25 82c4 82c4 82c4 8b05 8b06 8ae5 82c5 82c5 7a85 6a44 7265 6a25 6a45 6a66 6245 51c4 51a4 51c5 49a4 51c5 6247 6a87 59e5 51c4 6a87 8329 93ab 9baa 8b48 8b28 8307 8b07 9369 9349 936a a3cb b46d b44d ac0c abec a3cb abcb abec abcb a349 a3ab b40d abab 8286 a329 bc2c c4ae bc6d a369 92e6 9b07 ab89 a388 a368 9b27 9b07 9b07 a348 a348 a328 9b28 92c6 7a04 69c4 5983 5984 61e4 7225 7a65 7225 7204 7245 82c7 9369 9369 82e7 7aa6 7286 6a66 7286 7286 7ac7 72a6 6224 6224 6a45 6204 6203 6224 6a44 7285 7ac6 72a6 6a65 6245 6245 5a04 51e4 49a3 3963 3123 3144 41e6 41c7 528a 630d 738f 6b6f 6b90 8432 8453 8c73 8c74 8c74 8c74 8c74 8c74 8c74 8c74 8c74 8c74 8c74 8c74 8c74 8c74 8c74 8c74 8c74 8c74 8474 8474 8474 8454 8454 8454 8454 8454 8454 8474 8454 8454 8454 8474 8474 8474 8454 8454 8454 8454 8454 8454 7c53 7c33 7c33 7c33 7c33 7c33 7c33 7c33 7c33 7c33 7c34 7c34 8453 8453 8454 8454 8454 8454 8454 8454 8433 7c13 7c13 7c13 7c13 7c13 7c13 7c13 7c13 7c13 7c13 7c13 7c13 7413 7413 73f3 73f3 73f3 73f3 73f3 73f3 73f3 73f3 73f3 7bf3 7c13 7c13 73f3 73f3 7413 7413 7413 
bdf9 bdd9 b5d8 b5b8 b5b8 b5d9 b5d9 b5d9 b5d9 b5d9 b5d9 b5d9 b5d9 b5b9 b5b9 b5b9 b5b9 b5b9 b5b9 adb8 adb8 ad98 adb8 adb8 adb8 ad98 ad98 ad98 ad98 ad98 ad98 ad98 ad98 ad98 a578 a578 a578 a578 a578 a577 a578 ad98 ad98 ad98 ad98 ad98 ad98 ad98 ad98 ad98 ad98 ad98 ad98 a598 ad98 ad98 ad98 a598 a598 a598 a598 a598 a598 a598 a598 a598 a578 a578 a578 a578 a578 a578 a578 a578 a578 a578 a578 a578 a578 a578 a578 a578 a578 a578 a578 a578 a578 a578 a578 a578 a577 a577 ad97 ad98 ad77 a577 a557 a536 a535 b575 b554 b532 bd31 bcce c50e d56f cd2e cd0d c4cc b42a ac29 a3c8 9366 8b25 9325 9325 8ae5 82c5 82a4 82c5 7aa5 82c5 7ac6 7ac6 8b28 7ac7 6225 59e4 6225 5a05 4983 49c4 6267 5a46 51c5 5a26 72c8 93ab 93ab 8b48 8307 8b49 9369 8b49 9bab 9bab a3ec a3ec ac0d ac0d ac0d b42d b40d b40d b42d b42d abec abcb bc2d bc4e 9b29 92c7 a369 bc8d ccef b40b 9b28 92e7 a368 a368 a347 92c6 92c6 9b07 a348 a348 a348 a348 9b07 8245 69c3 5963 61c4 7246 7245 7a65 7204 7225 82a6 82c7 8308 8b29 7ac7 7ac6 8b49 938a 7ae8 7286 6a66 6a45 6a44 6a44 6a24 6204 6a44 6a44 7285 72a5 7aa6 72a5 72a5 72a5 7285 6a65 5a04 49a3 4163 3963 3123 3985 4a28 6b4d 7bcf 7bd0 7bd0 8431 8452 8c73 9493 9494 8c93 8c93 8c73 8c73 8c74 8c74 8c74 8c74 8c74 8c74 8c74 8c74 8c94 8c94 8c74 8c74 8c74 8c74 8c74 8c73 8c73 8c73 8c53 8453 8453 8453 8453 8453 8453 8453 8473 8473 8453 8453 8453 8453 8453 8453 7c33 7c12 7c13 7c13 7c13 7c12 7c12 7c12 7c12 7c12 7c13 7c33 8453 8433 8453 8453 8453 8453 8453 8453 8433 8432 7c32 7c32 8433 8433 8433 8433 7c33 7c33 7c33 7c33 7c33 7c33 7c33 7c33 7c13 7c13 7c13 7c13 7c13 7c13 7c13 7c13 7c13 7c13 7c13 7c13 7c13 7c13 7c13 7c13 
b5d9 b5d9 ad97 a536 a557 ad98 adb8 b5b8 b5d9 b5d9 b5d9 b5d9 b5d9 b5b9 b5b9 b5b9 b5b9 b5b9 b5b9 adb9 adb8 adb9 adb8 adb8 adb8 ad98 ad98 ad98 ad98 ad98 ad98 ad78 a578 a578 a577 a557 a557 a557 a557 9d37 a557 a577 a577 a577 a558 a558 a557 a557 a558 a578 a557 9d37 94f6 8cd5 94d5 94d6 94f6 9516 9516 9516 9d37 9d57 a578 a578 a578 a578 a558 a558 a558 9d58 9d58 9d58 9d57 9d57 9d58 9d58 9d58 9d58 9d58 9d58 9d58 9d58 9d58 9d58 9d37 9d57 9d37 9d57 9d57 9d57 9d57 9d57 a557 a557 a536 a536 a536 a535 ad55 ad35 ad34 bd73 cd92 cd51 cd2f cd4f cd0e c50d bc8b ac09 ac09 a3c7 9345 8b04 8b04 8b05 8b05 8b05 82c5 8ae5 82c5 82c5 8b27 8b48 82e7 6a44 6a24 6224 6a45 49a4 4163 51e5 6aa8 6267 5a05 6247 72c8 938b 8b69 82e7 8307 938a 938a 936a 9bcb a40c a40c a40c abed ac0d abec ac0d b40d b40d abed b40d b40c abcb b40c c48f b3ec 92c7 92e7 9308 b40b c46d b3cb 9b28 9b27 9b48 92e6 8a64 92c6 9b07 9b47 a389 abca b40b b3eb 9b08 7a05 5963 5983 7246 7a86 8286 7224 7a45 82c7 9349 82c7 7266 7286 7ac7 7b08 8328 72a7 6204 59e4 6a45 7aa6 7285 6a44 6a44 6a24 7264 7285 7aa5 7ac6 7ac5 7aa5 7ac6 7ac6 7285 59e3 51a3 49a3 49c4 41a5 3123 3985 5289 738e 8410 8c52 8c72 8c52 8c52 8c52 8c72 8c73 8c72 8c72 8c52 8c52 8c52 8452 8c52 8c53 8c53 8c53 8c53 8c73 8c73 8c53 8432 8432 8452 8452 8452 8432 8432 8432 8432 8432 8412 8412 8432 8432 8452 8452 8452 8452 8452 8452 8433 8432 7c32 7c12 7c12 7c12 7c12 7c12 7bf2 73f1 73f2 73f2 73f1 7bf2 7c12 7c32 7c12 7c12 7c32 8432 8432 8432 8432 8432 8452 8c52 8452 8432 8412 7c12 7c12 7c12 7c12 7c12 7c12 8432 8432 7c32 8432 8433 8433 8433 8433 8433 8433 8433 8433 8433 8433 8433 8433 8433 8433 8433 8433 
b5d9 b5d8 ad77 9d15 9d15 a557 ad98 adb8 adb8 adb8 adb8 ad98 ad98 ad98 ad98 ad98 ad98 ad98 adb8 ad98 ad98 ad98 ad98 ad98 ad98 ad98 ad98 ad98 ad78 a578 a578 a578 a578 a577 a557 9d57 9d57 a557 a557 a557 a557 a557 a557 9d37 9d37 9d37 9d37 9d37 9d37 9d37 9d17 94f6 8cb5 8494 8474 8c74 8c94 8c94 8cb5 8cb5 94d5 94f6 9d37 9d57 9d37 9d57 9d37 9d37 9d37 9d57 9d37 9d37 9d37 9d37 9517 9517 9d37 9d37 9d37 9d38 9d38 9d38 9d38 9d38 9d37 9d37 9d37 9d37 9d37 9d37 9d37 9d37 9536 9516 9d15 9cf5 9cf5 9cf4 9cb3 9cd4 9cd3 acf2 b4f1 c531 c52f cd2e c4cc bc8b b46b ac09 ac09 b44a b449 9ba7 9345 8b25 8ae5 82e5 82a4 82c4 82c4 8b06 8b27 7ac5 7285 6a24 6204 59e4 51a3 3922 4163 6a88 72c9 6aa8 6246 6246 6a87 8b4a 8329 7ac7 8349 93ab 9bcb 938b 938a 9bab 9bcb a3cc abec ac0d ac0d ac0d b42e b42e abed b3ec b3ec abcb b3ec bc4e bc4e abab 9b29 8286 92e7 bc4d bc4d a389 92e7 92e6 8265 8a85 9b07 a369 b3ea bc2b bc4c c4ae ccef bc4d a349 7a45 7245 7225 7a65 82a6 8ac6 7a65 7a65 9b89 9348 7245 7286 7286 7266 6a45 6245 5a04 51c3 6204 6a45 6224 6224 6a24 6203 6a23 6a03 6a44 7264 7285 7285 7285 7264 6a44 6203 59e3 51c3 49c4 49e5 49c5 3985 41e7 5a8a 736e 7bd0 8411 83f0 83f0 8411 8411 8431 8c52 8c52 8c52 8c52 8432 8411 8432 8c32 8432 8432 8432 8432 8432 8432 8411 7bf1 8411 8411 8411 7c11 7c11 7c11 8411 8411 8432 8431 8431 8c32 8c52 8c52 8c52 8c52 8c52 8c52 8c52 8c52 8c52 8c52 8c52 8452 8452 8452 8452 8432 8432 8431 8431 8412 8432 8432 8432 8412 8432 8c32 8432 8432 8432 8c73 9473 8c73 8c32 8411 7bf1 7bf1 7bf1 7bf1 7c11 7bf1 7c11 8412 8411 8412 8432 8432 8412 7c12 8412 8432 8432 8432 8432 8432 8432 8432 8412 8432 8432 8412 8432 
b5d9 b5d9 b5b8 ad97 ad77 ad97 ad98 ad98 ad98 ad98 ad98 ad98 ad98 ad98 ad98 ad98 ad98 ad98 ad98 ad98 ad98 ad98 ad98 ad98 ad98 ad98 ad78 ad78 ad78 a578 a578 a578 a577 a557 a557 a557 a557 a557 a557 a557 9d37 a557 9d37 9d37 9d37 9d37 9d37 9d37 9d17 9d17 9d17 9d16 94f6 94f6 94f6 94f6 94f6 94f5 94f6 94d5 8474 8454 8474 8474 8475 8c75 8c95 8c95 8c95 8cb5 8cb5 8cb5 8cd6 94f6 9517 9517 9517 9517 9517 9517 9517 9517 9517 9517 9517 9517 9517 9517 9517 9517 94f6 94f6 94f6 94f6 94d6 8cd5 94d5 8c94 8c73 8c73 94b3 ad13 b4f1 bd10 c50e c4ed c4ec bcab b42a 9b87 a3e8 ac29 ac08 a3e8 a3a7 9346 8ae4 82c4 82e4 82c4 82e5 82c5 7ac5 7264 7264 7264 6a24 51a3 4942 4983 5a05 72a8 72a8 6a87 6226 6267 72e8 8329 7ae8 8309 93ab 93ab 8b6a 8b6a 938a 9bcb 9bec a3ec a3cc a3ec ac2d b42e bc4e bc4e bc4e bc2d b40c bc2c bc2d bc4e bc8e b42d 9329 7a25 92c7 abca abca 9b68 9307 8aa6 8285 92e7 ab89 b3eb b3ca a369 8ac7 8ac7 b3eb bc0c ab8a 9307 8ae7 7a44 7224 8ac6 9b68 9307 82c6 9328 9369 7aa6 7266 7266 72a7 6225 6205 5a05 5a05 51e4 51a3 59c3 6204 6a44 6a44 7244 6a23 7264 7244 6a44 7264 6a44 7264 6a23 6203 5a03 51c3 51c4 5206 5a88 5a8a 5acb 630d 632e 632e 6b4e 6b4e 738f 738f 73b0 7bd0 7bf1 7bf1 7bf1 7bf1 8411 8412 8432 8432 8412 8411 7c11 7c11 8412 8432 8411 7bf1 7bf1 7bf1 7c11 7c11 7c11 7bf1 83f1 8411 8431 8c32 8c52 8c52 8c52 8c52 8c72 8c72 8c52 8c72 9472 9493 9473 9493 9493 9472 8c72 9492 9492 9492 9492 9492 9472 8c52 8c52 8c52 8c52 8c52 9472 8c52 8432 8412 8432 8c52 8c52 8452 8432 8432 8432 8432 8432 8432 8432 8431 8c52 8c52 8431 8411 8412 7bf1 7bf1 7bd1 7bf1 7c11 8411 8412 7c11 7bf1 7bf1 7bf1 7bf1 7c11 7c11 7c11 8411 
b5d9 b5d9 b5d8 b5d8 b5d8 ad97 a556 a557 a557 a557 a557 ad98 ad98 ad98 ad98 ad98 ad98 ad98 ad98 ad98 ad98 ad98 ad98 ad78 a578 a578 a578 a578 ad78 ad78 a578 a578 a577 a557 a557 a557 a557 a557 9d37 9d37 9d37 a557 9d37 9d37 9d37 9d37 9d37 9d17 9d17 9d17 9d17 9d17 9d17 9d16 9d16 9d16 9d16 9d16 9d16 94f6 8474 7c33 7c13 7c12 7c12 7c13 7c13 7c13 7c13 7c33 7c33 8454 8c95 94f6 9517 9517 9517 9517 9517 9517 9517 9517 9517 9517 94f7 94f7 94f7 94f7 94f7 8cf7 94f7 8cf6 8cf7 8cf6 8cd6 8cd6 8cd5 94b5 94b5 94d4 9cd4 a513 acf1 c531 cd70 d56f d56f cd0d c4cc ac29 9b87 9b87 9ba7 9366 9326 9326 9346 9346 9b66 9326 9367 8b05 82c5 82e5 82c6 7285 7285 59c3 51a3 6225 6a66 7287 7ac8 6a67 6a67 72c8 7b09 834a 8b4a 834a 834a 8b6a 8349 8b6a 938a 93cb 9bec a3ec 9bcc a3ec ac0d b44e bc6f bc8f c4af c48e bc4d bc4d bc4d bc4e bc6e b42d 9b6a 7a25 8265 9308 9b48 9b48 92e7 8aa6 9308 a369 abaa a38a a38a a369 8aa7 8245 9ae7 a36a abcb abcb a369 8285 7a44 92e6 9b68 9307 8ae6 8ae7 8ae7 82c6 7285 7286 8308 72a7 6245 51c4 51c4 6246 51e4 4983 51c3 6224 6a44 7aa5 7aa5 7264 7264 7264 7a85 7264 7264 6a44 6a44 6a65 6a65 6266 6287 62ca 6b2c 6b4e 6b8f 636f 636f 632f 634f 6b70 6b90 6b90 6bb0 73b0 73b0 73b0 73d1 7c12 7c33 7c33 7c33 7c12 7c32 7c12 7c32 8432 8432 7c32 7c12 7bf1 7bf1 7c12 7c12 7bf1 7bf1 7bf1 7bd1 73d0 7bd1 7bf1 7bf1 7bd1 7bd0 7bf1 7bf1 7bf1 7bf1 7c11 8411 8431 8432 8452 8431 8411 8431 8431 8c52 8c72 9472 8c51 7bf1 7bf1 8412 8432 8431 8431 83f1 73b0 6bb0 73d1 7bf1 7bf1 73f1 7c12 8432 8452 8c72 8c52 8c52 8431 8411 8c31 8431 8411 7bd0 7bd1 73b0 73d0 7c11 8452 8452 8432 8412 7bf1 7bd1 73d1 73d1 7bf1 8431 8431 8411 8411 
b5d9 b5d9 b5d8 b5d8 b5d8 ad97 a556 a557 a557 a557 a557 ad98 ad98 ad98 ad98 ad98 ad98 ad98 ad98 ad98 ad98 ad98 ad98 ad78 a578 a578 a578 a578 ad78 ad78 a578 a578 a577 a557 a557 a557 a557 a557 9d37 9d37 9d37 a557 9d37 9d37 9d37 9d37 9d37 9d17 9d17 9d17 9d17 9d17 9d17 9d16 9d16 9d16 9d16 9d16 9d16 94f6 8474 7c33 7c13 7c12 7c12 7c13 7c13 7c13 7c13 7c33 7c33 8454 8c95 94f6 9517 9517 9517 9517 9517 9517 9517 9517 9517 9517 94f7 94f7 94f7 94f7 94f7 8cf7 94f7 8cf6 8cf7 8cf6 8cd6 8cd6 8cd5 94b5 94b5 94d4 9cd4 a513 acf1 c531 cd70 d56f d56f cd0d c4cc ac29 9b87 9b87 9ba7 9366 9326 9326 9346 9346 9b66 9326 9367 8b05 82c5 82e5 82c6 7285 7285 59c3 51a3 6225 6a66 7287 7ac8 6a67 6a67 72c8 7b09 834a 8b4a 834a 834a 8b6a 8349 8b6a 938a 93cb 9bec a3ec 9bcc a3ec ac0d b44e bc6f bc8f c4af c48e bc4d bc4d bc4d bc4e bc6e b42d 9b6a 7a25 8265 9308 9b48 9b48 92e7 8aa6 9308 a369 abaa a38a a38a a369 8aa7 8245 9ae7 a36a abcb abcb a369 8285 7a44 92e6 9b68 9307 8ae6 8ae7 8ae7 82c6 7285 7286 8308 72a7 6245 51c4 51c4 6246 51e4 4983 51c3 6224 6a44 7aa5 7aa5 7264 7264 7264 7a85 7264 7264 6a44 6a44 6a65 6a65 6266 6287 62ca 6b2c 6b4e 6b8f 636f 636f 632f 634f 6b70 6b90 6b90 6bb0 73b0 73b0 73b0 73d1 7c12 7c33 7c33 7c33 7c12 7c32 7c12 7c32 8432 8432 7c32 7c12 7bf1 7bf1 7c12 7c12 7bf1 7bf1 7bf1 7bd1 73d0 7bd1 7bf1 7bf1 7bd1 7bd0 7bf1 7bf1 7bf1 7bf1 7c11 8411 8431 8432 8452 8431 8411 8431 8431 8c52 8c72 9472 8c51 7bf1 7bf1 8412 8432 8431 8431 83f1 73b0 6bb0 73d1 7bf1 7bf1 73f1 7c12 8432 8452 8c72 8c52 8c52 8431 8411 8c31 8431 8411 7bd0 7bd1 73b0 73d0 7c11 8452 8452 8432 8412 7bf1 7bd1 73d1 73d1 7bf1 8431 8431 8411 8411 
b5b8 b5b8 b5d8 b5d8 b5d8 ad77 a536 a536 a536 a536 a556 a577 ad77 ad98 ad98 ad98 ad98 ad98 ad98 ad98 ad98 ad98 ad78 a578 a578 a578 a578 a578 a578 ad78 ad78 a577 a557 a557 a557 a557 a557 a557 a557 a557 a557 9d37 9d37 9d37 9d37 9d37 9d37 9d37 9d17 9d17 9d17 9d17 9d17 9d17 9d17 9d17 9516 9516 9d16 9d16 94f6 94d5 94d5 8cb5 8cb5 8cb5 8cb5 8cb5 8cb5 8cb5 8cb5 8cd5 94d6 94f6 9517 9517 9517 9517 9517 9517 9517 9517 9517 9517 94f7 94f7 94f7 94f7 94f7 8cf6 8cf6 8cf6 8cf6 8cd6 8cd6 8cf6 8cb5 8cb5 94b5 94d5 94f5 9cf4 acf3 b512 cd51 d591 e5d0 dd8f d56e c4ec ac29 a3e8 9ba7 9366 9346 9346 9b66 9346 9326 9367 9387 9347 9347 8b06 82a5 82e6 7aa6 6203 6205 6a66 7ac7 7ac7 72a7 6a46 6a66 7ae8 8b8b 93cc 832a 7ae9 72a8 7b09 7ae8 8309 8b6b 93ac 9bec a3ed a3ec a3ec a40d b46e bc6f bc8f bcaf c48e bc4d bc4d bc6e bc6e b44e b42d abcc 9308 8286 9308 a3aa 9b48 8aa6 9308 abaa abcb 9b49 9308 b40c b40b abaa a389 abaa b3ec bc4d b42c a389 92c6 8ac5 9b47 a368 8ae6 8ae6 9327 9b68 9348 7aa6 7285 7ae7 7ac7 72a7 5a05 51c4 6246 5a25 5a05 5182 59c3 6223 7264 7264 6a43 6a43 7264 7264 7285 7aa5 72a5 7285 72a5 6aa6 6ac7 6ac8 5aa9 5acb 632d 634e 638f 6bd1 6bd1 6bd1 73f2 7412 73f2 7412 7433 7413 7413 7413 7c34 7c54 7c54 7c54 7c54 8454 7c54 8474 8474 8454 7c54 7c54 7c54 7c53 7c53 7c33 7c33 7c12 7c12 73f1 6b90 6b70 6b90 6370 636f 632f 634f 6b70 6b6f 636f 636f 6b90 6b90 6bb0 6bb0 6b90 6b90 6b90 6bb0 73b0 7bf1 7c11 73d0 6b6f 6370 73b0 73d1 73d1 7bf1 73b0 636f 5b4f 6370 6b90 6b90 6b90 6b90 6bb0 6bb0 6bb1 73d0 73d0 6b90 6b8f 73b0 73d0 73b0 73b0 6b90 6b90 6bd1 7c12 8432 8432 7c11 7bf1 7bd1 73d0 73b0 73d0 8411 8c52 8431 83f1 8411 
b5b8 b5b8 ad98 ad97 ad97 ad77 ad97 ad77 ad77 ad77 ad97 ad97 ad97 ad78 ad78 ad78 ad98 ad78 ad78 ad98 ad78 a578 a578 a578 a578 a577 a577 a577 a577 a578 a578 a557 a557 a557 a557 a557 a557 a557 a557 a557 a557 9d37 9d37 9d37 9d37 9d37 9d37 9d37 9d37 9d37 9d37 9d37 9d37 9d37 9d17 9d17 9d17 9d17 9d17 9d17 9d37 9d17 9d16 9d16 94f7 94f7 94f6 94f7 9d17 9517 9517 9517 9517 9517 9517 9517 9517 9517 9517 9517 9517 9517 9517 9517 9517 9517 94f7 94f7 94f7 94f6 94f6 8cf6 8cf6 8cd6 8cd5 8cd5 8cb4 8cb4 94d4 94d5 94d5 94d4 a4f4 b4f3 cd31 d570 dd90 ddaf ddaf d56e c4ec b46a ac09 ac29 9ba7 9b87 9b87 9367 8b05 8b26 8b26 9346 8b05 7a84 7243 7264 6a43 6a44 7265 7266 7ac7 82e7 7245 7286 72a7 7ae8 9bed 9c0d 834a 7ae9 6a67 7ae8 72c8 7ae9 834a 8b6b 93ac 9bec 9bec a40d a42d ac4e b44e b44e b46e b44d bc4d bc6d bc6e bc6e bc6e b42d abcb 9b49 8ac7 9308 9b69 9b48 9307 9b28 abcb a38a 8ac7 8ae7 abaa a389 a38a abcb bc4d c48e bc4d ac0b abca a388 9b47 a388 a388 9307 9306 9b48 a3a9 a3ea 9348 7aa6 82e7 8b49 7ae8 72a7 6a87 6a86 6a66 72a6 6245 6a44 6203 59e2 6203 6a23 6223 6a23 6a23 6a43 6a64 6a64 6a44 6a64 6a86 72c7 6aa7 5a88 5aaa 6b4d 6b6f 73d0 6bf1 7433 7c54 7c53 7c54 7434 7c54 7c54 7c54 7c54 7c54 7c54 7c54 7c54 7c54 7c54 7c75 7c55 7c55 7c75 7c54 7c54 7c55 7c54 7c54 7c54 7c34 7433 7c33 7c33 7413 6bd2 6bb2 63b1 6391 6391 6370 6370 6371 6370 6370 5b70 6371 6371 6370 6370 6370 6370 6350 6370 6370 6b90 6b90 6370 5b50 5b50 6370 6390 6b90 6bb1 6390 5b4f 530f 532f 5b50 5b4f 5b2f 5b0f 530e 52ee 4aee 530e 530e 530e 52ee 5b0e 5b2f 5b2f 5b2f 5b2f 5b4f 5b4f 5b4f 5b4f 634f 634f 6370 6b90 6b90 73b0 7bf1 8411 7bf1 7bd0 73b0 7bd0 
adb8 adb8 adb8 ad98 ad98 ad98 ad98 ad98 ad98 ad98 ad98 ad98 ad98 ad98 ad98 ad98 ad78 ad78 ad78 a578 a577 a577 a557 a557 a577 a557 a557 a557 a557 a557 a557 a557 a557 a557 a557 a557 9d37 9d37 9d37 9d37 9d37 9d37 9d36 9d37 9d37 9d37 9d17 9d17 9d17 9d17 9d17 9d17 9d17 9d17 9d17 9d17 9d17 9d17 9d17 9d17 9d17 9517 9516 9516 94f7 94f7 94f7 94f7 9517 9517 9517 9517 9517 9517 9517 9517 9517 9517 9517 9517 9517 9517 9517 9517 94f7 94f7 94f7 94f7 94f6 94f6 94f6 94f6 8cd6 8cd6 8cd5 8cb5 8cb5 8cb5 8cb5 94b5 94d6 9cf5 ad14 c573 d5b2 ddb1 ddb0 d56f d56f cd2e c4ed b46b a3e9 a3c8 a3c8 9b87 9b87 9b87 9b87 9367 9367 8b26 82c5 7a84 7aa4 82c5 7aa5 82e6 8b07 82e7 8307 8307 7265 7a86 8308 8308 9bcc 940d 832a 7ac8 7ac8 7ae8 7ac8 7ac8 7ae8 8309 8b8b 938b 93ac 9bec a40d ac2d ac2d b44d b44e b42d bc8f bc8f bc6e bc6e b44e b42d a3cb 9b8a 9b49 9b49 a369 a3aa a38a 9b69 9b49 9308 9308 a369 abeb b40c bc6e c48f c46e bc6e bc4d b40b b3ea b40b abea abc9 a388 9b48 9b48 9b89 9ba9 a3eb 9b89 8b07 7aa6 8308 7ae7 7ac7 72c7 72c7 72a6 6a85 7ac7 7ac7 7285 6a44 6a44 7285 6a64 72a5 72a5 6a43 6a84 72a5 72c6 7ae7 7b28 7b49 6ac8 730a 6b0b 738e 7bd1 73f2 7c33 7c54 7c54 7c54 7454 7434 7434 7434 7454 7454 7454 7454 7454 7434 7434 7434 7455 7455 7455 7455 7455 7434 7434 7434 7434 7434 7434 7434 7434 7434 7414 7414 7414 6c13 6c13 6bf3 6bf3 6bf3 6bf3 6bf3 6bf3 6bf3 6bf3 6bf3 6bd2 6bd2 6bd2 63d2 63b2 63b2 63b2 63d2 6bb2 63b2 63b2 63b2 63b2 63b2 63b2 63b2 6391 6391 5b71 5b71 5b71 5b71 5b71 5b50 5b30 5330 5330 532f 5330 532f 532f 532f 5330 5330 532f 532f 532f 530f 530f 530f 530f 530f 5b2f 5b2f 5b4f 6370 6bb1 73d1 6b90 6370 6370 6b90 
b5b8 adb8 adb8 ad98 ad98 ad98 ad98 ad98 ad98 ad98 ad98 ad98 ad98 ad98 ad98 ad98 ad78 ad78 ad78 a578 a577 a577 a577 a577 a577 a557 a557 a557 a557 a557 a557 a557 a557 a557 a557 a557 9d37 9d37 9d37 9d36 9d36 9d36 9d36 9d16 9d16 9d16 9d16 9d16 9d16 9517 9517 9517 9517 9d17 9d17 9d17 9d17 9d17 9d17 9517 9517 9516 9516 94f6 94f6 94f6 94f6 94f6 94f7 9517 9517 9517 9517 9517 94f7 94f7 94f7 94f7 94f7 9517 9517 94f7 94f7 94f7 94f7 94f7 94f7 94f6 94f6 94f6 94f6 8cd6 8cd6 8cd6 8cb6 8cb6 8cb5 8cb5 8cb5 94b5 9cf5 ad55 b533 c572 d5b2 ddd1 e5f1 e5f1 e5f1 ddb0 d54e bcac ac2a a3c8 9ba8 9ba8 9367 9367 a3e9 9367 8b26 82e5 7a84 7263 7263 7aa4 8ae5 8b06 8b27 9348 9388 8b07 7a65 82e7 8b69 82e7 938a 8bab 7ae9 72a8 7ae8 72c8 72a8 7287 6a67 72c8 8329 8b4a 938b 9bec 9bec a42d ac4e b46e b44e b44d bc8e bc8f bc8f bc8f bc6e b44e abec a3cb abcb abab a3ab abcb a3ca 9b6a 9b49 9b69 abcb b42c bc4d c4af c4af c4af bc4e b42d bc4d b44c bc4b b42b b40a abc9 aba9 aba9 a389 a3a9 9b89 a3ca a3ea 9348 82e7 7ac7 7ac7 72c7 7ae7 7ae7 8307 7ae7 7ae7 7ae7 7ae7 7ac6 7ac6 7ae6 82e6 8306 8306 7ae6 8307 7ae6 8348 8328 7b28 7b29 7b29 7b6b 7b8d 738e 7390 6bb1 7413 7433 7434 7454 7454 7454 7454 7454 7454 7454 7454 7c54 7c54 7454 7454 7454 7434 7434 7434 7434 7434 7434 7434 7434 7434 7434 7414 7414 6c14 6c14 6c14 7414 6c14 6c14 6c14 6c14 6c13 6c14 6c13 6c13 6c13 6c13 6c13 6bf3 6bf3 6bf3 6bf3 6bf3 6bf3 6bf3 6bf3 6bd3 6bd3 6bf3 6bf3 6bf3 6bd3 6bd3 6bd3 6bd3 6bd3 6bd2 6bd2 6bd2 6bd2 6bd2 63d2 63b2 63b2 63d2 63d2 63b2 63b2 63b2 63b2 63b2 63b2 63b2 63b2 63b2 63b2 63b2 63b2 63b2 63b2 63b2 63b2 6392 6391 6391 6bb2 63d2 63b2 63b2 63b2 63b1 
adb8 ad98 ad98 ad98 ad98 ad98 ad98 ad98 ad98 ad78 ad98 ad98 ad78 ad78 ad78 ad78 ad78 a577 a577 a577 a577 a577 a577 a577 a577 a577 a557 a557 a557 a577 a577 a557 a557 a557 a557 a557 9d37 9d37 9d37 9d36 9d36 9d37 9d16 9d16 9d16 9d16 9d16 9d16 9d17 9d17 9d17 9517 9517 9d17 9d17 9d17 9d16 9d16 9516 9516 9516 9516 94f6 94f6 94f6 94f6 94f6 94f7 94f7 94f7 94f7 9517 9517 9517 94f7 94f6 94f6 94f6 94f6 94f7 94f7 94f7 94f7 94f7 94f6 94f6 94f6 94f6 94f6 8cd6 8cd6 8cd6 8cd6 8cd6 8cb6 8cb6 8cb5 8495 8c95 94d4 a515 ad35 a4b2 acd2 cd92 d5b1 ddd1 ee11 e5f1 e5d0 dd8f cd2e c4cc bc8b b46b ac2a ac2a a3c8 9ba8 9346 82e5 82c5 82c5 82e5 8b05 8b26 8b06 8b26 9347 9b68 9ba9 8b47 82c6 8b48 9369 8b07 9369 8b6a 7ae8 72a8 7ae9 832a 8b6a 8309 6a67 6a67 7287 8329 8b6b 938b 9bcc a40d ac4e b46e b46e b44e bc6e bc8f bc8f bc6e bc8f b46e b42d ac0c abec abec abec abec abcb a3aa abcb abec bc4d c48e bc8e c48f c48f c48f b44d bc4d bc8d bc6d bc6c b44b b40b abea b40b b40b abca a389 9b68 8b27 9bca 9b89 8b07 7ac6 8308 8308 72a6 7b07 8348 8327 8b68 8348 8307 8307 7ae6 7ae6 8327 8b68 8b47 8327 8327 8327 8327 8368 7b08 7b28 7b29 838c 7bad 738e 73b0 73f2 7433 7434 7454 7454 7454 7454 7454 7454 7454 7c54 7c54 7c55 7c55 7c55 7c54 7454 7455 7455 7455 7434 7434 7434 7434 7434 7434 7434 7434 7434 6c14 6c14 6c14 6c14 6c14 6c14 6c14 6c14 6c14 6c14 6c13 6c13 6c13 6bf3 6bf3 6bf3 6bf3 6bf3 6bf3 6bf3 6bf3 6bf3 63d3 63d3 63d3 63d3 6bf3 6bf3 6bd3 6bd3 63d3 63d3 63d3 63d3 63d3 63d3 63d3 63d3 63d3 63d3 63d3 63d3 63d3 63d3 63d3 63d3 63d3 63d3 63d3 63d3 63d3 63d3 63d3 63d3 63d3 63d3 63d3 63d3 63d3 63f3 63d3 63d3 63d3 63d3 63d3 63d3 63d3 63d3 
ad98 ad98 ad98 ad98 ad98 ad98 ad98 ad98 ad78 ad78 ad98 ad78 ad78 ad78 ad78 ad78 a577 a577 a557 a557 a557 a557 a557 a557 a557 a557 a557 a557 a557 a557 a557 a557 a557 a557 a557 a557 9d37 9d37 9d36 9d16 9d16 9d16 9d16 9d16 9d16 9d16 9d16 9d16 9d17 9d17 9d17 9517 9517 9d17 9d17 9d17 9d16 9d16 9516 9516 9516 9516 94f6 94f6 94f6 94f6 94f7 94f7 94f7 94f7 94f7 9517 9517 9517 94f7 94f6 94f6 94f6 94f6 94f7 94f7 94f6 94f6 94f6 94f6 94f6 8cd6 8cd6 8cd6 8cd6 8cd6 8cd6 8cd6 8cb6 8cb5 8cb5 84b5 8494 8c95 9cd5 9cf4 9cf4 9cb3 ad14 cdb3 e634 ee32 e5d0 dd6f d56f d54e cd2e c4ed c4cc c4cc bc8c ac2a a3e9 a3e9 a3c9 9ba8 a3c8 9b87 9ba8 9b87 9366 9367 9346 8b06 9367 9388 8b47 8b27 9b89 9389 8b27 9389 9bec 8329 7ae8 832a 8b4a 8b4a 8329 7ac8 72a7 6a46 72a8 7b09 8349 8b4a 93cc a40d ac4e ac4e ac2d b46e b46e bc6e b44e bc6f bc8f bc6e b44d ac0c ac0c ac0c abec b40c b42d b44d bc6e bc8e c4af c4af bc6e c48f c48f bc4d c48e c4ae bc8d bc8d b44c b40b abea b40b abea a3aa 9328 9327 82e7 9348 9369 8307 82e7 8328 8b89 7ae7 7ae7 8b48 8b89 8b89 9389 93a9 8b68 8b89 8b48 8347 8b68 8b47 8307 7ae6 8307 8348 8b89 8b8a 8b8a 8bab 8bcd 83ce 7bcf 7bf1 7c13 7434 7454 7454 7454 7454 7454 7434 7434 7434 7454 7c54 7c54 7c54 7c54 7454 7454 7455 7455 7434 7434 7434 7434 7434 7434 7434 7434 7434 7434 7414 7414 7414 6c14 6c14 6c14 6c14 6c14 6c14 6c14 6c14 6c14 6c14 6c14 6c14 6c13 6bf3 6bf3 6bf3 6bf3 6bf3 6bf3 63f3 6bf3 6bf3 6bf3 6bf3 6bf3 6bf3 6bf3 63f3 63d3 63d3 63d3 63d3 63d3 63d3 63d3 63d3 63d3 63b3 63b2 63b2 63d3 63d3 63d2 63d2 63d2 63d3 63d3 63d3 63d3 63d3 63d3 63d3 63d3 63d3 63d3 63d3 63d3 63d2 63d2 63b2 5bb2 5bb2 63d3 63d3 63d3 
ad98 ad98 ad98 ad98 ad98 ad98 ad98 ad98 ad98 ad98 ad98 ad78 ad78 a578 a578 a578 a577 a557 a557 a557 a557 a557 a557 a557 a557 a557 a557 a557 a557 a557 a557 a557 a537 9d37 9d37 9d36 9d36 9d16 9d16 9d16 9d16 9d16 9d16 9d16 94f6 94f6 9d16 9d16 9516 9516 9516 9516 9516 9516 9517 9517 9516 9516 9516 9516 9516 9516 94f6 94f6 94f7 94f7 94f7 94f7 94f7 94f7 94f7 94f7 94f7 94f7 94f7 94f7 94f6 94f6 94f6 94f6 94f6 94f6 94f6 94f6 8cd6 8cd6 8cd6 8cd6 8cd6 8cd6 8cd6 8cd6 8cb6 8cb6 8cb5 8cb5 8c95 8495 8c95 94b5 9cf5 9cf4 a514 bd94 de14 ee74 f673 ee11 e5f0 ee11 ddaf d56e d54e cd0d c4cc c4cc bc8b ac2a ac09 9ba8 9ba8 a3c8 9ba8 a3c8 a3c8 9b87 9367 9367 9347 9ba8 9388 9368 9b88 9b88 9348 9348 9b8a 9bab 938a 936a 8329 8309 7ae9 8309 8329 832a 72a8 6a67 72a8 7b09 8329 8b6b 9bcc 9c0d a42d ac2d ac6e ac4e b46f b44e b44e b46e bc6e b44d b42d b42d b42d bc4d c46e c48e c4af c4cf c4ae c4af c4cf c48e c4af c4af c48e c4af ccef c4ae bc8d bc4c b42b b40b b42b abeb a3aa 9328 9327 8b07 8b48 8b69 8328 7ae7 8b6a 8b6a 8328 7b07 8327 8b68 93aa 93ca 93ca 8b89 8b89 9389 8b68 8b48 8327 8347 8b68 8b89 8b89 8b89 8baa 8baa 8bcb 83ac 7b8d 7baf 73d1 7412 7434 7434 7434 7434 7434 7434 7434 7434 7434 7434 7434 7434 7454 7454 7454 7434 7434 7434 7434 7434 7434 7434 7434 7434 7434 7434 7434 6c14 7414 7414 7414 6c14 6c14 6c14 6c14 6c14 6c13 6c13 6c14 6c14 6c14 6c14 6c14 6c13 6c13 6bf3 63f3 6bf3 63f3 63f3 63f3 6bf3 6bf3 6c13 6c13 6c13 6bf3 6bf3 6bf3 6bf3 6bf3 63f3 63f3 6bf4 6bf4 6bf3 63f3 63f3 63f3 63d3 63d3 63d3 63d3 63d3 63d2 63d2 63d3 63d3 63d3 63d3 63d3 63d3 63d3 63d3 63d3 63d3 63d3 63b2 63b2 63b2 63b2 5bb2 5bd2 5bd2 5bd2 5bd2 
ad78 ad78 ad78 ad98 ad98 ad98 ad98 ad98 ad98 ad98 ad98 a578 a578 a578 a578 a578 a557 a557 a557 a557 a557 a557 a557 a557 a537 a537 9d37 9d37 9d37 a537 a537 9d37 9d37 9d37 9d36 9d16 9d16 9d16 9d16 9d16 9d16 9d16 9d16 94f6 94f6 94f6 94f6 94f6 94f6 94f6 94f6 94f6 94f6 94f6 9516 9516 9516 9516 9516 9516 9516 9516 94f6 94f6 94f6 94f6 94f6 94f6 94f6 94f7 94f7 94f7 94f7 94f7 94f7 94f7 94f7 94f7 94f7 94f6 94f6 94f6 94f6 94f6 8cd6 8cd6 8cd6 8cd6 8cd6 8cd6 8cd6 8cd6 8cb6 8cb5 8cb5 8cb5 8cb5 8cb5 94d5 94d5 9cf5 9cf4 ad34 cdd4 ee54 f694 f673 f693 e5f1 ee11 ee32 e5d0 ddaf d56f cd0d c4cc bcac c4cc bcac ac2a ac09 ac09 a3e9 a3e9 a3e9 9ba8 9b67 9b88 a3a8 a3c9 9ba9 9ba9 a3c9 9347 8b27 9b89 9baa 9b8a 9baa 9bab 936a 8b49 8b4a 938b 8b6a 8b4a 7ae8 72a7 7267 72a7 7ae8 8309 8b29 938b 9bcc a42d a42d ac2d ac4e b46e b46e b44d b42d b44e bc6e bc6e c48f ccd0 cccf ccf0 d511 cd10 c4cf c4cf ccf0 ccf0 ccf0 cccf c4af c4af ccf0 c4ae bc6d bc4c b40b b42c b42c ac0b a3ca 9b89 9369 8b48 8b48 8328 8b69 8328 8b8b 834a 8349 8328 8307 8327 8b89 93aa 93ca 93ca 93ca 93ca 93aa 93aa 93a9 8b68 8b68 8b69 9389 93aa 8baa 8baa 8baa 83ac 83ce 83f0 7bf1 73f2 7413 6c14 7414 6c14 6c13 6c13 6c14 6c14 6c14 7414 7414 7414 7434 7434 7434 7434 7434 7434 7414 7414 7414 6c14 6c14 6c14 6c14 6c14 6c14 6c14 6bf3 6bf3 6bf3 6c13 6bf3 6bf3 6bf3 6bf3 6bf3 6bf3 6bf3 6bf3 6bf3 6bf3 6bf3 63f3 63f3 63f3 63f3 63f3 63d3 63d3 63d3 63d3 63d3 63f3 6bf3 63f3 63f3 63f3 63f3 63f3 63f3 6bf3 6bf3 6bf3 6bf3 6bf3 6c14 63f3 6bf3 63f3 63f3 63f3 63d3 63d3 63d3 63d3 63d3 63d3 63d3 63d3 63d3 63f3 63f3 63f3 63d3 63d3 63d3 63d3 63b2 63b2 63b2 5bd2 5bd2 5bd2 5bd2 5bd2 
ad78 ad78 ad78 a577 a577 a577 a577 a577 a577 a577 a557 a577 a557 a557 a557 a557 a577 a577 a557 a557 a557 a557 a557 a557 a557 a557 a537 9d37 9d37 a537 a537 9d37 9d37 9d37 9d37 9d36 9d16 9d16 9d16 9d16 9d16 9d16 9d16 9d16 94f6 94f6 94f6 94f6 94f6 9516 9516 94f6 94f6 94f6 9516 9516 9516 9516 94f6 94f6 94f6 94f6 94f6 94f6 94f6 94d6 94f6 94f6 94f6 94f6 94f6 94f6 94f6 94f6 94f6 94f6 94f7 94f7 94f7 94f6 94f6 94f6 94f6 94f6 8cd6 8cd6 8cd6 8cd6 8cd6 8cb6 8cb5 8cb5 8cb5 8cb5 8cb5 8cb5 8cb5 94b5 94b5 8cb5 94b5 94d4 a4f4 bd53 ddf3 e633 ee53 f673 e611 e611 ee32 f672 e5f1 e5d0 dd8f cd2e cd0d cd0d bcac b46b ac2a ac2a ac09 ac09 a3e9 a3c9 a3c9 a3e9 ac0a a3c9 a3c9 a3c9 a3a9 8b27 9b89 9b89 9baa 9baa 938a 9bab 936a 8b4a 938b 93ab 938b 8b2a 8309 7ac8 7266 7287 7ac7 7ac7 7ac7 8309 8b6a 9bcb 9bcc a40d ac2d ac6e b46f b46e b46e c4af ccf0 cd11 d511 cd11 cd10 d551 d552 d511 cd10 ccf0 d531 d531 d511 ccf0 c4af c4cf c4cf bc8e bc4d b44d b42c ac0b abeb a3eb a3cb 9bcb a3eb 938a 8b69 8b69 8b69 8329 8349 834a 8b69 8b69 8b48 8348 8348 9389 9389 93aa 93a9 8b89 93ca 9389 93a9 8b89 8b89 8b89 938a 8b8a 8baa 8baa 8baa 8bcc 83ad 83ef 7bf0 73f1 73f2 7413 7413 7414 6c14 6c14 6c14 6c14 6c14 7414 7414 7414 7434 7434 7434 7434 7414 7414 6c14 6c14 6c14 6c13 6c13 6c13 6c13 6c13 6c14 6c14 6bf3 6bf3 6bf3 6bf3 6bf3 6bf3 6bf3 6bf3 6bf3 6bf3 6bf3 6bf3 6bf3 63f3 63f3 63f3 63f3 63f3 63d3 63d3 63d3 63d3 63d3 63d3 63d3 63d3 63d3 63d3 63d3 63d3 63d3 63d3 63d3 63d3 63d3 63d3 63d3 63d3 63d3 63d3 63d3 63d3 63d3 63b2 63b2 5bb2 5bb2 5bb2 5bb2 5bb2 63b2 63d3 63d3 63d3 63d3 63d3 63d3 63d3 63b2 63b2 5bb2 5bb2 5bb2 5bb2 5bb2 5bb2 5bb2 5bb2 
ad78 ad78 ad78 a577 a577 a577 a577 a577 a577 a577 a557 a577 a557 a557 a557 a557 a577 a577 a557 a557 a557 a557 a557 a557 a557 a557 a537 9d37 9d37 a537 a537 9d37 9d37 9d37 9d37 9d36 9d16 9d16 9d16 9d16 9d16 9d16 9d16 9d16 94f6 94f6 94f6 94f6 94f6 9516 9516 94f6 94f6 94f6 9516 9516 9516 9516 94f6 94f6 94f6 94f6 94f6 94f6 94f6 94d6 94f6 94f6 94f6 94f6 94f6 94f6 94f6 94f6 94f6 94f6 94f7 94f7 94f7 94f6 94f6 94f6 94f6 94f6 8cd6 8cd6 8cd6 8cd6 8cd6 8cb6 8cb5 8cb5 8cb5 8cb5 8cb5 8cb5 8cb5 94b5 94b5 8cb5 94b5 94d4 a4f4 bd53 ddf3 e633 ee53 f673 e611 e611 ee32 f672 e5f1 e5d0 dd8f cd2e cd0d cd0d bcac b46b ac2a ac2a ac09 ac09 a3e9 a3c9 a3c9 a3e9 ac0a a3c9 a3c9 a3c9 a3a9 8b27 9b89 9b89 9baa 9baa 938a 9bab 936a 8b4a 938b 93ab 938b 8b2a 8309 7ac8 7266 7287 7ac7 7ac7 7ac7 8309 8b6a 9bcb 9bcc a40d ac2d ac6e b46f b46e b46e c4af ccf0 cd11 d511 cd11 cd10 d551 d552 d511 cd10 ccf0 d531 d531 d511 ccf0 c4af c4cf c4cf bc8e bc4d b44d b42c ac0b abeb a3eb a3cb 9bcb a3eb 938a 8b69 8b69 8b69 8329 8349 834a 8b69 8b69 8b48 8348 8348 9389 9389 93aa 93a9 8b89 93ca 9389 93a9 8b89 8b89 8b89 938a 8b8a 8baa 8baa 8baa 8bcc 83ad 83ef 7bf0 73f1 73f2 7413 7413 7414 6c14 6c14 6c14 6c14 6c14 7414 7414 7414 7434 7434 7434 7434 7414 7414 6c14 6c14 6c14 6c13 6c13 6c13 6c13 6c13 6c14 6c14 6bf3 6bf3 6bf3 6bf3 6bf3 6bf3 6bf3 6bf3 6bf3 6bf3 6bf3 6bf3 6bf3 63f3 63f3 63f3 63f3 63f3 63d3 63d3 63d3 63d3 63d3 63d3 63d3 63d3 63d3 63d3 63d3 63d3 63d3 63d3 63d3 63d3 63d3 63d3 63d3 63d3 63d3 63d3 63d3 63d3 63d3 63b2 63b2 5bb2 5bb2 5bb2 5bb2 5bb2 63b2 63d3 63d3 63d3 63d3 63d3 63d3 63d3 63b2 63b2 5bb2 5bb2 5bb2 5bb2 5bb2 5bb2 5bb2 5bb2 
a577 a577 a577 a557 a557 a557 a557 a557 a557 a557 a557 a578 a577 a557 a557 a557 a577 a577 a557 a557 a557 a557 a557 a557 a557 a557 a557 a537 a537 a537 a537 a537 a537 9d37 9d37 9d37 9d36 9d36 9d36 9d16 9d16 9d16 9d16 9d16 9d16 9d16 94f6 94f6 9516 9516 9516 9516 9516 9516 9516 9516 9516 9516 9516 94f6 94f6 94f6 94f6 94f6 94f6 94d6 94d6 94d6 94d6 8cd6 8cd6 8cd6 8cd6 8cd6 8cd6 8cd6 94f6 94f6 94f6 8cd6 8cd6 8cd6 8cd6 8cd6 8cd6 8cd6 8cb6 8cb6 8cb6 8cb5 8cb5 8cb5 84b4 8cb5 8cb5 8cb5 8cb5 8c94 8c94 8cb5 8cd5 94d4 ad14 c5b4 e634 ee74 ee73 f673 ee52 ee31 ee31 ee31 e5d0 e5d0 dd8f d54e c4ed bcac b48b b44b b46b ac0a ac2a ac09 a3e9 a409 a40a a40a a3c9 a3c9 ac2b a3ea 9b88 9347 a3a9 9ba9 9ba9 9baa 8b69 9bcb 9bab 8b49 8b4a 936a 8b6a 8b4a 8b29 8309 7ac8 7ac7 82e8 7aa7 7ac7 7ac7 8308 8b49 938a 9bcb 9bec a40d ac4e ac6e b46f bcaf c4d0 cd11 cd11 cd11 cd11 d531 d531 d531 d531 d532 d532 d531 cd11 ccf0 c4af c4af bc8e bc8e b44d ac0c ac2c ac0c ac0c a3eb a3ec a3ec a40c 93ab 8b49 93aa 8349 72c8 72e8 838a 8bab 8b8a 9389 93aa 9389 93a9 93ca 93a9 8b89 93a9 9bea 93a9 9389 93aa 93ca 9bca 93aa 8b8a 838a 838a 83ab 83cd 83cd 83cf 7bd0 7bf1 73f1 7412 7413 7434 7434 7434 7434 7434 7434 7434 7434 7434 7434 7434 7434 7434 7434 7434 7414 7414 7414 6c14 6c14 6c13 6c13 6c14 6c14 6c14 6c14 6c14 6c14 6c13 6c13 6bf3 6bf3 6bf3 6bf3 63f3 6bf3 6bf3 6bf3 63f3 63f3 6bf3 6bf3 63f3 63d3 63d3 63d3 63d3 63d3 63b2 63b2 63d2 63d2 63d2 63b2 5bb2 5bb2 5bb2 5bb2 63d3 63d3 63b2 5bb2 5bb2 5bb2 5bb2 5bb2 5bb2 5bb2 5b92 5b92 5b92 5b92 5b92 5b92 5b92 5bb2 5bb2 5bb2 63b2 63b2 63b2 63b2 5bb2 5bb2 5bb2 5b92 5b92 5b92 5bb2 5bb2 5bb2 5bb2 5bb2 
a577 a577 a577 a577 a577 a577 a557 a557 a557 a577 a577 a578 a577 a557 a557 a557 a557 a557 a557 a537 9d37 9d36 9d36 9d37 a537 9d37 9d37 9d37 a537 9d37 9d37 9d37 9d37 9d37 9d36 9d16 9d16 9d16 9d16 94f6 94f6 94f6 94f6 94f6 94f6 94f6 94f6 94f6 94f6 9516 9516 9516 9516 9516 94f6 94f6 94f6 94f6 94f6 94f6 94f6 94f6 94f6 94f6 94d6 94d6 94d6 94d6 94d6 8cd6 8cd6 8cd6 8cd6 8cd6 8cd6 8cd6 8cd6 94d6 94f6 8cd6 8cd6 8cd6 8cd6 8cd6 8cd6 8cb6 8cb6 8cb5 8cb5 8c95 8c95 8cb5 8495 8cb4 8cb4 94d4 94d4 8cb4 8cb4 94d4 9d15 ad54 c5b5 de15 f6b5 fed5 f6b4 fed4 feb3 f651 ee11 e5f0 e5d0 d56e cd2d cd0d c4cc bcac ac2a ac0a ac2a ac0a a40a a3e9 a3e9 a40a a40a a3e9 a3e9 a3ea ac0a a3c9 9b88 9ba9 a3c9 9ba9 9389 9baa 9baa a3eb a40c 9bcb 8b4a 8b6a 8b4a 8b6a 8b4a 936a 8b49 8b08 8b09 82e8 82c7 7aa7 7aa7 7ac8 8308 8329 938b 9bcc 9bed a40d ac2e ac4e ac2e b46f bc8f c4d0 c4d0 cd11 cd31 cd11 cd11 d552 d511 ccf0 ccf0 c4d0 c4af c4cf c48f bc8e b44d ac0c b44d ac0c a40c a3ec 9bcb 9bcb 93ab 8329 8329 8b69 7ae8 6266 6266 836a 93cc 8baa 8328 938a 9beb 93ca 9beb 9c0b 9c0b 9beb 9beb 9beb 9beb 9beb 93cb 93cb 93cb 8bcb 8bab 838b 83ac 83ce 83f0 7bf0 7bf2 73f2 73f2 73f1 7413 7433 7434 7434 7414 7414 7414 7414 7414 7434 7434 7434 7434 7434 7414 7414 6c14 6c14 6c14 6c13 6c13 6c13 6c13 6c13 6c14 6c14 6c13 6c13 6bf3 6bf3 6bf3 6bf3 6bf3 6bf3 63f3 63f3 63f3 63f3 63f3 63f3 63f3 63d3 63d3 63d3 63d3 63d3 63d3 63d3 63b2 63b2 63b2 63b2 63b2 63b2 5bb2 5bb2 5bb2 5bb2 5bb2 5bb2 5bb2 5bb2 5bb2 5bb2 5bb2 5bb2 5bb2 5bb2 5bb2 5b92 5b92 5b92 5b91 5b91 5b92 5b92 5b92 5b92 5b92 5bb2 5bb2 5bb2 5bb2 5b92 5b92 5b92 5b92 5b92 5b92 5b92 5b92 5b92 5b92 5b92 
a577 ad78 ad78 ad78 ad78 a577 a577 a577 a557 a557 a557 a557 a557 a557 a557 a557 a557 a537 9d36 9d16 9d16 9d36 9d36 9d36 9d37 9d37 9d37 9d37 9d37 9d37 9d37 9d36 9d16 9d16 9d16 9d16 94f6 94f6 94f6 94f6 94f5 94d5 94d5 94d5 94d5 94d5 94d5 94d5 94d5 94f6 94f6 94f6 94f6 94f6 94f6 94f6 94f6 94f6 94f6 94f6 94f6 94f6 94f6 94d6 8cd6 8cd6 8cd6 8cd6 8cd6 8cd6 8cd6 8cd6 8cd6 8cd6 8cd6 8cd6 8cd6 8cd6 94d6 8cd6 8cd6 8cd6 8cd6 8cd6 8cd6 8cd6 8cb6 8cb6 8cb5 8c95 8cb5 8495 84b5 8495 8c94 8cb4 94d4 94b4 94b4 94d4 ad34 bd74 de14 e654 f6b4 f6b4 feb4 f693 f651 ee31 ee10 ee10 ee31 e5d0 d54e cd2e c4ed b48b ac2a b44b ac0a a3e9 a3e9 a409 a3e9 a40a a40a a40a ac0a ac0b a3ea a3ea 9bc9 9ba9 9b89 9368 9368 a3ca a40b a40b a3eb 9bcb 938a 8b49 8b29 936a 936a 938a 9369 8b29 8b29 8b29 8b29 82e8 7aa7 7aa7 7aa7 7aa7 8309 8b4a 936a 93ab 9bcc 9bcc 9bcc a3ec a40d ac2e b44e bc8f c4d0 c4d0 c4d0 c4f1 c4f0 c4d0 c4af c4d0 bc8f bcaf bc6e b46e ac2d a3ec a40c a3ec a3ec a3ec 936a 8b6a 8b29 72a7 72a7 8349 8328 6aa6 6a86 7b09 8bab 93cb 8b8a 93ab 9c0c a42d a42c a42d a44d a40c 9c0c a42c a42c 9c0c 93cb 93ca 93ca 93cb 8bab 8bcc 83cd 83ef 7c11 7bf2 7413 7413 7413 73f2 73f2 73f3 7413 7413 7413 7413 7413 7414 7414 6c14 6c14 6c14 6c14 6c14 6c14 6c14 6bf3 6bf3 6bf3 6bf3 6bf3 6bf3 6bf3 6bf3 6c13 6c13 6bf3 6bf3 6bf3 6bf3 6bf3 6bf3 6bf3 6bf3 6bf3 63f3 63f3 63f3 63f3 63f3 63f3 63f3 63f3 63f3 63f3 63d3 63d3 63d3 63d2 63d2 63d2 63d2 63b2 63b2 5bb2 5bb2 5bb2 5bb2 5bb2 5bb2 5bb2 5bb2 5bb2 5bb2 5bb2 5b92 5b92 5b92 5b92 5b92 5b92 5b91 5b91 5b91 5b71 5371 5371 5b71 5b71 5b92 5b92 5b92 5b92 5b92 5b92 5b92 5b71 5b92 5b92 5b92 5b92 5391 5391 5391 
ad78 ad78 ad78 ad78 ad78 a577 a577 a577 a557 a557 a557 a557 a557 a557 a557 a557 a557 a537 9d36 9d36 9d36 9d36 9d36 9d36 9d37 9d37 9d37 9d37 9d37 9d37 9d37 9d16 9d16 9d16 9d16 9d16 9d16 9d16 9d16 94f6 94f5 94d5 94d5 94d5 94d5 94d5 8cb5 8cb5 8cb5 8cd5 8cd5 8cb4 8cd5 94d5 94d5 94d5 94d5 94d5 94d5 8cd6 8cd5 8cd6 8cd6 8cd6 8cd6 8cd6 8cd6 8cd6 8cd6 8cb6 8cb6 8cb6 8cb6 8cd6 8cb5 8cb5 8cd5 8cb4 8cb4 8cb5 8cd6 8cd6 8cd6 8cd6 8cd6 8cb6 8cb6 8cb5 8cb5 84b5 8cb5 8495 8495 8c95 8495 8495 8c95 8c74 8c95 94b4 ad34 c5b5 de35 ee54 f694 f694 f693 f652 ee51 ee31 ee10 edf0 f631 e5d0 dd8e d56e cd2e bc8b b46b b44b ac0a a3c9 a409 a3e9 a3c9 a3e9 ac0a ac2b ac2b ac2b a3eb a3ea 9389 9bca 9ba9 8b48 9b89 a3eb ac2b a3eb a3eb a3eb a3eb 9bab 936a 9b8b 9b8b 9baa 9bab 936a 9349 9349 9349 9349 82e8 7a87 7246 7246 7246 7267 82c8 8309 8b2a 8b4a 936b 936a 938b 9b8b 9bac a3ed ac2e b44e b44e ac2e b46f bc8f bcaf bc8f bc8f b44e ac2d ac2d ac2d a40c 9bec 9bcb 9bcb 93ab 8329 8308 7ac8 7286 72a7 7b08 8b6a 8349 72e7 6a66 8329 93ab 8baa 93ab 9bec a42d a44d a42d 9c0c 9c0c 9beb 9c0c 9c0b 9beb 9beb 93eb 93eb 93ec 93ec 8bcc 83ed 8410 8431 7c12 7412 7412 7413 7413 7413 7413 7413 7413 6c13 6c13 7413 7413 7414 7414 7414 6c14 6c14 6c14 6c14 6c14 6c14 6c14 6c13 6bf3 6bf3 6bf3 6bf3 6bf3 6bf3 6bf3 6bf3 6bf3 6bf3 6bf3 6bf3 6bf3 6bf3 6bf3 6bf3 6bf3 6bf3 6bf3 6bf3 6bf3 6bf3 6bf3 6bf3 6bf3 63f3 63f3 63d3 63d3 63d2 63d3 63d3 63d2 63d2 63b2 63b2 63b2 5bb2 5bb2 5bb2 5bb2 5bb2 5bb2 5bb2 5bb2 5bb2 5b92 5b92 5b92 5b92 5b92 5b92 5b92 5b91 5b91 5b91 5b71 5b71 5b91 5b91 5b92 5b92 5b92 5b92 5b92 5b92 5b92 5b92 5b92 5b92 5b92 5b92 5391 5391 5391 
ad78 ad78 ad78 ad78 ad78 ad78 ad78 ad78 ad78 ad78 ad78 a557 a557 a557 a557 a557 a557 a537 9d37 9d37 9d36 9d36 9d16 9d16 9d16 9d16 9d36 9d36 9d36 9d36 9d36 9d36 9d36 9d16 9d16 9d16 9d16 9d16 9d16 9d16 94f6 94f6 94f6 94f5 94d5 94d5 94d5 94d5 94d5 94d5 8cb5 8c94 8cb5 94d5 94d5 94d5 94d5 94d5 8cd5 8cd5 8cb5 8cb5 8cb5 8cb5 8cb5 8cb5 8cb5 8cb5 8cb5 8cb5 8cb5 8cb5 8c95 8495 8c94 8cb4 8c94 8452 8432 8c94 94d5 8cd5 8cd6 8cb6 8cb6 8cb6 8cb5 8495 8495 8495 8495 8494 8494 8c94 8cb4 8cb5 8494 8474 8cb4 9d15 b575 c594 d5d4 e634 f694 f694 f673 f672 f672 ee31 ee31 f631 e5f0 ddaf ddaf d56e cd0d c4cc c4cc bcac bc8b ac2a ac0a a40a ac0a ac2a b46b ac4b ac4c ac4c a40b 9bca 9389 a3eb 9bca 8b48 9ba9 a40b 9bca 9ba9 9bca a3eb a40b a40c 9bab 938a 9bab 9bab 9b8b 9bab 9b8a 9b8a 9b6a 9b8a 934a 8b09 82c8 82c8 7a87 7a67 7a67 7a87 82c8 82e9 8b09 82e9 8ae9 8ae9 8b29 936b 9bac 9bcc a3cd 9bcd a40d ac2e ac4e ac2e ac4e a42d a40d a3ed 9bec 9bec 93ac 938b 8b8a 938b 8308 7286 7b08 8329 8329 7b08 8349 8b6a 8b6a 7ae8 72c7 8b8a 8b8a 93ab 9bec 9c0c a42c a44d a42c a42c a40c 9c2c a42c 9c0c 9c0c 9c0c 93eb 93cb 93cc 93ec 8c0e 8c30 8431 7c32 7c32 7c32 7433 7413 7413 7413 7414 7414 7434 7414 7434 7414 7434 7434 7434 7434 7434 7434 7434 7434 7414 7414 6c14 6c13 6c13 6bf3 6bf3 6c13 6c14 6c13 6c13 6c13 6bf3 6bf3 6bf3 6bf3 6bf3 6bf3 6bf3 6bf3 6bf3 6bf3 6bf3 6bf3 6bf3 6bf3 6bf3 6bf3 6bf3 63f3 63d3 63d3 63d3 63d3 63d3 63d3 63d3 63d3 63d3 63d3 63b2 5bb2 5bb2 5bb2 5bb2 5bb2 5bb2 5bb2 5bb2 5bb2 5bb2 5bb2 5bb2 5bb2 5bb2 5bb2 5bb2 5bb2 5b92 5b92 5b92 5b92 5b92 5b92 5b92 5b92 5b92 5b92 5b92 5b92 5b92 5b92 5b92 5b92 5b92 5b92 5b92 5b92 
ad78 ad78 ad78 a557 a557 a557 ad78 ad78 ad78 ad78 a577 a557 a557 a557 a557 a557 a557 9d37 9d36 9d16 9d16 9d16 9d16 94f6 9cf6 9cf6 9d16 9d16 9d16 9d16 9d16 9d16 9d16 9d16 9d16 9d16 9d16 9d16 9d16 9d16 94f6 9d16 94f6 94f6 94f5 94d5 94f5 8cb5 8c94 8cb4 8c94 8473 8c94 94b5 8cb5 8cb5 8cb5 8cb5 8cb5 8cb5 8494 8474 8474 7c53 7c33 7c33 7c53 8453 8474 8453 8473 8453 7c12 73f2 7bf2 8412 8411 7baf 7baf 8432 8c94 8cb5 8cd6 8cd6 8cd6 8cb6 8cb5 8cb5 8495 8495 8495 8474 8494 8c94 8cb5 8cb5 8cb4 8cb4 94d4 ad34 b554 c5b4 de35 ee95 f6d5 fed5 feb3 f692 f631 edf0 edf0 ee31 edf0 dd8f d54e cd2d c4ed c4ed c50d c4cd b46b ac0a a409 a409 ac0a ac2a ac4b ac4c ac4c ac4c ac4c ac4c a40b a42c 9beb 93aa 9bca 9bca 93a9 a3eb a40b ac2c ac4c ac2c a3eb 9bcb a3ec 9bcb 9bab 9bab a3ab 9bab 9bab 9b6a 938a 938a 934a 934a 8b2a 932a 932a 934b 930a 8ac9 8aa8 8ac8 8288 7a87 7a47 7aa8 82e9 830a 8b2a 936b 93ac 9bcc 9bcc 9bcc 93ac 938b 938b 8b6b 8b8b 834a 834a 8329 8329 8349 8329 72a7 8308 93ab 8349 7b08 93ab 93cb 93ab 8b8a 93cb 9c0c 9bec 93eb 9beb a44d a44d a42c 9beb 9beb 9bcb 93cb 9c0b 9beb 93cb 93eb 9c0b 9bec 93ec 93ec 8c0e 8c30 8430 8431 7c32 8453 7c33 7433 7413 7414 7414 7414 7434 7434 7434 7434 7434 7434 7434 7434 7434 7434 7414 7414 6c14 6c14 6c14 6c13 6c13 6c13 6c13 6c13 6c14 6c13 6bf3 6bf3 6bf3 6bf3 6bf3 6bf3 6bf3 6bf3 6bf3 6bf3 6bf3 6bf3 6bf3 6bf3 6bf3 6bf3 6bf3 6bf3 6bf3 63f3 63d3 63d3 63d3 63d3 63d3 63d3 63d3 63d3 63d3 63d3 63b2 5bb2 5bb2 5bb2 5bb2 5bb2 5bb2 5bb2 5b92 5b92 5b92 5b92 5b92 5bb2 5bb2 63b2 63b2 63b2 5bb2 5bb2 5bb2 5bb2 5bb2 5b92 5b92 5b92 5b92 5b92 5b92 5b92 5b92 5b92 5b92 5b92 5b92 5b92 5b92 5b92 
a577 a577 a577 a577 a557 a557 a577 a577 a557 a557 a557 a557 a557 a557 a557 a557 9d37 9d36 9d16 9d16 9d16 9cf6 9cf6 9cf6 94f6 94f6 9d16 9d16 9d16 9d16 9d16 9d16 9d16 9d16 9d16 9d16 9d16 9d16 9d16 9d16 94f6 94f6 94f5 94d5 8cb4 8c94 8473 7c33 7c12 7c11 7bf1 73d1 7bf1 7c12 7c12 7c32 7c32 7c12 7c12 7c12 73f1 73d1 6bb0 6b90 6b90 6370 6390 6b90 6b90 6b90 73b0 6b90 634f 5b0e 5b0e 632e 6b4e 6b2d 6b0d 6b6f 73d0 7c12 8473 8c94 8c74 8474 8474 8474 8474 8474 8475 8474 8494 8c94 8c95 8c95 8cb4 94d4 a514 b575 c5b5 d615 eeb6 fef6 f6b4 feb4 fe93 f631 edf0 ee31 ee31 ee10 e58f dd2d cd2d d54e cd0d c50d c50e b46b ac2a b46b b46b ac4a a40a a40a a40a a40b a40b a42c ac4c ac4d a42c a40b 9beb 938a 9baa a3eb a40c a40b a42b a40b a40b ac2c ac2c ac2d a40c a3ec 9bab 9b8a 9bab a3ab 9bab 9b8b 9b8b 9b8b 938b 938b 936a 9b8b a3ac a3cd abcd abcd a38c a38c 9b6b 932a 8ac9 7a88 7a88 82a8 82a8 82a8 82e9 8b29 8b2a 8309 82e9 7ac8 7ae9 7ac8 7ac8 72c7 7287 6a66 7ac7 8329 7b08 7b08 8349 9bec 93ab 8b6a 93cb a40d 9bec 93ab 9c0c a42c a42d a40c a40c a42d ac6d ac6d a42d a40c 9bec 9beb 9c0b 93ea 93ca 93ca 93ea 93eb 93cb 8bab 8bed 8c0f 942f 8410 8411 7c32 7c33 7433 7413 7413 7414 7414 7413 7413 7434 7434 7434 7434 7434 7434 7414 6c14 6c14 6c14 6c14 6c14 6c14 6bf3 6bf3 6bf3 6bf3 6bf3 6c13 6bf3 6bf3 6bf3 6bf3 6bf3 6bf3 6bf3 6bf3 6bf3 6bf3 6bf3 6bf3 6bf3 6bf3 6bf3 6bf3 6bf3 6bf3 6bf3 6bf3 63f3 63d3 63d3 63d3 63d3 63d3 63d3 63d3 63d3 63d3 63d3 63d2 63b2 63b2 5bb2 5bb2 5bb2 5b92 5b92 5b92 5b92 5b92 5b92 5b92 5bb2 5bb2 63b2 63b2 63b2 5bb2 5bb2 5bb2 5bb2 5bb2 5bb2 5bb2 5b92 5b92 5b92 5b92 5b92 5b92 5b92 5b92 5b92 5b92 5b92 5b92 5b92 
a577 a577 a577 ad77 a577 a577 a577 a557 a557 a557 a537 a537 a537 a537 9d37 9d16 9d36 9d36 9d36 9d16 9d16 9d16 9d16 9d16 9d16 9d16 9d16 9d16 9d16 94f6 9d16 9d16 9d16 9d16 9d16 9d16 94f6 94f6 94f6 94f5 94f5 94f5 8cd5 7c33 6b90 634f 632f 5b2f 5b0e 5b0e 5b0d 5b0e 5b0e 5b0e 5b0e 5b2e 5b2e 5b0e 5b0e 5b0e 5b0e 5b0e 5b0e 5b0e 5aee 52ed 52cd 52cd 52cd 52ed 52ed 52cd 52cd 52ac 52ac 52ac 52ac 52ac 52ac 5acd 630d 632e 738f 7bb0 7bd0 7bd0 73d1 73b0 6bb1 6bd2 7433 7c53 7c53 8453 8473 8c94 8c93 8c52 9cb2 a4f2 b553 cdd4 ee76 fed6 f6b4 fe93 f631 edf0 edf1 ee31 ee30 e5ef dd8e dd4d d52d cd2d c50d c4ed bcac b48b bcac bccd b48c b48c ac6c ac6c ac4c a42b a42b a42c a42c a44c a42c 9c0b 9beb 9beb a42c a42c a40c 9beb a3eb a40b 9bca a40b ac2c ac2c a40c 9bcb 938a 9369 9b6a 9b8a 9bab 9bab 9bab 9bcc 9bab 9b8b 9b8b 9b8b a3cc abed b42e bc6f bc6f b44f b44f b42e abed a38c 934b 9b4b 930a 8ac9 8ac9 8b09 82c8 7a87 7aa7 7267 6a66 6a46 7266 7aa7 7286 7286 7ac7 8329 7b28 8329 8b6a 93ab 93cb 93ab 93ab 9c0c 9bcb a40c 9c0c 9beb 9c0c a40c a42c 9c0c a40c a42c a44d a42c a42c 9c0c 9beb 9beb 9beb 93eb 9c0b 93eb 93eb 8bcb 8bcc 940d 8bed 83ce 8410 7bf1 73f1 73f2 73f2 7413 6c13 6c13 6c13 6c13 6c13 6c13 6c14 6c14 7414 7414 6c14 6c14 6c14 6c14 6c14 6c14 6bf3 6bf3 6bf3 6bf3 6bf3 6bf3 6bf3 6bf3 6bf3 6bf3 6bf3 6bf3 63d3 6bf3 6bf3 6bf3 6bf3 6bf3 6bf3 6bf3 6bf3 6bf3 6bf3 6bf3 6bf3 6bf3 63f3 63f3 63d3 63d3 63d3 63d3 63d3 63d3 63d3 63d3 63d3 63d3 63d3 63d3 63d2 63b2 63b2 5bb2 5bb2 5bb2 5bb2 5b92 5b92 5b92 5bb2 5bb2 5bb2 5bb2 5bb2 5bb2 5bb2 5bb2 5bb2 5bb2 5bb2 5bb2 5b92 5b92 5b92 5b71 5b71 5b71 5b71 5b71 5b71 5371 5371 5371 5371 5371 
a577 a577 a577 ad77 a577 a577 a577 a557 a557 a557 a537 a537 a537 a537 9d37 9d16 9d36 9d36 9d36 9d16 9d16 9d16 9d16 9d16 9d16 9d16 9d16 9d16 9d16 94f6 9d16 9d16 9d16 9d16 9d16 9d16 94f6 94f6 94f6 94f5 94f5 94f5 8cd5 7c33 6b90 634f 632f 5b2f 5b0e 5b0e 5b0d 5b0e 5b0e 5b0e 5b0e 5b2e 5b2e 5b0e 5b0e 5b0e 5b0e 5b0e 5b0e 5b0e 5aee 52ed 52cd 52cd 52cd 52ed 52ed 52cd 52cd 52ac 52ac 52ac 52ac 52ac 52ac 5acd 630d 632e 738f 7bb0 7bd0 7bd0 73d1 73b0 6bb1 6bd2 7433 7c53 7c53 8453 8473 8c94 8c93 8c52 9cb2 a4f2 b553 cdd4 ee76 fed6 f6b4 fe93 f631 edf0 edf1 ee31 ee30 e5ef dd8e dd4d d52d cd2d c50d c4ed bcac b48b bcac bccd b48c b48c ac6c ac6c ac4c a42b a42b a42c a42c a44c a42c 9c0b 9beb 9beb a42c a42c a40c 9beb a3eb a40b 9bca a40b ac2c ac2c a40c 9bcb 938a 9369 9b6a 9b8a 9bab 9bab 9bab 9bcc 9bab 9b8b 9b8b 9b8b a3cc abed b42e bc6f bc6f b44f b44f b42e abed a38c 934b 9b4b 930a 8ac9 8ac9 8b09 82c8 7a87 7aa7 7267 6a66 6a46 7266 7aa7 7286 7286 7ac7 8329 7b28 8329 8b6a 93ab 93cb 93ab 93ab 9c0c 9bcb a40c 9c0c 9beb 9c0c a40c a42c 9c0c a40c a42c a44d a42c a42c 9c0c 9beb 9beb 9beb 93eb 9c0b 93eb 93eb 8bcb 8bcc 940d 8bed 83ce 8410 7bf1 73f1 73f2 73f2 7413 6c13 6c13 6c13 6c13 6c13 6c13 6c14 6c14 7414 7414 6c14 6c14 6c14 6c14 6c14 6c14 6bf3 6bf3 6bf3 6bf3 6bf3 6bf3 6bf3 6bf3 6bf3 6bf3 6bf3 6bf3 63d3 6bf3 6bf3 6bf3 6bf3 6bf3 6bf3 6bf3 6bf3 6bf3 6bf3 6bf3 6bf3 6bf3 63f3 63f3 63d3 63d3 63d3 63d3 63d3 63d3 63d3 63d3 63d3 63d3 63d3 63d3 63d2 63b2 63b2 5bb2 5bb2 5bb2 5bb2 5b92 5b92 5b92 5bb2 5bb2 5bb2 5bb2 5bb2 5bb2 5bb2 5bb2 5bb2 5bb2 5bb2 5bb2 5b92 5b92 5b92 5b71 5b71 5b71 5b71 5b71 5b71 5371 5371 5371 5371 5371 
a577 a557 a557 a577 a557 a557 a557 a557 a557 a557 a537 a537 a537 a537 9d36 9d16 9d16 9d36 9d36 9d16 9d16 9d16 9d16 9d16 9d16 9d16 9d16 9d16 9d16 9d16 9d16 9d16 9d16 94f6 94f6 94f6 94f6 94f6 94f5 94d5 94d5 94d5 8cb4 73d1 52ee 4a8c 4aac 4aac 4aac 4aac 4aac 4aac 4aac 4a8c 4aad 52ad 52ad 4aad 4aad 52ad 52ad 52ad 52cd 52cd 52ad 52ad 52ad 4aac 4aac 4aac 4a8c 4aac 4aac 4a8c 4a8c 4a6c 4a6c 4a6c 4a8c 4a8c 5aed 630e 632e 6b4e 738f 736f 632e 52ac 52ad 52ee 6370 6bd1 73f1 7c12 8411 8c72 8451 8c51 9cb2 9c91 c5b5 d5d4 ddf3 ee54 f6b4 f693 f652 f652 f672 f672 f671 ee10 e5cf dd6e d54e cd2d cd2e c4ed bcac c4ed c4ee bccd b48c b4ad b4ad b4ad b48d ac4c a42c a42c a40c a42c a42c a40c a3ec 9bcb 9beb 9beb a3eb a40b a40b a42b a3eb a40b a40b a40b a3eb 9beb 9beb 9bcb 9bab 9bab 9bab 9bab 9bcc 9bcc 9bab 9bab 9bac a3cc a3cc ac0d abed b42e c490 bc6f c490 bc6f bc4f b42e abed b42e b40e a3cd a38c a3ac 9b8c 8b4a 8b4a 8309 72c8 72a8 7ae8 8309 7ae8 7ae8 7ac8 8328 8348 8b69 8b69 93aa 93aa 9bec 9beb 9beb 9beb a42c a42d a44d 9c0b 9c0b 9beb 9beb 93cb 9bcb a42c 9c0c a42c a42c 9c2c 9c0b 93ca 93ca 93eb 93cb 93eb 93eb 8bcb 8bac 83ac 7bad 7bcf 7bcf 73d0 73d1 73d2 6bf2 6bf3 6bf3 6bf3 6bf3 6bf3 6bf3 6bf3 6c14 6c14 6c14 6c14 6c14 6bf3 6bf3 6bf3 6bf3 6bf3 6bf3 6bf3 6bf3 6bf3 6bf3 6bf3 6bf3 63f3 63f3 63d3 63d3 63d3 6bd3 63d3 63f3 6bf3 6bf3 63f3 63f3 63f3 6bd3 6bd3 63d3 63d3 63d3 63d3 63d3 63d3 63d3 63d3 63d3 63d3 63d3 63d3 63d3 63d3 63d3 63d3 63d3 63d3 63b2 63b2 63b2 5bb2 5bb2 63b2 5bb2 5bb2 5bb2 5bb2 63b2 63b2 5bb2 5bb2 5b92 5b92 5b92 5b92 5b92 5b92 5b92 5b92 5b71 5371 5351 5351 5351 5350 5330 5330 4b30 4b30 4b30 4b30 4b30 
a557 a557 a557 a577 a557 a557 a557 a557 a557 a557 a557 a537 a537 a537 9d37 9d16 9d36 9d36 9d36 9d36 9d36 9d36 9d36 9d16 9d16 9d16 9d16 9d16 9d16 9d16 9d16 9d16 94f6 94f5 94f5 94f5 94d5 94d5 94d5 94d5 94d5 94f5 8cb4 7c12 634f 5b0e 52ee 52cd 52cd 52cd 52cd 52cd 52cd 52cd 52cd 52cd 52ee 52cd 52cd 52cd 52cd 52cd 52cd 52cd 52cd 52cd 52cd 52cd 52cd 52cd 52cd 52cd 52cd 52ad 52ad 4aad 4aad 4aad 4aad 52cd 5b0e 5b2f 632f 634f 6b4f 632e 5aed 52ad 4a8d 52ad 5b0e 6b70 73b0 73f1 73d1 73d1 73d0 8c52 a4f3 bd75 cdd5 cdb4 ddd3 ee54 f694 f693 f692 f692 feb3 fed3 f672 e5cf dd6e d52d d54e d54e d56f c50d c4ed cd2f c4ee bcee bccd b4ad b4ce ac8d b48d ac6d ac6d ac4d a42c a42c a40c 9bcb 9beb 9beb a3eb ac2c b46d ac6c ac2c ac6d b48d ac4c ac4c ac6d ac4d a42c a3eb a3ec 9bec 9bab 9bab 9bab 9bec 9bcc 9bcc 9bcc a3cc a3ec a3ed b42e b42e b44f bc4f bc4f c490 c490 bc4f b42e b42e b40e b42e b42e ac0e ac0e a3ee 938c 8b2b 72c9 6268 6247 6aa8 72c9 72c9 7b09 7b09 7b08 8349 8b8a 8b8a 938a 93aa 9beb a42c a40c a42c a40c 9c0c ac6d a44c a42c 9c0b 9c0c 9beb 93ca 93ca 93ca 9bea 9bea 93ea 9beb 93ca 93aa 8baa 8bcb 93eb 93ec 8bec 83cd 83ef 7bcf 7bd0 7bf0 73d1 73f1 73f1 73f2 6bf2 6bf2 6bf3 6bf3 6bf3 6bf3 6bf3 6bf3 6bf3 6c14 6c14 6c14 6bf3 6bf3 6bf3 6bf3 6bf3 6bf3 6bf3 6bf3 6bf3 6bf3 6bf3 6bf3 63f3 63d3 63d3 63d2 6bd3 6bd3 63d3 63d2 63d3 63d3 63d2 63d2 63d2 63d3 63d3 63d2 63d2 63d2 63d2 63d2 63b2 63d2 63d3 63d3 63d3 63d3 63d3 63d3 63d3 63d3 63d3 63d2 63d3 63d2 63d2 63d2 63d2 63d2 63d2 63d2 63b2 63b2 63b2 5bb2 5bb2 5bb2 5b92 5b92 5b92 5b92 5b92 5b92 5b92 5371 5371 5351 5351 4b30 5330 5330 5330 4b30 4b10 4b10 4b10 4b10 4b10 4b10 
a557 a577 a577 a577 a577 ad78 ad77 ad77 ad77 a557 a557 a557 a557 a537 9d37 9d16 9d16 9d16 9d16 9d36 9d36 9d36 9d36 9d36 9d16 9d16 9d16 9d16 9d16 9d16 9d16 94f6 94f5 94f5 94d5 94d5 94d5 94d5 94d5 94d5 94d5 94d5 8cb4 8c94 8453 7c12 73f2 73d1 73b1 73b1 73b1 6bb1 6bb1 6b91 6b91 6bb1 6bb1 6bb1 6bb1 6b90 6b90 6bb0 6bb1 6bb1 6bb1 6bb1 6bb1 6bb1 6bb1 6bb1 6bb1 6bb1 6bd1 6bb1 6bb1 6bb1 6b91 6bb1 6bb1 73d1 73d2 6bd2 6bd2 6bd2 6bb1 6bb1 6391 6bb1 6391 6390 6bb0 73d1 7412 7c32 7412 73f1 8432 9cb3 ad14 ad34 b513 cdb4 e655 ee74 f6d4 fed4 fed4 feb3 f6b2 ee50 e5ef e5ae e58e dd6d dd8f dd8f d56f c50e c52e bccd bcce bcce bcce b48d b4ce b4ae b4ae b4ae ac6d ac6d a44c a42c 9beb 9beb a40b a42c ac6d b48e b48e ac4d ac4c ac6d b48d ac4c ac4c ac4d ac4d ac2d ac2d a40d a3ec 9bcb 9b8b 9bab 9bcc 9bcc 9bcc 9bcc a3ec a3cc a3cd ac0e b42e b42e bc4f bc6f c490 ccf1 c4b1 bc6f b44f abed abcd b40e abee a3ad 9b6c 8b0a 6a27 3943 28e2 28c2 3103 4164 3944 3964 51e5 6266 7b29 8b8a 93cb 93cb 9bec 9bec a42d a44d a44d a44c a40c a42c a42c a42c ac4d a44d a42c 9c0b 93ca 93ca 93ca 93ca 9beb 9c0b 93eb 93eb 940c 93eb 93ec 940e 8c0e 840f 8411 7c11 7bf1 73f1 73f1 73f2 6bf2 6bf2 6bf2 6bf3 6bf3 6bf3 6bf3 6bf3 6bf3 6bf3 6bf3 6c14 6c14 6c14 6bf3 6bf3 6bf3 6bf3 6bf3 6bf3 6bf3 6bf3 6bf3 6bf3 63d3 63d3 63d3 63d3 63d3 63d3 6bd3 63d3 63d3 63d2 63d2 63d2 63d2 63d2 63d3 63d3 63d3 63d2 63d2 63b2 63b2 63b2 63b2 63b2 63d2 63d3 63d3 63d3 63f3 63f3 63d3 63d3 63d3 63d3 63d3 63d3 63d3 63d3 63d3 63d3 63d2 63d2 63b2 63b2 5bb2 5bb2 5bb2 5bb2 5bb2 5b92 5b92 5b92 5b92 5b92 5b92 5b71 5371 5371 5371 5351 5351 5351 5351 5351 5351 5351 5351 5330 5330 5330 
a577 a577 a557 a557 a557 a557 a557 a557 a557 a537 a537 a537 a537 9d36 9d36 9d16 9d36 9d36 9d36 9d36 9d36 9d36 9d36 9d36 9d16 9d16 9d16 9d16 9d16 9d16 9d16 94f6 94f6 94f6 94f6 94f6 94d5 94d5 94d5 94d5 94d5 94d5 8cb5 8cb5 94d5 8cb5 8c94 8c94 8c94 8c94 8c94 8474 8474 8474 8474 8474 8494 8474 8474 8454 8454 8474 8474 8474 8474 8474 8474 8474 8474 8474 8474 8474 8474 8494 8474 8474 8474 8474 8474 8474 8474 8474 8474 8474 7c54 7c54 7c54 7c54 7c54 7c53 7c53 7c53 8474 8474 8453 8474 8c94 9cd4 a4f3 a4f3 b554 cdd4 e654 f694 fef5 fef5 fed3 fe92 f671 f651 ee30 ee30 ee10 e5f0 ddb0 dd8f d56f d54f c52e bcee c50e bccd b4ad b4ad bcee bcce b4ad b48d ac6d ac4c a42c a40c 9beb a40b a42c ac8d ac8d ac8d ac6d ac6d b46d ac6c ac4c a40b a3eb a3eb a42c ac6d ac6e a42d a3ec 9bcb 9bab 9bab 9bab 9bab 9bcc 9bcc 9bcc a3ec abed ac0d abed abcd b40e bc6f c490 ccd1 ccd1 c4b0 bc6f b40e b3ee b42f abcd 936b 7aa9 59c5 38e2 20a1 1881 1881 20c2 20a1 1881 20a1 28e2 3122 41a4 6ac8 8bcb 93cb 9c0c a44d ac6d ac6d a44c a42c a44c a42c a44c a44c a44c a44c a42c a42c a42c a40c 9c0b 9beb 9c0c 9c2c 9c2d 9c2c 9c0c 9c0d 940d 942e 8c2f 8430 7c11 7bf2 73d2 73f2 6bf2 6bf2 6bf2 63f3 63f3 6bf3 6bf3 6bf3 6bf3 6bf3 6bf3 6bf3 6bf3 6bf3 6bf3 6c14 6c14 6bf3 6bf3 6bf3 6bf3 6bf3 6bf3 6bf3 6bf3 6bf3 6bd3 6bd3 6bd3 6bd3 6bd3 6bd3 6bd3 6bd3 6bd3 63d3 63d3 63d3 63d3 63d3 63d3 63d3 63d3 63d2 63d2 63d2 63b2 63b2 63b2 63b2 63d2 63d3 63d3 63d3 63d3 63d3 63d3 63d3 63d3 63d2 63d2 63d2 63d2 63d2 63d2 63d2 63d2 63d2 63b2 5bb2 5bb2 5bb2 5bb2 5bb2 5bb2 5bb2 5bb2 5bb2 5b92 5b92 5b92 5b92 5b92 5b92 5b92 5b92 5b91 5b91 5b91 5b91 5b91 5b71 5b71 5371 5371 5371 
a577 a557 a536 9d36 9d36 9d36 9d36 9d36 a537 a537 a537 9d36 9d16 9d16 9d36 a537 a537 a537 a537 a557 a557 a537 a537 9d37 9d16 9d16 9d16 9d16 9d16 9d16 9d16 94f6 94f6 94f6 94f6 94f6 94d6 94d6 94d5 94d5 94d5 94d5 94d5 94d5 94d5 94d5 94d5 94d5 8cb5 8cb5 8cb5 94d5 8cb5 8cb5 8cd5 8cd5 8cd6 8cd5 8cb5 8cb5 8cb5 84b5 8cb5 8cb5 8c95 8c95 8c95 8c95 8c95 8495 8495 8495 8495 8495 8495 8495 8495 8495 8495 8495 8495 8495 8495 8495 8495 8495 8495 8495 8495 8494 8494 8494 8494 8474 8475 8495 8474 8c93 a4f3 bd74 c5b4 de34 eeb5 f6d5 fed4 fed3 fe92 fe71 f651 f651 f672 f652 e611 e5f0 e5d0 ddb0 d590 d570 cd4f c52f bcee b48c b48c b48d b4ad b48d ac6d b48d b48d ac4c ac2c ac4c ac2c ac4c ac6d b48d ac6d ac6c ac6d ac4c ac6c ac6c a42b a40a a40b a40b a40c a44d a44d a42d a42d a40c a3ec 9b8b 9bab 938b 9bcc 9bcc 9bac a3ec abed abed abed b3ed b40d b42e bc4e c470 c490 bc6f bc4f abcd b40e b40e 9bad 7288 5185 38e2 28c2 28e3 20e2 20e3 20e3 20c2 18c2 2103 20c2 18a1 20a1 3943 5a26 7b4a 93cb 9c0c 9c2c a44d a42c 9c0b 9c0b a42b a42b a42b a42b a42b a42c a40c 9c0c 9c0c 9beb 93cb 93cb 9beb 9c2c 940c 93ec 93ed 8bed 8c0e 8c2f 8430 7c11 73f1 73f2 7412 7412 6bf2 6bf2 6bf3 6bf3 6bf3 6bf3 6bf3 6bf3 6bf3 6bf3 6bf3 6bf3 6bf3 6bf3 6bf3 6bf3 6c14 6bf3 6bf3 6bf3 6bf3 6bf3 6bf3 6bf3 6c14 6bf3 6bf3 6bf3 6bf3 6bf3 6bf3 6bf3 6bf3 6bf3 6bf3 6bf3 6bf3 63d3 63d3 63d3 63d2 63d2 63d2 63d2 63b2 63b2 63b2 63b2 63b2 63d2 63d2 63d2 63d2 63d2 63d2 63b2 63b2 63b2 63b2 63b2 63b2 63b2 5bb2 5bb2 5bb2 5bb2 5bb2 5bb2 5bb2 5bb2 5bb2 5bb2 5b92 5b92 5b92 5bb2 5bb2 5b92 5b92 5b92 5b92 5b92 5b92 5b92 5b92 5b92 5b92 5b92 5b92 5b92 5b92 5b92 5b92 5b92 5b92 
ad77 a557 a557 a556 a556 a557 a557 a557 a557 a557 a557 a557 a536 a536 a537 a537 a537 a537 a537 a557 a557 a537 9d37 9d36 9d16 9d16 9d16 9d16 9d16 9d16 9d16 94f6 94f6 94f6 94f6 94f6 94f6 94d6 94d6 94f5 94f5 94d5 94d5 94d5 94f5 94f5 94f6 94f6 94d5 94d5 94d5 94d5 94d5 94d5 94d6 94d6 94d6 8cd5 8cb5 8cb5 8cb5 8cb5 8cb5 8cb5 8c95 8c95 8cb5 8cb5 8cb5 8cb5 8cb5 8495 8495 8495 8cb5 8cb5 8cb5 8cb5 8495 8cb5 8cb5 8cb5 8495 8495 8495 8495 8495 8495 8495 8494 8494 8494 8494 8495 8495 8495 8474 9492 b574 d615 de75 eeb5 fef5 fed4 fed4 f692 f651 f631 f651 f672 f693 ee52 ee31 ddd0 d56f cd2e d56f cd4f cd2f cd4f c50e bcee bcad bcad bcce bcce b4ad b48d b46d ac6d ac4d ac6d b46d ac4c ac6c ac6c a44c a42c ac4c ac4d ac4c ac4c ac4c a44c ac8d ac8e ac8e ac6e a40c a44d a42d a40c 9bcc 938b 9b8b 936a 9b8b 9bab 9bcc a3ec abed ac0d abed b3ed b40d b42d b42d bc4e bc4f b42e b42e b40e ac0e a3ad 7aa9 4144 3102 28e2 2903 2924 3144 3165 3165 2944 2924 2103 20e3 20c2 2903 2903 3102 49c4 7b09 93cb 9bec 9c2c 9c2c a42c a40c a42b a44c a42c a42c a42b a42c a40c a40c 9beb 93aa 93ab 8b8a 8baa 93ec 940c 940d 940d 8c0e 840f 8430 8451 8432 7c12 7412 6bf2 6bf2 6bf2 6bf3 6bf2 6bf2 6bf3 6bf3 6c13 6c13 6c13 6c14 6c14 6c14 6c14 6c14 6c14 6c14 6c14 6c14 6c14 6c14 6c14 6c14 6c14 6c14 6c14 6c14 6c14 6c14 6c14 6c14 6bf3 6bf3 6bf3 6bf3 6bf3 6bf3 6bf3 63f3 63f3 63d3 63d2 63d2 63b2 63b2 63b2 63b2 63b2 63b2 63b2 63b2 63d2 63d2 63b2 63b2 63b2 63b2 63b2 63b2 63b2 63b2 63b2 63b2 5bb2 5bb2 5bb2 5bb2 5bb2 5bb2 5bb2 5bb2 5b92 5b92 5bb2 5bb2 5bb2 5bb2 5bb2 5bb2 5b92 5b92 5b92 5b92 5b92 5b92 5b92 5b92 5b92 5b92 5b92 5b92 5b92 5b92 5b92 5b92 5b92 
ad77 a577 a557 a557 a556 a556 a557 a557 a557 a557 a557 a557 a536 a536 a537 a537 9d36 9d36 9d36 a537 a537 9d37 9d37 9d36 9d36 9d36 9d16 9d16 9d16 9d36 9d36 9516 9516 94f6 94f6 94f6 94f6 94d6 94f6 94f6 94f6 94f6 94f6 94f6 94f6 94f6 94f6 94f6 94f6 94d5 8cb5 94d5 94d6 94f6 94d6 94d6 8cd5 8cd5 8cb5 8cb5 8cb5 8cb5 8cb5 8cb5 8cb5 8cb5 8cb5 8cb5 8cb5 8495 8495 8495 8495 8495 8cb5 8cb5 8cb5 8cb5 8cb5 8cb5 8cb5 8cb5 8495 8495 8495 8c95 8495 8494 8474 8495 8495 8495 8474 8495 8495 8cb5 9cf4 b533 d635 de35 de34 e653 f693 f693 f693 f693 f672 fe92 fe92 f692 f671 ee31 ee11 e5d0 d56f c50d cd2e c50e c4ee bcee bccd c50e bcce bcee bcee bcce bcce b4ad b48d b46d ac4d ac4d ac6d a42c a44c ac6d ac6d ac6d b48d b48e ac6d ac6d ac6d ac8e bcef bcef b4ae ac6d a40c a42d 9c0c a42d a40c 9bcb 938a 938a 938a 938b 9bab a3cc ac0c ac0d ac0d b40d b40c b40c bc2d b42d bc4e b42e b42f b42f b42f 936c 4984 3903 3944 2924 3145 39a6 41e7 4207 39c6 3986 2944 2103 2924 2923 3123 3123 3123 3963 51e5 7309 93ec 9c0c 9c0c a42c a44d ac6d ac6d a44c ac6d a44c a44c a42c a42c a42c 9c0c 93cb 93eb 93cb 93cb 8bcb 940d 8c0d 8c0e 8410 8411 7c11 7c12 7c12 7412 6bf2 6bd2 6bd2 6bf2 6bf2 73f2 6bf2 6bf3 6bf3 6c13 6c13 6c14 6c14 6c14 6c14 6c14 6c14 6c14 6c14 6c14 6c14 6c14 6c14 6c14 6c14 6c14 6c14 6c14 6c14 6c14 6c14 6bf3 6bf3 6bf3 6bf3 6bf3 6bf3 63f3 63d3 63d3 63d3 63d3 63d3 63d2 63d2 63d2 63d2 63d2 63d3 63b2 63b2 63b2 63b2 63b2 5bb2 5bb2 63b2 5bb2 5bb2 5bb2 5b92 5b92 5bb2 5bb2 5b92 5b92 5bb2 5b92 5b92 5b92 5b92 5b92 5b92 5b92 5b92 5b92 5b92 5b92 5b92 5b92 5b92 5b92 5b92 5b92 5b92 5b92 5b92 5b92 5b92 5b92 5b92 5b92 5b92 5b92 5b92 5b92 5b92 
a577 a577 a577 a557 a536 a536 a556 a556 a515 9d15 a516 a536 9d36 9d36 9d37 9d36 9d36 a536 a537 a537 9d37 9d37 9d36 9d36 9d36 9d36 9d16 9d16 9d16 9516 9516 94f6 94f6 94f6 94f6 94d6 94d6 94d5 94d5 94d6 94d6 94d6 94f6 94f6 94d6 94f6 94f6 94f6 94f5 94d5 94b4 94b5 94f5 94d5 94d6 94d6 94d5 8cd5 8cd5 8cd5 8cb5 8cb5 8cb5 8cb5 8cb5 8cb5 8cb5 8cb5 8cb5 8c95 8c95 8c95 8495 8495 8cb5 8cb5 8cd5 8cb5 8cb5 8cb5 8cb5 8cb5 8495 8495 8cb5 8cb5 8cb5 8495 8494 8475 8495 8494 8494 8c94 8cb4 9cf4 b555 c594 cdb3 c592 de34 ee95 f6b4 f693 f672 f672 f693 feb3 f651 ee30 ee31 ee10 e5d0 dd8f cd2d cd2d bccc b48b b48c b4ac b48c b48c b4ad b4ae b48d b48d b48d b48d ac6d ac4d a42c ac4c ac6d a42c ac4c b48e ac6d ac6e b48e b48e ac6d ac6d ac8e b4ae bccf b4cf b48e ac6d ac4d a42d a40c a42d a40d a40c 9baa 9bab 936a 936a 9b8b 9bcb a3ec b42d b40d b40d b3ec b40c bc2d bc2d bc2d b42d b44e bc4f b42f 934c 4124 30e3 3164 3185 3985 3985 41c7 4207 5269 41e7 3165 2924 3965 41a5 49c5 51e6 5227 49c5 41a4 41a4 72e8 93cb 9c2c 9c2c 9c2c a42d a44d a44d ac6d a44d a42c a40c a42c a42c a42c 9c0c 9c2c 940c 93eb 8beb 8bec 8c0d 8c0f 8410 7bf0 73f1 73f1 7412 6bf2 6bf2 6bf3 6bf3 6bf3 6bf3 6bf3 6bf3 6bf3 6bf3 6c13 6c13 6c14 6c14 6c14 6c14 6bf3 6bf3 6c13 6c13 6c14 6c14 6c14 6c14 6c14 6c14 6c14 6c14 6c14 6c14 6bf3 6bf3 6bf3 6bf3 6bf3 6bf3 63d3 63d3 63d3 63d3 63d3 63d3 63d3 63d3 63d2 63d2 63d2 63d2 63d2 63d2 63d2 63b2 63b2 63b2 63b2 63b2 63b2 5bb2 5bb2 5bb2 5b92 5b92 5b92 5b92 5b92 5b92 5b92 5b92 5b92 5b92 5b92 5b92 5b91 5b92 5b92 5b71 5b71 5b71 5b71 5b71 5b92 5b92 5b92 5b92 5b92 5b71 5371 5371 5b71 5b71 5371 5b71 5b92 5b92 5b92 5b92 5b92 5b92 
a536 a557 a557 a536 a536 a515 a535 a515 9cd4 9cb3 9cd4 9d16 9d36 9d36 9d36 9d36 9d36 9d36 9d36 9d36 9d36 9d36 9d36 9d36 9d16 9d16 9cf5 9cf5 94f5 94f5 94f5 94d5 94d5 94d5 94d5 8cd5 94d5 94d5 94d5 94b5 94b5 94d5 94d5 94d6 94d6 94d5 94d5 94d5 94d5 94d4 8c93 9493 94d4 94d5 94d5 94d5 94d5 8cd5 8cd5 8cd5 8cb5 8cb5 8cb5 8cb5 8cb5 8cb5 8cb5 8cb5 8cb5 8cb5 8cb5 8cb5 8cb5 8cb5 8cb5 8cb5 8cd5 8cd5 8cd5 8cd6 8cd6 8cb5 8495 8495 8c95 8c95 8cb5 8cb5 8494 8494 8495 8494 8c94 8c93 9cd4 a514 b554 c5b4 d5f4 e655 f6d6 fef5 f6b4 f693 f672 ee52 f672 ee31 e5f0 ee10 edf0 dd8e cd2d cd2d c50c c4ec bccc bccc b48c ac6b ac6b a44b a44c ac6d ac6d ac8d ac6d ac6d ac4d a42c ac4d ac6d ac6d ac6d ac6d ac6d ac6d ac6e ac6e ac8d ac8d ac8d b48e b4ae b48d ac6d a44c ac4d ac4d a42c a42d a42d a40c a40c 9baa 9baa 9369 936a a3cb a3ec a3ec ac2d b42d b42d bc2d bc4d bc4d bc2d b42d b42d b42e b40e abee 9b8c 59e6 30c2 3144 31a5 3145 2924 41c7 41e7 4a48 4207 3986 3965 4185 5227 6267 6267 6aa8 6247 5a47 4183 4183 62a7 836a 93cb 9c0c 9c0c 9c0c a42c 9c2c a42c a44d a42d a42c 9c0c 9c0c 93eb 940b 940b 8beb 8beb 8bcc 8bed 8c0f 840f 7c10 7411 7412 7412 6bf2 6bd2 6bf3 6bf3 6bf3 6bf3 6bf3 6bf3 6bf3 6bf3 6bf3 6bf3 6bf3 6bf3 6bf3 6bf3 6bf3 6bf3 6bf3 6bf3 6c13 6c13 6c13 6c13 6c13 6bf3 6bf3 6bf3 6bf3 6bf3 6bf3 6bf3 6bf3 6bf3 6bf3 63f3 63d3 63d3 63d3 63d3 63d3 63d3 63d3 63d3 63d3 63b2 63b2 63b2 63b2 63b2 63d2 63d2 63d2 63d3 63d3 63d2 63b2 63b2 5bb2 5bb2 5bb2 5b92 5b92 5bb2 5bb2 5bb2 5b92 5b92 5b92 5b92 5b92 5b92 5b92 5b92 5b92 5b92 5b92 5b92 5b92 5b92 5b92 5b92 5b92 5371 5371 5371 5371 5371 5371 5371 5371 5371 5371 5371 5371 5371 5371 5371 
a536 a557 a557 a536 a536 a515 a535 a515 9cd4 9cb3 9cd4 9d16 9d36 9d36 9d36 9d36 9d36 9d36 9d36 9d36 9d36 9d36 9d36 9d36 9d16 9d16 9cf5 9cf5 94f5 94f5 94f5 94d5 94d5 94d5 94d5 8cd5 94d5 94d5 94d5 94b5 94b5 94d5 94d5 94d6 94d6 94d5 94d5 94d5 94d5 94d4 8c93 9493 94d4 94d5 94d5 94d5 94d5 8cd5 8cd5 8cd5 8cb5 8cb5 8cb5 8cb5 8cb5 8cb5 8cb5 8cb5 8cb5 8cb5 8cb5 8cb5 8cb5 8cb5 8cb5 8cb5 8cd5 8cd5 8cd5 8cd6 8cd6 8cb5 8495 8495 8c95 8c95 8cb5 8cb5 8494 8494 8495 8494 8c94 8c93 9cd4 a514 b554 c5b4 d5f4 e655 f6d6 fef5 f6b4 f693 f672 ee52 f672 ee31 e5f0 ee10 edf0 dd8e cd2d cd2d c50c c4ec bccc bccc b48c ac6b ac6b a44b a44c ac6d ac6d ac8d ac6d ac6d ac4d a42c ac4d ac6d ac6d ac6d ac6d ac6d ac6d ac6e ac6e ac8d ac8d ac8d b48e b4ae b48d ac6d a44c ac4d ac4d a42c a42d a42d a40c a40c 9baa 9baa 9369 936a a3cb a3ec a3ec ac2d b42d b42d bc2d bc4d bc4d bc2d b42d b42d b42e b40e abee 9b8c 59e6 30c2 3144 31a5 3145 2924 41c7 41e7 4a48 4207 3986 3965 4185 5227 6267 6267 6aa8 6247 5a47 4183 4183 62a7 836a 93cb 9c0c 9c0c 9c0c a42c 9c2c a42c a44d a42d a42c 9c0c 9c0c 93eb 940b 940b 8beb 8beb 8bcc 8bed 8c0f 840f 7c10 7411 7412 7412 6bf2 6bd2 6bf3 6bf3 6bf3 6bf3 6bf3 6bf3 6bf3 6bf3 6bf3 6bf3 6bf3 6bf3 6bf3 6bf3 6bf3 6bf3 6bf3 6bf3 6c13 6c13 6c13 6c13 6c13 6bf3 6bf3 6bf3 6bf3 6bf3 6bf3 6bf3 6bf3 6bf3 6bf3 63f3 63d3 63d3 63d3 63d3 63d3 63d3 63d3 63d3 63d3 63b2 63b2 63b2 63b2 63b2 63d2 63d2 63d2 63d3 63d3 63d2 63b2 63b2 5bb2 5bb2 5bb2 5b92 5b92 5bb2 5bb2 5bb2 5b92 5b92 5b92 5b92 5b92 5b92 5b92 5b92 5b92 5b92 5b92 5b92 5b92 5b92 5b92 5b92 5b92 5371 5371 5371 5371 5371 5371 5371 5371 5371 5371 5371 5371 5371 5371 5371 
a536 a556 a556 a556 a515 9cd4 a4d3 9cb3 9c92 9cb3 9cf4 9d15 9d16 9d16 9d35 9d15 9cf5 9cf5 9cf4 9cf4 9d15 9d36 9d36 9d15 9cf5 94b4 8c93 8c93 8c93 8c93 8c93 9493 94b3 94b4 94d4 94b4 94b4 94b4 8c93 8c73 8c93 8c94 94b4 94b4 94b5 94b4 8c94 8c73 8c73 8c93 8c52 8431 8c73 8c94 8cb5 94d5 8cd5 8cb5 8cb5 8cb5 8cb5 8cb5 8cb5 8cb5 8cb5 8cb5 8cb5 8cb5 8cb5 8cb5 8cb5 8cb5 8cb5 8cb5 8cb5 8cb5 8cb5 8cb5 8cb5 8cd6 8cd6 8cb5 8cb5 8cb5 8c95 8495 8c95 8495 8474 8474 8474 8473 8c93 9cd4 a514 b574 cdd5 d5f4 e675 f6b5 f694 f693 f692 f672 f651 f651 e5f0 ddaf e5cf ee10 dd8e d54d cd0c c4ec bccb bcac bccc b48b b46b ac4b ac4b ac4c ac6c ac6d ac8d ac6d ac6d ac6d ac6d ac8e b4ae b48e ac8e ac8e ac6d ac4d ac6e b48e ac8e ac8d b4ae b4ce b4ce b4ae b48d ac6d ac8d b48e ac6d ac6d ac8d ac4d a42c a42c a40c ac2c a3eb 9bcb a3ec a3ec a3ec ac2d b42d b44d bc6e bc6d bc6d bc2d bc2d bc4e b42e abed ac0e abee 82ea 38e2 20a1 2944 3124 3165 41a6 3986 41a6 41a6 3965 41a6 49c6 5207 6267 6a67 6a87 72c8 6a87 5a26 49c4 3963 5205 72e8 8baa 9c0c 9c0c a44c 9c2c 9beb 9c0c 9c0c 9c2c 9c0c 93eb 93cb 93aa 8baa 838a 838a 83ac 8bee 840f 7c0f 7c10 7c11 7bf1 73f2 6bf2 6bf3 6bf3 6bf3 6bf3 6bf3 6bf3 6bf3 6bf3 6bf3 6bf3 6bf3 6bf3 6c14 6c14 6c14 6bf3 6bf3 6c13 6c13 6c13 6c13 6c13 6bf3 6bf3 6bf3 6bf3 6bf3 6bf3 6bf3 63f3 63f3 63f3 6bf3 6bf3 6bf3 63f3 63d3 63d3 63d3 63d2 63d2 63d2 63b2 63b2 63b2 63b2 63b2 63b2 63d2 63d3 63d3 63d3 63d3 63d3 63d3 63d2 63b2 5bb2 5bb2 5bb2 5bb2 5bb2 5b92 5b92 5b92 5b92 5b92 5bb2 5bb2 5b92 5b92 5b92 5b92 5b92 5b92 5b92 5b92 5b92 5b92 5b92 5b92 5b92 5b92 5b92 5b92 5b92 5b92 5b71 5b71 5b71 5b71 5b71 5371 5371 5371 5371 5371 
a556 a556 a535 a515 9cb3 9451 8c51 8c10 8410 8431 8c52 8c73 8c73 8c72 9493 9472 8c51 8c31 8c31 8410 8c51 9493 94b4 8c93 8c73 8431 7bd0 7baf 73af 7baf 7bcf 7bcf 7bd0 8411 8c31 8c31 8c11 8411 7bd0 7bd0 8411 8432 8432 8432 8432 7c11 7bd1 73b0 7bb0 7bd0 73af 6b6e 738f 73d1 8473 8cb5 8cb5 8cb5 8cb5 8cb5 8cb5 8cb5 8cb5 8cb5 8cb5 8cb5 8cb5 8cb5 8cb5 8c95 8c95 8495 8494 8494 8495 8495 8495 8495 8cb5 8cb5 8cb5 8495 8495 8495 8495 8494 8494 8474 8474 8473 8473 8452 8c72 a4f3 ad33 cdd5 de56 e634 e613 ee53 ee32 ee31 f651 ee30 ee10 e5f0 e5ae dd6d d56d dd8e d54d cd2c cd0c bc8a b48a c4ec bccc b46b ac2a a42a ac4b ac4c ac6d ac4d ac6d ac6d a44d a44d ac8e b4ae b4ae ac6d ac8e b4ae ac8e ac4d ac6d ac6d b48d b4ce bcef bccf b4ce b48e b4ae b4ae b4ae b4af b4ae b4ae b4ae ac8d ac4d a44d ac4c a40c a40c a3ec a40c 9bec 9bcb a3ec ac0c b44d b44d bc4d bc4d bc4d b44d b44d b42d abed abed a3cd 9b6c 6a67 3102 2081 2903 3985 4186 4186 4186 41a6 41c6 41a6 4185 49c5 59e6 6226 6226 6246 6226 6246 6287 49c5 4164 41a4 6aa7 8369 93aa 9beb 9c2c 9c0c 93cb 93ca 93ca 93ca 8baa 93ca 93aa 8b8a 8b8a 838a 83ac 8bce 83ef 83f0 7c11 7bf1 7bf1 73d1 73d2 6bd2 6bf3 6bf3 6bf3 6bf3 6bf3 6bf3 6bf3 6bf3 6bf3 6bf3 6bf3 6c14 6c14 6c14 6c14 6c14 6bf3 6bf3 6c14 6c14 6c13 6bf3 6bf3 6bf3 6bf3 6bf3 63f3 63f3 63d3 63d3 63d3 63f3 63f3 63f3 63d3 63d3 63d3 63d2 63b2 63b2 63b2 63b2 63b2 63b2 63b2 63b2 63b2 63d3 63d3 63f3 63f3 63d3 63d3 63d3 63d3 63d2 63b2 63d2 63d2 63b2 5bb2 5bb2 5bb2 5bb2 5bb2 5b92 5bb2 5bb2 5bb2 5b92 5b92 5b92 5b92 5b92 5b92 5b92 5bb2 5bb2 5b92 5b92 5b92 5b92 5b92 5b92 5b92 5b92 5b92 5b92 5b92 5b92 5b92 5b71 5b71 5371 5371 5371 
a515 9cd4 9493 9451 83cf 6b2d 6b0c 6b2c 6b2d 630d 5aed 630d 630d 6b2d 734d 734d 6b2c 6b0c 6b0c 630c 6b2d 6b4e 6b6e 6b4e 6b4e 632d 62ec 62ec 62cb 62cb 5acb 5acb 5acb 62ec 6b0c 6b0c 62ec 62ec 62cc 62cc 62ec 62ec 62ec 62ec 5aed 5aec 5acc 5aac 5aac 5acc 5aac 528b 528b 632e 7c32 8cb5 8cd5 8cd5 8cb5 8cb5 8cb5 8c95 8495 8494 8c95 8495 8c95 8c95 8c95 8c95 8c95 8c95 8495 8495 8495 8495 8495 8495 8495 8495 8495 8474 8474 8474 8494 8474 8474 8c94 8cb4 8473 8c93 94d3 9cd3 acf3 b553 c594 d5f4 e634 e613 ee12 ee11 ee10 edf0 edcf edf0 dd8e dd6d d50c d52c cd0c c4cb bcaa bc8a b469 ac49 bc8b b46b ac4a 9bc8 9be9 ac2b ac4c ac6d a44d a44d ac8e ac6d ac6d ac6d ac8e ac8e ac6e ac8e b4ae b4ae ac6e ac6d ac6d b4ae b4ce b4ae b4ae b48e ac8d b4ce b4ae b4ae b4ae b4cf b4ae bcce b4ae ac8d ac4d a40b 9beb 9beb a3ec 9bec a3ec a3ec a40c a3ec abec b42d b42d b42d b42d b42d ac0c ac0d abec a3ac 9b8c 9b6b 8b2a 6a47 30c2 1861 28c2 3124 4186 41a6 51e7 49e7 5207 41a5 49c5 51a5 51c5 51a5 51c5 5a26 6246 6a87 5a26 4184 4184 49c4 6266 72e7 8349 8b8a 93cb 93aa 8b68 8348 8327 7b07 7b07 8327 7b07 8328 8348 838a 8bcc 8bed 8c2f 8c10 8431 8411 8412 7c12 7c12 7412 73f2 6bf3 6bf3 6bf3 6bf3 6bf3 6bf3 6bd3 6bf3 6bf3 6bf3 6bf3 6bf3 6bf3 6bf3 6bf3 6bf3 6bf3 6bf3 6bf3 63d3 63d3 63d3 63d3 63d3 63d3 63d3 63d3 63d3 63d3 63d3 63d3 63d3 63d2 63b2 63b2 63b2 63b2 63b2 63b2 63b2 63b2 63b2 63b2 5bb2 63b2 63d2 63d3 63d3 63d2 63b2 63b2 63d2 63d2 63d2 63d3 63d3 63d3 63d3 63d2 63d3 63d3 63b2 5bb2 5bb2 5bb2 5bb2 5bb2 5b92 5b92 5b92 5b92 5b92 5b92 5b92 5b92 5b92 5b92 5b92 5b92 5bb2 5bb2 5b92 5b92 5b92 5b92 5b92 5b92 5b92 5b92 5b72 5b72 5371 5371 5371 
8411 73af 6b4e 6b2d 62cb 526a 4a49 526a 528b 4a4a 4a4a 4a4a 4a4a 524a 524a 524a 4a49 4a29 4a49 4a4a 526a 526a 526a 526a 526a 526a 526a 4a6a 4a4a 4a4a 4a4a 4a4a 4a4a 4a4a 526a 526a 4a4a 4a4a 4a4a 4a4a 4a4a 4a4a 4a4a 4a4a 4a4a 4a4a 4a6a 4a6a 4a4a 4a4a 4a4a 4a4a 4a6b 5b0e 7c33 8cb5 8cb5 8cb5 8cb5 8cb5 8cb5 8cb5 8cb5 8cb5 8cb5 8c95 8c95 8c95 8c95 8495 8495 8495 8495 8495 8495 8495 8495 8495 8495 8494 8474 8474 8474 8474 8494 8474 8474 8c94 8c73 8453 8c93 9492 a4d3 acf2 c573 d5d4 ddf4 ddf2 ddd0 ddaf e5d0 dd8f dd6e d54d dd8d dd6d cd0c cccb ccec cceb bc8a b428 ac08 ac08 a3e8 b44a bcac b44b a40a a40a 9bea 9bea 9beb 9c0c a42c a44d a46d a44d ac6d b4ae b48e b4ae b4af b4ae ac8e ac6d ac6e ac8e ac8e ac6d b48e b48e b4ae b4ae b4ae b4cf b4ae b4ae b4ce b4ce bcef b4ae ac6d a42c a3eb a40b a40c a42c a42c a42d a40c a40c a3ed a3cc abec b42d ac0d ac0d b40d a3ec a3ec a3ec a3cc 9b8b 9b8b 934a 8b2a 6a47 30e2 1840 1861 20a2 3124 51e7 6247 6a88 5a06 51e6 4985 4964 4143 4984 5a05 6246 6246 6246 51c5 41a4 49a4 49e5 5a66 6286 72c7 7b28 7b28 8328 8327 7ac6 72a5 72a5 7ae6 7ae6 72c5 7ae6 7b27 8369 8bab 8bec 940d 942f 9450 8c51 8c51 8431 7c11 7c11 73f2 73f3 6bf2 63d2 63d2 63d2 63b3 63b2 63d2 63d3 63d3 63d3 63d3 63d3 63d3 63d3 63d3 63d3 63d3 63d3 63d3 63d3 63d3 63d3 63d3 63d3 63d3 63d3 63d3 63d3 63d3 63d3 63d3 63d3 63b2 63b2 63d2 63d2 63b2 5bb2 5bb2 5bb2 5bb2 5bb2 5bb2 5bb2 63b2 5bb2 5bb2 5bb2 5bb2 5bb2 5bb2 5bb2 5bb2 5bb2 63b2 5bb2 5bb2 5bb2 5bb2 5bb2 5bb2 5bb2 5bb2 5bb2 5bb2 5b92 5b92 5b92 5b92 5b92 5b92 5b92 5b92 5b92 5b92 5b92 5b92 5bb2 5bb2 5bb2 5bb2 5bb2 5bb2 5bb2 5bb2 5bb2 5bb2 5b92 5b92 5b92 5372 5372 
5b0d 528b 4a4a 4a4a 4a2a 4a2a 4a2a 4a2a 4a4a 4a4a 4a4a 4a4a 4a4a 4a4a 4a4a 4a4a 4a29 4a29 4a29 4a2a 4a4a 4a4a 4a4a 4a4a 4a4a 4a4a 4a4a 4a6a 4a4a 4a4a 4a4a 4a4a 4a4a 4a4a 4a4a 4a4a 4a4a 4a4a 4a4a 4a4a 4a4a 4a4a 4a4a 4a4a 4a4a 4a4a 4a4a 4a4a 4a4a 4a4b 4a4b 4a4b 4a6b 632e 8453 8cb5 8cb4 8cb4 8cb5 8cb5 8cb5 8cb5 8cb5 8c95 8495 8494 8494 8494 8494 8495 8495 8495 8474 8474 8474 8474 8474 8474 8474 7c74 7c54 7c53 7c53 7c53 8453 8473 8c74 8c73 8c93 8c73 8c93 9472 9cb2 b513 cd93 d5b3 d5b2 d590 d58e e5af dd8e dd6d d52c cd0b cceb cceb cceb c4cb c4cb bc89 b449 b428 ac08 abe8 a3e8 ac2a b46b ac4a ac0a 9bc9 9bca 9bea 9beb 93cb 9beb 9c0c a42c a44d ac6e b4ae b48e ac8e ac6e ac8e ac6d ac6d ac8e b4af b48e ac8e b48e b4ae b4ae b48e b4af b4af b4ce b4ae b4ae bcce bcce b48d ac6d ac4c a42b a40b a40c a40c 9beb 9bec 9bec a3ec a40d a3ec a3ec abec a3ec ac0d ac0d ac2d ac0d a3ec a3cc 9bcc 9bac 936b 936b 830a 6206 28c1 1020 2061 2082 3903 4965 6207 7288 6227 5184 4144 3923 4984 5a26 6a87 6aa7 6aa7 5a46 5205 51e6 49e5 5205 49a4 5205 5a25 6286 72e8 7b08 7b07 7ae6 7ae7 8327 7ae6 72c6 7ac6 8328 8348 8b8a 8baa 93ec 9c4e 9c70 9450 8c50 8c30 8411 7c11 73f2 6bd2 6bd2 63d2 63d2 63b2 63b2 63b2 63b2 63b2 63b2 63b2 63b2 63d3 63d3 63d3 63d3 63d3 63d3 63d3 63d3 63d3 63d3 63d3 63d3 63d3 63d3 63d3 63d3 63d3 63d3 63d3 63d3 63d3 63d2 63d2 63d2 63d2 63b2 5bb2 5bb2 5bb2 5bb2 5bb2 5bb2 5bb2 63b2 5bb2 5bb2 5bb2 5bb2 5bb2 5bb2 5bb2 5bb2 5bb2 5bb2 5bb2 5bb2 5bb2 5bb2 5bb2 5bb2 5bb2 5b92 5b92 5b92 5b92 5b92 5b92 5b92 5b92 5b92 5b92 5b92 5b92 5372 5b92 5b92 5b92 5b92 5bb2 5b92 5b92 5b92 5b92 5b92 5b92 5b92 5b92 5b92 5b92 5b92 5372 
6b4e 4a8a 4229 4229 4229 422a 4a2a 4a2a 422a 422a 422a 424a 4a2a 422a 4a4a 4a4a 4a4a 422a 422a 424a 424a 4a4b 4a4b 424b 4a4b 424a 4a4b 4a6b 4a4b 424a 424a 424a 424a 424a 424a 4a4b 424a 424a 424a 424b 424b 424a 424a 424a 422a 422a 422a 422a 422a 4a4b 4a4b 4a6b 4a8c 6b70 8453 8c94 8cb4 8cb4 8cb4 8cb5 8cb5 8cb5 8495 8494 8474 8474 8474 8474 8474 8474 8474 8474 8474 8474 8474 8474 7c54 7c54 7c54 7c54 7c53 7c33 7c33 7c53 8473 8474 8453 7c53 8473 8c73 8c93 9492 9c91 acd2 bd11 cd72 d5b1 ddf1 e5f0 edf0 e5cf e5ae dd8e d52c cccb cceb ccec cccb c4ab c48a bc8a bc8a b46a b429 a3e9 a3e9 9b87 9bc8 8b26 9367 8b67 8b68 93aa 93ca 93cb 93cb 9c0c a44d ac6d ac4d ac6d a44d a44d ac6e ac6e ac6e b48e b4ae ac8e b4ae b4cf bccf b4af b4ae b4af b4ae b4ce b4ae b4ae bcee bcae b4ae b48d ac6c ac4c ac4c ac4c 9c0b 93ca 93cb 93cb 9bec a3ec 9bec a3ec a40d a40d ac2d a40d ac2d a40d a3ec 9bab 9bcc 9bcc 8b6b 8b4a 8329 7aa8 51a4 2880 1840 2061 28c2 4123 5164 6a27 7aa9 6a06 4964 38e2 4144 4984 51c5 5a26 6267 5a46 5226 5226 41a5 4185 4184 4184 4163 49a4 6266 72e8 7b07 7b07 7b07 8328 7b07 7ae7 8328 8b69 8348 8b89 8369 8bcb 9c4d a46f a48f 9c90 9470 8c51 8411 73f1 73d1 6bf1 6bf2 6bd2 6bd2 63b2 63b2 63b2 63b2 63b2 63b2 63b2 63d3 63d3 63d3 63d3 63d3 63d3 63d3 63d3 63d3 63d3 63d3 63d3 63d3 63d3 63d2 63d3 63d3 63d3 63d3 63d3 63d3 63d3 63d2 63b2 63b2 5bb2 5bb2 5bb2 5bb2 5bb2 5bb2 5bb2 5bb2 5bb2 5bb2 5b92 5bb2 5bb2 5b92 5b92 5b92 5b92 5b92 5b92 5b92 5b92 5b92 5b92 5b92 5b92 5b92 5b92 5b92 5b92 5b92 5b92 5b92 5b92 5b92 5b71 5371 5b92 5b92 5372 5372 5b92 5b92 5b92 5b92 5b92 5b92 5391 5371 5371 5391 5391 5372 5372 5372 5372 5372 
73d0 630d 52ab 4a8b 426a 4a6a 4a8b 528c 52ac 528c 528c 528c 528b 52ac 52ac 52cc 52ac 52ac 52ac 52ad 52ac 52ac 52ac 4aac 4aad 4aad 52ad 4aad 4aad 4aac 4a8c 4a8c 4a8c 4a8c 4aac 4aac 4aac 4aac 4aac 4aac 4aac 4aad 4aad 4aad 4aac 4a8c 4a8c 4a8c 4a8c 4a8c 426c 4a8c 52cd 6370 7c33 8473 8494 8cb4 8cb5 8cb5 8cd5 8cb5 8cb5 8495 8494 8474 8494 8494 8494 8474 8474 8474 8474 8474 8474 8474 8474 8474 7c74 7c74 7c74 7c54 7c53 8474 8474 7c54 7c54 7c53 7c74 8473 8c93 94b2 a4d2 b4f1 cd51 d591 ddb0 ee10 edf0 edef dd8e dd6d dd6c d54c d54c dd6d d50c d52d d52d ccec c4cb bc8b b44a ac2a ac09 9b87 8b26 8b05 82e5 8b47 8b47 9388 93ca 93ca 93aa 93eb 9beb 9c2c a44d a44d ac4d ac6d ac6e ac6e ac6e ac6e ac8e b48e b48e b4ae bccf bccf b4cf b4cf b4ae b4cf b4ae b4ce bcce bcee bcae bcad b48d b4ad b46d b46d ac6d 9c0b 9bca 93ca 93aa 9bcb 9bec 9bcb 9bcb 9bec a40d a3ec a40d a3ed 9bed 9bec 93ab 938a 8b2a 8b4a 8309 7ae8 72a7 6204 4122 2880 1820 1820 2061 38e2 4944 6a06 7227 6206 4964 38e2 3903 3923 4163 5a26 5206 5206 49a5 4185 3985 3944 4184 3943 4184 49a4 5a25 6ac7 7b07 7b07 8348 7b28 7b28 8349 8328 8328 8b89 93cb 9c0c 9c2c a46d acae acaf acd0 a4d1 9491 9472 8432 7c11 73f1 6bd2 6bd2 63b2 63b2 63b2 63b2 63b2 63b2 63b3 63d3 63d3 63d3 63d2 63d2 63b2 63b2 63b2 63b2 63d2 63d2 63d2 63d2 63d3 63d2 63d2 63d2 63d3 63d2 63d2 63d3 63d2 63b2 63b2 5bb2 5bb2 5bb2 5bb2 5b92 5b92 5b92 5b92 5b92 5bb2 5bb2 5bb2 5bb2 5bb2 5bb2 5bb2 5bb2 5bb2 5bb2 5b92 5b92 5b92 5b92 5b71 5b92 5b92 5b92 5b92 5b92 5b92 5b92 5b92 5b92 5b92 5b92 5b71 5371 5372 5372 5372 5372 5b92 5b92 5b92 5b92 5b92 5b92 5391 5371 5371 5371 5371 5371 5371 5371 5372 5372 
8c72 8431 73d0 6b8f 632e 632d 6b6f 738f 73b0 73d0 73d0 73d0 73d0 73d0 73d0 73d0 73d0 73d0 73d0 6bb0 6bb0 6b90 6b90 6bb0 6bb0 6bb0 6bb1 6bb1 6bb1 6bb0 6390 6370 6370 6370 6390 6b90 6bb0 6bb0 6bb0 6bb0 6bb0 6b90 6b90 6b90 6bb1 6390 6370 6370 6370 5b4f 5b2e 5b2f 5b4f 6b90 73f2 7c33 8474 8494 8494 8495 8cb5 8cb5 8cb5 8c95 8495 8495 8495 8495 8495 8495 8495 8495 8495 8495 8495 8494 8494 8474 8474 8474 8474 8494 8474 8474 7c53 7c53 7453 7433 7c53 8473 94b3 9cb2 acf2 c552 d5b1 ddd1 e5f0 edef ee0f ee0f e5ce dd8d dd6d dd8d ddae dd8e dd6e d52d d50c ccec bc8a b429 ac09 abe9 a3e9 9b67 9367 9367 a3e9 8b46 8b46 8327 8b48 93aa 9beb 9bec 9c0c a44d a44d a44d a44d a44d ac6e a44d a44d ac6e ac6e ac8e ac6e ac8e b4ae b4af ac8e b48e b4ae b4ce bcef bccf bd0f bcee bcce bcce bcce bcae b48d b48d ac6d a42b a40b 9bea 8b69 938a 938a 936a 938a 938b 9bcb 93ab 93ab 938b 93ab 93ab 938a 8b6a 7ae8 82e8 7ac7 7ac7 7286 6204 4983 30e1 2060 1820 1840 2881 30e2 4103 5184 6a27 6a27 5184 4164 3943 3923 41a4 49c5 49c5 4184 3964 3964 3964 3123 20c2 3144 3984 3963 5205 6aa7 72e7 7b28 7b28 7b08 8349 8369 8369 8b89 93eb 9c2c 9c2c a44c a46d ac8e accf acd0 a4d1 a4d1 9491 9472 8431 7c12 6bd2 6bb2 63b2 63b2 5bb2 5bb2 5b92 5b92 5bb2 5bb2 5bb2 5bb2 5bb2 5bb2 5b92 5b92 63b2 63b2 63b2 63b2 63b2 63b2 63b2 63b2 63b2 63b2 63b2 63b2 63b2 63b2 63b2 63b2 63b2 63b2 5bb2 5bb2 5b92 5b92 5b92 5b92 5b92 5b92 5b92 5bb2 5bb2 5bb2 5bb2 63b2 63b2 63b2 5b92 5b92 5b92 5b92 5b71 5371 5b71 5b91 5b92 5b92 5b91 5b91 5b92 5b92 5b71 5b71 5371 5371 5371 5371 5371 5371 5371 5371 5391 5391 5391 5391 5371 5391 5371 5371 5371 5371 5371 5371 5371 5371 5371 
94f4 94d4 8cb3 8c73 8432 7c11 8432 8472 8c93 8c94 8c94 8c94 8c94 8c94 8c94 8c94 8c93 8473 8453 8453 8453 7c33 8453 8453 8453 8453 8453 8453 8453 8453 7c33 7c33 7c33 7c32 7c12 7c33 8453 8453 8453 8453 8453 7c32 7c32 7c33 7c33 7c33 7c12 7412 7412 73f2 73f1 73f1 73f2 7412 7c33 7c54 8474 8494 8495 8495 8494 8495 8495 8495 8495 8495 8495 8495 8495 8495 8495 8495 8495 8474 8494 8494 8474 7c74 7c74 8454 8494 8494 8474 7c54 7c53 7c53 7c33 7c33 7c12 8452 9cd2 a4d2 c573 d5b2 ddd1 e611 ee31 e5ef edef edef e5ae dd8d dd8d d54d dd6e d54d cd0c c4ab bc69 bc49 ac08 a3a7 9b86 9ba7 9326 82c4 82e5 9ba8 9b68 7ac5 82e5 7aa5 8307 8b89 8b8a 93aa 9bcb 9beb 9beb a40c a44d a44d ac6e ac8e ac8f ac8f acaf acaf ac8e ac8e ac8e ac6d ac4d ac8e b4ae bcef bd0f b4ae bcef bcce bcce bcce bcce bcae bcce b4ae b48d ac4c a42c a40b 93ca 93aa 8b69 8b28 8b29 8b29 8b29 8328 8308 8328 8b49 8328 8328 8b49 7ac7 7285 7286 6a45 7286 6205 59c4 4142 30c1 2860 1820 1840 28a1 30c1 30c1 4963 6a27 6a26 6226 5a26 41a4 3963 4184 4163 4184 41a4 3963 3964 3143 2902 2903 3144 3123 3123 49c5 5a46 6266 72c7 72e7 72e7 7b28 8b69 8b89 93aa 93eb 9c0c 9c2c 9c2c 9c2c a44d a46e a48f a4b0 a4b1 9cb2 9492 8c72 7c11 73f2 6bd2 6bf2 63d2 63b2 5b91 5b91 5b92 5bb2 5bb2 5bb2 5bb2 5bb2 6392 6392 63b2 63b2 63b2 63b2 63b2 63b2 63b2 5bb2 63b2 63b2 63b2 63b2 63b2 63b2 63b2 63b2 63b2 63b2 5bb2 63b2 5bb2 5bb2 5bb2 5b92 5b92 5b92 5b92 5b92 5bb2 5bb2 5bb2 63b2 5bb2 5bb2 5bb2 5b92 5b92 5b92 5b91 5b91 5b71 5b91 5b92 5b91 5b92 5b71 5b71 5b71 5b71 5b71 5371 5371 5351 5371 5371 5371 5371 5371 5371 5371 5371 5371 5371 5371 5371 5371 5371 5371 5371 5371 5351 5351 5351 
94f4 94d4 8cb3 8c73 8432 7c11 8432 8472 8c93 8c94 8c94 8c94 8c94 8c94 8c94 8c94 8c93 8473 8453 8453 8453 7c33 8453 8453 8453 8453 8453 8453 8453 8453 7c33 7c33 7c33 7c32 7c12 7c33 8453 8453 8453 8453 8453 7c32 7c32 7c33 7c33 7c33 7c12 7412 7412 73f2 73f1 73f1 73f2 7412 7c33 7c54 8474 8494 8495 8495 8494 8495 8495 8495 8495 8495 8495 8495 8495 8495 8495 8495 8495 8474 8494 8494 8474 7c74 7c74 8454 8494 8494 8474 7c54 7c53 7c53 7c33 7c33 7c12 8452 9cd2 a4d2 c573 d5b2 ddd1 e611 ee31 e5ef edef edef e5ae dd8d dd8d d54d dd6e d54d cd0c c4ab bc69 bc49 ac08 a3a7 9b86 9ba7 9326 82c4 82e5 9ba8 9b68 7ac5 82e5 7aa5 8307 8b89 8b8a 93aa 9bcb 9beb 9beb a40c a44d a44d ac6e ac8e ac8f ac8f acaf acaf ac8e ac8e ac8e ac6d ac4d ac8e b4ae bcef bd0f b4ae bcef bcce bcce bcce bcce bcae bcce b4ae b48d ac4c a42c a40b 93ca 93aa 8b69 8b28 8b29 8b29 8b29 8328 8308 8328 8b49 8328 8328 8b49 7ac7 7285 7286 6a45 7286 6205 59c4 4142 30c1 2860 1820 1840 28a1 30c1 30c1 4963 6a27 6a26 6226 5a26 41a4 3963 4184 4163 4184 41a4 3963 3964 3143 2902 2903 3144 3123 3123 49c5 5a46 6266 72c7 72e7 72e7 7b28 8b69 8b89 93aa 93eb 9c0c 9c2c 9c2c 9c2c a44d a46e a48f a4b0 a4b1 9cb2 9492 8c72 7c11 73f2 6bd2 6bf2 63d2 63b2 5b91 5b91 5b92 5bb2 5bb2 5bb2 5bb2 5bb2 6392 6392 63b2 63b2 63b2 63b2 63b2 63b2 63b2 5bb2 63b2 63b2 63b2 63b2 63b2 63b2 63b2 63b2 63b2 63b2 5bb2 63b2 5bb2 5bb2 5bb2 5b92 5b92 5b92 5b92 5b92 5bb2 5bb2 5bb2 63b2 5bb2 5bb2 5bb2 5b92 5b92 5b92 5b91 5b91 5b71 5b91 5b92 5b91 5b92 5b71 5b71 5b71 5b71 5b71 5371 5371 5351 5371 5371 5371 5371 5371 5371 5371 5371 5371 5371 5371 5371 5371 5371 5371 5371 5371 5351 5351 5351 
9d36 9d16 9d15 9cf5 94d4 8c94 8cb4 94b4 94d5 94f5 9cf5 9d15 9d15 9cf5 9cf5 9cf5 94d5 94b4 8c94 8c94 8c94 8c94 8c94 8c94 8c94 8c94 8c94 8c94 8c94 8c94 8c94 8474 8474 8474 8474 8474 8474 8474 8474 8474 8474 8474 8474 8474 8474 8474 8453 7c53 7c53 7c33 7c33 7c33 7c53 7c53 8454 8474 8494 8495 8c95 8cb5 8495 8494 8494 8494 8474 8474 8474 8474 8474 8474 8474 8474 8474 8474 8474 8474 7c74 7c74 8474 8cb4 8474 7c53 7c54 7c54 7c53 7c33 8433 8432 8c72 a4f3 b553 c572 d5d2 ddd1 e611 ee11 ee31 ee10 e5ee dd8d dd6c dd4c dd6c d54c dd4d cceb bc69 b407 abe7 a385 9345 8b04 9345 8b05 8b26 8b05 82c4 9347 82e6 82e6 7aa5 7aa5 7ae6 7ac6 82e7 8307 8307 8327 9389 9c0b a42c a44d a44d ac8e b4af b4af b4af b4af ac8f ac8e ac6e ac8e ac8e b4af b4cf bcef b4ae ac8d b4ae bcef bccf b4ae b48e bccf c50f bccf b48d b46d b48d a44c a40c 9beb 93aa 9369 8b48 8328 8328 8328 7ac6 7ae7 8307 7ae7 7ac6 7ac6 7ac6 7285 72a6 7285 7286 7266 6205 51c4 4142 30e1 28a1 1840 1840 20a1 2080 2880 51a4 5a06 5a46 5a26 5a47 41a4 41a4 41a4 3943 49c4 41a4 3963 49e6 3964 2903 28e3 3144 3102 3143 51e5 49a4 51e4 6266 6aa6 6265 6a85 7b07 8b69 8ba9 93ca 93ca 93ea 9c0b 9c0c a42c 9c4d 9c6e 9c8f 9cb0 9cb1 9492 8451 7c11 6bd1 73f2 6bd1 63d2 63b2 63b2 63b2 63b2 63b2 63d2 63b2 63b2 63b2 63b2 63b2 63b2 63b2 63b2 63b2 63b2 5bb2 5b92 5bb2 63b2 63b2 63b2 63b2 63b2 63b2 63b2 63b2 63b2 63b2 63b2 63b2 63b2 63b2 63b2 5bb2 5bb2 5bb2 5bb2 5bb2 5bb2 5bb2 63b2 63b2 5bb2 63b2 5bb2 5b92 5b92 5b92 5b92 5b92 5b92 5b92 5b92 5b92 5b92 5b91 5b91 5b92 5b71 5371 5371 5371 5371 5371 5371 5371 5371 5371 5371 5371 5371 5371 5371 5371 5371 5351 5351 5371 5371 5351 5351 5351 
9d36 a536 9d16 9d16 9d15 94f5 94d5 94f5 94f5 9cf5 9d16 9d36 9d36 9d16 9d16 9cf5 9cf5 94d5 94d5 94d5 94d5 8cb4 8cb4 8cb4 8cb5 8cb5 8cb5 8cb5 8cb5 8cb5 8cb4 8cb4 8c94 8474 8474 8c94 8c94 8c94 8c94 8c94 8c94 8c94 8c94 8c94 8494 8494 8494 8474 8474 8474 8474 8474 8474 8474 8474 8474 8494 8494 8494 8494 8494 8474 8474 8474 8474 8474 8474 8474 8474 7c74 8474 7c74 7c74 7c74 7c74 7c74 7c54 7c54 7c74 8494 7c53 7c53 7c33 7c33 7c32 8452 8c72 94b2 a513 bd73 cdb3 e613 e5b1 e5d0 ee30 f651 ee31 ee10 e5ae dd4c dd4c dd4c d54c d54c cceb c489 ac07 a3a5 9b85 9324 8ac3 8b04 9b66 9325 a3a8 9b87 9346 82c5 6a23 7244 61e2 6a44 72a5 7ac5 7ae6 82e6 8b47 9388 9bc9 9c0a a42b ac6d ac8e b4af b4af b4af ac8e ac8f ac8e b48e ac6e b48e b4af b4ae b4af b4ae b4ae b4ae b4ae bcef bcce b48d b4ae bcef c50f bcce ac6c b48d b4ad ac6d ac4d a40c a40b 93aa 8b48 8b48 8328 8b48 8307 8307 7ae6 8307 7ac6 7ae6 8327 7ae6 7ac6 7ac7 7ac7 8b6a 7ae8 6a86 5a05 3942 3102 30e2 1860 1860 20a1 1860 3102 49e5 49c5 49c5 41c5 49c5 49c5 5226 51e5 41a4 4163 3922 3123 3143 2903 3123 3964 3964 3143 4184 3964 4183 5205 5a25 6225 5a04 6224 7b06 8b88 93c9 93a9 93c9 9bea 9c0b 9c0b a44c a44d 9c4d 9c4f 9c70 9c91 9492 8c72 73f1 73f1 63b1 5b91 5bb2 63b1 63b1 63b2 63b2 63d2 63b2 63b2 63b2 63b2 63b2 63b2 63b2 63b2 63b2 63b2 63b2 63b2 63b2 5bb2 63b2 63b2 63b2 63b2 63b2 5bb2 5bb2 63b2 63b2 63b2 63b2 63b2 63b2 63b2 63b2 5bb2 5bb2 5bb2 63b2 63d2 63b2 63b2 63b2 5b92 5b92 5b91 5b71 5b71 5371 5371 5371 5b71 5b71 5b71 5371 5371 5371 5371 5371 5351 5351 5351 5351 5351 5351 5351 5351 5351 5371 5371 5371 5371 5371 5371 5371 5371 5371 5371 5371 5371 5371 5371 5371 
9d36 9d36 9d36 9d36 9d16 9cf5 9cf5 94f5 94f5 9cf5 9d16 9d16 9d16 9d16 9d16 9cf5 9cf5 94d5 94d5 94d5 94d5 94d5 94d5 94d5 94d5 94d5 94d5 94d5 94d5 94d5 94d5 94d5 8cb4 8474 8c94 8cb4 8cb5 94d5 94d5 8cd5 8cb5 8cb5 8cb4 8c94 8494 8494 8494 8494 8474 8494 8494 8494 8474 8474 8474 8474 8474 8474 8454 7c54 8454 8454 8454 8474 8474 8474 8474 8474 8474 7c74 8474 8474 8474 7c74 7c74 7c74 7c74 7c54 7c54 7c53 7c53 7c53 7c53 7c53 8473 94b4 9cf3 9cd2 ad12 d5f3 e653 f674 f631 f610 f650 f650 f630 edef dd8d d52b d50b ccea ccca c489 bc48 abe7 b407 a3c7 a3a6 9b86 9b66 9b66 9b87 9ba7 8b26 8b25 82e5 7264 6a03 61c2 5161 6203 7aa5 8306 82e6 8b26 9367 9ba8 9ba8 9bea a42b ac4c ac6d ac8e ac8e ac8f ac8e ac6e ac8e b48f b48e b48f b48e b48e b4af b48e b4ae b48d bcce bcee b4ad b48d b4ad bcce bcce b4ad ac4c b48c b48c ac6c a44c ac4c a40b 9bca 93a9 8b68 8b48 8b68 8b68 8b68 8b28 8307 7aa5 7ac6 8b48 8307 7ae7 72a6 72a6 8329 8b49 7ae8 6a66 51c4 4163 41a5 3964 28e2 2903 20c2 28e2 3123 28e2 28e2 3123 3123 3963 41a4 5a46 49e4 41a4 3922 28c1 28c1 2081 20c1 3123 3984 3984 3963 3984 4163 49c4 51c4 51a3 51c4 5a24 72c6 8326 9388 93a9 9bc9 93a9 93a9 93c9 93ca 9c0b 9c2d a46e 9c4e 9c70 9491 94b2 8c92 8452 73f1 6391 63b1 6391 6391 63b1 63b1 63b1 6391 6391 63b2 63b2 63b2 63b2 63b2 63b2 63b2 63b2 63b2 63b2 63b2 5bb2 5b92 5b92 5bb2 5bb2 5bb2 5bb2 5bb2 5bb2 5bb2 5bb2 63b2 5bb2 5bb2 63b2 63b2 5bb2 5bb2 5b92 5b92 5bb2 5bb2 5bb2 5b92 5b92 5b71 5b71 5b71 5371 5351 5351 5351 5351 5351 5371 5351 5351 5351 5350 5351 4b30 5330 5350 5330 5330 4b30 4b30 4b30 4b30 4b30 5351 5371 5371 5351 5371 5371 5371 5371 5371 5371 5371 5371 5371 5371 
a536 a536 a536 a536 9d36 9d16 9d16 9cf5 94f5 9cf6 9d16 9d16 9d16 9d16 9d16 9d16 94f5 94f5 94d5 94d5 94d5 94d5 94d5 94f5 94f5 94f5 94f5 94f5 94f5 94d5 94f5 94d5 8cb5 8c94 8cb4 8cb4 8cb5 94d5 94f5 94d5 8cd5 8cb5 8cb5 8cb4 8cb5 8c94 8494 8494 8494 8494 8494 8474 8474 8474 8474 8474 8474 8454 7c54 7c54 7c54 7c53 7c53 7c53 7c54 7c33 7c53 7c54 7c54 7c54 7c54 7c54 7c54 7c54 7c54 7c54 7c54 7c54 7c54 7c53 7c53 8453 8473 8c93 8c72 9cd3 9cd2 b552 d634 ee94 f693 f672 ee31 ee30 f630 f630 ee10 ee10 e5ce dd6c dd4b ccca c489 bc68 bc69 bc69 b428 abe8 a3c8 9346 8b25 9b66 9b87 9b87 8b05 7aa4 7263 7243 6a23 61c3 59a2 6a23 7a84 7a84 7264 7aa5 82e6 9347 9388 93a8 9bca a40b a42c ac4d ac6e ac6e a44d ac6e a46e a44d ac4d ac6e b48e b4ae ac8e ac8d b48e b4ae bcce b4ad b48d ac6c b48d bcad b4ad b48d b46c b48d b46c ac4c ac4c ac4c a40b a40b 9c0b 9bca 93a9 8b68 8b89 8b69 8b48 8307 7285 7265 82e6 8306 7ac6 72a6 72a6 7ae8 7ae8 6a87 5a05 4183 3123 20e2 2103 2923 3144 20e2 3144 3964 3143 2902 28e2 28e2 3122 3122 41a4 5205 4183 4163 3922 28c2 20a1 1881 20a1 20c1 3122 3963 3963 3943 3963 49c4 4183 3942 51c3 6a85 7ac6 8306 8b47 8b27 8b47 9388 93a9 9389 93a9 9beb 9c2c 9c6e 9c4f 9c70 9491 8c51 8451 8452 7411 6bd1 63b1 63b1 6bd2 63b1 6391 6391 6391 5b91 5b92 5b91 5b91 5b92 5bb2 63b2 63b2 63b2 63b2 63b2 63b2 5b92 5b92 5b92 5bb2 5b92 5b92 5b92 5b92 5b92 5b92 5b92 5b92 5b92 5b92 5bb2 5b92 5b92 5b92 5b92 5b92 5b92 5b92 5b91 5b91 5b71 5371 5371 5371 5371 5371 5371 5371 5371 5b91 5b71 5b71 5371 5371 5371 5351 5371 5371 5371 5371 5351 5350 5350 5350 4b50 4b50 5351 5351 5351 5351 5351 5351 5351 5371 5371 5371 5371 5371 5371 
a536 a536 a536 a536 9d36 9d16 9d16 9cf5 9cf6 9d16 9d16 9d16 9d16 9d16 9d16 9d16 94f5 94f5 94d5 94d5 94d5 94d5 94d5 94d5 94f5 94f5 94f6 94f6 94f6 94f6 94d5 94d5 8cb5 8c94 8cb5 8cb5 8cb5 94d5 94d5 8cd5 8cd5 8cb5 8cb5 8cb4 8c94 8494 8494 8494 8494 8494 8494 8494 8474 8474 8474 8474 8474 8474 8474 8474 8474 8474 8474 8474 8474 7c54 7c54 7c54 7c54 8474 8474 8474 8474 7c54 7c54 7c54 7c54 7c54 7c54 7c74 8473 8473 8c93 94b3 acf2 c5b5 d614 ee95 f6b5 f693 f693 f672 f672 f630 f610 edf0 edef e5ae dd6d dd4c ccea ccca c4ca bc69 bc8a bc8a b449 abe8 9b86 9346 a3a8 a3c8 9366 8b05 82c4 7a83 7243 7264 7244 6a03 6a24 6a03 6a03 7223 7243 7a84 82c5 82e6 82e6 8b47 9388 9bca 9beb 9beb 9c0c 9c2c a40c a44d a44d ac6e ac6e ac4d ac6e ac6e ac8e b48e b4ae bcce b4ae b48d b48d b48d bcad b4ad b48d b48d b48d b46c ac4c a42b ac4b ac4c a42c ac4c a42c a42c a42c 93ca 93ca 9bcb 9bca 9369 8307 7286 7285 7285 6a45 6225 59e4 51c4 51e5 4184 3123 20c2 20e2 1881 18a2 20e3 2944 3164 41a5 49e5 41c4 41c5 3963 3943 41a4 3963 3963 49e5 4183 3963 3943 3923 28e2 20c1 20a1 1880 2080 28e2 3102 3942 4183 41a4 4184 4163 4983 6245 72a6 7ac6 7ac5 7aa5 8305 8b46 8b67 9388 93a8 93a9 8ba9 9c0c 9c4e 9c8f 9cb1 8c71 8431 7c11 7c12 6bd1 63b1 63b2 63b2 63b1 5b91 5b91 5b91 5b91 5b91 5b91 5b91 5b92 5bb2 5bb2 5b92 5b92 5b92 5b91 5b92 63b2 63b2 63b2 5b92 5b91 5b71 5b91 5b92 5b92 5b92 5b92 5b92 5b92 5b92 5b92 5b71 5b92 5b92 5b92 5b92 5b92 5b92 5b91 5b71 5371 5371 5371 5371 5371 5371 5371 5b71 5b91 5b91 5b91 5b71 5371 5371 5371 5371 5371 5371 5371 5371 5371 5371 5371 5371 5371 5351 5351 5351 5351 5351 5351 5351 5351 5371 5351 5351 5351 5351 5351 
a536 9d36 9d16 9d36 9d36 9d36 9d16 9d16 9d16 9d16 9d16 9d16 9d16 9d16 9d16 9d16 9d16 9d16 9cf6 9cf6 9cf6 94d5 94d5 94d5 94d5 94d5 94d5 94f5 94f6 94f5 94d5 94d5 8cb5 8c94 8cb5 8cb5 8cb5 8cb5 8cb5 8cd5 8cb5 8cb5 8cb4 8494 8474 8474 8474 8474 8474 8494 8494 8474 8474 8494 8495 8495 8c95 8494 8494 8474 8494 8494 8494 8494 8494 8494 8494 8474 8474 8474 8474 8495 8474 8474 8474 7c54 7c54 7c54 7c53 7c53 8473 8c93 a514 bd95 d615 e676 ee74 ee52 feb3 f6b3 f692 f671 ee10 edef e5ae e5ae dd8d dd6d d54c d52b cceb d56d d52c c4cb c4cc bc8b ac29 a3c7 9b66 a3a7 b44a 9326 8ae4 82c4 82e5 7a84 7264 7265 7244 7244 7a85 7224 7223 7243 7243 7243 7264 7243 7a84 82e5 82e6 8b27 9389 93aa 93ca 9beb 9c0c a40c a42d ac6e ac4d ac6e b4af b4ae ac8e b48d b48d b4ad b4ad b48d b48d b48d bccd b4ad b46c b48d b48d b48c ac2b ac4c ac6c ac4c ac6d ac6d ac6c ac6d ac6d a42c a44d a42d 938a 8308 7287 6205 59c3 4962 4142 4122 3922 28c1 20a1 2902 2924 2944 2944 20e3 20c2 20e2 3144 2923 4184 49a4 41a4 49e5 3943 3943 3984 4184 4184 49c5 3943 3922 3922 3942 3122 28e1 20a1 1880 1881 20a1 3122 3963 3922 3942 49a4 4163 4163 51e4 5a05 6a65 7285 7aa5 7aa4 8305 8305 8325 8b46 9388 93a8 93a9 93eb 9c4d 9c90 9cb1 9491 7c31 73d0 63b1 5b71 6391 6391 6391 6391 5b91 5b91 5b91 5b91 5b92 5b92 5b92 5b92 5b92 5b92 5b92 5bb2 5bb2 63b2 63b2 5bb2 5bb2 5b92 5b92 5b92 5b92 5b92 5b92 5b92 5b92 5b92 5b92 5b92 5b92 5b92 5b92 5b92 5b92 5b92 5b92 5b92 5b71 5371 5371 5371 5371 5371 5371 5371 5371 5371 5371 5371 5371 5371 5371 5351 5351 5351 5351 5351 5351 5351 5351 5351 5351 5351 5351 5351 5351 5351 5351 5351 5351 5351 5351 5351 5351 5351 5351 5351 5351 
a536 9d36 9d36 9d36 9d36 9d36 9d16 9d16 9d16 9d16 9d16 9d16 9d16 9d16 94f5 94f5 9cf5 94f5 94f5 94d5 94d5 94d5 94d5 8cb5 8cd5 94d5 94f5 94f5 94f5 94d5 94d5 94d5 8cb5 8cb5 8cb5 8cb4 8c94 8c94 8cd5 94d5 8cd5 8cb5 8cb4 8c94 8494 8c94 8cb5 8cb5 8c95 8c95 8c95 8495 8495 8494 8495 8c95 8cb5 8495 8474 8474 8474 8494 8494 8494 8494 8494 8474 8474 8474 8474 8474 8474 8474 7c54 8474 7c53 7c33 7c53 7c53 7c53 94b4 a535 b554 c574 de14 e674 f694 f672 f692 f692 f651 f651 ee10 edf0 e5ae e58e dd8e dd6d d52c dd8e d54d cd2c d54d c50c bc8b ac29 a3c7 9366 9b86 a3a7 9b87 8ae4 82a3 82a4 82a4 82a5 7a85 7265 7245 7265 7265 7244 7243 7a64 7243 7223 7243 7243 7243 7243 7264 82e6 8b48 9388 93aa 9beb a40c a40c ac4d ac4d ac6e b48e b4cf ac8e ac6d ac4c ac4c b48d ac4c ac4c b46d b46d b48d b48c b48c b48d b48c b48d b46c b48d ac8d ac6d ac6d ac6d ac4d ac6e ac6d a42d 93ab 7ae8 6a46 59e5 4963 4122 30c1 28a1 28a1 20a1 2081 20a2 1881 20c2 2103 2123 3144 3164 2103 2903 3144 2903 3963 51e5 4163 49a4 41a4 41a4 3964 4184 3943 4164 3944 3102 30e1 3922 3122 28e1 20c1 20a1 20a1 20c1 3122 3943 4163 3943 49c4 4163 3942 3942 4183 51c4 6224 72a5 72a4 8326 8b45 8305 8305 8b46 8b87 93a9 9beb a44d 9c6e 9c8f 9cb1 8c71 7c11 6bb1 6370 6391 5b71 5b71 5b71 5b71 5b71 5b71 5b91 5b92 5b92 5b92 5b92 5b92 5b92 5b92 5bb2 63b2 63b2 63b2 5bb2 5bb2 63b2 63b2 5bb2 5b92 5b92 5b91 5b91 5b91 5b91 5b91 5b91 5b71 5b91 5b92 5b92 5b91 5b71 5b91 5b91 5b92 5b92 5b92 5b91 5b71 5371 5371 5371 5371 5371 5371 5371 5371 5371 5371 5351 5351 5351 5351 5351 5351 5351 5351 5350 5350 5330 4b30 4b30 4b30 4b50 5351 5351 5351 5351 5351 5351 5351 5351 5351 5351 5351 
a536 a536 a536 a536 9d36 9d36 9d16 9d16 9d16 9d16 9d16 9d16 94f5 94d5 8c94 8c94 8cb4 94d5 94d5 94d5 94d5 8cb5 8cb5 8cb4 94d5 94f5 9516 94f6 94f5 94d5 94d5 94f5 94f5 94d5 8cb5 8c94 8c94 8cb4 94d5 94f6 94d5 8cb5 8c94 8494 8cb5 8cb5 8cb5 8cb5 8cb5 8cb5 8cb5 8cb5 8cb5 8c95 8494 8494 8494 8474 8474 8474 8474 8474 8474 8474 8494 8474 8474 8474 7c54 7c74 8474 8474 8454 7c54 7c54 7c53 7c54 7c54 7c53 8473 94b3 a4d3 acf2 d5d4 f694 f6b4 f6b3 f672 ee31 f651 f651 f631 ee10 ee10 e5cf e5cf e5cf e58e dd6d d54d c4cb bc8a bcab bc8a a3c7 9b86 9b86 9b66 a3e8 a3c8 82e4 82a4 82e5 7aa4 7aa4 82c5 7aa5 7a85 7265 7a86 7a86 7a85 7244 7263 7a64 7223 7223 7a64 7243 6a23 7244 7ac5 82c5 8b07 8b48 8b48 93aa a40c a42d a42d ac6e b48e ac6d a42c a40b a40b ac2c ac2c a40b ac2c ac4c ac2b ac4c ac4b b48c b46c b48d b48d b48d ac6d ac6d b48e ac6e ac6e a42d a42c 9c0b 8b8a 72a7 51c4 4964 4123 28c1 20a1 20a1 1881 20a2 1882 1882 18a2 1081 18c2 18c2 18c2 20e2 2923 3164 3164 39a5 41c5 49a4 6267 5a05 49a4 49e4 49c4 3943 3122 3102 28c2 3103 28e2 28c1 28c1 28e1 20c1 20a0 1880 1881 20a1 20c1 28e1 3943 3122 3122 3943 3122 3122 3102 4183 4983 51e4 6244 8327 93a8 9387 8b46 8b66 8b87 9be9 9c0b a44c 9c2d 9c4e a4b0 9cb2 9492 8432 73f1 63b1 5b91 5371 5371 5b71 5b71 5b71 5b91 5b91 5b91 5b92 5b92 5b92 5b92 5b92 5b92 5b92 5b92 5bb2 5bb2 5bb2 5bb2 5bb2 5b92 5b91 5b71 5b71 5b71 5b71 5b71 5b71 5b71 5b71 5371 5371 5371 5371 5371 5371 5b71 5b71 5b91 5b91 5b71 5b71 5371 5371 5371 5371 5371 5371 5391 5391 5371 5371 5371 5371 5371 5351 5351 5351 5351 5351 5351 5351 5350 4b30 4b30 4b30 4b30 4b50 4b30 4b30 4b50 4b50 5351 4b50 4b50 5351 5351 5351 
a536 a536 a536 a536 9d36 9d36 9d16 9d16 9d16 9d16 9d16 9d16 94f5 94d5 8c94 8c94 8cb4 94d5 94d5 94d5 94d5 8cb5 8cb5 8cb4 94d5 94f5 9516 94f6 94f5 94d5 94d5 94f5 94f5 94d5 8cb5 8c94 8c94 8cb4 94d5 94f6 94d5 8cb5 8c94 8494 8cb5 8cb5 8cb5 8cb5 8cb5 8cb5 8cb5 8cb5 8cb5 8c95 8494 8494 8494 8474 8474 8474 8474 8474 8474 8474 8494 8474 8474 8474 7c54 7c74 8474 8474 8454 7c54 7c54 7c53 7c54 7c54 7c53 8473 94b3 a4d3 acf2 d5d4 f694 f6b4 f6b3 f672 ee31 f651 f651 f631 ee10 ee10 e5cf e5cf e5cf e58e dd6d d54d c4cb bc8a bcab bc8a a3c7 9b86 9b86 9b66 a3e8 a3c8 82e4 82a4 82e5 7aa4 7aa4 82c5 7aa5 7a85 7265 7a86 7a86 7a85 7244 7263 7a64 7223 7223 7a64 7243 6a23 7244 7ac5 82c5 8b07 8b48 8b48 93aa a40c a42d a42d ac6e b48e ac6d a42c a40b a40b ac2c ac2c a40b ac2c ac4c ac2b ac4c ac4b b48c b46c b48d b48d b48d ac6d ac6d b48e ac6e ac6e a42d a42c 9c0b 8b8a 72a7 51c4 4964 4123 28c1 20a1 20a1 1881 20a2 1882 1882 18a2 1081 18c2 18c2 18c2 20e2 2923 3164 3164 39a5 41c5 49a4 6267 5a05 49a4 49e4 49c4 3943 3122 3102 28c2 3103 28e2 28c1 28c1 28e1 20c1 20a0 1880 1881 20a1 20c1 28e1 3943 3122 3122 3943 3122 3122 3102 4183 4983 51e4 6244 8327 93a8 9387 8b46 8b66 8b87 9be9 9c0b a44c 9c2d 9c4e a4b0 9cb2 9492 8432 73f1 63b1 5b91 5371 5371 5b71 5b71 5b71 5b91 5b91 5b91 5b92 5b92 5b92 5b92 5b92 5b92 5b92 5b92 5bb2 5bb2 5bb2 5bb2 5bb2 5b92 5b91 5b71 5b71 5b71 5b71 5b71 5b71 5b71 5b71 5371 5371 5371 5371 5371 5371 5b71 5b71 5b91 5b91 5b71 5b71 5371 5371 5371 5371 5371 5371 5391 5391 5371 5371 5371 5371 5371 5351 5351 5351 5351 5351 5351 5351 5350 4b30 4b30 4b30 4b30 4b50 4b30 4b30 4b50 4b50 5351 4b50 4b50 5351 5351 5351 
9d36 9d36 a536 9d36 9d36 9d16 9d16 9d16 9d16 9d16 94f5 94d5 8cb4 8c93 8453 8473 8cb4 94d5 94f5 94f5 94f5 94f5 94f5 94d5 94d5 94d5 94d5 8cb4 8c94 8473 8474 8c94 8cd5 8cd5 8cb5 8c94 8c94 8cb5 94d5 8cd5 8cb5 8494 8494 8474 8494 8c94 8494 8494 8494 8c95 8c95 8cb5 8cb5 8c95 8495 8494 8474 8474 8474 8494 8494 8474 8474 8474 8474 8474 8474 8494 8474 7c54 7c54 8454 8454 8454 7c53 7c53 7c53 7c53 8c93 9cf3 b554 bd74 d5f4 f6d6 fef5 fed4 feb3 feb2 f671 f651 f651 ee10 ee10 e5cf ddcf e5d0 d56e cd0c c4cb c4aa c4ab c4ab b449 a3e8 a3c8 9b86 9b66 9346 a3a8 9b67 7aa4 7a83 82c4 7aa4 7a84 7aa5 7a85 7a85 7a85 7aa6 7aa6 7aa5 7a84 7263 7a64 7a43 7243 7a64 7243 6a03 7244 7aa5 82c5 82e6 8306 8327 9389 9389 938a 9bcb 9c0b 9beb 9beb a40b a40b a42b a42b a40b a3eb a42c a40b 9389 9bea a3ea ac6c ac6c ac8d ac8d ac8d ac6e ac6e ac8e a44d a46e a42d 9bcb 8b69 72c7 51c4 3922 28c1 20a1 1881 18a1 18c2 20c3 2103 18c2 18a2 1082 1081 18c2 2103 20c2 20c2 2103 2923 2943 3984 3984 41a4 5a26 6266 51c4 4163 4163 4183 4184 3923 20a1 20a1 2081 1881 1860 1880 20a1 28e2 2080 1840 1860 20a1 20a1 20c1 28e1 3102 3122 3122 3963 3122 3123 4143 4163 49c3 5a44 7b07 8b88 93a8 93a8 93a8 93c9 9beb 9c2c 9c2d 9c4e 9c8f 9cb1 9491 8c72 7c31 6bf1 63b1 5b91 5b92 5b92 5b91 5b91 5b91 5b71 5b71 5b91 5b92 5b92 5b92 5b92 5b92 5b92 5b91 5b91 5b92 5b91 5b92 5b92 5b91 5b91 5b91 5b71 5b71 5b71 5b71 5b71 5b71 5371 5371 5371 5371 5371 5371 5371 5371 5371 5371 5371 5371 5371 5371 5371 5371 5371 5371 5371 5391 5391 5371 5371 5371 5371 5351 5351 5351 5351 5351 5351 5351 5351 5351 4b50 4b50 4b50 4b50 4b30 4b30 4b30 4b30 4b30 4b30 4b30 4b30 4b30 4b30 4b30 
a536 9d36 9d36 9d36 9d16 9d16 9d16 9d16 9d36 9d16 94d5 8cb4 8cb4 8cb4 8c93 8cb4 94f5 94f5 94f5 94f5 94f5 94d5 94d5 8cd5 8cb4 8cb4 8473 8473 8453 8453 8473 8c94 8cd5 94d5 94d5 8cb5 94d5 94d5 8cb5 8c94 8494 8474 8474 8474 8474 8494 8494 8494 8494 8495 8494 8494 8494 8494 8494 8494 8494 8494 8494 8494 8494 8474 8474 8474 8474 8474 8474 8474 8473 8453 8453 8473 8c94 8c94 8473 8c73 9493 9cd3 ad34 c5b4 de55 eeb6 fef6 fef5 ff16 fef5 feb3 f672 f671 ee30 ee10 ee10 ee10 ee31 ee11 e5f0 dd8e d52d ccec cccb c48a bc6a a3c8 ac29 a3c7 8b05 9366 9b67 9346 7aa4 7243 7aa4 82a4 82c5 7a64 7a64 7a85 7a85 7a85 7aa6 7aa6 7a85 7a85 7a84 7a64 7a64 7a43 7a64 7a63 7243 7a84 7a84 82c5 82e6 8306 82e6 82e6 82c5 82e6 8b07 8b48 8b48 9388 9bea 9bea 9bea 9bca a3ea 9bea a3eb 93a9 8b68 9bca 9bca a44c ac6d ac8d ac8e ac6e ac8e ac6e ac8e a44d a42d 9beb 8b69 72a7 51e4 4142 3122 3102 28e2 20a2 2103 2103 2124 2124 20e3 18e3 18c2 18a2 18c2 20c2 20e2 28e2 20e2 28e2 28e2 28e2 3143 3963 4183 51a3 49a3 4163 4163 4163 4184 3923 28c2 28e2 3123 28c2 3923 20a1 2080 3102 2902 2081 1040 1060 1860 28c1 28e1 28c1 30e2 3943 3963 3943 3122 3943 4183 4163 3941 5204 7b07 8347 8b88 9bea 93c9 93ca 9c0b 940c 9c2d 9c6e a490 9cb1 8c71 7c11 73f1 63b1 5b91 5b91 5b92 5b91 5b71 5b71 5371 5371 5371 5b71 5b91 5b92 5b92 5b71 5b71 5b71 5b91 5b71 5b71 5b71 5b71 5371 5b71 5b71 5b91 5b91 5b71 5b71 5b71 5b71 5b71 5b71 5b71 5371 5371 5371 5371 5371 5371 5371 5371 5371 5371 5371 5371 5371 5371 5371 5371 5371 5371 5371 5371 5371 5371 5351 5351 5351 5351 5351 5351 5351 5351 5351 5351 5351 5351 5351 4b50 4b30 4b30 4b30 4b30 4b30 4b30 4b30 4b30 4b30 4b30 
a556 a556 a556 9d36 9d36 9d36 9d16 9d36 9d36 9d36 9d16 94f5 94f5 94f5 8cb4 8cb4 94d5 94d5 94d5 8cd5 8cd5 94d5 8cd5 8cd5 8cd5 8cb5 8cb4 8cb4 8cb4 8c94 8cb4 8cd5 8cd5 8cd5 94d5 94d5 94d5 94d5 8cb5 8cb5 8494 8494 8494 8494 8494 8494 8494 8474 8474 8494 8474 8474 8474 8474 8474 8494 8494 8494 8494 8494 8494 8494 8495 8474 8494 8494 8494 8474 7c53 8453 8473 8453 8473 8c93 8c93 9492 ad14 b553 cdb4 e654 f6d5 fef5 ff15 ff15 fef4 f6b3 f693 f651 ee10 ee30 ee10 ee31 ee10 ee10 e5f0 ddaf d54d cd0c cceb bc6a a3c7 9b66 9b66 a3e8 8b25 82c4 8b05 8b26 82c5 7244 7263 82c5 82a5 7a84 7a64 7a64 7a85 7a85 7285 7aa5 7a85 7244 7a65 7a85 7a64 82a4 8284 82a4 8ac5 82a4 7a84 82a5 82c5 82e5 8ae6 8ac5 82a5 7a83 7a83 82a4 8ae6 9327 9388 9ba9 93a9 9bc9 9bea a40b 9bca 9389 8b47 9368 9389 9389 a42b ac4c ac8d ac6d ac6d a42d a44d a44d 9c2c 9beb 8b69 72c6 5a05 4983 4163 49c5 41a5 3124 20e3 18c2 20e3 20e3 18c3 10a2 1081 18a2 18a2 20c2 20c2 28e2 2903 2903 3144 3964 3103 4184 41a4 49a4 49a3 4983 49a4 4142 4143 4143 3902 28c1 28c1 28a1 28a1 28c2 28e2 20c2 20c1 28e2 28e2 1880 1040 1040 2081 28e2 30e2 28c1 3102 2902 2902 3122 3143 3123 3123 3102 3121 5204 6265 7b07 8b89 9bea 9bea 93ea 9c0c 9c2c 9c4d 9c6f a4b1 9cb2 8c51 7c31 6bd1 6391 5b91 5391 5391 5b71 5b71 5b71 5b71 5b71 5b92 5b92 5b91 5b71 5b91 5b92 5b92 5bb2 5b92 5b71 5b71 5b71 5b71 5b91 5b92 5b92 5b92 5b92 5b92 5b92 5b91 5b92 5b91 5b71 5371 5371 5371 5371 5371 5371 5351 5351 5351 5351 5351 5350 5350 5351 5371 5371 5371 5371 5371 5371 5371 5351 5351 5351 5330 5330 4b50 4b50 5351 5351 5351 4b50 4b50 4b50 4b50 4b50 4b30 4b30 5351 5351 5351 4b50 4b50 4b30 4b30 4b30 
a556 a556 a556 a536 a536 a536 9d16 9d36 9d36 9d36 9d16 9d16 94f5 94d5 8c94 8c94 94d5 94d5 94d5 94d5 94d5 94d5 94f5 94f5 94f5 94f5 94d5 94d5 94d5 8cb5 8cb4 8cb5 8cb4 8cb4 8cb4 8cb5 94d5 94d5 8cb5 8cb5 8cb5 8c94 8c94 8c94 8494 8c94 8474 8474 8474 8494 8494 8474 8474 8474 8474 8474 8494 8494 8494 8495 8495 8495 8cb5 8cb5 8c94 8c94 8494 7c53 7c32 8432 8452 7c31 8452 8431 8431 8c51 b533 cdb4 ee95 f6f5 fef5 fef5 ff15 fed4 f693 f672 f672 f672 f651 f651 ee31 edf0 e5cf dd8e d54d cd0c cd0c c4ab b449 ac09 8b05 82c4 8b05 9ba8 8b05 82c4 82c5 82c5 82a5 6a03 7a64 7a64 7264 7264 7244 7244 7a85 7a85 7a85 7a84 7264 6a23 7244 7a85 82c5 8ae5 8ac5 82c5 8ae5 82c5 82a5 82c5 8ae5 8b06 8b06 9306 8ae5 82c4 7a83 82c4 8ae5 9346 9367 9ba8 9ba9 9ba9 9ba9 a40a 93a9 8b47 8b06 8b47 8b48 93a9 a42b 9bea a44c a44c 9c0c 93cb 9c2c 9beb 93ab 8349 6a85 49a2 4142 4164 49a5 41a6 3123 20c3 20c2 20c3 18a2 1081 1881 18a2 1881 1881 18a2 20c2 20e2 20e2 2903 3103 3943 3944 3923 4164 49c4 5a05 5a05 4963 4983 4963 3922 3902 3902 30e2 2080 1860 2060 1840 1840 1861 1881 20a1 3103 20c1 1860 1040 1040 1860 28c1 20a1 28e2 28e2 28c1 1880 20c1 2903 2902 28e2 28e2 3121 4182 5a24 72c6 8b48 8b88 8ba9 9c0b 9c2c 9c2d 9c2d 9c6f 9c91 8c51 8452 7c32 6bd1 6391 5b71 5371 5b71 5b91 5b91 5b91 5b92 5bb2 5bb2 5b92 5bb2 5bb2 5bb2 63b2 5bb2 5b92 5b71 5b91 5b71 5b91 5b92 5b92 5b92 5b92 5b91 5b91 5b71 5371 5371 5371 5371 5371 5371 5351 5351 5351 5351 5351 5330 5330 5330 4b30 4b30 4b30 4b30 4b30 5350 5351 5351 5351 5351 5351 5351 5351 5351 5330 5330 4b30 4b50 4b50 4b50 4b50 4b30 4b30 4b30 4b30 4b30 4b30 4b30 4b30 4b50 4b50 4b50 4b50 4b30 4b30 4b30 
a556 a536 a536 9d36 9d36 9d36 9d36 9d36 9d36 9d36 9d16 9d16 9d16 94f5 8cb4 8cb4 94f5 9cf5 94f5 94d5 94d5 94d5 94d5 94d5 8cd5 8cb5 94d5 8cd5 8cb5 8cd5 8cd5 8cd5 8cb5 8cb5 8cb4 8c94 8c94 8cb4 8cb5 8cb5 8cb5 8c94 8c94 8c94 8c94 8c94 8c94 8c94 8494 8494 8494 8494 8474 8474 8474 8474 8494 8494 8474 8474 8474 8494 8495 8495 8494 8c94 8494 8473 8472 8c93 8c93 8411 7bd0 8431 9491 9c91 c573 ddf3 e653 f715 fef5 ff15 fef4 fed4 f692 f672 f651 f672 f672 f631 e5cf e5ae dd6d cd0c c4eb bc8a b449 b44a ac29 a3e9 9367 8b25 8b46 9ba8 82c5 82c5 7243 6a03 7264 6a23 7244 6a03 7264 7244 6a03 6a23 7244 7a64 7a84 7a64 7243 7243 7a64 82a4 8ae5 8b06 8ae5 82c5 82c5 82c5 82a4 82c4 82c5 82c5 82e5 8b26 9326 9346 9346 9367 9346 9346 9347 9b67 9b87 9347 8b26 9ba8 8b27 8b26 8b26 8b06 8b47 93aa 9c0b 9beb 9beb 93aa 8b69 8b89 9bcb 8328 8329 6aa6 51c3 4983 4183 3943 3144 20e2 10a2 1081 18a2 1882 1881 20a1 20e2 20c2 20c2 20c2 20c2 2903 2903 2902 28e2 3123 3102 3123 3123 4163 49c4 51e4 6aa7 59e4 4983 4963 4122 3901 3902 30c1 28a1 2080 2080 2080 1040 1020 1040 1860 1881 20a1 20c1 1881 1881 1860 2081 2081 20a1 20c2 28e2 20c1 1881 20e2 28e2 20c2 20c2 20c1 3101 3941 5a24 72a5 7b06 7b06 8b88 93ea 9c0c 9c4d 9c6e 946f 8c70 8431 7c11 73d1 6391 5b71 5b71 5b71 5b71 5b71 5b71 5b91 5b91 5b91 5b92 63b2 63b2 63b2 5bb2 5b92 5b92 5b91 5b92 5b71 5b71 5371 5371 5b71 5b71 5b71 5351 5350 4b30 4b30 5330 5330 5350 5351 5350 5351 5351 5351 5350 5350 5351 5351 5350 4b30 4b30 4b30 4b30 5330 5350 5330 4b30 4b30 4b30 5330 5350 5350 5330 4b30 4b30 4b50 4b50 4b50 4b50 4b50 4b30 4b30 4b30 4b30 4b30 4b30 4b30 4b30 4b30 4b30 4b30 4b30 4b30 4b30 
9d36 9d15 9cf5 94f5 9d15 9d16 9d16 9d16 9d16 9cf5 94f5 9cf5 94f5 94d5 8c94 8cb4 94f5 9cf5 94f5 94f6 9cf6 94f6 94f5 94f5 94d5 8cd5 94d5 8cd5 8cb5 8cb4 8cb4 8cb4 8cb4 8cb5 8c94 8c94 8474 8474 8c94 8cb5 8cb4 8c94 8c94 8c94 8c94 8c94 8c94 8c94 8c94 8494 8494 8494 8494 8474 8474 8494 8494 8494 8494 8494 8494 8474 8474 8474 8474 8474 8494 8cb4 8cb4 8c94 8c93 8452 8c52 8c51 9cb2 bd53 d5f4 e654 f6d5 ff15 fef5 fef5 fed4 feb4 f693 f673 f673 feb3 f692 ee10 e5ae d56d cd2c c4cb bcaa bc8b bcab b44a a3e9 8b26 8306 8305 8b06 82c5 7aa4 7264 6a03 6a03 7a65 7223 6a23 6a23 6a03 6a03 7223 7244 7a84 7a64 7243 7a63 7a64 7a84 7a84 82a5 8ae5 8ae5 8b05 8b06 8ae5 8b06 82c5 82c4 82c5 82c5 82c5 8ae5 8b06 9346 9346 9347 9326 9326 9326 9346 9326 82c4 82a4 8ae5 8ae5 9326 8ae5 82c5 8b48 9baa 9bca a40b 9389 8307 82e6 8b48 8327 7285 7286 6204 4982 4163 3943 28e2 20c2 20e2 18c2 1881 1881 18a1 20c2 20e2 2903 2903 20c2 18a2 18a2 28e2 2902 2902 3123 4164 3943 3943 3943 49a4 5a46 6a86 72a7 6a86 6225 5a05 4983 3901 3922 28c1 20a1 2080 2080 2080 1860 1040 1020 1020 1020 1840 1881 1881 2081 1860 1040 1881 1881 1881 20a1 20a1 20c2 20a1 20c2 20e2 20e2 20a1 28e1 3101 4162 51c3 6244 6a85 7b27 8368 8bca 940c 9c4d 9c6f 9cb1 8c71 8431 7bf1 6bb1 6391 5b71 5b71 5b51 5b71 5b51 5351 5371 5371 5b71 5b71 5b91 5b91 5b71 5b71 5371 5371 5371 5b91 5b91 5371 5371 5351 5351 5351 5350 5330 4b30 5330 5350 5350 5351 5351 5350 5351 5351 5351 5351 5351 5351 5351 5351 5351 5351 5350 5350 5330 5330 4b30 4b30 4b30 4b30 5330 5350 5330 4b30 4b10 4b30 4b30 4b30 4b30 4b30 4b50 4b30 4b50 4b30 4b30 4b30 4b30 4b30 4b30 4b30 4b10 4b10 4b10 4b10 4b10 
9d36 9d16 9cf5 94f5 9d16 94f5 94f5 94f5 94d5 94d5 94d5 94d5 94d5 94d5 8c94 8cb4 94f5 94f5 94f5 94f6 94f5 94f5 94d5 94d5 94d5 94d5 8cd5 8cb4 8cb4 8cb4 8c94 8c94 8c94 8c94 8c94 8474 8474 8c94 8c94 8c94 8c94 8c94 8c94 8c94 8c94 8c94 8474 8474 8474 8494 8cb4 8c94 8c94 8494 8494 8494 8494 8494 8494 8494 8494 8494 8474 8474 8494 8494 8494 8494 8473 8494 8c73 8431 94b2 a4f2 bd53 d5d4 ee95 f6f6 ff36 ff56 ff56 ff36 f6f4 f6b4 f694 f6b4 f6b4 f6b3 ee31 ddae dd6e d54d cd0c bcab bcab b46b ac2a a3e9 9bc8 9388 9368 8b27 8b27 7a84 7a84 6a02 61c2 7224 7a85 6a03 7223 7244 69e2 6a03 6a03 7243 7a64 7263 7a63 82a4 82a5 7a84 82c5 82a4 82c5 82c4 8ae5 8b06 8ae5 8b06 8ae6 82e5 8ae6 8ae5 8ae5 8b06 8b26 9347 9346 9346 9b67 9346 9326 9346 9346 8ae4 82a4 8ae5 8ae5 9326 82e5 8306 9389 93a9 8b68 9368 8306 7a85 7284 82e6 7a85 6a03 61e3 5162 4121 4162 3922 3964 3964 3164 3164 2903 18a1 18a1 20c2 28e2 2923 3123 2902 20e2 20e2 2903 3123 3943 3963 3943 4184 3943 4184 51e5 6266 6266 6266 6a66 6245 6225 51c4 3922 30c1 30e2 28a1 2080 20a1 20a0 1860 1040 1020 1040 1040 1020 1040 1040 1860 1880 1860 1881 1881 1881 1860 1860 1881 18a1 18a1 20a1 2902 2902 2902 3122 28e1 28e1 3942 49c3 6a65 7b07 8ba9 93ca 93eb 940d 944f 9470 8c51 8411 73d1 6391 5b71 5b71 5351 5350 5350 5351 5371 5371 5371 5b71 5b71 5b71 5371 5371 5371 5371 5371 5371 5371 5371 5371 5b71 5351 5351 5330 5330 4b30 5350 5351 5351 5351 5351 5351 5351 5351 5351 5351 5351 5351 5351 5351 5330 5330 5330 5330 5330 4b30 4b30 5330 5330 5330 4b30 5330 5330 5330 4b30 4b30 4b30 4b30 4b30 4b30 4b50 4b50 4b50 4b50 4b30 4b50 4b30 4b30 4b30 4b30 4b10 4b10 4b0f 4b0f 4b10 
a556 a557 a536 9d36 a536 9d16 9515 94f5 94d5 94d5 94f5 94d5 94d5 94f5 8cb4 8cb4 94d5 94d5 94d5 94d5 94d5 8cb4 8c94 8c94 8494 8c94 8c94 8494 8474 8c94 8c94 8494 8c94 8c94 8c94 8c94 8c94 8c94 8cb4 8cb4 8c94 8474 8473 8474 8473 8453 8453 8453 8473 8494 8cb4 8cb4 8cb4 8c94 8474 8474 8453 8474 8494 8cb5 8cb4 8494 8494 8494 8474 8474 8474 8473 8474 8c94 94b3 a4f3 acf2 bd52 c592 de34 f6f6 ff37 ff78 ff57 ff36 f715 f6b4 f6b4 f6b4 fef5 f6d4 ee72 e610 e5cf dd6e d56e d54d cd0d bcac a409 9bc8 ac2a a3e9 8b27 82e6 7aa5 82c6 7aa5 7aa5 7243 7244 7224 7244 7264 7264 7a64 6a23 6a03 6a02 6a23 7223 7a63 7a84 82c5 82c5 82a5 82c5 82a5 82a4 82a4 82c4 82c5 8ae5 9327 8b26 8b06 8b06 8b06 9326 9346 9346 9326 8b26 8b25 9326 9346 9346 9346 9326 9305 8b05 9346 9326 8b06 9347 9368 9389 9389 8b47 9347 82e6 7223 7264 82a5 7a64 69c2 61c3 5141 4121 4962 4163 4184 3964 3964 3144 2903 20e2 2902 2902 2923 3143 3143 2923 20c2 20e2 2902 3122 41a4 49a4 49c5 51e5 49c5 49a4 51e5 6267 5a05 59e4 5183 4983 4963 3922 30e1 28a1 28c1 28c2 28c1 20a1 2080 1880 1840 1020 1840 1860 1840 1860 20a1 28e2 20c2 20a1 1880 1881 1881 1881 1881 1060 1860 1880 20c2 3964 2903 3123 3123 28e2 20a1 28c1 3122 49c3 6245 8368 93ea 93ea 8baa 8bec 8c0e 8c30 8431 7c31 6bb1 6370 5b51 5351 5b71 5b51 5351 5371 5b71 5b71 5b91 5b91 5b91 5371 5371 5371 5371 5371 5371 5351 5351 5371 5371 5371 5371 5350 5330 5330 5330 4b30 5330 5330 5351 5351 5330 4b30 4b30 4b30 4b30 4b30 4b30 4b30 4b30 4b30 4b30 4b30 4b30 4b30 4b30 4b30 4b30 4b30 4b30 4b30 4b30 4b30 4b30 4b50 4b50 4b30 4b30 4b30 4b30 4b50 4b30 4b50 4b50 4b50 4b30 4b30 4b30 4b30 4b10 4b10 4b10 4b0f 4b10 
a536 a556 a536 9d36 9d16 9cf5 94f5 94f5 94f5 94f5 94f5 94f5 94f5 94f5 8cb4 8c94 94b4 94d5 94b5 8cb5 8cb4 8c94 8c94 8c94 8474 8473 8c94 8c94 8c94 8cb4 8cb4 8c94 8c74 8474 8c94 8c94 8c94 8cb5 8cb4 8c94 8c94 8474 8473 8473 8473 8453 8453 8453 8473 8473 8494 8c94 8474 8453 7c53 7c33 7c33 8453 8494 8c94 8494 8494 8494 8494 8474 8474 8473 8473 8c94 8c93 9cd3 ad33 bd52 de15 eed7 ff17 ff37 ff37 ff16 f6f6 f6f5 fef5 f6d5 fed5 fed4 feb3 f672 ee31 ee11 ee11 ddaf dd8f d54e bcab b44a a409 ac2a 9ba8 8b27 7aa5 7265 6a44 7264 7ac6 7264 6203 7244 7265 7244 7265 7244 6a23 6a23 7223 7243 7243 7223 7243 7a84 7a84 82c5 82a4 82a4 82c5 82c5 7a84 82c4 82a4 82a4 8ae5 8b06 8b27 8b06 9327 9347 9367 9b88 9347 8b26 9326 9326 9347 9367 9b67 9346 9347 9367 9347 9327 9326 9b68 9388 9368 9b88 9347 8ae5 82c5 7a63 82a5 82a5 7a64 7223 69c3 5961 4962 4142 4963 4164 4184 3943 28e2 2903 20c2 20e2 18a2 18a2 18a2 1881 18a1 20c2 20c2 3122 41c4 5a46 5a26 5a26 51c4 5205 49c4 5a05 6a46 6225 59e5 5183 4142 3901 30e1 2880 2080 2081 20a1 20a1 2081 1880 1860 1040 1020 1040 1040 1040 1040 20a1 20a2 1881 1861 1860 1881 1880 28c1 28e2 20a1 1880 20a1 3123 3944 3123 41c5 3964 3944 3123 20c1 28c1 3963 4163 6266 8b89 8baa 8369 8369 838b 83ce 8430 8452 8452 73d0 5b70 5330 5350 5351 5331 5330 5330 5350 5350 5350 5351 5351 5371 5371 5371 5371 5371 5371 5371 5351 5351 5371 5371 5350 5330 4b30 5350 5330 5330 5330 5330 4b30 4b30 4b30 4b30 4b30 4b0f 4b0f 4b10 4b30 4b30 4b30 4b30 4b30 4b30 4b30 4b30 4b10 4b10 4b30 4b30 4b30 4b10 4b10 4b10 4b10 4b30 4b30 4b30 4b30 4b10 4b10 4b30 4b30 4b30 4b30 4b30 4b30 4b30 4b30 4b30 4b30 4b10 4b30 4b30 
a536 a556 a536 9d36 9d16 9cf5 94f5 94f5 94f5 94f5 94f5 94f5 94f5 94f5 8cb4 8c94 94b4 94d5 94b5 8cb5 8cb4 8c94 8c94 8c94 8474 8473 8c94 8c94 8c94 8cb4 8cb4 8c94 8c74 8474 8c94 8c94 8c94 8cb5 8cb4 8c94 8c94 8474 8473 8473 8473 8453 8453 8453 8473 8473 8494 8c94 8474 8453 7c53 7c33 7c33 8453 8494 8c94 8494 8494 8494 8494 8474 8474 8473 8473 8c94 8c93 9cd3 ad33 bd52 de15 eed7 ff17 ff37 ff37 ff16 f6f6 f6f5 fef5 f6d5 fed5 fed4 feb3 f672 ee31 ee11 ee11 ddaf dd8f d54e bcab b44a a409 ac2a 9ba8 8b27 7aa5 7265 6a44 7264 7ac6 7264 6203 7244 7265 7244 7265 7244 6a23 6a23 7223 7243 7243 7223 7243 7a84 7a84 82c5 82a4 82a4 82c5 82c5 7a84 82c4 82a4 82a4 8ae5 8b06 8b27 8b06 9327 9347 9367 9b88 9347 8b26 9326 9326 9347 9367 9b67 9346 9347 9367 9347 9327 9326 9b68 9388 9368 9b88 9347 8ae5 82c5 7a63 82a5 82a5 7a64 7223 69c3 5961 4962 4142 4963 4164 4184 3943 28e2 2903 20c2 20e2 18a2 18a2 18a2 1881 18a1 20c2 20c2 3122 41c4 5a46 5a26 5a26 51c4 5205 49c4 5a05 6a46 6225 59e5 5183 4142 3901 30e1 2880 2080 2081 20a1 20a1 2081 1880 1860 1040 1020 1040 1040 1040 1040 20a1 20a2 1881 1861 1860 1881 1880 28c1 28e2 20a1 1880 20a1 3123 3944 3123 41c5 3964 3944 3123 20c1 28c1 3963 4163 6266 8b89 8baa 8369 8369 838b 83ce 8430 8452 8452 73d0 5b70 5330 5350 5351 5331 5330 5330 5350 5350 5350 5351 5351 5371 5371 5371 5371 5371 5371 5371 5351 5351 5371 5371 5350 5330 4b30 5350 5330 5330 5330 5330 4b30 4b30 4b30 4b30 4b30 4b0f 4b0f 4b10 4b30 4b30 4b30 4b30 4b30 4b30 4b30 4b30 4b10 4b10 4b30 4b30 4b30 4b10 4b10 4b10 4b10 4b30 4b30 4b30 4b30 4b10 4b10 4b30 4b30 4b30 4b30 4b30 4b30 4b30 4b30 4b30 4b30 4b10 4b30 4b30 
a536 a556 a536 9d16 9d15 94f5 94f5 9cf5 9cf5 94f5 94d5 94f5 94d5 94d5 8c94 8c93 8cb4 94b4 8cb4 8cb4 8cb4 8c94 8cb4 8cb4 8cb4 8cb4 94b4 94b4 8cb4 8cb4 8cb4 8c94 8473 8473 8494 8c94 8cb4 8cb5 8cb4 8c94 8c94 8494 8494 8494 8494 8474 8473 8473 8474 8474 8474 8474 8453 7c53 7c32 7c32 7c32 7c53 8473 8473 7c53 8453 8473 8473 8473 8473 8473 8473 8472 8c92 9cd2 b553 de14 eeb6 ff17 ff37 ff16 f6f5 f6f6 ff16 ff16 fef6 fef5 fed4 feb3 f692 f672 ee10 e5b0 dd8f dd8f dd8f c4ec b44a ac2a a3e9 9387 8326 7ac5 6a65 7aa6 7285 7ae6 7ac6 7264 6203 7264 7285 6a44 6a24 6a23 6203 6a03 6a23 7244 6a23 7223 7243 7a64 7a84 7aa4 82a5 82a5 82c5 82a5 7aa4 82c5 82e5 82e5 82c5 8b06 8b06 8b27 9327 9347 9368 9368 9b68 9367 9b68 9b67 9b68 9b67 9b88 9ba8 9b88 9ba8 9b68 8b06 8ae6 9b68 9b89 9b88 9b88 9326 8ae5 8ae5 82a4 9306 8ac5 8ac6 7a85 6a03 5961 4921 4101 3901 4142 3943 3102 30e1 3923 3103 3123 28e3 18a2 1881 20c2 2903 3123 3123 49c5 5a46 5a25 51e4 5205 5a25 6266 6246 6246 59e4 59c4 59c4 59e4 59e4 5a26 49a4 4163 3102 28c2 2081 1860 1860 1860 1040 1020 1020 1020 1020 1020 0820 1040 1020 0820 1020 1860 1860 1860 1880 20a1 20a1 20a1 28c1 28e2 20c1 20a1 3123 4185 20a1 28c2 28e2 20a1 28e2 3123 3943 5205 6aa7 7b48 7b48 7b28 83cc 840f 7bef 7bf0 73d0 6390 5b70 5350 5330 4b30 4b30 4b30 4b30 4b30 4b30 4b30 4b30 5350 5351 5351 5351 5351 5351 5351 5351 5371 5371 5371 5371 5350 5351 5351 5351 5351 5351 5350 5330 4b30 4b30 5330 4b30 4b10 4b10 4b30 4b10 4b30 4b30 4b30 4b30 4b30 4b30 4b30 4b30 4b30 4b10 4b10 4b10 430f 42ef 4b0f 4b10 4b10 4b10 4b10 4b10 4b0f 4b0f 4b10 4b10 4b30 4b30 4b30 4b30 4b30 4b30 4b30 4b30 4b30 4b10 4b10 
a556 a556 a536 a536 a536 9d16 9d16 9d36 9d16 94f5 94f5 94f5 94d5 94d4 8cb4 8c94 94d4 94d4 94d4 8cb4 8cb4 8cb4 8cb4 8cb4 8cb4 8cb4 94b4 8cb4 8c93 8473 8473 8c73 8c93 8c94 8cb4 8cb4 8cb4 8cb4 8cb4 8cb4 8cb4 8c94 8c94 8473 8473 8473 8474 8474 8494 8c94 8474 8474 8473 8453 8453 8453 8453 8453 8453 7c53 7c32 7c32 7c33 7c53 7c53 7c32 8432 8431 8410 8c30 a4b1 d635 f6f7 ff37 ff36 f6f6 f6f6 ff16 ff57 ff37 ff16 f6f5 fed4 fed4 fed4 f6b3 f672 ee10 dd8f d54e d54e cd2d bc8b ac09 a3c8 9367 82e5 8306 8326 8307 8b28 82e7 7aa6 7ac6 7265 6a44 7286 6a44 6a24 6204 6204 6203 6a04 6a24 7244 6a03 6a23 7243 7a64 7a84 7aa4 82a5 82c5 82a5 7aa4 82a5 82c5 8ae6 8b06 82e5 8b06 82e6 9327 9348 9368 9388 9368 9b89 9b88 9b88 9b88 9b88 9b88 a3a9 9ba8 9ba8 a3c9 9b88 9306 9306 9b89 9ba9 9ba8 a3a8 9b47 8ae5 8ae5 8ac5 9306 8ae6 8ae6 7a85 6a03 5161 4100 4100 4942 4162 3922 4163 51c4 5206 41a4 4184 3123 2903 2923 3184 3984 3964 4184 51e5 5a26 5205 49a4 5a05 6aa7 6aa7 6a86 6a66 6205 6205 6205 6205 59e4 51e4 49a4 49c4 3923 20a1 1860 1881 1881 20c2 1040 0820 0820 0800 0800 1040 1040 1060 1040 1040 1040 1881 1881 1860 2080 1860 2080 20a1 28c1 28c1 28e1 28e2 3102 28e2 20a1 20e2 1881 1041 20a2 20a2 20a2 28e2 3122 5225 72e7 72e7 836a 8c0e 8c10 7bf0 73d0 638f 6370 5b70 5350 5350 5350 5350 5350 5351 5351 5351 5351 4b30 4b30 5330 5330 4b30 5351 5351 5351 5371 5350 5371 5371 5371 5351 5351 5351 5351 5351 5350 5350 5330 5330 5330 4b30 5330 5330 4b30 4b30 4b10 4b10 4b10 4b30 4b30 4b30 4b30 4b30 4b30 4b10 4b10 4b10 4b0f 430f 4b10 4b30 4b10 4b0f 430f 430f 42ef 4b0f 4b0f 4b0f 4b10 4b10 4b10 4b10 4b10 4b10 4b10 4b10 4310 430f 430f 
9d36 9d36 9d36 a536 a536 a536 9d36 9d15 9cf5 94d5 94f5 9d15 9cf5 94f5 94f5 94d4 94f5 94f5 94f5 94d5 94b4 8cb4 8cb4 8cb4 8c94 8c94 8c94 8c94 8c93 8c93 8c93 8cb4 8cb4 8cb4 8cb4 8c93 8c93 8c93 8cb4 8cb4 8cb4 8cb4 8cb4 8473 8473 8473 8473 8473 8473 8473 8473 8473 8473 8473 8473 8473 8452 8452 8453 7c53 7c32 7c32 7c32 7c32 7c53 8453 8c52 9471 a4f2 c5b4 e696 ff38 ff57 ff37 f716 ff16 ff37 ff58 ff58 ff16 f6f5 f6d5 f6d4 fef4 feb4 f692 e610 ddaf dd8f d54e cd0d bcab b44a a3e8 9bc8 9367 9367 8b47 8327 8b28 82e7 7285 7ac6 7aa6 72a6 7ac7 6a45 6203 6a24 6203 6224 6a24 6a45 7265 7244 6a23 6a23 6a23 7a64 7244 7a84 7a64 82a5 7aa5 7a84 7a84 82c5 82e6 8b06 82e6 8b06 8b07 9347 9368 9b89 9b89 9b89 9ba9 a3c9 9ba9 9b88 9b88 9b88 9ba9 a3a9 9ba9 a3c9 a3a9 9347 9b47 a3ca a3c9 a3a8 a3c9 a387 9b47 9326 9327 8ae6 8ae5 82c5 7a85 6a23 61c3 5162 4962 59c4 51c4 59e5 51e5 49c5 4184 3964 3143 2903 2902 3143 3164 2922 4184 5205 51c5 51c5 51c4 5205 6266 6266 6245 6225 6204 59e4 59e4 59c3 59c3 6225 6245 5205 4163 3122 20c2 1061 1060 1881 1061 0820 0800 0820 0800 0800 0820 1040 1040 1040 1040 1060 1881 20a1 20a1 28e2 30e2 3102 28e1 28c1 28e1 3102 3122 3943 28c2 18a1 20c2 1040 0840 18a2 1061 1061 1881 18a1 3122 49c4 5225 6ac8 8bed 942f 8410 7bd0 73d0 6bb0 636f 5b4f 5b70 5350 5350 5350 5371 5b92 5b91 5371 5371 5351 5351 5351 5350 5350 5330 4b30 5350 5350 5350 5350 5350 5330 5330 5351 5351 5351 5350 5350 5351 5351 5351 5330 5330 4b30 4b30 4b30 4b30 4b30 4b30 4b30 4b10 4b10 4b10 4b10 4b10 4b10 4b10 4b10 4b10 4b10 4b10 4b10 430f 42ef 42ef 42ef 42ef 42ef 42ef 42ef 430f 430f 4b10 4b10 4b30 4b30 4b30 4b30 4b30 4b10 4310 
9d15 9d15 9d15 9cf5 9cf5 9cf5 9cf5 9cf5 94d4 94b4 94d5 9cf5 94d5 94d4 94d4 94d4 94d4 94d4 94d4 8cb4 8c94 8c94 8c94 8c93 8473 8453 8453 8453 8453 8453 8473 8c93 8c93 8c73 8c73 8452 8432 7c11 8432 7c52 7c32 8453 8453 7c32 7c12 7c12 7c12 7c12 7c12 7c32 7c32 7c32 7c32 7c32 8432 8452 8c52 8c93 8c73 8452 7c12 7c12 7c12 7c32 8473 94b3 a4f3 b532 d614 e675 ee95 f717 ff37 ff37 ff58 ff78 ff79 ff79 ff58 ff16 ff15 fef5 f6d4 f6b3 f672 ee31 e5ef ddaf dd8e cd0d bcac b48b a3e9 a3c8 9bc8 9387 8b47 8b47 8306 9368 7ac6 7285 8307 7aa6 7aa6 7ae7 6a65 6a45 6a65 6204 6224 6a25 6a45 6a45 6a24 6a44 7264 7264 7a84 7a64 7a64 7a64 7a84 7a84 82a5 7aa5 82c5 82e6 8b06 82e6 8b06 9327 9348 9369 9b8a 9baa 9b89 a3ca a3ca a3ca a3ca a3a9 9ba9 a3c9 a3a9 a3a9 a3c9 a3c9 9347 9b68 abea abea a3c9 abc9 a3a8 a387 9b47 9b47 9306 9327 8b07 82c6 7244 6a04 59c3 59a3 51a3 4983 51e5 41a4 3123 3123 3123 3144 3123 3143 3963 3984 3984 41a4 49c4 51e5 49a4 51e5 6246 6246 6245 5a05 6a45 6a45 6224 6a45 6a66 7286 7b08 72e8 5a46 41a4 3963 28e2 20a2 1881 18a1 1081 0820 0820 0840 1061 1061 1040 1040 1040 0820 1020 0820 1040 1860 2081 3103 3943 3102 28c1 28c1 28c1 20a0 20a1 20a1 20a1 1861 1881 1081 1061 1881 1881 1081 1881 1881 20a1 28e2 28c2 49c5 6b09 83ac 83ce 7bcf 738f 6b8f 636f 5b4f 5b50 5370 5350 5350 5351 5371 5b71 5371 5371 5351 5351 5351 5351 5351 5350 5350 5350 5350 5350 5350 5350 4b30 4b30 4b30 4b30 4b30 4b30 4b30 4b30 4b30 4b30 4b10 4b10 4b10 4b10 4b30 4b30 4b30 4b30 4b30 4b10 4b10 4b10 4b10 4b10 4b10 4b10 4b10 4b0f 4b10 4b10 4b30 4b0f 4b0f 4b10 4b10 430f 42ef 42ef 42ef 42ef 430f 4b10 4b30 4b30 4b30 4b30 4b30 4b30 4b30 4b10 
8411 8c31 8c51 8c51 8c72 8c72 8c72 8c72 8c52 8c52 8c52 8c52 8c52 8c32 8431 7bf1 7bf1 7bf0 7bd0 73b0 73d0 7bf0 7bf1 7bf1 7bf0 73b0 6b8f 6b6f 632e 632e 6b4e 6b4e 6b6e 6b6e 6b4e 6b2e 630d 62ed 630d 5b2d 5aed 5aed 5b0e 5aee 5aed 5aee 5aed 5aed 5b0d 5b0d 5b2d 634e 632e 6b4e 7b8f 83f0 8c52 9493 9472 7bf1 6b4e 5b0d 5aed 632e 738f 7baf 8bef a48f c551 cd71 ee75 f6f7 ff38 ff59 ff79 ff79 ff78 ff58 ff58 ff37 f6f5 fef5 f693 f692 ee51 ee51 ddcf d56e c4ec bc8b b46a a409 a3e9 9bc8 9388 8306 8306 8306 72a5 7ac5 7ac6 82e7 7ac6 72a5 7ac6 72a6 6a44 6a45 7286 6a45 6a65 6a45 6a45 6a45 6224 6a44 7264 6a43 7264 7264 7a84 7a84 7a84 7aa5 7aa5 82c5 82e6 8b06 8b06 8306 8b07 9348 9368 9369 9baa 9baa 9368 9ba9 a3aa a3ca a3ca a3a9 a3a9 a3a9 a3c9 a3ca ac0b ac0a a3c9 a3a9 abea ac0a abea a3ca a3a8 a388 9b68 9348 9328 9369 9348 82e7 7265 59c3 5162 5183 51a4 49a4 49a4 3123 20c1 2902 2902 3123 3123 4184 3963 3984 3943 3943 4164 5206 5a26 6266 6266 5a05 6225 6a46 7286 72a6 7ae8 6a65 59e3 5182 4962 4963 3922 28c1 2081 1861 20a1 18a1 1860 1060 1040 1060 1060 1880 1881 1880 1040 1040 1040 1040 0820 0820 1040 1040 20a1 20c1 1881 20a1 2081 1881 1880 1860 1880 20a1 20c1 28e2 20c1 20c1 1061 1061 0840 1061 1881 1061 1881 18a1 20c2 41c5 5267 5a88 736d 630c 632d 5b2e 5b4f 534f 5350 5b50 5350 5350 5351 5351 5351 5351 5351 5351 5351 5351 5350 5350 5350 5350 5350 5330 5330 5330 4b30 4b30 4b30 4b30 4b0f 4b0f 4aef 4aef 4aef 4aef 42ef 42ef 42ef 42ef 4aef 4b10 4b30 4b30 4b30 4b10 4b30 4b30 4b30 4b30 4b30 4b10 4b10 4b10 4b10 4b10 4b10 4b0f 4b0f 4b0f 4b0f 4b10 4b10 4b0f 4b0f 4b0f 430f 4b10 4b30 4b30 4b30 4b10 4b10 4b10 4b0f 4aef 
6aeb 838d 8bee 93ee 940f 942f 93ee 8bce 8bee 8bee 8bee 8bee 8bce 8bce 838e 7b4d 734c 6b2c 6aeb 5acb 630c 6b4d 736e 7b8e 7bae 736d 6b0c 62eb 62ab 5aaa 5aaa 62cb 62cb 62cb 62cb 62ab 5aab 5a8a 5aaa 5a8a 5249 4209 4229 4229 4229 4a2a 4a2a 4a4a 4a4a 4a4a 4a4a 526a 526a 62cc 736d 738e 7baf 73af 738e 736e 62ec 526a 4a29 4a29 5249 5a69 730a 9c0d c551 e634 f6b6 f717 ff59 ff59 ff78 ff58 ff58 ff78 ff58 ff16 f6d5 f694 ee32 f673 f651 ee10 dd8e cd0c bc8a bc8b bc8b a409 9ba8 9ba8 8b26 82e5 8b67 8306 8306 7ac5 7ac6 72a5 6a64 6a44 7285 6a85 6224 6a65 72a6 6225 6225 6a45 6a65 6a24 6a24 7264 6a44 7264 6a43 7264 7264 7264 7a84 7aa5 7a84 82c5 82e5 82e5 82c5 82e6 8b27 9348 9348 9369 9b8a 9369 9389 9b89 9bca a3cb 9baa 9b89 a3a9 a3a9 a3c9 a3ca abea ac2b b44b b42b b42b b42b b42b a3ea a3c9 a3ea a3ea 9ba9 9369 9369 9349 82e7 7265 61c3 59a3 59c4 51a4 4183 3122 3123 2902 3944 3964 41c5 49e5 49c5 41a4 41a4 3964 49c5 6267 6267 6266 6aa7 6aa7 6246 6a86 7ae8 7b08 7ae7 72c7 6225 5a04 59c3 4962 4142 30e1 2080 1840 1040 1040 1060 1060 1881 1880 1881 1060 1860 1881 18a1 1881 1881 1861 1860 1881 1060 1881 20c1 1881 1840 1040 1860 1860 20a1 20c1 28e1 2902 20c1 1880 18a1 20a1 20a1 18a1 1061 0820 0820 0840 1061 1882 18a2 1881 2102 3984 3964 4a07 4a28 52aa 52cb 52ed 5b2f 5350 5350 5350 5350 4b30 4b50 4b50 5350 5350 5350 5330 5350 5350 5350 5350 5330 5350 5330 5330 5330 4b30 4b10 4b10 4b10 4b0f 4b0f 4aef 4aef 4aef 4aef 4aef 4aef 4aef 42ef 42ef 430f 430f 4b0f 430f 430f 4310 4b10 4b10 4b0f 4b0f 4b10 4b10 4b10 4b10 4b10 4aef 4aef 4aef 4aef 4b0f 4b30 5351 4b50 4b30 4b0f 42ef 4310 4b10 4b10 4b10 4310 4310 4b0f 4b0f 4aee 
62aa 8b8d a44e a42e a40d ac2e a40d 9bcd 9bcd 9bcd a40e a42e a40e a40e 9bee 938d 93ad 93ad 836c 7b2c 836d 83ad 83ad 83ae 8bae 838d 838c 838c 838c 838c 838c 836c 838c 83ad 8bad 8bcd 83ad 83ad 940e 93ce 836c 734c 734c 734c 6b2b 6b0c 630c 630c 630c 632c 630c 630b 6b0c 736d 7bae 736e 632d 52ab 4a6a 528b 630c 6b4d 736d 736c 7b8c 8bcc a44d b4ef d5d2 ee74 f6d6 f717 f758 ff98 ff78 ff57 ff58 ff57 ff16 f6d4 ee72 ee52 f672 ee51 ee51 e5f0 d52d c4ab c4cb bcab a3c8 9bc8 a3e9 9ba8 9367 8b26 8b27 7ae6 72a5 7284 7aa5 6a64 6a44 72a6 7285 6a65 6a65 7286 5a04 51c4 59e4 6225 6224 6204 6a24 6a64 7264 7264 6a43 7a84 7a84 7a84 7a84 7aa5 7a84 7aa4 7a84 82a5 82a5 82e5 8b07 8b07 8b27 9348 9348 9369 9b8a 9bcb 9bcb 9bca a3ca 9ba9 9ba9 a3c9 a3c9 a3c9 abea ac2b b42b bc6d bc8d bcad bc6d ac0b ac0b ac2c ac0c a40b 9bca 9369 8b28 7aa6 6a24 59c3 59c4 51c4 51a4 4163 3964 4185 4185 4185 3964 41a5 5206 41a4 49c5 41a4 49c5 5a67 6267 5a05 6286 6aa7 6aa7 72c7 72c7 7ae7 7ae7 7ae7 7aa6 6a45 6a45 61e4 4962 3901 3901 28c1 2080 1860 1860 1880 18a1 1881 1881 1881 1860 1860 1860 18a1 18a1 1881 1860 1060 1860 1881 20c1 20c1 1860 1860 1860 1040 1880 2081 28c1 28e2 20c1 1880 1060 1881 1881 20e2 20e2 2903 20c2 1881 1861 1061 1881 1040 0840 1081 20c2 2903 2902 3185 4a27 4a69 4a4a 52ec 5b2e 5b4f 5b50 5b50 5330 5350 5350 5330 5350 532f 4b0f 530f 532f 532f 532f 4b0f 5330 5330 530f 4b0f 5330 530f 4b0f 4b0f 4b0f 530f 530f 530f 530f 4b0f 4b0f 4b0f 4b0f 4b0f 4b0f 4b0f 4b0f 4b0f 4b0f 4b0f 42ef 4aef 4b0f 4b0f 4aef 4aef 4aef 4aef 4aef 4aef 42ef 42ef 42ef 430f 430f 4b0f 4b30 4b2f 430f 42ef 42ef 42ef 4b0f 4b0f 4b0f 4b0f 4b0f 5330 5b4f 530e 
6aca 93ad ac6f ac4e 9bed ac2e b48f ac4e a40d a42e b48f b4b0 b48f b490 ac4f 9bed 9bed 9bee 93cd 93cd 9bee 9c0e 93ee 8bae 8b8d 8b6d 8b8c 93cd 9bee 9c0e 93cd 8bac 93ac 9bee 9c0e 9c2e 93ed 93ed a44e ac8f ac8f acb0 a490 942e 7b8d 62eb 5acc 5aec 5aec 5aec 5aec 5aec 5aec 6b0d 6b2d 630d 5aec 4a8b 422a 4a6b 5aec 6b4d 6b4d 7bae 942f a48f bd31 cd72 e655 ee95 f6f6 ff58 ff99 f799 f778 ff78 ff37 f6d5 f694 f694 ee73 f6b4 f6b3 ee52 ee30 dd8e cd0d d52d c4cb b44a ac09 ac0a ac4a 9367 8306 8326 7ac5 7aa5 7ac6 72a5 6a64 6a44 6a44 7285 7286 7286 7ac7 6a86 5a04 5a04 51e4 5a25 6245 6a45 6a44 6a44 6a44 6a44 7264 7284 7aa5 7aa5 7284 7284 7aa5 82c5 7aa4 7aa4 7aa4 82c5 82e6 8b07 8b07 8b28 8b48 9369 938a 9baa 93aa 9baa a3cb 9bca a3ca a3c9 a3e9 a3c9 a3ea ac0b ac2b b44c bcae cd0f c4ef b44c ac2c ac4d ac2d ac2c 9beb 8b69 7ac7 7265 6204 5182 61e5 59e5 4984 3923 3123 3964 3944 3143 3964 3984 49e5 49a4 41a4 41a4 49e5 5226 5a26 6246 72e8 6ac7 72a7 7ae8 7ae8 8328 7ae7 7265 6204 59c3 6a25 6a25 5183 4942 3901 3901 28c1 20a1 20a1 20c1 20a1 1880 1880 1881 1881 1881 1881 1881 1881 18a1 1881 1881 1060 1881 20c2 20c2 1881 1880 1860 1040 2081 1880 1840 1040 1020 0820 0820 0820 0820 1861 1860 20c1 2902 30e2 30e2 28c1 1881 1060 0840 0820 1061 20c2 20e2 3123 3984 41e6 41c7 528a 52ab 5aed 5aed 52cd 52ed 52ed 52cd 52cd 52ee 4aad 426b 426c 426c 4a8d 4aad 428d 4aad 4ace 4acd 530e 636f 636f 634f 5b2f 5b2f 5b2f 5b0f 52ee 52ee 52ee 530f 530f 530f 530f 4aef 530f 530f 530f 530f 530f 4b0f 4b0f 4b0f 530f 530f 52ef 4aee 4aee 530f 530f 4b0e 530f 4aee 4aee 4aee 4aee 4b0e 4b0e 4aee 4aee 4b0f 4b0f 4b0f 530f 530f 530f 530f 5b4f 5b4f 532e 
6aca 93ad ac6f ac4e 9bed ac2e b48f ac4e a40d a42e b48f b4b0 b48f b490 ac4f 9bed 9bed 9bee 93cd 93cd 9bee 9c0e 93ee 8bae 8b8d 8b6d 8b8c 93cd 9bee 9c0e 93cd 8bac 93ac 9bee 9c0e 9c2e 93ed 93ed a44e ac8f ac8f acb0 a490 942e 7b8d 62eb 5acc 5aec 5aec 5aec 5aec 5aec 5aec 6b0d 6b2d 630d 5aec 4a8b 422a 4a6b 5aec 6b4d 6b4d 7bae 942f a48f bd31 cd72 e655 ee95 f6f6 ff58 ff99 f799 f778 ff78 ff37 f6d5 f694 f694 ee73 f6b4 f6b3 ee52 ee30 dd8e cd0d d52d c4cb b44a ac09 ac0a ac4a 9367 8306 8326 7ac5 7aa5 7ac6 72a5 6a64 6a44 6a44 7285 7286 7286 7ac7 6a86 5a04 5a04 51e4 5a25 6245 6a45 6a44 6a44 6a44 6a44 7264 7284 7aa5 7aa5 7284 7284 7aa5 82c5 7aa4 7aa4 7aa4 82c5 82e6 8b07 8b07 8b28 8b48 9369 938a 9baa 93aa 9baa a3cb 9bca a3ca a3c9 a3e9 a3c9 a3ea ac0b ac2b b44c bcae cd0f c4ef b44c ac2c ac4d ac2d ac2c 9beb 8b69 7ac7 7265 6204 5182 61e5 59e5 4984 3923 3123 3964 3944 3143 3964 3984 49e5 49a4 41a4 41a4 49e5 5226 5a26 6246 72e8 6ac7 72a7 7ae8 7ae8 8328 7ae7 7265 6204 59c3 6a25 6a25 5183 4942 3901 3901 28c1 20a1 20a1 20c1 20a1 1880 1880 1881 1881 1881 1881 1881 1881 18a1 1881 1881 1060 1881 20c2 20c2 1881 1880 1860 1040 2081 1880 1840 1040 1020 0820 0820 0820 0820 1861 1860 20c1 2902 30e2 30e2 28c1 1881 1060 0840 0820 1061 20c2 20e2 3123 3984 41e6 41c7 528a 52ab 5aed 5aed 52cd 52ed 52ed 52cd 52cd 52ee 4aad 426b 426c 426c 4a8d 4aad 428d 4aad 4ace 4acd 530e 636f 636f 634f 5b2f 5b2f 5b2f 5b0f 52ee 52ee 52ee 530f 530f 530f 530f 4aef 530f 530f 530f 530f 530f 4b0f 4b0f 4b0f 530f 530f 52ef 4aee 4aee 530f 530f 4b0e 530f 4aee 4aee 4aee 4aee 4b0e 4b0e 4aee 4aee 4b0f 4b0f 4b0f 530f 530f 530f 530f 5b4f 5b4f 532e 
62ca 7b6c 93ce 93ce 8bad 93ee 9c2f 93ee 8bad 93ce 9c0f 9c2f 9c0f 9c0f 93ee 8b8d 834c 7b4c 7b4c 836c 838d 8b8d 836c 7b2c 72eb 72eb 7b0b 834c 8b8d 8bae 836c 7b2b 834c 836d 836d 8b8d 8b8d 836c 838c 93ed a44f ac90 a44f 8bce 734d 5aec 52cc 52ed 52ed 52cd 52cd 52cd 52cd 52ed 5aed 5aed 5b0d 5b0e 530e 530e 5b2e 634e 6b6e 83ef 9c91 acd2 cd94 d5d4 e676 f6d6 f717 ff78 ff98 ff78 ff57 ff16 f6d5 f6d5 f6f5 fef6 fed5 feb4 f693 ee31 dd6e d52d cced c4ec bc8b ac29 ac4a a3e9 8b47 8306 82e5 7ac5 7ac5 7ac5 7ac6 7285 6a44 6a65 6a65 72a6 6245 6aa6 72c7 6a66 51c4 59e4 59e4 6245 6a86 6a65 6a64 6a44 6a44 7244 7264 7244 7284 7284 7264 7264 7264 7aa5 7aa4 7aa4 7aa4 7ac5 82e6 8b27 8b07 8b07 8b28 9369 9b8a 938a 9b8a 9b8a 9baa 9baa 9ba9 a3c9 a3c9 a3c9 a3ea abea ac0b b44c bc8d c4ce c4ef b46d ac2c ac2c a40c a42c 9bcb 8b48 7aa6 6a44 61e3 59a3 6205 59e5 4164 3944 3102 3103 3964 3964 3964 4164 41a5 5206 49c5 49c4 49e4 49c4 5a26 6ac8 6aa7 72e8 72e7 72e7 72c7 72c7 7286 6a25 6204 61e4 59c3 5182 4921 4101 4101 4122 4122 28c1 28c1 20a1 2080 2081 1881 1881 1881 1881 1881 1861 1880 20a1 1860 1860 1040 20a1 28e2 20c2 1860 1040 1040 1860 1880 1860 1040 1020 1020 0800 1020 0800 1020 1020 1020 1040 1881 20c1 28c1 28c1 28c1 1880 1060 0840 0840 1040 1881 1881 28e2 3143 3123 49e6 4a27 5248 5269 4208 41e8 41e8 39c8 39e9 422a 39e9 31a8 31a8 31a8 39c9 39e9 31c9 39e9 39ea 3a0a 5acd 6b4e 6b4e 6b4d 734e 6b0d 6b2e 630d 52ac 4a6b 4a8c 4a8c 4a6c 4a8c 426b 422b 426c 426d 4aad 4aae 4aad 52cd 4aad 426c 4a8d 52cd 4aad 52cd 634f 73b0 73b0 738f 73b0 73b0 6b8f 634e 634e 6b8f 6baf 73af 73af 73b0 73b0 73b0 73b0 6b8f 6b8f 6b6f 636f 6b6f 6b8f 
5249 5a8a 62cb 62cb 62eb 6b0c 62eb 5a8a 5a69 5a8a 5a8a 5a8a 5a89 5a69 5a69 5249 5248 5228 5228 5249 5249 5249 5228 5228 4a08 4a08 4a29 5249 5249 5249 5249 5229 5249 5a8a 5a8a 5a6a 5249 5228 5228 5a49 628a 62aa 62aa 5aaa 62ed 6b6f 6b90 63b0 63b0 6bb0 6bb0 63b0 63b0 63b0 63b0 63b0 63b0 6bb1 6bd1 6bd1 73f1 7c32 8c72 9cd3 ad13 bd54 de56 f6f7 f6f6 f737 ff58 ff37 ff37 ff37 ff36 f6d5 f6d5 ff16 ff36 f6d5 f694 f672 ee31 dd8f d52e cd2d c4ed b46a a429 a409 9ba8 9367 8326 8306 8306 7aa5 7aa5 7265 7265 7285 6a65 6a45 7285 72c6 6a66 6aa7 6266 6225 51c4 51c4 5a25 6245 6a86 6a45 6a44 6a44 6a44 6a44 6a44 6a24 7264 7285 7285 7264 7264 7284 7a84 7aa5 7aa5 7ac5 82e5 82e6 8307 8b28 9349 938a 9b8a 9b8a 9b8a 9baa 9baa 9b89 9b69 a3a9 9ba9 a3a9 a3ca a3ca abea b44c b46d bc8d b46d ac2c ac0c a40c a40b a3eb 93aa 8b48 7aa6 6a24 59c3 61e4 6205 6205 4143 3943 3944 3923 4164 4185 3944 4164 3964 51e5 41a4 41a4 51e5 51e5 6267 72c8 6a87 72c7 6a86 72a6 6a85 72a6 7aa6 7286 6a24 59a3 4941 4101 40e0 5162 4942 4942 4122 30c1 28c1 28a1 2081 2081 20a1 1880 1040 1040 1040 1040 1060 1881 1880 1881 1881 18a1 20a1 1881 1040 1860 1880 28e2 28c1 20a1 1860 1881 1861 1840 1020 1040 1861 1040 1020 0840 1040 1881 1881 20a1 28a1 20a0 1880 1060 1040 0800 1041 1040 1881 28e2 28e2 3943 41a5 49e6 4a27 4a28 4a28 4a08 4208 4208 4a29 4a29 4209 39c8 39c8 41e8 39e8 39c8 41e9 4209 4209 526a 62cb 62eb 6b0b 6acb 5a6a 524a 4a4a 4209 4229 424a 4209 39e8 41e9 39a8 31a8 31c8 39c9 39e9 39e9 39e9 4209 41e9 39c8 39c9 39e9 4209 526b 6b4d 7baf 7bae 83cf 83cf 83cf 7b8e 6b2d 736e 7bcf 83ef 83f0 840f 8bef 8bef 8c10 8c10 83ef 7baf 738e 6b4d 6b6e 738e 
4209 4a49 5269 4a49 4a49 4a6a 4a29 41e8 41e8 41e8 39e8 39e8 39c7 39c7 39a7 31a7 39c7 39c8 39c8 39c8 39c8 39c8 39c7 39a7 39c8 39e8 39c8 39c8 39c8 39c8 39c8 39c8 39c8 4229 424a 3a09 31a7 31a7 31a7 39a7 39c8 39e8 4208 4229 5acd 6bb0 73f1 73f1 73f1 7412 7412 73f1 73f1 73f1 73f2 6bf1 6bf1 6bf2 7412 7412 7c52 8452 8c72 9491 a4f2 cdf5 e6b7 e675 f6f6 ff37 ff37 ff16 ff37 ff16 f6f5 f6f5 f6f5 f6f6 f6b5 ee73 ee52 f652 ee11 e5d0 d58f bccc ac4a a429 9bc8 93a8 9388 8b67 8b47 8306 7ac6 7ac6 72a6 6a65 7285 6a86 6a65 6a65 6a65 6a86 6266 6266 6245 5a25 5a05 5a05 6225 6225 6225 6204 6a45 6a44 6a44 6a24 6a44 6a44 7285 7264 7265 7264 7a85 7264 7284 7ac5 7ac5 82c5 82e5 82e6 8b07 8b28 9369 9369 9b8a 936a 938a 9baa 9b89 9369 9b89 9ba9 9b89 9ba9 a3a9 a3a9 a3ca ac2b b46d b44c b46d b44d a40c a3eb 9bcb 9bcb 9389 8b28 7aa6 6204 59c3 59c3 59c3 6205 4963 4164 4185 4184 4185 3943 3103 3923 3943 3963 3922 3963 41a3 49c4 5205 6266 6266 6a86 6aa6 72c6 7b07 82e7 6a45 6a03 61e3 5982 5162 5142 5162 5162 4942 4942 38e1 28a0 2080 2080 2081 2081 1880 1880 1060 1860 1881 1881 1881 20a1 20c2 20c1 20a1 20a1 1881 1060 1881 20c1 28e2 3102 3102 20a1 28e2 28e1 28c2 28e2 1860 1861 1861 1040 1060 1040 0820 1020 1040 1860 28a1 28c1 3102 20a1 1860 1040 1040 1060 1881 20c2 20a1 28e2 41c5 49e6 41a6 4a28 5a8a 5269 526a 528a 5aab 5aab 528b 4a4a 4a4a 528b 528b 528b 5acc 62ec 5aab 52ab 630c 6b2c 6b4d 630c 526a 4209 39e8 39e8 4229 424a 4a4a 4a6a 4a4a 4229 4a29 4a6a 526a 526a 4a6a 528a 5aab 528a 4a49 4a49 4a6a 4a6a 52ab 630c 6b2c 732c 7b8d 7b8e 734d 6b2c 62eb 630c 6b2d 6b2d 734d 734d 734d 7b6d 7b6d 7b6d 734d 6b2c 62cb 5a8a 528a 5aab 
4a4a 52cb 5acc 528b 424a 3a09 3a09 3a09 3a09 39e9 39e8 39e8 39c8 31c8 31c8 31c8 31c8 31e9 3a09 3a09 3a09 3a09 39e8 31e8 39e8 39e9 31c8 31c8 31c8 39e9 3a09 3a29 422a 424a 424b 3a2a 3a09 39e9 3a09 3a09 3a29 3a29 424a 426b 52ee 6bb1 7412 7c12 7c12 7c32 7c32 7c32 7c32 7c32 7432 7412 7412 7412 7c32 7c33 7c32 7c32 8451 9471 ad32 d615 d5d3 de34 f6d6 ff17 ff16 ff16 fef5 f6f5 f6d5 f6d5 f716 f6f6 f6b5 f672 ee51 ee11 ddb0 d56f bced bcac a409 a3e9 9ba8 9388 8b27 8306 8307 8327 7ae7 8327 7b07 72a6 72c7 6aa7 6aa6 6a86 6266 6245 6245 6245 6245 5a25 51e4 5a25 5a25 5a04 6225 6224 6a65 6a45 6a45 6224 6a45 6a64 6a65 6a64 6a24 6a44 7284 7264 7aa4 7a84 82c5 82e6 8306 82e6 82e7 8b27 8b28 9348 9389 9369 9389 9b89 9369 9368 9b88 9b88 9b88 9b88 9b88 9b89 a3ca ac0b b46d ac2c ac2c ac2c a3eb 9bcb 9baa 938a 8b69 8b27 7285 6203 59c2 59a2 59a3 6205 51a4 49a5 51e6 41a5 3123 28c2 3102 3102 3122 3122 4183 51e5 49c4 5a25 6266 6266 6a85 6265 6a85 7ae7 7aa6 7aa6 6a44 6a24 6a03 61a2 59a2 5982 59a3 5182 4941 4942 40e1 30c1 2080 2080 20a1 20a1 1881 1881 20a1 1881 1861 18a1 20c2 2903 20c2 20a1 1881 1860 1860 1880 20a1 28e2 3123 3123 28e2 3102 3122 28e2 2902 2902 20a1 20c2 20a1 1881 1881 0820 0800 1020 1840 2081 28c2 3102 30e1 28e1 28c1 1860 1040 1860 1881 1881 1880 20a1 3143 3985 3144 41c7 4a49 4229 4229 422a 422a 422a 422a 3a09 3a09 422a 422a 422a 4a6b 4a6b 422a 422a 4a6b 4a8b 52ab 4a6b 422a 3a0a 39ea 31ea 3a0a 3a2a 424a 4a8b 4a6b 4a4a 4a6b 52ac 52cc 52cc 52ac 5acc 5acc 528b 4a6a 4a6b 52ac 4aab 4a8b 52cc 5acc 62ec 630c 630c 5acc 5acc 5acc 528b 528b 528b 5aab 5aab 5aec 62ec 5acb 5acb 5acb 5aab 526a 4a4a 4a49 528a 
634f 73b0 73d0 6baf 634e 52ec 52ec 52ec 52cc 52cc 4aab 4aab 4aab 4aab 52ac 52cc 52cc 52cc 52ed 52ed 52ed 52ed 52cc 52cc 4aac 4aac 4a8b 4a6b 428b 4aac 52ed 530d 530d 52ed 52ed 52ed 5aed 5b0d 5b0e 5b2e 5b0e 5b0e 5b2e 5b4f 6390 6bf2 7412 7c12 7c32 7c33 7c53 8453 8453 8453 8453 7c53 7c53 7c53 8473 7c53 7c53 8473 8c93 a4f3 bd93 d615 cdb3 ddf3 ee55 f6b5 f6b5 f6d5 f6f6 ff16 ff37 ff36 ff16 f6d5 ee73 ee31 ddcf e5f0 dd8f cd2e bcab ac2a a3e9 9ba8 8306 8306 8327 8327 8327 8307 7ae6 72e7 7ae7 72e7 6aa7 6a87 5a45 5a05 5a45 6245 5a24 5a25 6245 5a45 6245 5a25 59e4 5a04 6204 6245 6a65 6245 6a65 6a45 6a45 6a44 6a24 6a24 6a44 7244 7284 7a84 7aa5 7aa5 82c5 82c5 82e6 82c5 82c6 82c6 8306 8b27 9348 8b27 9348 9368 9369 9b88 9b68 9367 9b88 9b88 9b68 9b88 a3a9 a3ca ac2b ac2c ac0b a3eb a3cb 9baa 9baa 9389 8b48 8307 7a85 6a03 61c2 61c3 61c3 61e4 4983 4984 4164 3103 2081 28c1 3923 28c1 3942 49c4 5226 5a46 6267 6a87 6aa7 6a86 6aa6 72e7 8307 8328 8307 7265 6a23 7265 7a85 61e3 61c3 61e3 59c3 59a3 4942 4101 4122 30e1 28a0 28a1 20a1 20a1 1880 1881 1060 1040 1040 1861 1861 20a1 20a1 18a1 1060 1060 1881 1860 1860 20c1 28e2 20c2 20e2 28e2 1881 1881 28e2 28e2 20a1 18a1 1040 0820 0820 0820 0820 1861 1881 28e2 28a1 3943 4163 3102 28c2 1881 18a1 1881 1040 1040 1040 1880 18a1 20e2 20e2 3985 4a49 4a6b 426b 428c 4a8c 4a8c 428c 426c 3a4b 3a2b 3a4b 3a2b 3a2b 3a4b 3a4b 3a4c 3a4b 3a4b 3a2b 3a2b 3a2c 3a4c 3a4c 3a4c 3a4c 3a2b 3a2a 3a2b 3a2b 3a2b 3a2b 3a2b 424b 424b 3a2b 3a2b 3a2a 3a0a 3a0a 3a0a 3a2b 3a2b 3a2a 3a2a 3a2a 422b 422a 422a 3a0a 422a 422a 3a2a 3a0a 3a0a 3a0a 422a 424a 424a 422a 422a 422a 422a 422a 3a2a 3a0a 422a 
7c11 8432 8432 8432 7c11 73d0 73d0 73d0 73d0 6bb0 6baf 6b8f 6b8f 6b8f 6bb0 6bb0 6bb0 6bb0 6bb0 73d0 73d0 73d1 6bb0 6bb0 6b90 6b8f 636f 636f 636f 636f 6b90 6b90 6b90 6b90 638f 6b90 6bb0 6bb0 73d1 6bd1 6bd1 6bd1 6bf1 73f1 7412 7c12 7c12 7c33 7c33 7c53 7c53 8453 8473 8473 8494 8494 8493 8c94 8c94 8473 8493 8c93 8c93 9cd3 b553 bd74 b512 cd93 ddf4 eeb5 f6b5 fef6 ff17 ff58 ff57 ff16 f6d4 ee52 e5d0 e5f0 ee31 e5d0 cd2d b46a a3e9 a3c8 9388 8b47 8307 8327 7b07 7ae6 7ae6 7ae7 7ae7 7b08 72e7 6ac7 6287 5a46 5a45 5a46 5a45 6266 5204 51c4 5a04 5a25 6245 5a04 59e4 5a04 6225 6245 6a65 6245 6a45 6a65 6a44 6a44 6a44 6a64 7265 7265 7284 7aa5 7aa5 7aa4 82a4 82a4 82c5 7aa5 82c5 82c5 8b06 8b07 8b07 8ae6 8b27 9347 9347 9347 9347 9367 9b67 9b88 9b67 9b67 9b88 9b89 a3c9 a3ea ac0b a3ca a3cb 9baa 9389 9368 8b27 82c6 7244 69e3 59a2 5982 5983 5183 4963 4143 3923 30e2 2081 28c1 3963 41a4 5205 5a25 6266 5a46 72c8 6aa7 6246 6245 7ae8 8b69 8b69 8b28 7ac6 7aa6 7aa5 7ac6 7a85 6a44 6a04 6a04 59a3 4962 4942 4942 4963 3922 28c1 28c1 28c1 2080 1860 1860 1060 1040 1020 1060 1881 1860 1861 1060 1860 1881 1881 1060 1881 1060 1040 1061 2103 1040 0820 1860 20c2 2903 2903 0840 0000 0820 1061 0820 0820 0820 1040 20a1 28e2 4163 3943 20a1 1860 28e2 3123 2902 1881 0820 0820 0840 1061 1081 1081 20c2 3186 4229 4aac 530e 530e 530e 530e 530f 4aef 4aef 4b0f 4aef 4aef 4aef 4aef 4aef 4aee 4ace 4ace 42cf 42cf 42ef 4aef 4aef 4aef 4ace 4ace 4ace 4ace 4ace 4ace 4ace 4ace 4ace 4ace 4ace 42ae 42ae 42ae 42ae 42ae 42ad 42ad 42ad 42ad 42ad 42ad 428d 428d 428d 428d 428d 428d 428d 428d 428d 428d 428c 426c 426c 428c 428d 428c 426c 426c 426c 
8c73 8c73 8c73 8c73 8472 8452 8452 8452 8452 8432 8452 8452 7c31 7c32 7c32 7c12 7c11 7c12 7c32 7c32 7c32 7c32 7c32 7c11 7bf1 7bf1 7c12 73f1 73f1 73f1 73f1 73f1 73f1 73d1 73d1 73d1 73f1 7411 7c12 7c32 7412 7c32 7c32 7c33 7c33 7c53 7c53 7c53 8453 8453 8453 8473 8473 8473 8474 8473 8473 8473 8473 8493 8c93 8c93 9492 a4f3 ad13 acf2 bd52 d5f4 ee95 f6f6 ff17 ff37 ff58 ff57 ff16 f694 ee32 ee31 ee31 e5f0 ddd0 cd2d bc8b ac29 ac2a 9bc9 9bc9 9388 8b48 8348 8327 7b07 7b07 7b07 7b08 72e7 6aa6 6266 5a25 5204 51e4 51c4 5a25 51e4 5a05 5a04 6245 6245 5a24 5a24 5a04 6225 6245 6a66 6a66 6245 6224 6a44 7265 6a44 6a64 7265 7265 7265 7264 7284 7a84 7aa5 7aa4 82c5 7aa4 7aa5 7aa5 82a5 8ae6 8ae6 8b06 8ae6 82e6 8b27 9347 8b27 9327 9327 9347 9347 9b67 9367 9b67 9368 9b88 9ba9 a3ca 9ba9 9ba9 9ba9 9b89 9348 8b07 7a85 6a23 61c2 5981 5141 4941 4962 4962 4984 3902 30e2 3122 3943 5205 5a67 5a66 6266 5a46 5a46 6267 6267 6287 6aa7 7b08 7b28 7b07 7ae7 7ac6 7ac7 7286 7286 6a45 6a45 6225 6225 51a3 4962 51a3 59e4 51a4 3922 28e2 2081 2081 2081 2080 20a1 20c1 20a1 1881 1881 1881 1881 1860 1040 1881 1881 1881 1881 1861 0820 0820 1061 1081 0820 0820 1040 1040 1881 18a2 0820 0820 1881 18a1 1061 1061 0820 1040 2081 28c2 20a1 1860 1040 1880 28c2 1881 1040 1040 0840 1040 0820 0820 0840 1881 1881 20e2 3186 4a6a 52ed 5b2e 5b4f 5330 5330 5350 5350 5350 5350 5330 5330 5330 5330 5330 5330 5330 4b30 4b30 5350 5350 5350 5330 5330 5330 5330 4b30 4b10 5330 5330 5330 5330 5330 5330 4b10 4b10 4b10 4b10 4b10 4b10 4b30 5330 5330 5330 5310 530f 530f 5310 5330 5310 5310 530f 530f 530f 530f 4b0f 4aef 4aef 4b0f 530f 530f 4aef 4aef 4aef 
94b4 8cb4 8cb4 8cb4 8c93 8c93 8c93 8c93 8c73 8c73 8c93 8c93 8473 8473 8473 8452 8452 8452 8452 8452 8453 8452 8452 8452 8432 8432 8453 7c32 7c32 7c32 7c32 7c32 7c12 7c12 7c12 7c12 7c12 7c32 7c32 7c32 7c53 7c53 7c53 7c53 7c53 7c53 8453 8453 8473 8473 8473 8453 8453 7c53 7c53 7c32 7c32 7c52 7c52 8473 8cb3 9492 94b2 9492 9cb2 acf2 cdb3 e654 f6d5 ff16 f737 ff58 ff58 ff16 f6b5 f694 ee53 ee32 ee32 dd8f c4ec c4ec c4ec bcac b48b a40a 9bea 93a9 8b68 8b68 8b69 8348 8348 72e7 7ae7 6aa6 6266 5a25 5a25 49c4 49a3 49a3 5204 51c3 5a25 6266 6265 6245 5a24 6225 5a04 5a24 6245 6225 6225 6204 6204 6224 6a65 6a44 6a44 6a64 6a44 7265 7264 7284 7264 7aa4 7a84 82c5 82c5 7aa5 7aa5 82a5 82c5 82e6 8ae6 8b06 8b06 8ae5 8b06 8b06 8b26 8b26 9347 9326 9b88 9367 9347 9347 9367 9b68 9ba9 9b88 9b88 9b88 9b89 9368 8ae7 7aa5 7223 61c2 5981 5141 5161 5162 5183 4963 3902 3102 49c5 5225 5205 5a46 6267 5a66 5a26 5a67 62a8 62a8 6287 6aa7 72c7 72c7 7ae7 72c7 6a86 7286 6a25 6a66 6245 6225 6245 6a45 59e4 51a3 51c4 5a05 49a3 3902 28c1 2080 20a1 28e1 30e2 30e1 3102 3102 28c1 20a1 1881 20c2 1860 1040 1060 1881 1881 1881 1040 1040 1061 1060 1040 1040 0840 0840 1061 1081 0820 0820 1881 20e2 18a1 18a2 18a1 1080 18a1 18a1 1880 1040 0820 1040 1860 18a1 18a1 1040 0820 1040 1881 1040 0820 0820 1060 1060 18a1 3165 41e7 52ab 5b0e 5b4f 5b50 5b70 5b50 5350 5350 5371 5371 5351 5351 5351 5371 5371 5351 5351 5351 5371 5371 5351 5351 5350 5350 5330 5330 4b30 5350 5350 5350 5330 5330 4b10 4b10 4b30 4b30 4b10 4b30 4b30 4b30 4b30 4b30 4b30 5330 5330 5330 5330 5350 5330 5330 4b30 4b10 4b10 5330 4b30 4b0f 4b0f 4b0f 4b30 4b30 4b0f 4b0f 4b10 
94b4 94d4 94f4 94d4 94b4 8c93 8cb4 8cb4 8cb4 8cb4 94b4 8cb4 8c93 8c93 8473 8453 8453 8473 8473 8473 8473 8452 8452 8453 8473 8473 8453 8453 8453 8473 8453 8453 7c32 7c52 8453 8453 8453 8453 8453 7c53 7c53 8473 7c53 7c53 7c53 7c33 7c33 7c53 7c53 7c33 7c53 7c53 7c53 7c32 7412 73f1 7412 7c32 7c52 8472 8c92 9492 94b2 9492 9cd2 b553 d5d3 ee54 f694 f6d5 ff58 ff59 ff37 f6f5 f6b5 f6b5 f694 f653 ddb0 cd2e c50d d58f d58f c50d b4ac ac2b 9bea 93ca 93aa 8b89 8b89 8b69 8348 7ae7 72a6 6265 6245 5a25 5a25 51e4 49a3 51e4 5204 5204 5a25 6265 6a66 6265 5a24 6225 5a04 6225 6265 5a04 5a04 5a04 6224 6a45 7265 6a45 6a44 7265 7265 6a64 6a44 7284 7264 7a85 82c5 82c5 7aa4 7a84 7a85 82a5 82a5 82e5 8b06 8b05 8b06 8b05 8ae5 8ae6 8ae6 8b06 9326 9327 9b88 9b67 9347 9367 9367 9347 9b88 9b88 9b88 9b88 9b68 9347 8b07 82c5 7264 6a03 61c2 5981 5982 5182 5162 4142 3902 4184 5a46 5226 49c4 49e5 5a67 51e5 49c5 62a8 62a8 62a7 5a46 6ae8 72c8 6aa7 72c7 6245 6a66 6a45 6a66 6a66 6224 59e4 6a45 6a45 6204 59e4 59e4 51c4 4142 3902 3922 3922 3902 3922 3943 3922 3102 30e2 28c1 20a1 1881 18a1 1060 1040 1881 1881 1881 1060 1040 1060 18a1 1881 1061 1040 0820 0820 0840 0861 0841 18a1 20c2 20c2 20c2 20c2 20c1 18c1 18a1 1881 1040 1040 0820 1061 18a1 18c2 1061 0820 1040 20a1 1881 1881 1060 0820 0820 0840 0840 18a2 39c6 4a69 4a8b 5b0e 5b4f 6370 5b50 5350 5371 5371 5371 5351 5351 5351 5371 5371 5351 5351 5351 5371 5371 5351 5351 5351 5351 5351 5350 5330 5330 5330 5330 4b30 4b10 4b10 4b10 4b30 4b30 4b30 4b30 4b30 4b30 4b30 4b30 4b30 4b30 4b10 4b10 4b10 4b10 4b10 4b10 4b10 4b10 4b0f 4b0f 4b0f 4b0f 4b0f 4b0f 4b0f 4b0f 4b10 4b0f 4b0f 
94b4 94d4 94f4 94d4 94b4 8c93 8cb4 8cb4 8cb4 8cb4 94b4 8cb4 8c93 8c93 8473 8453 8453 8473 8473 8473 8473 8452 8452 8453 8473 8473 8453 8453 8453 8473 8453 8453 7c32 7c52 8453 8453 8453 8453 8453 7c53 7c53 8473 7c53 7c53 7c53 7c33 7c33 7c53 7c53 7c33 7c53 7c53 7c53 7c32 7412 73f1 7412 7c32 7c52 8472 8c92 9492 94b2 9492 9cd2 b553 d5d3 ee54 f694 f6d5 ff58 ff59 ff37 f6f5 f6b5 f6b5 f694 f653 ddb0 cd2e c50d d58f d58f c50d b4ac ac2b 9bea 93ca 93aa 8b89 8b89 8b69 8348 7ae7 72a6 6265 6245 5a25 5a25 51e4 49a3 51e4 5204 5204 5a25 6265 6a66 6265 5a24 6225 5a04 6225 6265 5a04 5a04 5a04 6224 6a45 7265 6a45 6a44 7265 7265 6a64 6a44 7284 7264 7a85 82c5 82c5 7aa4 7a84 7a85 82a5 82a5 82e5 8b06 8b05 8b06 8b05 8ae5 8ae6 8ae6 8b06 9326 9327 9b88 9b67 9347 9367 9367 9347 9b88 9b88 9b88 9b88 9b68 9347 8b07 82c5 7264 6a03 61c2 5981 5982 5182 5162 4142 3902 4184 5a46 5226 49c4 49e5 5a67 51e5 49c5 62a8 62a8 62a7 5a46 6ae8 72c8 6aa7 72c7 6245 6a66 6a45 6a66 6a66 6224 59e4 6a45 6a45 6204 59e4 59e4 51c4 4142 3902 3922 3922 3902 3922 3943 3922 3102 30e2 28c1 20a1 1881 18a1 1060 1040 1881 1881 1881 1060 1040 1060 18a1 1881 1061 1040 0820 0820 0840 0861 0841 18a1 20c2 20c2 20c2 20c2 20c1 18c1 18a1 1881 1040 1040 0820 1061 18a1 18c2 1061 0820 1040 20a1 1881 1881 1060 0820 0820 0840 0840 18a2 39c6 4a69 4a8b 5b0e 5b4f 6370 5b50 5350 5371 5371 5371 5351 5351 5351 5371 5371 5351 5351 5351 5371 5371 5351 5351 5351 5351 5351 5350 5330 5330 5330 5330 4b30 4b10 4b10 4b10 4b30 4b30 4b30 4b30 4b30 4b30 4b30 4b30 4b30 4b30 4b10 4b10 4b10 4b10 4b10 4b10 4b10 4b10 4b0f 4b0f 4b0f 4b0f 4b0f 4b0f 4b0f 4b0f 4b10 4b0f 4b0f 
94b4 94d5 94d5 94d5 94d4 94d4 94d4 94d4 94d4 94d4 94d4 8c94 8473 8473 8453 8453 8453 8453 8473 8473 8473 8473 8473 8473 8493 8493 8473 8473 8473 8473 8473 8473 8473 8473 8473 8473 8473 8473 8473 8473 8473 8473 7c53 7c53 7c53 7c53 7c52 7c32 7c32 7c32 7c32 7c33 7c32 7c32 7412 7412 7c32 7c32 8453 8c93 8c73 8c72 94b3 9cd3 a512 bd73 cdb3 e634 f695 ff17 ff58 ff38 fef7 fef6 fef6 f6b5 f694 ee32 ddb0 d590 e5f1 d590 cd4f c4ed b48c a40a 9bca 9bca 9bca 8b69 8348 8b48 7b07 7ae7 72a6 6245 6245 5a25 5a25 51e4 49a3 51c4 5204 5a25 6a66 6265 6245 6225 5a04 5a04 5a04 6225 5a24 5a04 6224 6245 6a45 6a45 6a65 6a44 7285 7285 6a64 6a65 6a44 7264 7264 7aa5 82c5 7aa5 7a84 7a84 7a84 82c5 82a5 82c5 82c4 82c5 82c5 82e5 82c5 8b06 8ae6 8ae5 8b06 8ae5 9b67 9347 9347 9347 8b26 9326 9367 9347 9347 9b68 9347 8b26 8b06 82c5 7a84 7243 6a03 61c2 59a2 59a3 5162 4142 4143 51e5 5a06 51e6 41a5 49e6 49e6 41a4 49c4 6ac8 62a7 6aa7 5a46 6aa7 6aa7 6246 6266 6245 72a7 72c7 7286 7286 6a65 6a45 7286 6a65 59e3 59e4 59e4 59e4 4983 4122 4143 4984 4163 4142 4143 3902 3102 3922 3102 28c1 1880 1880 1060 1881 1881 1881 1880 18a1 1060 1061 1881 1881 1881 1040 0800 0000 0000 1061 1881 28e3 20a2 1881 20c2 1882 18a1 1881 1081 1081 0820 0820 0820 1061 18a1 1881 18a2 1040 20a2 20a1 1861 1040 0820 0820 0820 0000 0820 0861 2924 39c7 4a49 5aed 5b2f 5b50 5350 5351 5351 5351 5351 5351 5351 5351 5351 5351 5351 5351 5351 5371 5351 5351 5351 5351 5351 5351 5351 5350 5330 4b30 4b30 4b30 4b10 4b10 4b30 4b10 4b10 4b30 4b30 4b30 4b30 4b10 4b10 4b10 4b10 4aef 4aef 4aef 42ef 4aef 4b0f 4b10 4b10 4b0f 4b0f 4b10 4b30 4b10 4b10 4b10 4b10 4b10 4b10 4b0f 
94b4 94d4 94f5 9cf5 94f5 94d4 94d4 94d4 94b4 8cb4 8cb4 8c94 8c73 8473 8473 8473 8473 8473 8473 8494 8494 8c94 8c94 8493 8473 8473 8473 8473 8473 8474 8473 8473 8473 8473 8473 8473 8473 8473 8473 8473 8473 8473 8473 8473 8473 8473 7c53 7c53 7c53 7c53 7c53 7c53 7c53 7c53 7c53 7c53 8453 8473 8473 8c73 8473 8473 94b3 9cd3 a4f2 b512 cdb3 e655 f6d6 fef6 ff17 ff17 ff38 ff38 f6d5 ee74 ee73 ee53 e612 ee32 ee32 dd90 c50e bcad b46c ac4b a40b a40a 9bca 8b88 8b48 8328 7ae7 72a6 6245 6245 5a04 5a25 5a05 51e4 51e4 5a25 5a25 5a25 6a66 6a66 49a3 5a04 5a24 5a04 5a04 6225 5a24 5a24 6225 6224 6a45 6a65 6a65 6a45 7265 7265 7265 7265 7285 7264 7a84 7aa5 7aa5 7aa5 7a84 7aa5 7a84 7aa5 7a84 7aa4 7a84 82a4 82c5 8ae6 82c5 82a5 82c5 8ae6 8ae5 82c4 8b05 8b06 9326 9326 8b06 9326 9347 9347 9347 9b67 9327 8b06 8b06 82c5 82a5 7a64 7223 6a03 61c2 61c3 5182 4101 3922 51c5 5a06 49c5 49c5 4185 3964 4184 5206 6287 5a66 6286 6aa7 6aa7 6246 5a25 6a86 7286 72a6 7ac7 7286 7ac6 7286 72a6 7ac7 72a6 6a45 6224 6225 6205 51a3 4942 4963 51a3 51c4 49a3 4983 4143 3942 3922 3101 28c1 28c1 28c1 20c1 28e2 28e2 20c1 20a1 20e2 18a1 1881 1881 1881 1881 1061 1060 0800 0000 20c2 28e3 20c2 1061 1061 1061 1061 1061 0840 0860 0820 0000 0000 1040 18a1 1081 1061 1061 1061 1861 1860 1061 0820 0000 0020 0820 0820 0820 0820 1060 2103 41e8 5acc 5b4f 5350 5350 5350 5330 5350 5350 4b30 4b30 4b30 5350 5350 5350 5350 5351 5351 5351 5351 5351 5351 5350 5350 5350 5351 5351 5351 5351 5350 4b30 4b30 4b10 4b10 4b10 4b30 4b30 4b30 4b30 4b10 4b10 4b10 4b10 4b10 4b0f 4aef 42ef 42ef 42ef 4aef 4b0f 4b0f 4b10 4b10 4b10 4b10 4b10 4b30 4b10 4b10 4b10 4b0f 
94d4 94b4 94d4 94d4 94b4 8cb4 8cb4 8cb4 8cb4 8cb4 8cb4 8cb4 8cb4 8cb4 8cb4 8cb4 8c94 8c94 8c94 8c94 8c94 8c94 8473 8493 8473 8473 8473 8473 8473 8473 8473 8473 8473 8473 8473 8473 8473 8473 8493 8494 8473 7c53 7c32 7c32 7c53 7c53 7c53 7c53 8473 8473 8473 8453 7c53 7c53 7c53 8453 8453 8453 8494 8494 8474 8c73 94b3 9492 a4d2 bd73 de14 f695 f6b4 f6b4 fef6 ff17 ff38 ff38 f6d5 ee94 f6b4 f6b4 ee73 e612 d5b0 cd4f c4ed b48c b4ad ac6c ac6c 93a9 93a9 8b68 8347 7ac6 7285 6a65 6265 6a86 6245 5a04 51e4 51e4 5a05 5a25 5a25 6245 6266 51e4 4162 5a05 5a25 59e4 6245 6225 6225 6225 6245 6a45 6a85 7285 7285 6a65 6a65 6a64 6a65 7265 7285 6a44 7264 7264 7aa4 7aa5 7aa5 7a84 7a84 7a84 82c5 82a4 82a4 7aa4 82a4 82c5 82c5 82c5 82c5 8ae6 82c5 82a4 82c4 8ae5 8b06 9326 9326 9347 9347 9326 9347 9347 9347 9326 8ae5 8ae5 82c5 7aa4 7a64 7223 6a03 59c2 4941 3901 4983 51c5 5206 4184 4185 3985 4185 49c5 5a47 5a46 5205 6286 6287 5a25 51c4 59e4 6a87 6a65 6a65 7ac7 7ac6 7ac7 7ac6 7ac7 7ae7 8307 7ac7 6a65 7285 6a45 6225 61e4 59e3 59c3 59e4 51a3 5183 4983 4142 3942 3922 3102 3102 3122 3102 28e2 3102 3102 2902 28e1 20c1 20c1 28e2 20e2 20c1 20c1 1881 1020 1040 18a2 1061 1061 0861 0840 0860 0840 0840 0020 0020 0840 0840 0841 1061 1061 1061 1081 1061 1061 1040 1881 1040 0840 0000 0000 0820 1041 1881 1040 1040 20c2 3185 4229 530e 532f 5350 5350 5350 5350 5350 4b30 4b30 4b30 4b30 4b30 4b30 4b30 4b30 4b30 4b10 4b30 4b30 4b30 4b30 5350 5351 5351 5351 5351 5351 5350 5330 4b30 4b30 4b10 4b30 4b30 4b30 4b30 4b30 4b30 4b30 4b30 4b0f 4b10 4b10 4b10 4b10 4b0f 4b0f 4b10 4b0f 4b0f 4aef 4aef 42ef 4aef 4b10 4b10 4b0f 4b0f 4b0f 4b0f 
8cb4 8cb4 8cb4 8c94 8c93 8c93 8c94 8cb4 94b4 94b4 94b4 8cb4 8c93 8cb4 8cb4 8cb4 8cb4 8c94 8c94 8493 8c94 8493 8473 8c94 8493 8473 8473 8473 8473 8473 8473 8494 8494 8494 8473 8493 8473 8493 8c94 8494 8473 7c53 7412 7412 7c53 8473 8473 8473 8473 8473 8473 7c52 7c12 7412 7c11 7c11 7c32 8432 8473 7c53 8453 8c93 9472 9c92 bd33 d5d3 ee54 f674 ee33 f6b5 fef6 ff37 ff38 f717 eed5 f6f5 f6d5 f694 ee32 e5f2 d590 c50e c52e c50e bced ac4b a40a 9c0a 9388 8b88 8327 72a5 72a6 6a85 6a65 6aa6 6225 5a25 5a25 5a45 5a24 6245 5a25 5a04 5204 49a3 4983 5205 5204 59e4 6245 5a04 6225 6a66 6a86 6a86 6a85 6a45 6a45 6a45 7265 6a44 6a44 7285 72a5 7264 7a84 7264 7263 7aa4 82a5 7a84 7264 7a84 7a84 7a84 82a4 7a84 7aa4 82c5 8b06 8ae6 8b06 82e5 8ae5 82c5 8ae5 8ae5 8b06 8b06 8b26 9367 9326 8b06 9326 9327 9347 9327 8b06 82e5 7aa4 7a64 7244 7223 6a03 61c2 4941 3900 4142 49a4 5206 49a5 4185 4185 3964 41a5 5247 5226 5205 6286 5a46 5205 5a05 5a05 6245 6225 7aa6 7ac7 82e7 7ac6 7ae7 7ae7 7aa6 7ac6 7ac6 7a85 7265 6a24 6a45 7265 7265 6a44 6a24 6a25 59e4 59c3 51a3 4982 49a3 4163 4184 4163 3102 3102 3943 3943 3943 28e1 28e2 28c1 3102 2902 20a1 20c1 1860 1060 1881 1061 0000 1061 0840 1041 1040 0820 0840 1081 18a2 1061 0840 0841 0840 0840 0820 1061 0841 20a2 1861 20a1 1040 1061 0840 0840 0820 0840 1881 1880 1860 20c2 39a6 4a49 52ed 530e 530f 532f 5350 5350 5350 5350 4b30 4b30 4b30 4b30 4b30 4b30 4b30 4b10 4b0f 4aef 4b0f 4b10 4b10 4b30 4b30 4b30 4b30 4b10 4b30 4b30 4b10 4b10 4b10 4b10 4b10 4b10 4b10 4b10 4b10 4b10 4b10 4b10 4b0f 4b10 4b10 4b10 4b10 4b10 4b10 4b0f 4b0f 4b0f 4aef 42ef 42ef 42ef 4aef 4aef 4aef 4b0f 4b0f 4b0f 
8c93 8cb4 8cb4 8cb4 8cb4 94b4 94b4 94d4 94b3 9493 94b3 8c73 8452 8c73 8c94 8cb4 8cb4 8c94 8c93 8493 8c94 8c94 8493 8c94 8473 8473 8473 8473 8473 8473 8473 8474 8c94 8c94 8473 8c94 8494 8c94 8494 8473 7c53 7c53 7c32 7c53 7c53 8473 8473 8473 8473 8473 8453 7c32 73f1 73d1 73d1 73f0 7c31 8431 8431 8452 8c72 9cd3 ad13 bd53 c572 d5b2 e5f2 e612 ee53 f6b5 f6f6 ff16 ff17 f6d6 f716 f716 ee74 ee52 e632 d5b1 d590 cd2f c52f b4ac b48c a40a 9bc9 9bea 9389 8b68 8307 7ac6 7ac6 7285 72a6 6a65 5a24 6265 6245 6245 6245 6245 6266 5a25 51c4 51e4 51e4 51e4 5a04 6225 6225 5a04 6224 6265 6a65 6a65 6a65 6a44 7265 6a44 6a44 6a44 7264 7265 7aa5 7285 7aa5 7a84 7264 7264 7ac5 7aa5 7264 7264 7223 7263 7a84 7a84 7aa4 82c5 82e5 82e5 8b06 8ae5 82c5 82c5 8ae5 82c5 82c5 8ae5 8b06 9326 9326 9326 8b06 8b26 9326 9326 9326 8ae5 82c5 82a5 7a64 7223 69e2 59a2 4941 38e0 3901 49a4 49a4 4184 4184 49c6 41c5 41a5 3984 4184 49c5 49c4 49c4 51e4 51e4 51e4 6205 59e4 7aa7 7ac7 82e7 7aa6 7ac7 7285 7285 7285 82e6 7aa5 7244 7244 7265 7aa6 7aa5 7aa6 7265 6a25 6a24 61e3 59e3 51a3 4962 4162 4983 4963 4163 4163 3922 3102 3102 30e2 28e1 3122 3943 3123 2902 28e2 1881 20c2 2903 18a1 0820 1061 1861 20c2 20a2 20c2 20a1 20c2 18a2 0820 1061 1061 0840 0820 0020 0820 0820 18a2 1881 1881 1881 1881 0840 0820 0000 0800 1061 1881 1040 18a1 3144 41e8 4a8b 52ed 532f 532f 5330 5350 5330 5330 4b30 4b30 4b30 4b30 4b30 4b30 4b30 4b10 4b0f 4b0f 4b0f 4b10 4b0f 4b0f 4b0f 4b0f 4b0f 4aef 4b0f 4b0f 4aef 42ef 42ef 42ef 4aef 4b0f 4b0f 4aef 42ef 42ef 42ef 42ef 4aef 4b0f 4b0f 4b0f 4b0f 4b0f 4b0f 4b0f 4b0f 4aef 4aef 42ef 42ef 42ef 42ef 42ef 42ef 4aef 4b0f 4b0f 
8c93 8c93 8cb4 8cb4 94b4 94d4 9cf4 9cf4 9492 8451 8431 7c10 7bd0 8431 8473 8473 8c94 8c93 8c93 8c94 8cb4 8cb4 8cb4 8c94 8473 8473 8473 8473 8473 8453 8453 8473 8473 8473 8453 8473 8473 8473 8453 7c53 7c53 7c53 7c53 7c53 7c53 7c53 7c53 7c53 7c53 7c32 7c32 7412 73f1 73f1 73f1 73d0 7c10 8410 8410 9cb2 9cb2 a4d2 b533 bd73 c572 d591 ddd1 ee32 f694 f6b5 fef6 ff16 f6d5 f695 eeb5 ee74 ee53 e632 ee73 ddd1 cd6f c52e bccd ac6b ac4b a40a 9c0a 93c9 93c9 8b89 8328 7ac6 72a6 6a86 6a65 6245 6245 6265 5a24 6265 6265 6225 5a04 51e4 51e4 5a25 6245 5a04 51e4 59e4 5a04 5a04 5a04 6224 6a65 6a44 6a65 6a44 6a44 6a64 7285 7264 7264 7244 7244 7284 7284 7285 7285 7265 7285 7a85 7264 7264 7264 7243 7264 7a64 7aa4 7a84 7a84 82a4 7a83 82a4 82c5 82c5 82c5 8ae5 82c5 8b06 8ae5 82e5 9326 9347 8b26 8b26 8b06 8b06 8b06 82c5 82c5 7aa5 7a84 7243 69e2 5981 4941 3900 30e0 3901 4143 51c5 4984 49a4 49e5 39a4 3123 3964 4164 4164 4183 49c4 49c4 5a05 5a25 4982 6225 7286 7286 6225 6225 6204 6a65 6a44 7aa6 7ac6 7265 7aa6 82c6 8ae7 82c5 82e6 7265 7265 7265 6203 59a2 5182 59e3 5183 51a3 4142 4142 4983 3943 3922 3102 30e2 30e2 4143 3922 3922 3943 3943 2902 2923 20e2 20c1 1881 20c1 3102 3963 3923 3923 20c1 1881 1040 1040 18a1 1881 1060 0820 0820 0840 1060 1081 18a2 20c2 1081 1041 0820 0820 0000 0000 0800 1040 1020 1060 18a2 2944 39e8 4a8b 4acd 532f 4b30 4b30 4b30 4b30 5330 5330 4b30 4b30 4b30 4b30 4b30 4b10 4b0f 4b0f 4b0f 4b0f 42ef 42ef 4b0f 4b0f 4b0f 4b0f 4b0f 4aef 42ef 42ef 42ef 42ef 42ef 42ef 42ef 42ef 42ef 42ef 42ef 42ef 42ef 42ef 42ef 42ef 42ef 42ef 42ef 4aef 42ef 42ef 42ef 42cf 42cf 42cf 42cf 42ce 42cf 42ef 42ef 42ee 
8c93 8c93 8c93 8cb4 94b4 94d4 9cf4 9cf4 94b3 8c72 8452 7bf0 73d0 7c31 8473 8c93 8cb4 8cb4 8cb4 8c94 8c94 8c94 8c94 8c94 8493 8c94 8493 8493 8473 8474 8474 8c94 8473 8473 8453 8473 8473 8453 7c32 7c32 7c53 7c53 7c32 7412 7412 7412 7c32 7c32 7c32 7432 7c32 7c32 7c12 7c32 7c31 7c10 7bf0 7bef 7bef 9492 9cb2 a4d2 b553 b532 c572 d592 e633 ee53 f6b5 fef6 ff16 f6d5 ee95 f6b5 ee74 f6b5 ee73 e612 ddd1 d5b0 cd4f b4ad ac4b b46c ac4c a42b 9c0a 93c9 9389 8348 7ae7 7b07 7ae7 7286 6225 6265 6a66 6245 6245 6265 6245 6225 5a25 5a25 5a25 6245 5a25 5a04 51c3 5a04 5a04 5a04 6224 6245 6a65 6a65 6a65 6a44 6a44 6a64 7285 7285 7264 7244 6a43 7264 7284 7264 7264 7265 6a64 7264 7264 7a84 7a84 7223 7264 7a64 7aa4 82a5 82a4 7aa4 7263 7a63 7a63 82a4 82c5 8ae5 82c5 8ae5 82e5 82e5 8b06 8b26 8b26 8b26 82e5 82c5 82c5 82c5 82c5 82c5 7aa4 7a84 7243 59a1 4940 38e0 38c0 38e1 38e1 4122 38e1 3902 3923 3122 3123 3964 3964 3984 3943 3963 4184 51e4 4983 4162 59e4 59e4 59e4 51c4 49a3 59c4 6a45 6224 7285 7aa6 7285 7aa5 82c6 82e6 82c6 8b27 7aa5 7aa5 7aa5 7285 7265 61e3 6224 59e4 59e3 51a3 51a3 51c4 4983 3942 4142 3942 3922 4142 3922 3922 30e1 3923 3102 28e2 28c1 28e2 3102 3122 3122 3943 3943 3122 20a1 1860 1060 20a1 20c2 1881 1061 1040 1061 1040 1081 1881 1881 1881 0840 0820 0000 0820 0000 0820 0840 1040 1040 0820 1040 18c2 39e7 52ab 4aac 4aee 532f 4b30 4b30 4b30 4b30 4b30 4b30 4b30 4b30 4b30 4b30 4b10 4b0f 4b0f 4b0f 4aef 42ef 42ef 4aef 4b0f 4b0f 4b0f 4b0f 4aef 42ef 42ef 42ef 42ef 42ef 42ef 42ef 42ef 42ef 42ef 42ef 42ef 42ef 42ef 42ef 42ef 42ef 42ef 42ef 42ef 42ef 42cf 42cf 42ef 42ef 42cf 42cf 42cf 42ef 42ef 42ee 42ee 
94b4 8cb4 8cb4 94b4 94d4 94d4 8cb4 8cb4 94b4 94b4 94b4 8c73 8452 8c93 8cb4 94d4 94d4 8cb4 8cb4 8473 8473 8473 8473 8493 8c94 8c94 8c94 8c94 8c94 8c94 8c94 8c94 8474 8474 8474 8474 8474 8494 8453 8473 8494 8494 8473 7c53 7c32 7c53 7c53 7c53 7c53 7c52 7c53 7c52 7c11 7c11 8411 83f0 7bcf 83f0 8c51 9471 a513 bd74 ad13 acd1 c552 d5b2 ee53 ee53 f6d6 ff17 fef6 f6d6 f6d6 eeb5 f6f6 f6d5 ee74 e632 d5b0 d590 c52e b46c b48d b4ad ac6c a40a 9bea 93a9 8b68 8327 7ae7 7ae7 72c6 6a65 6a65 6a66 6a66 6265 6a66 6a86 6265 6225 6266 5a25 6245 5a25 5a25 5a04 5a04 6225 51e4 5a25 5a24 6265 6a85 6a65 6a65 6a65 6a65 7265 6a64 7285 6a23 6a23 7264 7264 7a85 7264 7244 7264 6a64 7264 7243 7264 7a64 7223 7243 7a84 7a84 82c5 82c5 7aa4 7a63 7aa4 7a63 7a84 82a4 82a4 82c5 82e5 82e5 82c5 82e5 82e5 8306 8b06 8b06 82e6 82e5 82c5 82c5 82c5 7aa4 7aa4 7263 61e2 5181 4920 4101 4100 4100 38e0 30c0 30c0 38e1 3902 3122 3963 3984 3143 3123 3964 41a4 49a4 3942 41a4 5205 49c4 51c4 49c4 4163 49a3 5a25 59e4 6a25 6a45 7a85 82c6 8ae6 82e6 8b06 8b27 82e6 7ac6 82e6 8b47 8b48 7aa6 6224 6a24 6a24 6a45 59e4 5182 4162 4142 4162 4963 4983 4983 4983 4163 3922 3922 3943 3102 3923 3923 3943 3122 3122 3102 3923 3943 28c1 1881 20c1 28e2 3103 20a1 1060 1881 1881 1061 1881 1881 0820 1040 0820 0820 1040 0840 0840 1061 1041 1040 0840 0820 1060 20a2 2923 31a6 4a8a 4acd 4aee 4b0f 532f 4b0f 4b10 4b10 4b30 4b30 4b30 4b30 4b30 5330 5330 4b10 4aef 4b0f 4aef 4aef 4b0f 4b10 4b10 4b10 4b0f 4aef 42ef 42cf 42cf 42cf 42cf 42cf 42cf 42ef 42ef 42ef 42ef 42ef 42ef 42ef 42ef 42ef 42ef 42ef 42ef 42ef 42ef 42cf 42ef 42ef 42ef 42ef 42ef 42ef 42ef 42ef 42ef 42ee 
94b4 8cb4 8cb4 94b4 94d4 94d4 8cb4 8cb4 94b4 94b4 94b4 8c73 8452 8c93 8cb4 94d4 94d4 8cb4 8cb4 8473 8473 8473 8473 8493 8c94 8c94 8c94 8c94 8c94 8c94 8c94 8c94 8474 8474 8474 8474 8474 8494 8453 8473 8494 8494 8473 7c53 7c32 7c53 7c53 7c53 7c53 7c52 7c53 7c52 7c11 7c11 8411 83f0 7bcf 83f0 8c51 9471 a513 bd74 ad13 acd1 c552 d5b2 ee53 ee53 f6d6 ff17 fef6 f6d6 f6d6 eeb5 f6f6 f6d5 ee74 e632 d5b0 d590 c52e b46c b48d b4ad ac6c a40a 9bea 93a9 8b68 8327 7ae7 7ae7 72c6 6a65 6a65 6a66 6a66 6265 6a66 6a86 6265 6225 6266 5a25 6245 5a25 5a25 5a04 5a04 6225 51e4 5a25 5a24 6265 6a85 6a65 6a65 6a65 6a65 7265 6a64 7285 6a23 6a23 7264 7264 7a85 7264 7244 7264 6a64 7264 7243 7264 7a64 7223 7243 7a84 7a84 82c5 82c5 7aa4 7a63 7aa4 7a63 7a84 82a4 82a4 82c5 82e5 82e5 82c5 82e5 82e5 8306 8b06 8b06 82e6 82e5 82c5 82c5 82c5 7aa4 7aa4 7263 61e2 5181 4920 4101 4100 4100 38e0 30c0 30c0 38e1 3902 3122 3963 3984 3143 3123 3964 41a4 49a4 3942 41a4 5205 49c4 51c4 49c4 4163 49a3 5a25 59e4 6a25 6a45 7a85 82c6 8ae6 82e6 8b06 8b27 82e6 7ac6 82e6 8b47 8b48 7aa6 6224 6a24 6a24 6a45 59e4 5182 4162 4142 4162 4963 4983 4983 4983 4163 3922 3922 3943 3102 3923 3923 3943 3122 3122 3102 3923 3943 28c1 1881 20c1 28e2 3103 20a1 1060 1881 1881 1061 1881 1881 0820 1040 0820 0820 1040 0840 0840 1061 1041 1040 0840 0820 1060 20a2 2923 31a6 4a8a 4acd 4aee 4b0f 532f 4b0f 4b10 4b10 4b30 4b30 4b30 4b30 4b30 5330 5330 4b10 4aef 4b0f 4aef 4aef 4b0f 4b10 4b10 4b10 4b0f 4aef 42ef 42cf 42cf 42cf 42cf 42cf 42cf 42ef 42ef 42ef 42ef 42ef 42ef 42ef 42ef 42ef 42ef 42ef 42ef 42ef 42ef 42cf 42ef 42ef 42ef 42ef 42ef 42ef 42ef 42ef 42ef 42ee 
94d4 94f5 94f5 94d4 94f4 94d4 94d4 8cb4 8cb4 8cb4 8cb4 8c93 8c93 94b4 8cb4 8cb4 94d4 8cb4 8473 8453 8473 8473 8473 8c94 8cb4 8cb4 8493 8c94 8473 8474 8c94 8c94 8473 8473 8473 8453 8453 8473 8453 8473 8494 8473 8473 8494 8473 8473 8473 8473 7c53 7c52 7c52 7c52 7411 73f1 7c11 7c11 7bf0 73af 8431 94b2 a4f3 acf3 b533 bd73 cd92 d5d2 ee53 f6b5 ff37 ff17 f6b5 f6d6 f6b5 f6d6 f6d5 ee74 e653 ddf2 cd70 bced bced b4ad b46c ac6c ac4b 9c0a 93a9 8b68 8327 7b07 7ac6 7ac6 72a6 7286 6a66 6245 6225 6265 6a86 6aa6 6a86 6a86 6266 5a25 6245 51e4 5a25 6245 6245 5a04 49a3 5a04 51e4 6265 6a65 6a65 6a44 7285 7265 7285 7285 7aa5 7244 7244 7a84 7264 7284 7264 6a44 6a44 6a44 7264 7264 7264 7244 7244 7264 82a5 7a84 82c5 82c5 7aa4 7a63 7a83 7a63 7a84 82a4 82a4 82c5 8ae5 8b06 8b06 82e5 82e5 82e5 8306 8306 82e6 82e5 82c5 82c4 82c4 82c4 7aa4 7a83 6a22 61c1 5181 5161 4941 4920 4120 4120 4100 38e0 3901 3101 3922 3984 3123 2923 3144 3984 3963 3964 41a4 49c5 4184 49c5 4184 3943 4183 51e4 49a3 59e4 6204 7a85 82e6 8ae6 82e5 82c5 8b26 82e6 82e6 9388 93a9 8b68 82e6 6a44 6a24 7265 6a44 59c2 51a2 4961 4962 4982 4982 4982 51a3 4962 51a3 4163 4163 4163 3943 4163 3943 4184 3922 3102 28e1 3122 3943 3102 28c1 2902 3122 3943 2080 1860 20c2 1881 20a1 20c2 1881 0820 1040 1881 1040 1060 1040 1040 1861 28c2 28e3 1060 0840 1061 1881 1881 2103 39e8 4a8c 52ed 4aee 4b0f 4b2f 4b30 4b30 4b30 4b30 4b30 4b30 4b30 5330 5330 4b30 4aef 4b0f 4b10 4b10 4b10 4b10 4b10 4b10 4b10 4b0f 42ef 42cf 42cf 42cf 42cf 42cf 42cf 42ef 42ef 42ef 42ef 42ef 42ef 42ef 4aef 4aef 4aef 42ef 42ef 42ef 42ef 42cf 42cf 42cf 42ef 42ef 42ef 4aef 42ef 42ef 42ef 42ee 
94b4 94d4 94d4 94d4 94d4 94d4 8cb4 8cb4 8cb4 8cb4 8cb4 8c93 8473 8c94 8cb4 8cb4 8c93 8473 8453 8453 8473 8493 8c94 8cb4 8cb4 8cb4 8493 8473 8473 8473 8c94 8473 8473 8473 8473 8473 8473 8473 7c53 7c53 7c53 7c32 7c53 8473 8473 7c53 7c53 7c53 7c53 7c53 7c53 7c73 7c53 8453 8472 7c52 7c32 73f0 8431 94d3 9cd3 a4f3 b533 c572 cdb2 e654 f694 ff16 fef6 f6d5 ee94 eeb5 f6d6 f6f6 f6b5 ee73 ddf2 d5b0 c50e b46c ac4b ac6c a42b ac4c a40a 93c9 9389 8348 8327 7ae7 7ae7 7ae7 7ae7 6a85 6245 6245 6245 6a86 6a86 6a86 6a86 6a86 6266 6245 5a25 5a04 6266 5a45 6245 5a25 51c3 6245 5a04 6266 6244 6a65 6a85 7ac6 7285 7265 7265 7aa5 7aa5 7284 7264 7aa5 7264 6a44 6a23 6a23 6a23 6a23 7264 7a84 7243 7223 7264 82a5 82a5 7a84 82a4 82c5 7aa4 7aa4 7a84 82a4 82a4 82a4 82c5 82e5 8ae6 82e5 82a4 82a5 82c5 8b06 8b06 82e6 82c5 7aa4 82e5 82e5 7aa4 7a84 7a84 7263 7243 6a23 61e2 5181 4940 5161 4920 4941 4100 4100 3900 3921 3901 28e1 20a1 1881 28e2 2923 3964 3984 3984 3943 4164 3943 3122 4184 51e5 51c4 59e4 59e4 7285 82e6 82a5 82c6 82e6 82e6 7ac5 8b27 9ba9 9388 8306 7ac6 7264 7264 7ac6 7265 6203 59c2 51a2 59c3 5182 4982 4962 59c3 4962 5182 4962 4142 4142 3902 3902 3922 4184 3943 28c1 3922 4184 4164 3922 3102 30e2 3122 3102 28c1 28c1 2903 1861 20a1 20a1 1881 1040 1881 20a1 1881 1060 1860 28e2 3923 3944 28c2 1020 0820 1881 1060 18a1 2924 39e7 4a6b 52ee 4aee 4aee 4b0f 4b0f 4b0f 4b0f 4b2f 4b2f 4b2f 4b2f 4b0f 4b0f 4b0f 4b0f 4b0f 4b30 4b30 4b30 4b30 4b30 4b0f 4b0f 4aef 42ef 42cf 42cf 42cf 42cf 42cf 42ef 4aef 42ef 4aef 4aef 4aef 42ef 42ef 42ef 4aef 4aef 42ef 42ef 42ef 42ef 42ef 42ef 42ef 42ef 42ef 42ef 42ef 42ef 42ee 42ee 4aee 
94d4 94b4 8cb4 8cb4 8cb4 8cb4 8c93 8c73 8c93 8cb4 8cb4 8c93 8c73 8cb4 8cb4 8cb4 8c94 8c93 8c93 8c94 8c94 8c94 8c94 8c94 8493 8473 8473 8473 8473 8473 8473 8473 8473 8493 8c94 8473 8473 8453 7c32 7c53 7c32 7412 7c32 7c32 7c32 7c32 7c53 7c53 7c53 7c53 7c73 7c73 8473 8473 7c73 7c53 8473 8452 9493 94d4 9cd4 a4f3 bd32 cd92 d5d3 e654 f695 fef6 f6f5 f694 f695 eeb6 f717 f716 f6b4 e612 d5b1 cd4f c50e bcad b46c ac4c ac2b ac4b a40a 9388 9389 8b68 8307 7ae7 7b07 7ae7 7ae6 6a85 6a86 6aa6 6aa6 6a86 6aa6 6a86 6a86 6245 6265 5a25 5a25 5a25 6266 6246 5a25 6245 5a25 6266 6245 5a04 6265 6265 6a65 72a5 7285 7285 6a64 7aa5 6a64 7284 7aa5 7aa5 6a43 6a23 6a24 6203 7244 6a23 7264 7a84 7a84 7263 7243 7a64 7a84 7a64 7a84 7a84 7aa4 7aa4 7a84 82a5 82a5 82c5 82c5 8ae6 8ae5 82c5 7a84 82a5 7aa4 82e5 82e5 82e5 82c5 7aa4 7aa4 82c4 7aa4 7a83 7a84 7aa5 82c5 7aa4 7264 6a43 59e2 61e2 59a2 5181 4941 4941 5162 4962 4962 4162 3101 28c1 28c2 20a2 18c2 2903 3143 3123 3144 3123 3103 3943 41a4 49a4 49a3 51a3 6a65 7285 7285 82e6 8307 7ac6 7aa5 9368 9348 8306 82e6 7ac5 7a85 7aa5 7aa5 7a85 6a24 6a03 61c2 61e3 5182 5182 59e3 59e3 59c3 51c3 4982 4962 4122 4142 3922 4143 3922 3922 3923 4143 4163 3922 3923 3902 30e1 3102 3101 3122 30e2 20c2 1861 18a1 28e2 20a1 1880 1881 20c1 20c1 20e2 20c1 3943 3943 28c2 2081 1040 1060 1881 1880 18a1 2923 39c7 424a 4aad 4aef 4aef 4aef 4aef 4aef 4b0f 4b0f 4b0f 4b0f 4b0f 4aef 4aef 4b0f 4b0f 4b10 4b0f 4b0f 4b0f 4b0f 4b0f 4b0f 4aef 4aef 4aef 42cf 42ef 42ef 42ef 42ee 42ce 42ef 42ef 42cf 42cf 42cf 42cf 42cf 42cf 42ef 42ef 42ef 42ef 42ef 42ef 42ef 42ee 42ee 42ef 42ef 42ef 42ef 42ef 42ee 42ee 4aee 
94d4 8cb4 8c93 94b4 8cb4 8cb4 8c93 8c93 8c94 8cb4 8cb4 8c93 8c73 8cb4 94d4 94d4 94d4 8cb4 8cb4 8cb4 8cb4 8473 8473 8473 8473 8473 8493 8c94 8493 8453 8453 8473 8473 8c94 8c94 8473 7c52 7c12 7c32 7c53 7c53 7c53 7c32 7412 7412 7412 7c32 7c32 7c53 7c53 7c53 7c53 7c53 7c53 7c53 8473 8c93 8c92 94b2 9cd3 a4f3 ad12 bd52 d5f3 ddf3 e654 f6d5 f6b5 ee73 ee74 f6d5 f6f6 f716 f6b5 ee73 ddd1 c4ed c52e c50e b4ac bccd c4ee ac4b a40a 9bea 93a9 9389 8348 7b07 7b07 7ae7 7b27 72c6 6a86 6aa6 6a86 6a86 6265 6245 6a86 6245 5a24 5a24 6225 5a25 5a25 5a45 5a25 5a25 6245 6245 5a25 6266 5a04 6245 5a24 6244 7286 6a85 6a65 6a44 6a64 6a24 6a44 7284 7285 6a23 6a43 6a44 6203 6a23 6a23 6a23 7243 7264 7a84 7a64 7a84 7a64 7a84 7a84 7a84 7a84 7a84 7243 7a63 82a4 7a84 82a4 82c5 82c5 82c5 82a4 82c5 7aa4 82e5 82c5 82c5 82c5 7ac4 7aa4 7aa4 82c5 7ac5 7aa4 7ac5 82c5 82e5 7ac5 7aa5 6a63 7264 6a23 6203 59a2 5981 59a2 5161 59c3 59e4 49a3 4162 3122 20c1 1020 1881 20e3 18c2 18c2 20e3 2903 3144 3984 3963 4183 49a4 51e4 6225 7286 82e7 72a6 7285 72a6 7ae7 8307 7ac6 8307 7ac6 7aa5 82c5 82c5 82c5 7a84 7a85 7264 7265 6a23 6a44 6a44 6224 6224 59c3 4982 51a3 51a3 4962 4963 4142 4143 3922 4163 3923 3102 30e2 4163 3922 3922 3101 3922 3922 3122 28c1 1881 28e2 3122 28e2 20c2 20a1 20c2 20e2 20c2 20c2 28e2 2081 1881 1060 1881 1860 1860 1860 20a1 2923 2944 4228 4a8b 4aee 4aee 4aef 4b0f 4b0f 4b0f 4b0f 4b0f 4aef 4aef 4aef 42ef 42ef 4aef 4aef 42ef 42ef 4aef 4aef 4b0f 4b0f 4aef 4aef 42cf 42cf 42ef 42ef 42ef 42ce 42ce 42ce 42cf 42cf 42cf 42cf 42ef 42ef 42ef 42ce 42ef 42ce 42ce 42ce 42ef 42ef 42ce 42ef 42ef 42ef 42ef 430f 42ef 42ef 42ee 42ce 
9d15 94f5 94f5 94f5 94d5 94d5 94d5 94d4 94d4 94b4 8cb4 8c93 8452 8473 8c93 8c93 8cb4 8c94 8c94 8c94 8c94 8473 8453 8473 8473 8c93 8c94 8cb4 8473 8473 8c94 8473 8473 8473 8453 7c52 7c32 7c32 7c52 8473 8473 8473 8473 7c32 7c32 7c32 7c32 7c32 7c53 7c53 7c52 7c53 7c53 7c53 8473 8c93 94b3 8c72 8c92 9cd3 a4f3 b532 cd93 d592 e633 f6b5 f6b4 ee73 ee53 f6d6 ff37 f717 f6d5 ee53 ddd1 d56f cd2e cd0e bcac c50e c50e bcad a42a 93a8 93a8 8b68 8b47 8327 8327 8328 7b28 7ae7 72c6 72c6 6aa6 6a86 6aa6 6a66 6265 6245 5a04 5a04 6265 6265 5a24 6245 6245 5a25 6225 5a25 5a25 5a25 6266 6245 5a25 5a04 6265 7286 6a65 6a65 6224 6224 6224 6a44 7265 72a5 6a23 6a43 7284 7284 7264 7264 7243 7263 7a84 7a84 7a84 7a85 7264 7a84 7a84 7aa4 82a4 82a4 7a84 7a63 7a83 7a84 82c5 82c5 82a4 82c5 7aa4 82c5 82c5 82e5 82c5 7aa4 7aa5 7ac5 82c5 7aa4 82c5 82e5 82e5 82e5 82c5 82e5 8305 82e5 7ac5 8306 7ac5 7264 6a03 61c1 59c2 59a2 59a1 61e3 5a04 51a3 4162 3922 1860 1040 18a2 18c2 1081 1081 18c2 20e3 2903 3144 3984 41a4 41a4 51e4 5a25 6a65 6a86 6a85 6a85 72a6 7ae7 7b07 8307 7ac6 7ac5 8306 8b06 82e6 82c6 82e6 7ac6 7aa5 7ac5 7ac6 6a44 6a44 6224 59e3 59e3 6204 59e3 51a3 4982 4162 3101 3943 4143 30e2 3102 30e2 3922 3922 3901 3922 4143 4142 3902 2081 20a1 3123 3102 28c2 20c2 20a1 18a1 1880 1881 1881 1881 1040 1040 0840 1060 1860 2080 28a1 2081 2903 2903 39e6 52aa 52ec 4aed 530e 530f 530f 532f 532f 4b0f 4b0f 4b0f 4aef 4aef 4aef 42ef 42cf 42ce 42ce 42ef 4aef 4aef 4aef 42cf 42ce 42ce 42ce 42ef 42ef 42ef 42ef 42ef 42cf 42ce 42ce 42ce 42ce 42ee 42ee 42ee 42ce 42ef 42ef 42ce 42ef 42ef 42ef 42ef 42ef 42ef 42ef 42ef 42ef 42ef 42ee 42ce 42ce 
94f5 94f5 94f5 94d4 94d4 94f5 94f5 94f5 94d4 94d4 8cb4 8c93 8432 8432 8473 8473 8473 8473 8473 8473 8473 8473 8473 8473 8493 8cb4 8c94 8494 8473 8493 8c94 8494 8473 8453 7c32 8453 8453 7c53 7c53 8473 8473 8494 8494 7c53 7c53 7c53 7c53 7c53 7c53 7c53 7c53 8473 8473 8493 8c93 94b3 94b3 8c92 8c72 9c92 acf2 bd32 c572 d5b2 ee53 f6b5 f6d5 ee73 f694 ff37 ff37 f716 f6b5 ee32 e5f1 d56f dd90 cd2e cd0e cd4e bcac ac4b 9bc9 93a9 9388 8b47 8327 8348 8348 7ae7 72c6 7ae7 72c7 72c7 72e7 6a86 6a86 6a86 6a86 5a04 5a04 6265 6265 6265 6a86 5a25 6225 5a25 6245 6245 6245 6245 6266 6245 5a25 5a04 6245 6a65 7286 6a85 6a44 6a65 6a65 6a64 7285 7285 7264 7264 7a84 7264 7284 7aa5 7a84 7a84 7a84 7a84 7aa5 7a84 7a85 7a84 7aa4 7aa4 7a84 82c5 82e5 82a4 7a84 82c4 82c5 82c5 7a84 7a84 7aa4 82c4 82e5 82e5 82c5 7a84 7a84 7ac5 82e5 7ac5 82e5 8306 8b26 8b26 8305 82e5 8b06 8305 8305 8306 8b26 8306 7a84 6a22 6a03 6a03 61c2 61e3 6a44 59e3 51a3 4982 30e1 20a0 20c1 2923 2103 1081 1082 0841 1081 2923 3164 3143 3943 49a4 51e4 5a25 6a86 5a25 6265 72a7 7ae7 7ae7 72a6 7ae6 82e6 8306 8306 8b27 8b48 8b27 8327 8307 82e7 7aa5 7265 6a44 6a64 6a64 6a65 6a65 6224 59e3 4983 4162 3922 3942 3922 30e1 30e1 3102 3902 4163 4162 4142 4962 4121 30e1 28a0 28a1 3923 3102 28c2 28e2 20a1 1040 1040 1881 1061 0840 0840 0020 0820 0820 1860 20a1 28e2 2081 28c2 2902 31a5 4a49 52ab 52ec 530e 530e 530f 530f 530f 4b0f 4b0f 4b0f 4b0f 4b0f 4b0f 4b0f 4b0f 4aef 4aef 4b0f 4aef 4aef 4aef 42ef 42cf 42cf 42cf 42ef 4b0f 4b0f 4b0f 4b0f 4b0f 4aef 42ef 42ef 42ef 42ce 42ce 42ce 42ce 42ee 42ce 42ce 42ce 42ef 42ef 42ef 42ef 42ef 42ef 42ef 42ef 42ef 42ef 4aee 4aef 
8c93 8cb4 8c93 8c93 8cb3 8c93 8cb3 8cb4 94b4 94b4 8c93 8c73 8432 8452 8c93 8c93 8c94 8cb4 8cb4 8493 8c93 8cb4 8cd4 8493 8494 8494 8493 8473 8473 8493 8494 8494 8473 7c52 7c53 8493 8493 8473 7c53 7c53 7c53 8494 8494 8494 8473 8473 7c53 7c53 7c53 7c53 7c53 8473 8c94 8cd4 8cb3 8c93 94b3 8c52 9492 a4d2 b532 b512 c552 ddd2 ee73 f694 fef6 fed6 ff17 fef7 f6f6 fef6 fed5 ee52 ddb0 d58f d56f cd4e c4cd bcad b46b ac4b 9bc9 93a9 8b47 8b68 8b68 8b48 7ae7 72c7 72e8 72e7 6aa6 72a7 6a86 6245 6a86 6a86 6245 6245 6245 6245 6265 6a65 6245 6225 5a04 6224 6245 6245 6245 6245 6245 6245 6225 6245 6245 6a45 6a45 6a44 7285 6a64 6a64 72a5 7284 6a63 7264 7244 7264 7264 7a84 7aa4 7aa5 7ac5 7a84 7a84 82c5 7a84 7a64 7a63 82a4 82c5 82e5 82c5 8ae5 82a4 7a84 82a4 82a4 82a4 7a84 7a63 7a63 7aa4 7aa4 7aa4 7aa4 7aa4 7a64 7aa4 82e5 82e5 82e5 8306 8326 8b47 8306 8b06 8b26 8b26 8b06 8b26 9347 9367 8b26 7ac5 7263 7223 6a02 61e2 6a23 6a44 59e3 51a2 4141 3921 3901 3942 3963 2903 20e3 1882 1081 18c2 2923 2923 3143 41a4 49c4 5205 5a06 5a25 5a45 6aa6 6a86 6a86 6a65 8328 8327 8307 8b27 8b68 9389 8b48 8b28 8b28 82e7 7ac6 7285 6a65 72a5 7285 72a5 6a65 6a44 6204 59e4 4983 4983 4962 4142 3921 3922 4163 4122 4963 49a3 4983 5182 4121 30e1 28a1 28c1 28c1 28e1 30e2 28e2 20a1 1040 1881 18a1 1061 0020 0840 0000 0000 0000 1040 1861 2081 20a1 20a1 20c1 3185 5acb 52ec 52ed 530e 530f 4b0f 530e 52ee 4aef 4b0f 4b0f 42ef 42ef 42ef 4b0f 4b0f 4b0f 4b0f 4b0f 4b0f 4b0f 4aef 4aef 4aef 4aef 4aef 4b0f 4b0f 4b0f 4b0f 4b0f 4aef 4aef 4aef 4aef 4aef 4aef 42cf 42ce 42ce 42ce 42ce 42ce 42ce 42ce 3aae 42ce 42ce 42ce 42ce 42ef 42ce 42ee 42ce 42ee 42ee 
8cb4 8cb4 8c93 8c93 8cb4 8c93 8c93 8c93 8c93 8c73 8c73 8473 8452 8472 8cb4 94d4 94d4 8cb4 8cb4 8c93 8c93 8cd4 94d4 8cb4 8494 8494 8494 8cb4 8cb4 8494 8493 8473 7c32 7411 7c32 8473 8493 8473 7c53 7c32 7c32 7c53 8473 7c53 7c53 7c53 7c53 7c32 7c52 7c52 7c53 8493 8cb4 8cb4 8c94 8cb4 94b3 9492 94b2 a4f2 b532 bd12 d592 e633 f693 f694 f6b5 f6d6 f6d6 f6b5 f6f6 f6d5 e632 ddd1 d58f cd4e cd4e c50d b48c bcac ac4b 9be9 9388 8b68 8b68 93a9 8b68 7ac6 7b07 7b08 7b28 72c7 72e7 72c7 6265 6aa6 6a86 6265 6265 6a66 6245 6245 6244 6a85 6224 5a24 6225 6224 6245 6a65 6a86 6a86 6245 6a66 6a86 6a86 6a65 6a65 6a65 6a65 7285 6a64 6a43 7264 72a4 7264 7284 7284 7264 7aa5 7ac5 7ac5 82e5 7ac5 7a84 82c5 82c5 7aa5 7a84 7aa4 7a84 82e5 8ae6 82e5 8ae5 82a4 7a84 7aa4 82c4 82c4 82a4 82a4 7a63 7a83 7a83 7aa4 7a63 7a84 7a84 82c5 82e5 82e5 82c5 8305 8306 8b47 8b27 8b06 8b47 8b26 8b06 9347 9367 9367 8b47 8306 82e5 7a84 7243 69e2 69e2 6a23 6203 61e3 51a2 51a3 4962 4162 3942 3943 3963 2902 20c2 18a1 1881 20e3 3144 3984 3984 4185 4185 49a4 51e5 6aa7 6aa7 5a25 6a66 7b07 7b07 8b48 8b89 8b68 8b48 8b48 8327 7ae7 7ae6 8327 7b07 7ae6 7b07 7ae6 7ae7 7285 6a44 6204 59c3 51a2 51c3 59c3 51a3 5183 51a3 51a4 4942 51a3 51a3 4982 4962 4142 30e1 3102 3102 28e1 28a1 28a1 28c1 28c1 20a1 20c2 20c2 0840 0000 0020 0000 0020 0020 0820 1040 1040 1880 20c1 20c1 3164 528a 4aab 52ed 530f 4b0f 4b0f 4b0f 4b0f 4aef 4aef 4aef 42ef 42ef 42ce 42ef 4aef 4b0f 4aef 4b0f 4b0f 4b0f 4aef 4aef 4b0f 4b0f 4b0f 42ef 42ef 42ef 42ef 42ef 4aef 4aef 42cf 42cf 42cf 42cf 42ce 42ce 42ce 42ce 42ce 42ce 42ce 42ce 3aae 3aae 3aae 3aae 3aae 3aae 3a8d 3aad 42ae 42ae 3a8d 
9d15 94f5 94d4 8cb4 94d4 94d4 94d4 94d4 94b4 94b4 94b4 94b4 8c93 8c73 8cb4 8cb4 8cb4 8c93 8493 8473 8473 8473 8473 8452 7c53 7c53 8473 8473 8493 8494 8473 8473 7c52 7c32 7c52 8473 8473 7c53 7c52 7c32 7c53 7c53 7c53 7412 73f1 73f1 73f1 6bd1 7411 7431 7c32 7c72 8493 8cb4 8cb4 8cd4 94d3 94d3 8c72 9cd2 acf1 bd52 d5d2 ee32 ee72 ee73 f6b4 f694 f695 ee74 ee74 e653 ddd1 ddd1 ddd1 d590 cd4e c4ed bcac b46b ac2a 93a8 9388 9bc9 93c9 8b48 7ae6 7ac6 8307 7b08 7b08 72e7 7ae8 6aa6 6aa7 72a7 6a66 6a66 6a86 6a65 6245 72a6 6a85 6265 6245 6245 6245 6265 6a86 6aa6 72a6 6a86 6245 6a65 72a6 72a6 6a65 6244 6a85 7285 7285 6a64 6a64 6a64 7284 7aa5 7aa5 7284 7264 7aa5 82e6 82e6 82e6 7aa5 7ac5 82c5 82e6 7a84 7aa5 7aa5 7aa4 8306 82e5 8b06 8ae6 82c5 82a4 7a83 82c4 8b05 82c4 82e5 7aa3 7a83 7aa4 7a84 7a83 7aa4 82c4 8b05 8b05 8b05 7aa4 82e5 82e6 8b06 9347 8b47 8b47 8b47 8b46 9367 9b88 9367 9367 8b47 8b26 82e5 7aa4 7242 7222 7222 6a23 7244 6a23 6203 59e3 51c2 51c2 51c3 4982 4162 3942 3101 20a1 20a1 28e2 3123 3123 3144 3944 3964 49e5 5a67 6287 5a26 6246 72c7 7b28 8348 8b69 8369 8348 8308 8328 7b07 7b07 8348 8348 8327 8327 8b68 8b48 7ac6 6a44 6203 59c2 59a2 6204 59e3 59c3 59a2 5182 59a3 5182 51a3 59c3 5183 4122 4122 30e1 3102 3102 30e2 28c1 28a1 28c1 2080 28e2 28c2 1881 0840 0020 0840 0020 0020 0000 0820 0820 1060 20a1 20a1 20e2 2903 3985 4a69 52cc 530e 4aee 4aee 42ef 42ef 42ef 42ef 42ef 42ef 42ce 42ce 42ef 4aef 4aef 4aef 4aef 42ef 42cf 42ce 42cf 4aef 4aef 4aef 42ef 42ef 42ef 42ef 42ef 4aef 4aef 42ef 42ef 42ce 42ce 42ce 42cf 42ce 42ce 42ce 42ce 42ce 42ce 42ce 42ce 42ce 42ce 3aae 3a8d 3a8d 3a8d 3aad 3aad 3a8d 
9d15 94f5 94d4 8cb4 94d4 94d4 94d4 94d4 94b4 94b4 94b4 94b4 8c93 8c73 8cb4 8cb4 8cb4 8c93 8493 8473 8473 8473 8473 8452 7c53 7c53 8473 8473 8493 8494 8473 8473 7c52 7c32 7c52 8473 8473 7c53 7c52 7c32 7c53 7c53 7c53 7412 73f1 73f1 73f1 6bd1 7411 7431 7c32 7c72 8493 8cb4 8cb4 8cd4 94d3 94d3 8c72 9cd2 acf1 bd52 d5d2 ee32 ee72 ee73 f6b4 f694 f695 ee74 ee74 e653 ddd1 ddd1 ddd1 d590 cd4e c4ed bcac b46b ac2a 93a8 9388 9bc9 93c9 8b48 7ae6 7ac6 8307 7b08 7b08 72e7 7ae8 6aa6 6aa7 72a7 6a66 6a66 6a86 6a65 6245 72a6 6a85 6265 6245 6245 6245 6265 6a86 6aa6 72a6 6a86 6245 6a65 72a6 72a6 6a65 6244 6a85 7285 7285 6a64 6a64 6a64 7284 7aa5 7aa5 7284 7264 7aa5 82e6 82e6 82e6 7aa5 7ac5 82c5 82e6 7a84 7aa5 7aa5 7aa4 8306 82e5 8b06 8ae6 82c5 82a4 7a83 82c4 8b05 82c4 82e5 7aa3 7a83 7aa4 7a84 7a83 7aa4 82c4 8b05 8b05 8b05 7aa4 82e5 82e6 8b06 9347 8b47 8b47 8b47 8b46 9367 9b88 9367 9367 8b47 8b26 82e5 7aa4 7242 7222 7222 6a23 7244 6a23 6203 59e3 51c2 51c2 51c3 4982 4162 3942 3101 20a1 20a1 28e2 3123 3123 3144 3944 3964 49e5 5a67 6287 5a26 6246 72c7 7b28 8348 8b69 8369 8348 8308 8328 7b07 7b07 8348 8348 8327 8327 8b68 8b48 7ac6 6a44 6203 59c2 59a2 6204 59e3 59c3 59a2 5182 59a3 5182 51a3 59c3 5183 4122 4122 30e1 3102 3102 30e2 28c1 28a1 28c1 2080 28e2 28c2 1881 0840 0020 0840 0020 0020 0000 0820 0820 1060 20a1 20a1 20e2 2903 3985 4a69 52cc 530e 4aee 4aee 42ef 42ef 42ef 42ef 42ef 42ef 42ce 42ce 42ef 4aef 4aef 4aef 4aef 42ef 42cf 42ce 42cf 4aef 4aef 4aef 42ef 42ef 42ef 42ef 42ef 4aef 4aef 42ef 42ef 42ce 42ce 42ce 42cf 42ce 42ce 42ce 42ce 42ce 42ce 42ce 42ce 42ce 42ce 3aae 3a8d 3a8d 3a8d 3aad 3aad 3a8d 
9d36 9d15 94d4 94d4 94f5 94f5 94f5 94f4 94f5 94f5 94f5 94f5 8cb4 8c73 8c93 8c93 8c93 8c93 8c93 8c93 8493 8473 8452 7c52 7c52 7c52 7c53 8473 8473 8493 8473 8473 8473 8473 7c53 7c53 7c32 7c32 7c32 7c53 7c53 8473 8473 7c53 7c32 7432 7412 7411 7431 7451 7c51 7c52 8493 8cb3 8c93 8cb3 8cd3 8cb3 8c72 9cd2 acf1 c572 ddb1 e611 ee52 f673 ee73 ee73 f694 e633 ee54 e612 e612 e612 ddd1 d590 cd2e bcac bcac a40a 9bc9 9be9 a3ea 9bca 8b68 72c6 7ae6 7b07 7ae7 7b08 72e7 72e7 6aa6 72a7 6aa7 6a86 6245 6266 72c7 72a6 6a86 72c6 6a85 72a6 6a85 6265 6a65 6a85 72a6 72a6 72a6 6244 6a65 6a65 72a6 6a85 6a44 6a64 72a5 72a5 6a65 72a5 7ac5 7284 7284 7aa5 7aa5 7aa4 7264 7aa5 82e6 82c5 82e6 7aa5 82e6 8306 82e6 7aa5 7ac5 7aa5 7ac5 8b06 8b06 8b06 82e6 82c5 82a4 82a4 82e4 8ae4 8b05 8b05 82c4 7a83 82a4 7aa4 7a83 82a3 82c4 82c4 8b05 8b05 82c5 82e5 82e5 82e6 8b47 9367 9387 9388 9388 9367 9368 9388 9b88 9388 9347 8b26 8b05 82a3 8283 7a83 7a84 82c5 7a84 7264 6a43 6223 6a64 6a44 59c2 51a2 49a2 4162 3101 30e1 28e1 2902 20e2 20e2 28e2 3964 49e5 5226 5205 51e5 6246 6ac7 72e8 6aa6 72e7 7b08 7b07 6aa6 72a6 7ae7 7b07 8328 7b28 8b48 8b89 93a9 8307 7ac6 7264 7264 7264 6203 6a24 6224 6a24 59a2 5181 5161 5161 5181 5182 4921 4101 4122 30e1 30e2 3922 30e1 28c1 28e1 3102 28c1 2902 20c1 1881 0841 0820 0840 0841 0020 0000 1040 1040 1881 20c2 20c1 2902 3144 39a6 528a 52cc 52ed 4acd 4acd 4ace 4ace 4ace 42cf 42ef 42ef 42ef 42ef 4b0f 4b0f 4b0f 4b0f 4aef 4aef 42ce 42ce 42ce 42ce 42cf 42ef 42ef 42ef 4b0f 42ef 42ef 42ef 4aef 4aef 4aef 42ef 42ce 42ce 42ce 42ce 42ce 3aae 3aae 3aae 3aae 3aae 42ce 42ce 42ce 42ce 3aae 42ae 3aae 42ae 42ae 42ce 
9d15 9cf4 94d4 94d4 9cf4 9cf4 94d4 8cb4 94d4 94d4 94f4 94f5 8cb4 8473 8c93 8cb4 94b4 94b4 8cb4 8cb4 8cb4 8cb3 8493 8473 8473 8473 8473 8494 8c94 8494 8473 8473 8473 8473 8473 7c53 7c52 7c53 7c53 7c52 7c52 7c53 7c73 7c53 7c53 7c53 7c73 7c72 7c52 7c51 7c31 7c31 7c52 8472 8472 8492 8493 8472 8c72 a4d2 b4f1 cd71 ddb0 ddd0 ee11 ee52 ee32 ee74 ee74 ee53 e633 e5f2 ddb1 ddb1 e5d1 cd4f bccd bccd b48c a40a 9bea a40b 9bea 9389 7ae6 72a5 7ae6 7ae6 72c6 72a6 7ae7 72c7 6aa6 72c7 6aa6 6aa7 6aa6 6aa7 72c7 6ac7 6a86 6a85 6265 6a85 6a86 6a86 6a45 6a65 6a86 7286 72a6 6a65 6a65 6a65 6a85 6a65 6a65 7285 6a85 7285 72a5 7ac6 72a5 7284 7243 7264 7ac5 7aa4 7284 82c5 82e6 7ac5 82c5 7ac5 82e6 82e6 82e7 7ac6 7ac6 7aa5 82a5 82c5 8306 8306 82e5 8ae5 82a4 82e5 8b05 8b05 8ae4 8b05 8b05 82c4 82c4 82e4 82c4 82a3 82e4 82c4 8ae5 8b05 8b05 8b05 8b05 82e4 8b26 9367 9ba8 9b87 9b87 9367 8b06 8b26 9347 9367 9367 8b46 8b46 8b05 8b05 8ae5 82e5 82e5 82e5 7ac4 7ac5 72a4 72a4 7ac5 72a5 6223 5a03 59e3 51a2 49a3 4162 3101 30e1 3102 3122 3963 3943 3943 3922 49a4 6266 6287 5205 5a25 5a46 6286 6286 6265 6a65 72c6 7b07 7b28 7b28 7b07 8327 8b48 7ac6 7ae6 7ac5 7aa5 7285 6a23 6a03 6a23 6a44 6223 61e3 59c2 59c2 5182 5162 4101 4101 4142 3902 3922 4163 3102 30e2 30e1 3922 3102 28e2 20c2 18a2 1041 0840 1041 0841 0820 1020 1840 1040 1040 1881 20c1 28e2 3984 4a07 5aca 5b0d 4acd 4ace 4acd 4acd 4ace 4ace 4ace 42ee 42ef 42ef 42ef 42ef 4aef 4aef 4aef 4aef 4aef 4aef 4aef 4aef 4aef 42ef 42ef 42ef 4b0f 4b0f 42ef 42ce 42ce 42ef 4aef 4aef 42ef 42cf 42ce 42ce 42ce 42ce 42ce 42ce 42ae 42ae 42ae 3aae 3aae 42ce 3aae 3aae 3aae 3aae 3aae 42ae 42ce 
9471 8c51 8c51 8c31 9451 9471 8c31 8c31 8c51 8c72 8c72 8c72 8452 8432 8c93 8c93 8c73 8c93 8c93 8c93 94b3 94b4 8cb3 8cb3 8cb3 8cb4 8c93 8c93 8c93 8c73 8473 8473 8493 8473 8473 8473 8452 8453 8453 7c73 7c53 7c73 7c53 7c53 7c52 7c52 8452 8452 7c31 7c30 7c2f 7c30 7c30 7c31 7c51 7c72 7c52 8c51 9c91 b4f2 c551 cd0e cd2e e5f0 ee52 f653 ee32 ee53 ee74 ee53 e612 d5b0 d570 cd50 d570 c4ed bccd cd2e b48c a44b a42b 9c0b 93a9 8348 72a5 7ac6 7ac6 72c6 72a6 72c7 72e7 72a6 72c7 72c7 72c7 72c7 6a86 72c7 6aa6 6aa6 6a86 6265 6244 6a85 72a6 6a86 6245 6a65 7286 72a6 7286 6245 6a65 6244 6a65 72a6 72a6 7285 7285 6a65 72c6 7ac6 72a5 7264 6a43 7263 7ac5 7aa4 7aa4 82e5 82c5 7aa4 7ac5 82c5 8306 8307 8307 7ac6 7aa6 7aa5 82c5 7ac5 82e6 82e6 8b06 82c5 7aa4 82e5 8b05 8b05 8ae4 8ae4 9305 8ae4 82c4 82e4 8b05 8ae4 82e4 82e4 8b05 8b25 8b25 9326 8b25 8b25 9346 9346 9367 9347 9367 9367 8b26 8b26 8b26 9367 9387 9367 9346 8b46 8b26 9346 9346 8b26 8b05 8305 8b26 8306 8306 8306 8327 7ac6 6a64 6223 59e3 59e3 59e4 51e4 49a3 49a3 4983 4183 3922 30e1 3101 49c4 49e5 4163 28e2 3963 41a4 49c4 41a3 51e4 6245 72a6 7b07 72e7 72e7 72a6 7b07 8307 8307 8306 8306 7ac5 7285 7264 7284 6a44 6a44 6a23 6a44 6a44 6a44 61e3 5182 4941 4121 4142 4122 4983 4183 3922 3923 30e1 30e1 3123 28e2 20a1 1081 1040 1041 1061 0841 0820 1860 1860 1840 1040 20c2 20e2 2902 3984 5226 5aca 5b0c 4aed 4acd 42cd 42ce 42ce 42ce 42cf 42ce 42ce 42ce 42ce 42ce 42ce 42ce 42ce 42ce 42ce 42ce 42cf 4aef 4aef 4aef 4aef 4b0f 4b0f 4b0f 42ef 42ef 42ee 42ee 42ee 42ee 42ce 42ce 42ce 42ce 42ce 42ce 42ce 42cf 42ce 42ce 42ce 3aae 3aae 3a8d 3a8d 3aae 3aae 42ce 42ce 42ce 42ce 
940e 940e 942e 942f 942f 942f 942f 940e 8c0f 83ee 83ce 83ce 7bae 7bce 8c10 8c10 8c10 8c30 8c50 9451 9451 9471 9cb2 9cd3 9cb2 94b3 9492 8c71 8c51 8c51 8c31 8c72 9492 8c92 8c71 8431 7c10 7c10 7c11 8432 8452 8452 7c32 7c52 7c52 7c31 7c31 7c11 7c10 842f 7c2f 7c2f 7c0f 7c30 7c31 7c31 8410 8c30 a4b0 cd71 ddd1 cd2e dd8f f693 f693 ee32 ee33 ee53 ee73 ee33 ddd1 cd70 cd70 cd4f c50e c50e d570 c52f bccd ac8c a42b 9bca 8b68 8327 72c6 7ae7 7ae7 7ac6 7ae6 72c7 6a86 72e7 72e7 72c6 6aa6 6aa7 72c7 6aa7 72c7 6266 6225 6245 6a85 72a6 72c7 6a86 6a65 6a86 72c7 6a65 6a65 6244 6a65 6a45 6a65 72a6 6a85 6a65 7285 6a85 7285 7ac6 7ac6 72a5 7ac5 7aa4 7ac5 7ac5 7ac5 7ac5 82c5 7ac5 7aa5 82c5 82e6 8307 8307 82e7 7ac6 7aa5 82c6 82e6 82e6 82c5 8b06 82c5 82c4 82c4 8b05 9326 8b05 8ae4 9305 8b05 8ae4 9325 8b05 8ae5 8ae5 8b05 8b05 8b25 8b25 9326 9346 8b26 9346 9367 9367 9367 9367 9367 9367 9346 9367 9367 9387 9387 9367 9367 9346 9346 9346 9346 8b26 8b26 8b46 8b47 8b47 8326 8b47 8327 8306 7ac6 7285 6a44 6264 6a85 6244 5a24 59e4 51c3 4983 4962 4163 49e4 4163 30e1 20a0 28e1 2902 3122 3123 3943 49a4 5a04 6266 6a86 72c7 72a6 72c6 7b07 7ac6 7aa5 8327 7ac6 8306 7ac5 7244 7264 8307 7264 7264 6a44 6203 61e3 59a3 4962 4101 4122 4121 4962 4142 3921 3902 30e1 30c1 3102 28e2 18a1 1881 1060 1061 1040 0820 0820 20a1 28a1 2081 1040 20c1 28e2 3123 4184 5206 62c9 62ea 5aec 52ed 4acd 42ce 42ce 42ce 3ace 3ace 42ce 42ce 42ce 42ce 42ce 42ce 42ce 42ae 42ae 42ae 42ae 42ae 42ce 42ce 42ae 42ce 42ef 42ef 42ef 42ef 42ce 42ce 42ce 42ce 42ce 42ae 42ae 42ae 42ae 42ae 42ae 42ae 42ae 42ae 42ae 3aae 42ce 3aae 3aae 3aae 42ce 42ce 42ce 42ce 3aae 
940e 9c2e 9c2e 9c4f 9c4f 9c4e 9c6f 9c4e 9c4e 942e 8bed 838c 7b6c 7b4b 838c 83ac 83ad 93ee 940e 93ee 8bcd 8bcd 942f 942f 83cd 738d 738d 83ce 942f 9c2e 940e 9c2f 9c70 9c70 942f 7bad 736c 7bad 83ee 8c0f 8c30 8c10 8c0f 8c30 8c30 8c30 840f 8c30 8c30 8c2f 8c0e 83ee 7bcd 7bce 736d 736d 736c 83ac b4f0 ddd1 dd90 dd8f f653 fed5 f673 ee32 ee33 f695 ee53 ee33 ddd1 ddb1 ddf2 d591 d590 d5b1 ddd1 c50f b4ad ac6c a42b 9bea 8b68 8348 8328 7b07 7b07 8307 7ae7 6aa6 72c6 7b07 72e7 72c7 6aa6 6aa7 72c7 6aa6 6aa6 6265 6245 6a65 6aa6 6a85 72a6 6a65 6a65 6a86 72a6 6a65 6a65 6a65 6a85 6a85 72a6 72a6 6a85 7285 72c6 6a65 72a5 8307 8306 7ae6 7ac5 82e5 7ac5 7aa4 7aa4 7ac4 7ac4 82e5 82c5 82e5 7ac5 7ae6 8307 82e7 7ac6 7ae6 8306 82e6 82c5 82e5 82e5 8ae5 82e5 8b05 8b25 9346 9346 9305 8b05 9325 8ae4 8b05 8b05 8ae5 8b05 8b05 8b05 8b05 8b26 9346 9367 9367 9367 9b87 9b87 9ba7 9387 9b87 9366 9387 9387 9387 9387 9387 9ba8 9387 9367 9367 9367 8b26 8b26 9366 8b47 8b47 8b67 8326 8b68 8b68 8b47 8327 7ae6 7ae6 72c6 72a6 6244 5a03 5a03 5a03 5a24 5a24 5a04 51e4 4983 3942 3101 28e1 20c1 20e2 28e2 3103 3122 41a3 5204 6245 5a24 6a85 7ae7 7ac6 7ac6 8307 8b48 8306 7ac6 6a44 6a23 8307 8b48 6a44 7264 6a24 61e3 61e3 59c3 5183 4942 4101 4962 5182 4983 4122 3901 4143 3923 3102 20a1 1880 1880 18a1 20c2 1040 0840 1060 28c1 30e1 20a1 2081 2902 28e1 3122 41a4 49c5 5a67 6b0a 630b 5aec 52ed 4aee 4ace 42ce 42ce 42ce 42ce 42ef 42ef 42ef 42ef 4aef 4aef 42ce 42ce 42ce 42ce 42ce 42ce 42ae 3a8e 3aae 42ce 42ce 42ce 42ce 3aae 42ce 3aae 3aae 3aae 3aad 3aad 3a8d 3a8d 3a8d 3a8d 3a6d 3a6d 3a6d 3a6d 3a8d 3aae 3aae 3aae 3a8d 3aae 3aae 42ce 42ce 42ce 
7b4c 7b6c 836d 838d 836c 7b6c 7b8c 83ac 83cd 83ad 734c 6b2b 732b 732b 734b 7b4b 732a 7b6b 838b 834b 836b 93cc 93ed 8b8c 6aa9 4a07 4a07 6ac9 93cd a42d a40d 9bed 9bcd 93cd 8bac 7b4a 834b 93cd 9c2e a46f ac90 940e 838c 93ee a470 9c4f 8bad 8bad 9c2f 9c4f 942e 8bed 734b 62c9 5a88 5a67 62a7 a46d e613 ee52 dd8f e5d0 f694 f674 e5f1 e5f1 f674 ee74 e633 e612 e633 e612 ddd1 d570 e5f2 ddf2 cd50 b4ad b48d a42b 93c9 8b68 8327 8348 8348 7ac6 8307 8307 7ae7 72c7 72e7 72c7 72a6 6aa6 6aa6 72e7 6aa6 72c7 6aa7 6265 6245 6a86 6aa6 6a85 72a6 6a86 72c7 72c7 6a86 6245 6244 6a65 6a85 6a86 72a5 72a5 6a85 7285 72c6 6a85 72a6 7ae6 7ac5 7ac5 7ac5 82e6 82e5 82e5 7ac5 8305 82e5 8b06 8306 82e6 82c6 7ac5 7ac6 82e7 82e6 8306 8b27 82e6 7aa4 82a4 8ae5 8b05 82e5 9346 9326 9346 9346 9346 9325 9325 8b05 8b05 8b25 8ae4 8ae4 8b05 9346 9346 9346 9366 9b87 9ba8 9ba8 9b87 9b87 9ba7 9b87 9b87 9366 9346 9367 9ba8 9387 9367 9ba8 9367 9367 9367 9367 9346 9346 9346 9367 9367 9367 8b26 8b67 9388 8b67 8327 8327 8327 8348 8348 7ae7 6aa5 72a6 72c6 72c6 72c6 6245 51e3 49a3 49a3 4162 3101 28e2 20c2 20e3 20c3 2902 3963 49a3 51e4 5a24 6a65 7ae7 72a6 7ae7 8327 7ae6 7264 6a43 7284 82e6 8b27 7ac6 6a24 6203 61e3 59c2 59c2 5162 5182 59c4 4962 5182 51a3 51a3 4142 4122 3922 3902 3102 20c1 18a1 1880 18a1 2903 20a2 1060 1040 28c1 30e1 2081 28c2 3123 2902 2902 41a4 41a4 4184 5a67 6ae9 632b 5b0c 52cd 4acd 4acd 42cd 4ace 42ef 42ef 4aef 4aef 42ef 4aef 4aef 4aef 4aef 4aef 42ce 42ae 42ae 42ae 3aae 3aae 3aae 3aae 3aae 3aae 3a8d 3aae 3aae 3aae 3aae 3aad 3a8d 3a8d 3a6d 326d 3a6d 3a6d 3a6d 3a6d 3a6d 3a6d 3a8d 3a8d 3a6d 326d 3a8d 3a8d 3a8d 3a8d 3aad 
5248 5269 5a8a 5a69 5229 49e7 5228 62aa 62ea 5aaa 5a8a 5aaa 632c 6b2c 732c 734c 734b 7b8c 730a 6ac9 7b4b 8bcc 93ed 8bac 730a 5a88 5248 5248 730a 8b8b 8bac 8b8c 836b 834b 7b4b 834b 838b 8bac 93ed a44e a44e 8b8c 72c9 834b 93ed 8bac 72ea 72ea 8bac 93ed 8bac 836b 6aa9 5247 6287 72c7 ac6d de12 ee53 e5f0 ddaf e5b0 ee32 ee32 ddd0 ee53 f674 e612 ee33 ee74 ee54 ddd2 cd50 d590 d590 cd50 b4ad b46c a42b 93a9 9389 9368 8b47 8307 8327 72c6 7b07 7b07 7ae7 72c6 72a6 72a6 72e7 72c7 72c7 6aa6 6a86 6aa6 6a86 6a86 6265 6265 6aa6 6aa6 72e7 72c6 72e7 72c6 6265 6a65 6a65 6a86 6a86 6a65 6a64 6a85 72c6 72c6 6a85 6a85 72a5 7ae6 7aa5 7ae5 82e6 82e6 82e6 82e5 82e5 8326 8326 8306 8307 8307 82e6 82e6 82c6 8306 8b07 8b27 8b27 8b06 82c5 8284 8b05 8b05 8b05 9346 8b06 9326 9346 9367 9366 9346 8b25 8ae4 9325 8b05 8b25 8b25 9346 9387 9367 9366 9ba8 9ba8 9ba8 9ba8 9ba8 9ba8 9ba8 9b87 9366 9366 9366 9387 9ba8 9387 9387 9387 9387 9387 9367 9367 9346 9347 9b87 9b87 9387 8b46 9367 9388 8b67 8b47 8b47 8b27 8b68 8b69 8b89 8369 7b08 7b07 7b28 7b28 72c6 6a86 5a04 5204 49c4 3901 28c1 1861 1061 1061 20c1 3963 49c4 6245 6aa6 6a86 6a86 6a45 6a44 7285 7264 7284 7284 7ac5 8306 7ac6 7285 6a03 61e3 6203 6a24 6203 59a2 59c3 61c3 51a2 51a2 4941 4982 51a3 4142 3902 3102 3102 28c1 20c1 20c1 20a1 20e2 20c2 1881 1881 28e1 3102 2081 2081 2902 3943 3122 41a4 41a4 41a4 49a4 6287 734b 632c 5aed 52ed 42cd 42ad 42ce 42ce 42ce 42ce 42ce 42ce 42ce 42ce 42ce 42ce 42ce 42ce 42ae 42ae 42ae 42ae 42ae 42ae 42ae 3a8d 3a8d 3a8d 3a8d 3a8d 3a8d 3a8d 3a8d 3a8d 3a8d 3a8d 3a8d 3a8d 3a8d 3a8d 3a8d 3a8d 3a8d 3a8d 3a8d 3a6d 3a6d 3a8d 326d 326d 326d 3a8d 
5249 4a28 41e7 41e7 41e7 39a6 49c7 5a48 5248 4a07 41e7 4a08 5269 5289 5aa9 6b0b 734b 734c 6b0b 6aea 732b 734b 7b4b 7b4c 732b 6b0b 62ca 5a89 62a9 6aea 6aea 6ac9 62a9 5a89 62aa 6aea 730b 732b 732b 836b 7b6c 732b 730b 732b 732a 6aea 62a9 62ca 6b0b 6b0b 6aea 62aa 5a89 62a9 7b4a 9c2d d5b2 ee54 ee32 e5d0 dd8f e5b0 e611 e611 e612 f694 f6b5 f694 f6b5 e653 ddd1 d591 d5b1 d590 cd50 c50e b48c b4ad a40a 93a9 93a9 8327 8307 7b06 7b07 8327 8327 8328 72c6 6a85 72a6 72e7 72a6 72a6 6aa6 6aa6 72c7 6a86 72a7 6aa6 6aa6 6a85 6aa6 72c6 72c7 72c7 72c6 6a86 6a85 6265 6245 6a85 6a86 6a65 72a5 72a6 72c6 7ae6 72a5 72a5 72c6 7ac5 7ac5 7ac5 82e6 82e5 8306 82e6 8306 8306 8326 8306 8306 82e6 8306 82e6 82c5 8306 8b27 8b47 8b27 8b26 8ae5 82a4 8ae5 8b26 8b26 9346 9346 9346 9346 9b87 9387 9346 8b25 8b25 8b25 8b25 8b25 8b25 9346 9366 9387 9387 9ba7 9387 9387 9b87 a3c8 a3c8 a3e9 9bc8 9387 9387 9387 9387 9ba8 9ba8 9ba8 9bc8 9ba8 9ba8 9b88 9387 9387 9388 9b88 9b87 9367 9367 9388 9388 9388 9388 9368 9388 8b68 9389 93ca 93aa 8b89 8349 8348 8348 8328 7b28 6aa6 5a25 51e4 4162 28e2 1040 0800 1081 3143 49e5 49e4 6266 72e7 72c6 6a85 6244 6a65 6a65 6a44 7aa5 72a5 7ac6 7ae6 72a5 7265 6a44 7264 6a64 6a44 6203 59c2 6203 61e3 59c3 51a2 4961 4942 51a3 4983 4162 3942 3102 28c1 28c1 28c1 28c1 28e2 20c2 1060 1881 20c1 28c1 20a1 28c1 3122 3942 3122 49e5 41a4 41a4 4183 5205 62a8 6b0a 5aec 52cd 42cd 3aad 3aad 3a8d 3a8d 3a8d 3aad 42ae 42ae 42ae 42ae 42ae 42ae 42ae 42ae 42ae 42ae 42ae 42ce 42ae 3aad 3a8d 3a8d 3a8d 3a6d 3a6d 3a8d 3a8d 3a8d 3a8d 3a8d 3a8d 3a8d 3a6d 3a6d 3a8d 3a8d 3aad 42ae 42ae 42ae 3a8d 3a8d 3aad 3a8d 326d 326c 326c 
62ca 5268 4a48 5288 5aa9 5a88 5a88 6289 5a69 5228 4a08 4a08 4a48 4a48 4a28 4a28 4a07 5248 5289 5289 5289 4a48 4a27 4a28 5248 5269 5248 4a28 4a28 5248 5269 4a48 4207 41e7 41e7 4a48 5289 5aaa 5aa9 5a89 5a89 5aa9 62eb 62ea 5289 4a28 4a28 5289 5aaa 5269 4a28 4a28 62a9 7b4b 9c0d c551 cd50 cd6f ddb0 dd8f dd6f ddb0 ddb0 e632 f6b5 fed6 f6b5 f6b5 f6b5 ddf2 ddb1 d591 cd70 d591 cd2f bcee b4ad ac6c 9389 9bea 93a9 8b68 8b48 8327 8327 7ae6 8328 8348 72a6 7286 72c7 7ae7 72a6 6265 72c7 6aa6 72c7 6aa6 72e7 6aa6 72c6 6265 6265 6aa6 72c6 6aa6 72a6 6aa6 6aa6 6a86 6265 6a65 72a6 6a65 72a6 72a6 7b07 7ae7 72a5 72a6 72a5 7ac6 7ac6 7ae5 7ae5 8306 8306 8306 8327 8306 8307 8306 82e6 82e5 8b06 8306 82c5 8b06 9347 8b47 8b26 8b06 82a4 82a3 8b05 9326 9326 9346 9346 9366 9366 9b87 9b87 9366 8b26 9346 9326 8ae5 8b25 9346 9346 9366 9b87 9ba8 9b87 9387 9ba8 9bc8 9bc8 a3e9 a3e9 a3e9 9ba8 9ba8 9ba8 9388 9ba8 9ba8 9bc8 9bc9 9bc9 a3e9 a40a 9ba8 9ba8 9bc9 a409 a3e9 9387 9388 9ba8 9bc9 9388 9388 9388 93a9 93a9 93a9 93a9 93ca 93eb 8b8a 8b69 8348 8b89 8b69 8328 6266 51e4 49c4 3122 1040 0800 18a2 3984 3943 51e5 72c7 7b08 72c6 72e7 6a85 6a65 6a64 6a64 7ac6 72a5 7ae6 7285 7aa5 6a64 7264 7ac6 72a5 7285 6a24 61e3 6203 61e2 61c3 59a3 59c3 5183 4983 51a4 4983 3922 30e1 30e1 30e1 3102 3102 28e2 20e2 1861 1061 20a1 28c1 28c1 28e1 4183 3942 3122 41c5 3984 3984 3963 4183 5a46 6ae9 5aca 52cb 4aac 428d 3a8d 3a8d 3a6d 3a8d 3a8d 42ae 42ae 3aad 3aad 3aad 3aad 3aad 42ae 3aad 3aad 3aad 42ae 3aad 3a8d 3aad 42ae 3aad 3a8d 3a8d 3a8d 3a8d 3a8d 3a8d 3a6c 3a8d 3a8d 3a6d 3a6d 3a6d 3a8d 3a8d 3a8d 3aad 3aad 3a8d 3a8d 3aad 3aad 3a8d 326c 326c 
62ca 5268 4a48 5288 5aa9 5a88 5a88 6289 5a69 5228 4a08 4a08 4a48 4a48 4a28 4a28 4a07 5248 5289 5289 5289 4a48 4a27 4a28 5248 5269 5248 4a28 4a28 5248 5269 4a48 4207 41e7 41e7 4a48 5289 5aaa 5aa9 5a89 5a89 5aa9 62eb 62ea 5289 4a28 4a28 5289 5aaa 5269 4a28 4a28 62a9 7b4b 9c0d c551 cd50 cd6f ddb0 dd8f dd6f ddb0 ddb0 e632 f6b5 fed6 f6b5 f6b5 f6b5 ddf2 ddb1 d591 cd70 d591 cd2f bcee b4ad ac6c 9389 9bea 93a9 8b68 8b48 8327 8327 7ae6 8328 8348 72a6 7286 72c7 7ae7 72a6 6265 72c7 6aa6 72c7 6aa6 72e7 6aa6 72c6 6265 6265 6aa6 72c6 6aa6 72a6 6aa6 6aa6 6a86 6265 6a65 72a6 6a65 72a6 72a6 7b07 7ae7 72a5 72a6 72a5 7ac6 7ac6 7ae5 7ae5 8306 8306 8306 8327 8306 8307 8306 82e6 82e5 8b06 8306 82c5 8b06 9347 8b47 8b26 8b06 82a4 82a3 8b05 9326 9326 9346 9346 9366 9366 9b87 9b87 9366 8b26 9346 9326 8ae5 8b25 9346 9346 9366 9b87 9ba8 9b87 9387 9ba8 9bc8 9bc8 a3e9 a3e9 a3e9 9ba8 9ba8 9ba8 9388 9ba8 9ba8 9bc8 9bc9 9bc9 a3e9 a40a 9ba8 9ba8 9bc9 a409 a3e9 9387 9388 9ba8 9bc9 9388 9388 9388 93a9 93a9 93a9 93a9 93ca 93eb 8b8a 8b69 8348 8b89 8b69 8328 6266 51e4 49c4 3122 1040 0800 18a2 3984 3943 51e5 72c7 7b08 72c6 72e7 6a85 6a65 6a64 6a64 7ac6 72a5 7ae6 7285 7aa5 6a64 7264 7ac6 72a5 7285 6a24 61e3 6203 61e2 61c3 59a3 59c3 5183 4983 51a4 4983 3922 30e1 30e1 30e1 3102 3102 28e2 20e2 1861 1061 20a1 28c1 28c1 28e1 4183 3942 3122 41c5 3984 3984 3963 4183 5a46 6ae9 5aca 52cb 4aac 428d 3a8d 3a8d 3a6d 3a8d 3a8d 42ae 42ae 3aad 3aad 3aad 3aad 3aad 42ae 3aad 3aad 3aad 42ae 3aad 3a8d 3aad 42ae 3aad 3a8d 3a8d 3a8d 3a8d 3a8d 3a8d 3a6c 3a8d 3a8d 3a6d 3a6d 3a6d 3a8d 3a8d 3a8d 3aad 3aad 3a8d 3a8d 3aad 3aad 3a8d 326c 326c 
5289 5aca 6b0b 736c 7b6c 6b0a 62a9 62a9 5a89 5aa9 5aa9 5aa9 5aca 5aca 4a89 4228 4208 5289 5aca 5aca 4a68 4207 41e7 4a48 5269 5aaa 5269 4208 39e7 4228 4a69 52aa 4a69 4208 31a7 39c7 4228 5269 4a49 4208 39c7 39e7 4228 4a48 41e7 31a6 3186 39c7 4207 39c7 3186 41e7 732a 8bcc 9c0d a44d bcce d570 dd8f dd8f e5d0 e5d0 ddb0 ee73 f6d4 f6b4 ee52 ee73 ee73 e613 d590 cd2f d5b1 cd50 c50e c4ee b4ad 93a9 9388 9bea a40a 93a9 9389 8328 72c6 7b07 8b89 7b08 72a6 7ac7 7ac7 6a86 6aa6 6a86 72c7 6aa6 72c7 72e7 72c7 72c7 6265 6265 6aa6 72c6 72c6 6a86 72a6 6aa6 6aa6 6aa6 6a86 6a86 72c6 6aa6 6a85 72a6 72a6 72c6 72c6 72a6 72c6 7ae6 82e6 7ac5 7ae5 8306 8306 8306 8306 8307 8b27 8326 82e5 82e5 8b26 8b26 82e5 9367 9367 8b47 8b26 8b06 82c4 82c4 9326 9346 8b26 8b25 9346 9346 9346 9366 9366 9346 9346 9367 9367 8b26 8b05 8b25 8b45 9366 9387 9ba8 9ba8 9b87 9bc8 a3e9 9bc8 a3e9 9bc8 9bc8 9bc9 9bc9 9bc9 9bc9 9bc9 9bc9 9bc9 9bc9 93a9 9bc9 a40a a3ea 9ba9 9bc9 a40a a40a 9ba8 9388 9ba8 9bc9 9bc9 9bc8 9ba8 9bc9 9ba9 9bc9 93a9 93ca 9beb 8baa 8b89 8348 8b89 8b89 8348 72c7 5a45 5204 3942 1040 0800 18c2 41a5 5226 62a7 72e8 72e7 72c6 72e7 6a85 6a65 6aa5 72c6 7ae6 6a85 6a65 6a64 72a5 6a44 72a5 7ae6 72a5 7285 6a44 6a44 6a24 6a23 6a44 59a2 51a3 4962 4983 51a3 51a4 4963 3901 3102 3102 3943 3102 3102 28c1 1881 1881 20a1 2901 3122 28c0 4182 4163 3122 2902 3143 4183 4183 49a4 5205 62a8 62c9 5aca 4aab 428c 428c 3a8d 3a8d 42ae 42ae 42ae 3a8d 3a8d 3a8d 3a8d 3a8d 3a8d 3aad 3a8d 3a8d 3a8d 3aad 3aad 3aad 42ad 42ce 42ae 3aad 3a8d 3a8d 3a8d 3a8d 3a6c 324c 3a6c 3a8d 3a8d 3a8d 3a8d 3a8d 3a8d 3a8d 3a6d 3a6d 3a6d 3a6d 3a8d 3aae 3aad 3a8d 3a8d 
5aaa 62ea 6b0b 6b0b 62ca 5a89 5248 5268 5a89 62c9 5ac9 5289 5289 5269 4a49 5269 528a 62eb 62eb 5289 4a48 4a28 5269 5aca 62ca 5aca 5289 4228 4a69 5aca 630b 62eb 5289 4208 39e7 4a28 5aca 630b 5aa9 4228 39e7 4207 5269 5289 4227 39c6 3186 39c6 4208 4a28 4a28 62e9 83cc 83ab 7b4a 9c0c d590 e5f1 ddb0 dd6e e5af dd8f e612 f693 f692 ee31 ee52 e5f1 ddf1 d590 cd70 ddd1 ddd1 cd70 c50e b48d a42b 9ba9 9bea a42b 9bea 9389 8b68 8327 7ae7 7b07 8b48 7b07 6a85 72a6 72a6 6a65 6a86 6aa6 6a86 72c7 72c7 72c7 6265 6aa6 6265 6a86 6aa6 6aa6 6a86 6aa6 72a6 72a6 72c7 6a85 6a85 72c6 72c6 72c6 72a6 72a6 72a6 72a6 72c6 72a5 7ae6 8307 8306 7ac5 7ae5 8306 8b27 82e6 8306 8327 8307 8306 8306 8326 8b47 8b26 8b26 8b26 9347 9346 8b26 9346 8b05 8ae5 9326 9346 9346 8b06 9367 9347 9346 9366 9346 9346 9346 9346 9b67 9347 9326 9346 8b26 9367 9ba8 9bc8 9ba8 9bc8 9bc9 a3e9 a3e9 a40a 9bc9 9ba8 9be9 a3ea a3e9 9bc8 9bc9 a3e9 a3e9 a3e9 9bc9 a3e9 a40a a3e9 a3e9 9bc9 9be9 a3e9 9bc9 9ba9 9388 9bc9 a3ea 9bc9 9ba9 9bc9 9bc9 9bc9 93a9 8b89 93ca 93aa 8b89 8348 8368 8b89 8348 72c6 6245 49c3 3942 20a1 20c2 3984 5206 5226 5205 6266 6aa6 6265 6266 6265 6aa6 72c6 72a6 72a6 6a65 6224 6a64 7285 7285 7285 7aa6 6a44 6a44 7244 7265 7264 7aa5 7264 59c3 5182 4941 4982 4983 51a3 4983 4162 3902 3102 3102 3122 3943 28e2 1881 1881 28c1 4184 49a3 3921 4183 4183 3963 28e2 3123 3963 49c4 6266 5a46 6ac8 62c9 5aca 4a8b 4a8c 428c 42ad 42ad 42ad 42ad 3aad 3a8d 3a8d 3a8d 3a8d 3a8d 3aad 3aad 42ad 42ad 42ad 3a8d 3a8d 3aad 42ad 42ad 42ad 42ad 3aad 3aad 3a8d 3a8d 3a8d 3a6c 3a6c 3a8d 3a8d 3a8d 42ad 3aad 3a8d 3a8d 3a8d 3a8d 3a6d 3a6d 326c 3a8d 3a8d 3a8d 3a8d 
5a89 5a89 5268 4a48 4a27 4207 4a28 5269 5a89 5289 4a48 4207 4207 4208 4a48 5269 5269 5269 4a48 4a28 4a28 5269 5289 5289 5249 4208 4208 4228 5289 5aca 5aaa 4a69 4207 4208 4a49 5aca 62eb 5aca 4a68 4228 4a48 5aaa 62ea 5aa9 4227 39c6 39c6 4207 5289 62ea 6b0a 734b 734a 7329 9c2d cd50 e5f1 e5af dd6e dd6e ddaf e611 f693 f672 ee10 e610 ee11 ddb0 ddb0 cd6f d570 e632 ddd1 cd2f b4ad 9bea 93a9 a40a ac4b ac4b 93a9 8b68 8307 8348 7b07 8328 8348 72c6 6a85 6a85 72a6 6aa6 6aa6 6aa6 72c7 72e7 6aa6 6a86 6a86 6a86 6aa6 72c7 6aa6 6a86 6aa6 72c7 72e7 72c6 72e7 6aa6 6aa6 6aa6 72c7 6aa6 6a86 72c6 7ae7 7ae7 72c6 6a85 7b06 8327 7ae6 7ac5 8306 8306 8327 8306 8306 8327 8306 8306 8306 8326 8b67 8b67 9367 8b26 9367 9346 8b26 9346 9346 9347 9347 9346 9367 8b26 9367 9367 9326 8b25 8b25 9346 9367 9346 9346 9326 9347 9367 9b87 9367 9ba8 9bc8 9ba8 a3c9 a40a a3e9 a3e9 a40a 9be9 9bc9 9bc9 9bc9 9be9 9ba8 9388 9bc9 a3e9 a3e9 a3e9 a3e9 9be9 a3e9 a3e9 a3e9 9bc9 9be9 9bea 9bea 9bca a40a a3ea 9ba9 93a8 9bc9 9bea 9bea 9bca 93a9 93aa 93ca 9389 8b68 8b68 8b68 8b89 72e6 6265 51c3 4183 3143 3144 3123 3943 4184 49e5 5a25 5a25 5a04 5a25 6245 72a7 6a65 6a45 6245 6a65 6a65 6a85 72a5 6a65 6a64 7285 6a44 6a24 7aa6 7265 7264 7284 6a23 6224 61e4 59e4 51c3 4983 4963 4983 4163 3922 3101 3943 3943 4184 3102 20c1 20a1 28e1 4163 4183 3942 4184 3943 3943 3122 3963 41a4 49c4 51e4 5a25 6aa7 62c9 5aaa 4a8b 428c 428d 42ad 42ad 42ad 42ad 3aad 42ae 42ae 42ae 42ae 3a8d 3aad 3aad 42ad 42ce 42ce 3aad 3aad 42ad 3aad 3aad 42ad 42ad 42ad 42ad 42ad 3aad 3a8d 3a8d 3a8d 3a8d 3a8d 3a6c 3a6c 3a6d 3a8d 3a8d 3a8d 3a8d 3a8d 3a8d 3a8d 3a8d 3a8d 3a8d 3a8d 
5a89 4a48 4a08 4a28 4a48 4a48 5269 5289 5268 4a48 4207 4207 4228 4a28 4a28 4a28 4a28 4207 4207 4a28 5269 5269 5269 4a28 41e7 41e7 4208 4228 4a49 4228 4208 39e7 4208 4a49 5269 528a 4a69 4208 41e8 4228 5269 5aaa 5289 4207 39c6 39c6 4207 4a68 5ae9 6309 62e9 6ae9 6ac8 8bcb c50f ddd0 e5af dd8e d54d e5d0 ee31 f672 ee52 ee11 ee10 e5d0 ddb0 ddb0 d590 ddb0 ddd1 ddd1 cd4f bced ac4c a42b 9bea b48d ac4c 9bea 9389 8b68 7ae6 8327 8328 8b69 7b07 72a6 6a85 72e6 7ae7 72c6 6a86 72c7 72e8 72c7 6a86 6a86 72a7 6aa6 6aa6 6aa6 72c6 6aa6 72c7 72c7 72e7 72a6 6aa6 6a86 6aa6 72c6 72c7 72a6 72a6 72c7 7ae7 72a6 72a6 7285 7b06 8347 7ae6 7ae5 7ae6 8327 8327 8306 8307 8327 8307 8327 8b27 8b47 9368 9367 9388 8b47 9367 9347 9367 9346 8b46 9367 9347 9347 9367 8b06 9346 9347 9346 9346 9346 9367 9367 9367 9346 9367 9347 9367 9b87 9367 9367 9ba8 9bc8 9bc8 9bc9 a409 a40a a40a 9be9 9bc9 9bc9 9bc9 9be9 9be9 93a8 9bc9 9bc9 a40a a40a a3e9 a3e9 9bc9 9bc9 a3ea 9bea a3ea 9bea 9bea a40b a42b a40b 9bea 9bca 9bca 9bea 9beb 9beb 9bca 93aa 93aa 8b89 8b89 8b68 8b68 8b69 7b27 72a6 5a24 4183 28e2 20c1 28e2 3943 4183 4183 3963 49a4 5205 5a05 5a25 6245 5a04 5a04 5a04 6a65 6a85 72c6 6a85 6224 6224 6223 6a23 7244 7265 61e3 6a43 6a43 6a23 6a44 6224 6a45 59e4 4982 4983 4962 4963 4163 3942 3942 3922 3943 3122 3102 28e1 30e1 3922 3922 3102 3943 3143 4184 3943 3123 49c4 5205 5a25 51c4 5a66 62a8 5aaa 4a8b 428c 428c 42ad 42ad 42ad 42ad 42ad 42ae 42ce 42ce 42ce 3aad 3aad 42ad 42ce 42ce 42ce 3aad 3aad 42ad 3a8d 3a8d 3a8d 3a8d 3a6d 3a6d 3a6d 3a8d 3aad 3aad 3a8d 3a8d 3a6d 324c 324c 324c 324c 324c 324c 324c 326c 324c 326c 3a6c 3a8d 3a8d 3a6c 
5a89 5268 4a48 5289 5aaa 5aaa 5aaa 5289 4a68 4a68 5269 5289 5289 4a48 4a48 4a48 4a28 4a48 4a49 5269 5289 5289 4a48 4208 4228 4228 4a48 4228 4208 4208 39e7 3a07 4248 4a69 4a48 4228 39e7 39c7 4208 4a49 4a49 4228 4207 39c7 31a7 39e7 4a48 4a48 5ac9 5aa8 5aa8 6b09 93eb ac8c d56f e5cf dd8e dd6e ddaf ee32 f693 f672 ee10 ee10 e5f0 e5f0 e5f0 d56f ddd0 e5f1 d590 cd4f bced b46c 9bea b4cd b4ad 9c0a 9bea 9bea 9388 8b47 8327 7ae7 72a6 7ae7 72c6 72a6 6a85 72c6 72e7 72c6 72c7 72e7 7b08 72e8 6aa7 6a86 72e7 72c6 6aa6 6ac6 72c7 72e7 72c7 72e7 72e7 72a7 6a86 6aa6 72c6 72c7 72e7 6aa6 6a86 7286 72c6 72c6 7286 72c6 7b07 7b07 7ae6 7ae6 7ae6 8327 8b27 8307 8307 8327 8306 8327 8b27 8b47 9388 9388 9367 8b26 8b47 9347 9367 9347 9347 9367 9347 9327 9347 9347 9367 9b67 9b87 9366 9346 9346 9367 9367 9387 9ba8 9b87 9387 9bc8 9bc8 9ba8 9ba8 9bc8 9bc8 93c8 9be9 9be9 9be9 9bc9 9bc9 9ba9 9be9 9be9 a3ea 9bc9 9be9 9bea a40a ac4b a42a a40a 9bc9 9ba9 a3ea a40a a40b a40a a40b a40b a42c a40b 9c0b 9beb 9bea 9c0b 9c0b 9c0b 9beb 93ca 93aa 8b89 8b69 8b89 8b68 8b68 8348 72a6 5a24 51e4 20c1 2081 28e2 3963 3942 2901 28e1 3142 3963 4183 49a3 5a05 5a04 5a04 5a04 6265 6a65 6265 6a65 6245 6224 59e2 6a23 6a43 61e2 59a1 7244 6a43 6a23 6a23 6a64 6a65 6225 5182 5182 5183 4983 4162 4142 4183 3922 3102 3922 3922 3142 3922 3102 3102 3923 3943 3122 3942 3943 3943 49e5 5205 6266 51e4 51e4 5a87 5aa9 4a8a 4a8b 426b 426c 3a8c 3a8c 3a8c 3a8c 3a6d 3a8d 42ce 42ce 42ae 42ad 42ce 42ce 42ce 42ce 42ad 42ad 3aad 3a8d 3a8d 3a8d 3a8d 3a6c 3a6c 3a6c 3a8d 3aad 42ad 3aad 3a8d 3a6c 3a4c 324c 324c 324c 324c 324c 322b 2a2b 2a2b 2a2b 322b 322b 322b 322b 
4a28 4a28 5268 5aa9 5aca 5aaa 5a89 4a48 4207 4a48 5a89 5aa9 5a89 5269 4a48 4208 4208 5269 5aaa 5aaa 5aaa 5289 4a49 4a48 5289 5289 4a69 4a68 4a48 4a48 4a49 4a69 4a69 5269 4a48 4208 4208 4a49 5269 4a69 4a48 4208 41e7 4208 4208 4228 4a28 4a47 5aa9 5288 6b09 838a b4ad cd2f e5f1 ddaf ddaf e5d0 f673 fe93 ee32 ee31 ee31 ee11 e5f0 e611 ddb0 d56f e5f1 cd4f d56f c4ed b48c a42a a42b ac6c ac8c 9c0a a42b 8b68 8347 7ae6 7ac6 8307 72c6 7b07 7ae7 72c6 7ae7 72c6 72c6 7b08 6aa6 72c7 7b08 72c7 72c7 72c7 72c7 6aa6 6aa6 6aa6 6aa6 72e7 72c7 72c7 72c7 72c7 72c7 72e7 7b08 6aa6 72c7 6aa6 72a6 6a86 72a6 7ae7 72c6 7ae6 7b07 7b07 7ae6 7ae6 8306 8b47 8327 7ae6 7ae6 8307 8307 8307 8b48 8b48 9388 8b67 9388 8b26 8b47 8b47 9347 8b47 9367 9388 9367 9367 9388 9b88 9b88 9ba8 9b87 9b87 9367 9366 9367 9367 9387 a3c8 a3e9 9ba8 9bc9 9bc8 9bc8 9ba8 9bc9 9bc9 9bc8 9bc9 9be9 9be9 a40a 9bea 9bc9 9bea 9bea 9bea 9bea a3ea a42b a42b ac4b a42a a40a a3e9 9bea a40a a40a a42b a42b a42b a42b a42c a42c a42c 9c0b 9beb 9c2c 9c0c 9c2c 9c0b 9beb 93aa 93a9 8b68 8b68 8b88 8348 8327 72c6 6265 5a05 28e1 20a1 2080 3101 3122 28e1 28c1 20a0 28e1 3942 4163 4183 51e4 5a04 5a04 6245 6225 5a24 6a65 6225 6204 6223 6a44 6a23 59c2 6a23 6a44 6a43 6a44 6a24 6a44 6a65 59c3 4942 5182 59e4 51a3 4983 4162 4162 3942 3101 3942 3922 3963 3922 3102 3102 3943 3122 3102 3102 3963 3963 49c4 49a4 5a25 5a25 49e4 5a67 62c9 5aaa 528b 4a6b 428c 3a6c 3a6c 3a6c 3a6c 3a6d 3a8d 42ae 42ae 42ae 3aad 3a8d 3aad 42ad 42ad 42ad 3aad 3aad 3aad 3aad 42ad 3a8d 3a8d 3a8d 3a8d 3a8d 3aad 3aad 3a8d 3a8d 3a6d 3a8d 3a8d 3a6c 324c 326c 324c 322c 322b 322b 322b 322b 2a2b 2a0b 2a0b 
39c7 4a28 5289 5aaa 5aaa 5289 4a28 41e7 39a6 4208 5269 5269 5269 4a48 4207 39a6 41e7 5269 5289 5289 5289 4a48 4208 4a48 5269 5269 4a48 5268 4a48 4a28 5269 5269 4a48 4a48 4a48 4207 4a48 5aaa 5a8a 4a69 4a48 4a28 4228 4a49 5269 5268 5268 5a89 5aa9 62c9 8bcc ac8d c50e e5d1 e5d1 e5f1 ee32 ee52 f672 f672 ee11 ee11 ee31 e5f1 e5f1 ddd0 ddb0 ddd1 ddb0 cd2e cd2e ac4b 9bea 9bea a40b a44b a44b a42b 9388 7ae6 7ae6 7b07 7ae6 8328 8308 7b07 72c7 7ae7 72e7 72a6 7ae7 7b07 72a6 72e7 72e8 72e8 72c8 6aa7 6aa7 6aa6 6245 6a86 6a86 72c7 72c7 72e7 72c7 72c7 72c8 7ae8 72e7 6aa6 6aa6 6aa6 6a85 6a86 6aa6 72c7 72e7 7b27 8328 7b07 7b07 7b07 7b06 7b07 8327 8307 7ae6 82e7 8307 8327 8b48 8b48 8b47 8b47 9388 8b47 8b47 8b26 8b47 9367 9368 9b88 9367 93a8 9ba8 9ba8 9bc9 9387 9387 9ba8 9387 9ba8 9ba8 9b87 9ba7 9b88 9bc9 9bc9 9ba8 9ba9 9bc9 9b88 9bc9 9be9 9bc9 9bc9 9bea 9bea a40a a42b a40a a40a a40a 9bea a40a a40a a40b ac4c ac6c ac4c a42b a40a 9bea a42b a42b a42b a42b a42b a44c a42c a42c a42c a42d a42c a42c 9c2c 9c0c 9bcb a40b 9bc9 8b88 8b88 8b68 8b48 8348 8307 7ae6 6aa6 5204 3942 3102 2080 28c1 3102 3922 3101 3101 3922 3922 4163 4183 51e4 5a05 59e4 59e4 6225 6245 6245 59e4 5a04 6a44 6224 59e2 6203 7265 6a44 7265 6a44 6a65 6a45 6224 59c3 51a3 59c3 59e4 59c3 51a3 4962 4962 4982 4162 4163 3943 3122 3122 28e2 3102 3123 3123 2902 2903 3963 49e4 49a3 4183 51e5 5a26 5a25 6286 6aa8 62c9 52ab 4aac 428c 3a8c 3a8d 3a6d 3a6d 3a6d 3a8d 3aad 3a8d 3a8d 326c 3a6c 3a8d 3a8d 3a8d 3a8d 3a8d 3a6c 3a8d 3a8d 3a8c 326c 324c 326c 3a8d 3a8d 3a8d 3a8d 3a6c 3a6c 326c 326c 326c 326c 326c 326c 324c 324c 324c 324c 324b 324b 324b 322b 2a2b 
4a28 5289 5aca 5289 4a49 4208 39a6 39a6 41e7 4a49 5269 5269 4a28 39e7 31a6 39c6 4a28 5269 5269 4a49 4a28 41e7 39e7 4228 4a69 4a49 4a48 4228 39e7 41e7 4a28 4a48 4228 4228 4208 39c7 4208 5269 5289 4a69 4a48 4228 4208 4a69 5269 5269 5aa9 5aa9 62c9 7309 940c c550 e5f2 ee32 e612 ee12 e5f0 e5f0 ee10 ee10 e5d0 e611 e611 ee31 ee11 ddb0 ddb0 ddb0 cd4f cd4e bcac a40a a42b a42b 9c0b a42b 9bca 9bc9 8b68 8b68 8327 8307 8327 8307 7ae7 7ae7 72c7 7b28 72e7 72c6 7ae7 7ae7 72c7 7b08 72e8 72e8 6a86 6a86 6a86 6265 6245 6a86 72c7 72c7 72c7 72c7 6aa7 6a86 72c7 72c7 72c7 72a7 72c7 6aa6 6aa6 6aa6 6a86 72c7 72e7 7b28 8348 7b07 7b07 7b07 7b07 7b07 8327 8327 8327 7ae6 8307 8327 9368 8b47 8b47 8b47 9367 9347 9367 8b47 9347 9367 9347 9368 9367 9388 9388 9bc9 9bc9 9ba8 9ba8 9387 9367 a3c8 9bc8 9387 9367 9b88 9bc9 9bc9 9ba8 9ba9 9bc9 9bc9 9bc9 9be9 9be9 9bc9 9be9 a40a a42b ac4b a42b a42b ac2b a42b a40b a40a a40b ac4c ac4c ac6c ac4c ac4b a40b a40a a42b a42b a42b a42b ac4c a42c a42c a42c a44d a44d a42d 9bec 9c2c 9beb 9beb 9bc9 93a9 9389 8b48 8b48 8327 7b07 7ae6 6aa6 5a24 49a3 3943 3122 3102 3122 3922 3102 3102 3942 3963 49a4 49c4 51e4 59e4 5a04 5a04 6245 6245 6245 51c3 5a03 6224 6203 61e3 6223 6a44 6a64 6a44 6a44 6a44 6224 6204 59e4 6204 59e3 51a2 51a2 51a2 51a2 51a3 51c3 4983 4983 4163 3922 3102 3102 3102 3122 2902 2902 3123 41a4 51e4 51c3 4162 4142 51c4 6246 6266 6ac7 62c8 5aca 52cb 4acc 428d 3a8d 3a8d 3a8d 3a8d 3a8d 3a8d 3a8d 3a8d 3a6c 3a6c 3a6c 326c 326c 3a6c 3a6c 326c 3a6c 3a8d 3a8d 3a8d 3a8d 3a8d 3a8d 3a8d 3a8d 3a8d 3a6c 324c 324c 324c 324c 324c 324c 324c 324c 324c 324c 324c 324c 326c 326c 326c 324c 
4a28 5289 5aca 5289 4a49 4208 39a6 39a6 41e7 4a49 5269 5269 4a28 39e7 31a6 39c6 4a28 5269 5269 4a49 4a28 41e7 39e7 4228 4a69 4a49 4a48 4228 39e7 41e7 4a28 4a48 4228 4228 4208 39c7 4208 5269 5289 4a69 4a48 4228 4208 4a69 5269 5269 5aa9 5aa9 62c9 7309 940c c550 e5f2 ee32 e612 ee12 e5f0 e5f0 ee10 ee10 e5d0 e611 e611 ee31 ee11 ddb0 ddb0 ddb0 cd4f cd4e bcac a40a a42b a42b 9c0b a42b 9bca 9bc9 8b68 8b68 8327 8307 8327 8307 7ae7 7ae7 72c7 7b28 72e7 72c6 7ae7 7ae7 72c7 7b08 72e8 72e8 6a86 6a86 6a86 6265 6245 6a86 72c7 72c7 72c7 72c7 6aa7 6a86 72c7 72c7 72c7 72a7 72c7 6aa6 6aa6 6aa6 6a86 72c7 72e7 7b28 8348 7b07 7b07 7b07 7b07 7b07 8327 8327 8327 7ae6 8307 8327 9368 8b47 8b47 8b47 9367 9347 9367 8b47 9347 9367 9347 9368 9367 9388 9388 9bc9 9bc9 9ba8 9ba8 9387 9367 a3c8 9bc8 9387 9367 9b88 9bc9 9bc9 9ba8 9ba9 9bc9 9bc9 9bc9 9be9 9be9 9bc9 9be9 a40a a42b ac4b a42b a42b ac2b a42b a40b a40a a40b ac4c ac4c ac6c ac4c ac4b a40b a40a a42b a42b a42b a42b ac4c a42c a42c a42c a44d a44d a42d 9bec 9c2c 9beb 9beb 9bc9 93a9 9389 8b48 8b48 8327 7b07 7ae6 6aa6 5a24 49a3 3943 3122 3102 3122 3922 3102 3102 3942 3963 49a4 49c4 51e4 59e4 5a04 5a04 6245 6245 6245 51c3 5a03 6224 6203 61e3 6223 6a44 6a64 6a44 6a44 6a44 6224 6204 59e4 6204 59e3 51a2 51a2 51a2 51a2 51a3 51c3 4983 4983 4163 3922 3102 3102 3102 3122 2902 2902 3123 41a4 51e4 51c3 4162 4142 51c4 6246 6266 6ac7 62c8 5aca 52cb 4acc 428d 3a8d 3a8d 3a8d 3a8d 3a8d 3a8d 3a8d 3a8d 3a6c 3a6c 3a6c 326c 326c 3a6c 3a6c 326c 3a6c 3a8d 3a8d 3a8d 3a8d 3a8d 3a8d 3a8d 3a8d 3a8d 3a6c 324c 324c 324c 324c 324c 324c 324c 324c 324c 324c 324c 324c 326c 326c 326c 324c 
5289 528a 4a69 4228 41e7 39c7 31a7 41e8 4a69 5269 4a49 4228 39e7 31a6 39c7 4228 4a89 4a69 4a49 4208 39c7 39a6 4207 4a49 5289 4a69 4a28 39c7 39a7 4207 4a49 4a49 4228 4208 39c7 39c7 4a28 5289 5289 4a69 4208 39e7 4228 5269 5289 5aa9 5268 5268 62a9 7309 ac8e d5d2 ee53 ee12 ee12 ddb0 d56f e5f0 e5f0 ddaf e5f0 ee32 ee31 ee52 ee31 ddb0 d56f c4ed cd2e cd2e b48c ac6c ac4c ac6c a44b a40b 9bea 9bea 9bea 9389 8b48 8327 7b07 7ae7 7b07 8328 8328 72e7 7ae7 72e7 72c7 6aa6 72c7 7b08 72e8 72c7 6aa7 6aa7 6aa7 6a66 6245 72c7 72c7 72c7 6a86 6266 6a86 6a86 6aa7 72c7 72c7 72c7 72c7 6aa6 72a6 6aa6 72a6 72c7 7b07 7b08 7b07 72c7 8328 7ac7 7b08 8348 8327 8327 8b47 82e6 8b27 9368 9388 9388 9368 9388 9367 9367 9368 9367 9368 9368 9347 9368 9ba8 9388 9388 9388 9388 9ba8 9ba8 9b88 9347 9bc8 a3e9 9ba8 9b88 9388 9ba8 9ba9 9ba9 9ba9 9ba9 a3c9 9bc9 9bc9 9bea a3ea a3ea a40a a40b a42b ac4b ac4c ac4b a42b ac2b a40b a40b a42b a44b ac6c ac6c ac6d ac4c a42b ac2b ac2b a40b a42b ac4c a44c a44c a42c a44d a44d a44d 9bec 9c0c 9c0c 93ca 93c9 93a9 9389 8b68 8b68 8348 7b07 72c6 72a6 5a05 4163 3963 4183 3943 3943 3943 3963 3102 3102 3963 4183 49c4 49c3 51c3 5a04 51e4 6225 6a66 6265 6224 6224 6244 6a24 6224 6223 6a44 6a24 6a44 6a64 6a44 6224 6224 6245 6244 59c2 4981 5182 51a2 59e3 59e3 59e3 4983 4983 3922 4142 3922 3922 3942 3963 3943 28e2 2903 4184 51e4 5a04 5a04 4982 51e3 6245 6a66 72c7 6ae9 630b 5acb 4acc 42ad 42ad 42ad 3a8d 3a8d 3a8d 3a8d 3a8d 3aad 3aad 3a8d 3a8d 3a8d 3a6c 3a8d 3a8d 3a8d 3a8d 3a8d 3a8d 3a8d 3a8d 3a6c 326c 3a6c 3a8d 3aad 3a8d 3a6c 324c 324c 324c 324c 324c 324b 322b 322b 324b 324b 322b 324b 324c 324c 326c 
4a48 4227 39e7 39c7 31a7 31a6 31a7 4208 4a49 4228 39e7 39c7 39c7 39c7 4208 4a48 4a48 4208 39e7 31c7 31a7 39c7 4228 4a48 4a48 4228 39e8 39c7 39e8 4228 4a49 4228 39e7 39c7 31a7 39e8 4a69 5289 4a68 4228 39c7 39e7 4228 528a 528a 5289 4a07 41c6 62c9 93ec cd72 e613 ddb1 e5f1 dd90 dd8f e5f0 ee31 e5d0 ddaf ee11 ee32 ee32 ee52 e5d0 ddaf cd0d c4ed cd4f c52e bccd ac6c 9bca a40b ac6c a42b a42b a40a 8b88 8b68 8b68 7b07 8307 7b07 7b28 7b48 7b28 7ae7 7b07 72c6 72c7 72c7 7b08 72c7 6aa7 6a86 6266 6aa7 6a86 6a86 6a86 6aa6 72e7 72c6 6aa6 6a86 6aa7 72c7 72e8 72c7 72c7 72e7 72e7 72c6 6aa6 6aa6 72c7 7ae7 7b28 7b08 7ae8 7ae8 8328 7ae7 7b08 8349 8348 8b48 8b68 8307 8b47 93a9 9388 8b68 9368 9388 9388 9367 9347 8b27 9347 9388 9b88 9ba8 9bc9 9ba8 9ba8 9ba8 9388 9b88 9bc9 a3e9 9bc8 9bc8 a3e9 a3c9 9ba8 9367 9368 9ba9 9ba9 9bc9 9bc9 a3ea 9bea 9bc9 a3ea a40a a40a a40a a40a ac4b ac4b ac4b ac4c ac4b a42b ac4c ac2b a42b ac4c ac4c ac6c ac8d ac4c ac2c ac6c ac6c a40b ac4c ac6c ac6c ac4d a42c a42c a46d ac6e a42d 9c0c 9c0b 93ca 93a9 93a9 9368 9389 8b68 8b48 8328 7ae6 6a86 5a04 4183 3101 4183 3942 3102 4163 4184 3922 3102 3122 4183 49c4 51e4 51e4 49c3 49c3 51c3 5a04 59e4 5a04 6224 6a44 6a24 59e2 6203 6a44 6a24 6a44 6a44 6223 61e3 6224 6a65 6a65 59e3 51c2 51a2 5a04 59e3 5a03 59c3 51a3 4962 4142 49a3 49a3 4142 4162 3963 3143 20c2 28c2 4164 49c3 6224 6225 51c3 5a04 6aa6 72a6 6aa6 7308 6b0a 62eb 52cc 428c 428d 3a8d 3a8d 3a8d 3a8d 3aad 3aad 3a8d 3a8d 3a8d 3a8d 3a8d 3a8d 3a8d 3a8d 3a8d 3a8d 3a8d 3a8d 3a6c 326c 324c 322b 324c 3a8d 3a6c 3a6c 326c 326c 326c 324c 324c 324c 324c 324c 322b 322b 322b 324c 324b 324c 324c 326c 
39e7 39c7 31a6 2966 2966 2966 3186 31c7 39c7 31a7 31a6 3186 3186 31a7 39c7 39e8 31c7 31c7 31a7 3186 3186 39c7 39e8 39e7 31c7 31c7 31a7 31a7 39e8 39e8 39e8 39c7 31a7 31a7 39c7 4208 4229 4208 39e8 39c8 39c7 39e8 4249 4a49 4a28 4a28 4a26 62c8 8bec b4f0 c551 c52f d590 d56f d56f edf1 ee11 e5f0 ddaf e5f0 e5f0 e611 f672 ee52 e5f0 d56f cd2e cd2e cd2f bccd b48d a42b 9bea bcee b48d ac4c 9bea 93c9 8b48 8b48 8b68 8348 8348 8348 7b49 7b08 7b08 7ae7 7ae7 72c7 72a7 72e7 7ae8 6a86 6a87 6a87 6266 6a87 6a87 6aa7 6aa7 72a7 72e8 72c7 6ac7 72e8 72e8 6ac7 7308 7b08 72e8 72e7 7b08 7b28 72a6 72a6 6a86 7ae7 7ae7 7b08 7b08 7b08 7b08 7ae7 7ae8 8328 8328 8b48 8b68 8b67 8b47 9388 93a8 8b47 8b47 9367 9367 9367 9347 9347 9367 9368 9388 9ba8 9ba8 9388 9ba8 9bc9 9bc9 9bc9 9ba8 a3e9 a40a a3c9 a3e9 a3e9 9bc9 9ba9 9ba8 9ba9 9bca a3ea a40b a40a a40a a40a a42b a42b a40a a42b a42b ac4c ac6c ac4c ac6c b46c ac6c b48d b48d a44c ac4c ac4c ac6d b4ad b48d ac4c ac6d ac6d ac4c ac4c ac6c ac8d ac6d a44c a42c a44d a46d a42d 9c0d 9c0c 93ca 93a9 93a9 9388 8b88 8b48 8b48 8327 7ac6 5a04 5a25 4983 4163 51c4 49a4 3942 4183 3942 3922 3102 3922 4163 49a3 51e4 49c4 4983 4983 4162 4983 51c4 51c3 6224 6a65 59e3 59c2 59e2 6203 61e3 6203 6a44 6a23 59c2 6a24 6a44 6203 61e2 6203 61e3 59c2 5182 51a2 4982 4962 4962 51a3 59c3 51a2 49a3 4183 4163 4163 3964 3102 3963 4183 5a04 5a04 59e3 6244 72c6 6aa6 72c7 72e8 6ac8 6ae9 5aeb 4aab 428c 3a8c 3a8c 3a8d 3a8d 3a8d 3a6c 3a4c 324c 324c 324c 324c 3a6c 326c 3a6c 3a6c 3a6d 3a8d 3a8d 3a8d 3a8d 326c 324c 3a6c 3a8d 324c 324c 3a6c 3a8d 3a8d 3a8d 3a6c 3a6c 3a6c 324c 324c 324c 324c 324c 324c 326c 326c 326c 
39c7 39c7 31a6 2965 2966 3186 31c7 31a7 3187 2966 2966 2146 2966 31a7 31a7 31a7 2986 2986 2966 2966 2986 31a7 31a7 2986 2986 2986 2966 2986 31a7 31a7 3186 3186 3186 2986 31a7 31c7 31c7 3186 3186 31a7 31a7 39e7 3a07 31a6 3186 41e6 5a67 83ab 940c acaf b4ef cd50 cd2f ddd1 ee11 ee32 ee31 e5d0 e5d0 d56e ee31 f652 ee52 ddb0 e5d0 d58f cd2e c50e c50e bcce b46c ac4b b48d bcee ac6c 9bea 9389 8b68 8b88 8b69 8b69 8b69 7b07 7b28 7b28 7ae8 7b08 72c7 72a6 6aa6 72c7 72c7 72c7 72e7 6aa7 72c8 6266 6a87 6a87 6a86 72a7 6aa7 72c7 72c7 72e8 6ac7 7308 7b09 72e8 72e8 7308 7b08 7b08 7b28 7ae7 72c6 72a6 7ae7 72e7 7b08 7b08 7b08 72c7 72c7 7b08 8328 8328 8b48 8b68 93a8 8b67 8b67 93a8 9368 9388 9388 8b47 9367 9367 9388 9388 9388 9368 9388 9388 9ba9 9bc9 9be9 9ba9 9bc9 9bc9 a40a a40a a40a a3e9 a3e9 a3e9 9bc9 a3ea a40b a40a a3ea a40a a40b a40a a40b a42b ac4c a42b a42b a42c ac4c ac6c ac6c ac6d ac6c b46d ac6d b46d ac4c ac4c ac4c ac8d b48d b4ae b48d b48d b48d ac6d ac4c ac6d b48d ac6d ac4c a44c a44d a44d 9c2c 9c0c 9c0c 9c0b 93ca 93a9 9388 93a9 8b68 8b68 8327 7ae7 51e4 49a3 4183 49a3 5205 51e5 4183 4183 4163 3942 3942 3942 3942 4163 4983 49c4 49c4 4183 3921 3942 51c3 51a3 59e3 6204 59e3 59e2 6203 6203 59c2 61e2 6a23 6203 61e2 6a24 6a44 6203 6a23 6a23 59e2 59a2 51a2 5181 5182 5182 59c3 59e4 59e3 4982 4982 4983 4183 4183 4163 3943 4184 4183 51a3 6225 5a24 5a24 6a65 6aa6 6aa7 72e8 6ae8 6ae9 630b 5acb 4aac 426b 3a4b 324b 322b 322b 320b 322b 324c 324c 322b 2a2b 324c 3a6c 3a6c 3a8d 3a8d 3a8d 42ad 42ad 3a8d 3a6c 3a6c 3a8d 3a8d 3a8d 3a6c 3a8d 3a8d 3a8d 3a6c 3a6c 3a6c 3a6c 3a6c 3a6c 3a6c 3a6c 326c 3a6c 326c 326c 326c 
39c7 4208 4208 39e7 39e8 39e8 39c7 31a7 3186 2986 2966 3187 39c8 39e8 31c7 3187 2966 2946 2966 31a7 31c7 31a7 3186 2986 2966 2966 2986 3187 3187 2986 2966 2966 2966 2966 2986 2986 2986 2946 2145 2966 3186 39e7 39e7 2965 3164 5268 732a 7b6a 8baa b4cf c550 cd4f d590 e611 ee11 f652 ee31 e5f0 ddaf e5d0 f652 f652 e5d0 e5f0 ddaf d58f d56f cd4e cd2f bccd b46c ac4b b4ad b4ad 9c0a 8b88 8b47 8b48 8b68 8b69 8b69 8349 7b28 7b28 72e7 72e7 72c7 72c7 6aa6 72c7 6ac7 72e7 72c7 72e7 6ac7 6aa7 6266 6287 6aa7 6ac7 6aa7 6aa7 6aa7 72c7 6ac7 72e8 72e8 7308 6ac7 72e8 72c7 72c7 7b08 72e7 7ae7 72e7 72c7 7ae7 7b07 8328 7b08 7b08 7ae7 7b08 8329 8349 8328 8348 8b68 93a9 9388 9388 93a8 8b68 9388 9ba8 9388 9368 9368 93a8 9bc9 93a9 9388 93a9 9ba9 9ba9 a3ea a42a 9bc9 9ba9 9bc9 a40a a42a a42a a40a a40a a42a 9bc9 a3ea a40a ac4b a42b a42b ac2b a40a 9bea a42b ac4c a44c a42b a42c a44c ac6c ac8d ac6d ac6d ac6d ac6d ac4c ac6d ac6d ac6d ac8d ac8d b48e ac6d ac8d b48d b48d ac8d ac6d b48d b4ad ac6d ac4c a44c a44d a42c 9c2c 9c2c 9c0c 93cb 93aa 93a9 93ca 8b89 8327 8328 72c6 51c3 3921 49c4 4983 4183 49c4 4163 4183 49c4 49a4 4183 3963 3942 3922 4162 4162 4983 49a4 4163 4142 49a3 4982 4982 6204 6224 6203 6a23 6a23 61e2 6203 6a23 6a23 6203 6a44 6a43 6a23 6a43 6a23 6203 59c2 59c2 59e3 59c2 51a2 59a2 59a3 51a3 51a2 51c3 4982 51c4 49a4 49a4 51c5 4183 4983 4983 5a04 5a04 5a03 6245 6286 6287 62a7 62c8 62c9 5aca 528a 4aab 4aab 426b 3a4b 322b 322b 322b 3a4c 3a4c 3a4c 324c 322b 324c 3a6c 3a6c 3a6d 3a6c 3a6c 3a6c 3a6c 3a6c 326c 326c 3a8d 42ad 42ad 3a8d 3a8d 3a8d 3a6c 324c 324c 324c 324c 324c 324c 324c 324c 324c 326c 324c 324c 324c 
4208 4a69 528a 4a6a 4249 4208 39c7 31a7 31a7 31c7 39e8 4229 4229 39e8 31a7 2986 2986 3187 31c8 3a08 39e8 31a7 2986 31a7 31a7 31a7 39e8 39c8 31a7 2986 2986 2986 31a7 31c7 31a7 2986 2986 2966 2986 31c7 39e7 39e7 31a6 39c6 4a47 6b2a 6ae9 62a7 940c b4ef bcce cd2f ddb0 e5f1 ee11 ee11 ee11 e5d0 dd8f f652 ee52 e5d0 e5f0 e5d0 d56e cd4e c50d cd2e bccd bccd ac4c ac2b b4ad ac4c 93a8 8b47 9388 9bea 9389 8b69 8328 7ae8 7ae8 72e8 72e7 72e7 72e7 72e7 72e7 72e7 6ac7 72c7 72e7 7b08 7b29 6ac7 6ac8 6ac8 6ac8 6ac7 6aa6 6aa6 6aa6 6aa7 6ac7 72e8 6ac7 6ac7 7b29 7b09 72c8 6ac7 72e7 6aa6 7ae7 7b08 72c7 7ae7 7b08 7b28 7b08 7b08 7b08 8b49 8349 8329 8348 8328 8b68 9389 93a9 8b68 9368 8b68 9388 9388 93a8 9ba9 9388 93a9 9bc9 9bc9 93a9 9bc9 9bc9 9bca a3ea a40b 9bea 9bc9 9ba9 9bea ac2b ac2b ac2b a40a ac2b a40a 9bea 9bea a42b a42b a42b a42b a42b a42b ac4c ac8d ac6d a42c a42c a44c ac6d ac8d ac8d ac6d ac6d ac8d ac6d ac6d ac8d ac8d ac8d b48d b4ae b48e b48e b48d b4ad b4ae b4ad b4ae b4ce ac6d ac6c a44c ac4d a42c 9c0c a44d a44d 9c2c 93ca 93a9 93ca 8b68 8348 8348 72a6 51a3 3942 49c4 4142 3942 49c4 4183 4163 4163 4143 3942 3943 3942 3942 4183 4162 4162 4983 4983 49a3 51c4 51c3 59c3 6204 6a44 6a23 6a44 6223 6a23 6a23 7264 7264 6a23 6a23 6a43 6a23 6a43 6202 6203 61e3 59c2 6203 59e2 59c2 61e3 59a3 4982 51c3 5a04 51a3 51e4 4983 49a4 51c5 51c4 51e4 59e4 6225 5a24 51c3 51c3 5a25 6287 5a87 62a8 62e9 5aca 4a6a 4a8b 4aac 4a8b 42ac 428c 3a6b 3a6c 3a6c 3a4c 3a4c 3a6c 3a6c 3a6c 3a6c 3a6c 3a6c 324c 324c 326c 326c 326c 326c 326c 3a6d 3a6d 3a6d 3a6c 324c 324c 324c 324c 324c 324c 324c 322b 322b 322b 2a0b 2a0b 2a0b 2a0b 2a0b 2a0b 
4228 5269 528a 4a8a 4a49 4208 3a08 4208 4208 4249 4a6a 4a6a 4229 39e7 31c7 31c7 39c7 4208 4249 4249 39e8 31a7 31a7 31c7 39e8 4229 4229 39e8 31a7 31a7 31a7 31c7 3a08 39e8 31a7 2986 2986 2986 39e8 4249 4228 4207 4228 4a48 62e9 6b09 838b 940c acae a40c b4ad cd6f e5d0 e5f0 ee31 e5d0 ee11 e5cf e610 ee11 e610 e5d0 ddaf dd8f cd0d c4ed d56f bccd b48c b46c a42b b48d bcce 9bea 8b68 93a9 93a9 9bca 93aa 8b69 7b28 72c8 72e8 7ae8 7b08 7b08 72e7 7ae8 72c7 6aa7 72e8 7308 7b28 7b29 7b29 72e8 6ac8 6ac8 72e8 72e8 6286 6aa6 6ac7 72e8 6ac7 6ac8 6286 6286 7b08 72e8 72e8 72e8 7308 6ac7 7b08 7b28 72c7 72c7 7ae7 7b08 7b08 7b08 8349 8349 8349 8308 8348 8328 8b89 8b68 8b68 8b48 8b68 9389 9389 93a9 93a9 9bc9 93a9 93c9 93c9 9bea 93a9 93a9 9bea 9bea 9bea 9bea 9bca 9bca 9bea a3ea a40b ac4c ac4b a40b a40b a40b a40a a42b ac4b ac4b a42b ac4b ac6c ac4c ac6d ac6d ac6d a42c a44d a44d a44d ac6d b4ae b4ae ac8d ac8d ac6d ac8d ac8e ac8d ac6d ac6d ac6d b4ae b4ae b4ae b4ae b4ce b4ae b48d b4ae b4ae ac6d a44c ac4d ac4d a44d a46d a46e a44d 9c0c 93cb 93ca 93a9 8348 7b07 72a6 51c3 4162 4162 3101 4163 49a4 4183 4163 3942 3922 3942 4142 3942 4163 4163 4162 4183 4183 49c4 51e4 51c3 59e4 5a04 59e3 6224 6203 6a24 61e2 6a44 7264 7284 7284 6a43 7243 6a43 6a43 6a43 6a43 61e2 6203 6203 6a23 61e2 59c2 6203 59c3 4162 51c3 51c3 51e3 49a2 51c3 4142 4983 51c4 49a3 59e4 6225 6245 6224 51e3 5204 5a66 5aa8 5aa8 5aa9 5aca 52aa 424a 3a4b 3a4b 426b 3a6b 3a4a 3a4b 3a6c 3a4c 3a4c 3a8c 3a8d 3a8d 3a8d 3a8d 3a8d 3a6d 3a6c 3a6c 3a6c 324c 324c 324c 324c 324b 322b 322b 322b 322b 322b 322b 322b 324c 324b 322b 322b 2a0b 2a0b 2a0b 2a0b 2a0b 29ea 29ea 
4207 4a28 4a28 4207 4207 4207 41e7 4207 4a28 4a69 5269 4a28 41e8 41e7 41e7 4207 4a48 4a69 4a69 4249 3a08 4208 4208 4a49 4a69 4a6a 4229 3a08 39e8 3a08 4208 4229 4229 39e8 31c7 31c7 39e7 39e8 4249 4a69 4228 4207 4a48 5288 5a68 6ac9 8bcc a44e 9bec 93ca c50f ddd1 e611 e5f0 ee10 e5af d56e dd8e e5f0 e5cf d54d d56e d56e cd0d bcac c4ed c50e bccd b4ad a42b ac6c bcee a40a 8327 93a9 9bea 9389 93aa 9bcb 834a 7b09 7b09 6aa7 72e8 72e8 72c7 72c7 72e8 72c7 6ac7 7308 7b29 7308 7308 7309 6ac8 6287 6aa7 6ac8 72e8 6266 6aa7 72e7 72e7 6ac7 6ac8 6aa7 6ac7 72e8 7308 7b08 72e7 72e8 6ac7 7308 7b28 7b08 72c7 72e7 7b08 7b28 7b28 7b28 7b28 8349 7b08 8328 8348 8b69 8b89 8b89 8b69 8b89 8b89 93a9 93a9 8b68 9389 93a9 9bca 9bc9 9bca 93aa 93aa 9bea 9c0b 9c0b 9beb 93ca 9beb a40b a40b a40b a42b a42b a42c a42b a42b a42b ac4c ac4c ac4c ac2b a42b ac4c ac4c ac6d ac6d a44d 93eb a44d a44d a44d ac6e ac8e b4cf b4ae b4ae ac8e ac8d ac8d ac8e ac8e a46d ac6d ac6e ac8e ac8e ac8e b4ae b4ae ac8e ac8e b4ae ac6d ac6d a44d ac6e ac6e a44d a46d a42d a42d 9c0c 93cb 93ca 8348 72c6 6a85 5a04 4142 4162 3921 4183 4142 4142 3942 4142 3942 4142 4142 4163 4183 4163 4163 4163 4142 49a3 5a05 5a04 51c3 5a03 59e3 59c3 6224 6a24 59c2 6223 7264 7264 7264 6a43 6a43 7244 7244 7264 7264 6a23 6a43 7264 6a63 6223 6203 6203 51a3 4962 51c3 51a3 51c3 51c2 51c3 4162 4184 49a4 4983 4962 59e4 5a04 6244 5a24 5a45 5a66 5a88 5288 5ac9 62ca 52aa 4a8a 3a4a 3a4b 322b 320a 320a 320a 322a 320b 320b 322b 3a4c 3a8c 3a6c 3a6c 3a6c 3a6c 3a8d 3a6c 3a6c 3a6c 3a4c 324b 324b 322b 322b 322b 322c 322b 322b 322b 322b 324b 322b 322b 322b 2a0b 2a2b 322b 322b 322b 2a0b 2a0b 
5aa9 5aa9 5a89 5268 4a48 4a48 4a27 4a27 5268 5269 4a48 4207 39c6 39c6 39c6 4207 5269 5269 4a28 4208 4207 4207 4a28 5269 5289 4a69 4228 4208 4228 4a48 4a69 4a69 4228 39e8 4208 4228 4a49 4a69 4a69 4a69 4a69 4a48 5269 5aa9 6b0b 838c 8bcc 8bab 8b8a 9c0b cd4f ddb0 ddd0 ddaf dd6e d54d d54d dd8f dd8e d54d cd0d cd0d d52d bc8b bccc cd2f bccd bced b4ac ac6c b48c a40a 8b47 9389 9bca 9389 93aa 9beb 9bcb 836a 72e8 6aa7 6266 72c7 7ae8 72c7 72e7 72e7 72e7 7308 72e8 72e8 6aa7 7308 72e8 6a87 6ac8 7309 6ac8 72e8 6287 6ac7 72e8 72e7 6ac7 6ae8 6ac8 6aa7 7308 7308 7308 7b29 7b29 72c7 72e8 7b28 7b08 7b08 7ae8 7b28 7b08 7b28 8349 8349 8369 8349 8348 8349 8b69 8b89 9389 8b69 8b89 8b89 93a9 93a9 9389 9389 93a9 9bea 9bca 93ca 93aa 93aa 9beb a42b 9c0b 9bea 9beb a42c a42b a42b a42b a42b a40b ac2c a42c a42c a42b ac4c a42b a42c ac4c a44c a42c a44c ac6d ac8e a46d 93eb 9c0c a44d a44d a46d a44d acae b4ae b4ae ac8e ac8e ac8e ac8e ac8e ac8e ac8e ac8e ac8e ac6e ac6e ac8e b4ae ac8e ac6d ac8e ac8d ac8e ac6d ac8e ac6e a46d a46e 9c0c a44d 9c2c 93cb 93aa 8349 7ae7 6a85 51e3 3921 3921 3921 4142 4142 3942 3942 3942 3942 3942 4142 4162 4183 4163 4163 4183 4162 4182 51e4 5a04 51c3 51e3 51c3 59c3 6224 6223 6203 6203 6a23 6a44 6a43 6a43 7243 7264 7264 7244 7264 7244 6a43 7284 7284 6223 6203 6203 59e3 4982 51c3 51c3 59c3 5a03 51a3 4162 3922 49a3 51c4 4983 5a04 6245 6a65 6245 6266 6287 5268 5289 5289 5aca 52cb 4a8a 426a 426b 3a4b 322b 322b 322b 322b 320b 2a0a 320b 322b 324c 324b 324b 324b 324c 3a4c 3a4b 3a4b 3a6b 3a6b 3a4b 3a4b 3a4b 3a4b 324b 322b 322b 322b 322b 324b 324b 324b 322b 322b 322b 322b 322b 322b 2a0b 2a0b 2a0b 
5aa9 5aa9 5a89 5268 4a48 4a48 4a27 4a27 5268 5269 4a48 4207 39c6 39c6 39c6 4207 5269 5269 4a28 4208 4207 4207 4a28 5269 5289 4a69 4228 4208 4228 4a48 4a69 4a69 4228 39e8 4208 4228 4a49 4a69 4a69 4a69 4a69 4a48 5269 5aa9 6b0b 838c 8bcc 8bab 8b8a 9c0b cd4f ddb0 ddd0 ddaf dd6e d54d d54d dd8f dd8e d54d cd0d cd0d d52d bc8b bccc cd2f bccd bced b4ac ac6c b48c a40a 8b47 9389 9bca 9389 93aa 9beb 9bcb 836a 72e8 6aa7 6266 72c7 7ae8 72c7 72e7 72e7 72e7 7308 72e8 72e8 6aa7 7308 72e8 6a87 6ac8 7309 6ac8 72e8 6287 6ac7 72e8 72e7 6ac7 6ae8 6ac8 6aa7 7308 7308 7308 7b29 7b29 72c7 72e8 7b28 7b08 7b08 7ae8 7b28 7b08 7b28 8349 8349 8369 8349 8348 8349 8b69 8b89 9389 8b69 8b89 8b89 93a9 93a9 9389 9389 93a9 9bea 9bca 93ca 93aa 93aa 9beb a42b 9c0b 9bea 9beb a42c a42b a42b a42b a42b a40b ac2c a42c a42c a42b ac4c a42b a42c ac4c a44c a42c a44c ac6d ac8e a46d 93eb 9c0c a44d a44d a46d a44d acae b4ae b4ae ac8e ac8e ac8e ac8e ac8e ac8e ac8e ac8e ac8e ac6e ac6e ac8e b4ae ac8e ac6d ac8e ac8d ac8e ac6d ac8e ac6e a46d a46e 9c0c a44d 9c2c 93cb 93aa 8349 7ae7 6a85 51e3 3921 3921 3921 4142 4142 3942 3942 3942 3942 3942 4142 4162 4183 4163 4163 4183 4162 4182 51e4 5a04 51c3 51e3 51c3 59c3 6224 6223 6203 6203 6a23 6a44 6a43 6a43 7243 7264 7264 7244 7264 7244 6a43 7284 7284 6223 6203 6203 59e3 4982 51c3 51c3 59c3 5a03 51a3 4162 3922 49a3 51c4 4983 5a04 6245 6a65 6245 6266 6287 5268 5289 5289 5aca 52cb 4a8a 426a 426b 3a4b 322b 322b 322b 322b 320b 2a0a 320b 322b 324c 324b 324b 324b 324c 3a4c 3a4b 3a4b 3a6b 3a6b 3a4b 3a4b 3a4b 3a4b 324b 322b 322b 322b 322b 324b 324b 324b 322b 322b 322b 322b 322b 322b 2a0b 2a0b 2a0b 
7b6c 7b6c 7b6c 736c 734c 734c 732b 6b2b 734c 734c 6b0b 62ca 5a89 5268 5268 62ca 6b0b 62ea 5289 5268 4a48 4a48 5289 62ca 62ca 5289 4a28 4a27 4a48 5289 5289 4a48 4207 39e6 4207 5289 5aca 5aa9 5269 4a48 4a28 4a28 4a68 630a 6b2b 734b 7309 7b6a 8baa b4ce c52f cd4f d56f d54e d52d dd8f e5cf dd8f d54e d56e dd6e d56e d54e cd0d cd4e cd2e c4ed bcac ac6b ac6c a42a 9388 8b47 93c9 9389 a42b 93aa 9c0c 93cb 838a 7b08 6a86 6266 72c7 7ae8 72e7 72e7 72c7 72c7 72a7 72a7 72a7 72a7 72c8 6aa7 6ac8 6ac8 6ac8 6aa7 6ac8 6286 6ac7 6ac7 6ae8 6ac8 6ac8 6ac8 6287 6ae8 7308 6ac7 7b08 7b29 7308 7b28 7b08 7b08 8349 7b08 7b08 7b08 8349 8349 8349 8369 8369 8329 8369 8b6a 8b69 8b89 8b89 8b89 8b89 93ca 93a9 93a9 93a9 9bea 9bea 9bea 9bca 93ca 9beb a42c a44c a42c 9c0b a44c a42c ac4c a42c ac4c a42b a40b a42c a42c a40b a42c a42c a42c a44c a44c ac4c a42c a42c ac6d ac8e a46d 9bec 9c0c a44d ac6d a44d a44d ac6d ac8e acae ac8e ac8e ac8e ac8e ac8e ac8e acae b4af b4af b4ae ac6e ac8e ac8e acae ac8e ac8e ac6d ac8e acae b4cf ac8e a46e a46e 9c2c 9c2c 9c2d 9bec 93ab 8b69 7b08 6a85 59e4 4182 4162 4142 4142 4163 3942 3942 3942 4163 4163 4142 4142 4163 4163 4162 49a3 49a3 4983 49a3 59e4 5a04 51c3 59e3 59e3 6203 59e2 6a24 6223 6202 7264 6a43 7243 7284 6a43 7284 7264 6a43 7264 7264 7ac5 7284 6a43 6223 59e3 6204 5182 51a2 51c2 6224 6224 59e4 4983 4162 51e4 49a3 51c4 51c3 6224 6a65 6a86 6aa7 6267 5a68 5aaa 4a8a 4a8a 4a8b 424a 424a 424b 3a4b 322b 322b 322c 324c 324b 322b 324b 324b 324b 3a4b 324b 3a4b 3a4c 3a4b 3a4b 3a4b 3a4b 3a4b 3a4b 3a4b 3a4b 3a6b 3a4b 3a4b 3a4b 3a4b 3a4b 3a4b 3a4b 3a4b 3a4b 324b 324b 324b 324c 324c 324c 322b 2a0b 
7b8d 83ad 83ce 83ce 8bee 8bce 83ad 83ad 83ad 7b8d 7b8c 7b6c 736c 736c 734c 7b8c 7bad 7b8c 734c 6b2b 6b2b 6b0b 6b4b 738c 734b 6b0b 630a 6b2b 734c 736c 6b2b 5aca 5289 52a9 62ea 6b4c 738c 6b2b 5aa9 5289 5289 5a89 62ca 6b2b 62ea 62c9 7309 7b6a 9c2c c550 c54f cd4f dd90 dd8f d56e e5cf d56e dd6e dd8f dd8f e5d0 dd8f d56f d54e dd90 cd4f bcac b48c b48c ac2b 9388 8b68 9388 9bc9 ac8d ac6d 93cb 93cb 8349 7b49 7b08 72c7 72e7 7b08 72c7 72e8 7b08 7ae8 72e7 72c7 72c7 72c7 72a7 6a87 6a87 6287 6ac8 6ac7 6ac7 6aa7 6aa7 6ac8 6ac7 6ae8 6ae8 6ac8 6287 6ac8 6ac8 72e8 72e8 7308 7308 72e7 7b28 72e7 7b08 8369 7b28 72e7 7b28 8329 7b08 8329 8b8a 8349 8329 8b8a 8b8a 93aa 8b89 93ca 93a9 8b89 93aa 93ca 93ca 93a9 9bca 9bea 9c0b 9beb 9c0c 9c0c a44d ac6d a44d a44c ac6d a44c ac4c a44c ac6c a42b a40c a42c a42c a42c a42c a44d a44d ac4d a44d a42c a44d a44d ac6e a46d a46d 9c0c 9c0c a42d ac6e ac6d ac6d a46d ac8e b4ef acae acae ac8e b4ae acae acae ac8e b4ae ac8e b4cf ac8e ac8e ac8e acae ac8e ac8e acae ac8e acae b4cf ac8e a44e a44e 9c0c 9c2d 9c2d 9c0c 93ab 8b8a 7b08 6aa6 5a04 4982 4142 4162 3942 4162 4162 4162 3942 4142 4162 3922 4142 4163 4163 4142 49a3 51c4 49a3 49a3 51c4 59e4 51a3 59e3 5a03 59e3 59c2 6203 6223 6a44 7284 7a84 7aa5 7aa5 7a84 7a85 7285 7264 7284 7284 82e6 72a4 6a43 6203 6224 6a45 59c3 59e3 51c2 6203 6244 59e3 51a3 4983 51a4 4983 4983 59c3 59c3 5a03 6aa6 72c7 6aa7 5a88 526a 52cc 428b 3a4b 3a4b 3a4b 3a2b 3a2b 322b 322b 324c 326c 326c 326c 326c 326c 3a6c 3a6c 3a6c 3a4b 3a4b 3a4b 324c 324b 324b 324b 324b 3a4b 3a4b 3a4b 3a4b 3a6b 3a6b 3a6b 3a6b 3a6b 3a6b 3a4b 3a4b 324b 324b 324b 324c 324c 324c 322b 322b 
8c0f 942f 940f 8c0f 942f 940f 83ad 83ce 83ce 7bad 7b8d 7b8d 7b8d 7b8d 7b8d 7b8d 7b8d 7b8d 7b6d 736d 732c 6b2b 6b2c 734c 6b2b 6b2b 6b2c 734c 736c 7b8d 736c 6b2b 6b2b 6b2c 734c 734c 6b2c 6b0b 630b 6b0b 734c 734c 734b 7b6c 7b8c 83ac 8bcc 9c2c bcee cd4f cd4f ddb1 ddb0 e5d0 d56e d54d cd0d d54e dd8f e5d0 e5f0 e5f0 d58f ddaf ddd1 c4ed c4ed bcac ac4a 9bc9 8327 8b68 9bca b48d ac8d 938a 8b69 8328 7ac7 72e7 6aa6 7ae7 7b08 7b28 7b08 7b28 7b08 7b28 7b08 72e7 72c7 72c7 72e8 6266 6aa8 6ac8 6ae8 6aa8 6aa7 6aa7 6ac8 6ac8 6ac8 6ac8 6aa8 6aa8 6ae8 6ae8 6267 6ac8 7308 72e8 7308 72e8 7b08 72c7 7b08 8369 7b49 7b08 7b28 7b28 8329 8349 8b8a 8b8a 8369 8bab 8b8a 93aa 93aa 93ca 93aa 93ca 93ca 9beb 9bca 93a9 93aa 9bea 9c0b a44c a42c 9c0c a44d a44d ac6d ac4c a44c ac6c a42c ac6d ac6d ac6d ac6d a44c a44d a46d a42d a44d a46d ac6d ac6d a44d a44d ac8e acae ac6e a46d 93ec 93eb a44d ac8e acaf acae ac8e acaf b4cf b4cf b4cf b4af ac8e b4cf acae ac6e ac8e acae acae acae ac6e ac6d b4af b4cf b4ae acae b4af acaf acaf b4af ac8e a46e 9c2d 9c2d 9c2d 9c0c 93cb 8b8a 7ae7 6a65 5a04 4962 4162 4162 3942 4163 3963 3922 3942 3963 4163 4162 4162 49a3 49a3 3942 4183 5205 51c4 49a3 49c4 51c4 49a3 51c3 5a04 6224 6223 6a64 7284 7aa5 7285 7aa5 7ac5 7aa5 7aa5 7a85 7264 6a03 6a02 7243 7aa5 7aa5 6a23 61e3 6224 6a45 6224 6224 59c2 6244 7285 5a03 51c3 4982 4963 4983 51a3 59e3 59e3 59e3 6224 6a65 6aa7 5a88 4a49 426a 426b 3a4b 324b 322b 322b 322b 322b 3a4c 324c 324c 324b 3a4b 3a4c 3a4c 3a4c 3a4b 3a4b 3a4b 322b 322b 322b 322b 324b 324c 322b 322b 322b 322b 322b 322b 322a 3a4b 3a6b 3a6b 3a4b 3a4b 3a6b 3a6b 3a6b 3a4b 324c 324b 324b 324b 324b 
8bef 8bef 83ae 838d 83cd 83ce 7b4c 732b 6b0b 6b0b 6b0b 6b2c 734c 7b6d 7b8d 7b6d 736d 736d 734d 734c 6b2c 6b0b 6aeb 62eb 5acb 5aaa 5a8a 5269 5289 5a89 5aaa 5aaa 5a8a 5a8a 5a8a 5269 5269 528a 5a8a 5aab 6aeb 6aeb 6aea 734b 734b 7b6b 83ab a44c bcce bcce d590 ddb0 d58f dd8f d54e cd0d c4cc d56f e5f1 e5d0 e5f1 ddaf d56e d56f cd2e c4ed c4ed b46b a3e9 9367 8b68 9ba9 a40b ac4c 8b89 8328 8328 7ac6 72a6 7ae7 7b07 8328 8328 7ae7 7b07 8328 8349 7b28 72c7 72e7 72a7 6aa7 6aa7 6aa7 6ac8 6ac8 72e9 6ae8 5a46 62a7 6ac8 6ae8 6ac8 62a7 6287 6ac8 7309 6ac8 5a46 6ac7 7308 6ac8 7309 7b29 7b29 72e8 7b28 7b49 7b28 7b48 7b08 7b28 8329 7b28 8349 8369 8b8a 8bab 8bab 8baa 8baa 93aa 93cb 9c0b 93cb 9c0b 9bca 93aa 93aa 9c0b 9c0b a42c a44c a42d a46d a44d ac6d ac6d a42c a44c a44c ac6d a44c ac6d ac6d ac6d ac8d ac6d a44d a44d a46d a46d ac8e a46d 9c2c a46d ac8e ac8e a46d 9c0c 93cb a42d a46e ac8e b4af b4cf b4af b4af b4cf b4cf b4cf b4af b4af b4af acae a46d acae acae b4cf ac8e a44d ac8e b4af b4ae ac8e b4af ac8e ac6e acaf a46e a46e a44e 9c2d 93ec 93ec 93cb 8b8a 72c6 59e3 5a04 49a2 4982 4162 4162 3942 3942 3922 3942 4162 4162 4162 4162 4183 4183 3942 3922 49c4 51e4 4163 4162 49a3 49a3 51a3 6204 6a45 6a44 6a64 7285 7ac5 7aa5 7aa5 82e6 7ac5 7aa5 7aa5 7a85 61e2 61e2 6a43 7aa4 7aa5 7264 6203 59c2 6a65 6a65 59e3 51a2 6224 6a65 6244 59e3 51a3 49a3 51a3 51a2 59e3 59e3 5a04 6244 72c6 6286 5a88 5269 4a6a 424a 3a4a 322a 322a 3a0a 320a 320a 322a 322a 322a 322a 320a 322a 3a2b 3a2b 322a 322a 320a 320a 320a 322b 322b 322b 322b 322b 3a0a 3a0a 320a 320a 320a 322a 322a 322a 322a 322a 3a4b 3a4b 3a4b 3a4b 324b 324b 324b 324b 322b 322b 